item_id,meeting_key,meeting_date,meeting_kind,agenda_number,agenda_sequence,consent_section,group,file_number,legistar_url,title,official_text,matter_type,presenter,vendor_number,vendor_key,funding_source,headline,summary,category,subcategory,action_type,vendor_name,vendor_kind,schools,money_direction,amount_type,amount,amount_range_low,amount_range_high,prior_total,new_total,amount_verified,term_start,term_end,flags,source_issue,pulled_from_consent,outcome_action,outcome_date,adopted,review_status,model_id,prompt_version,counts_toward_totals,duplicate_of
2019-11-13:19-2361,2019-11-13,2019-11-13,regular,P.-1,46,general,"Chief, Systems and Services Officer",19-2361,https://ousd.legistar.com/gateway.aspx?M=L&ID=48271,"Microsoft Volume Licensing Enrollment for Education Solutions Agreement - Softchoice, Inc. - Technology Services Department","Approval by the Board of Education of a Microsoft Volume Licensing Enrollment for Education Solutions Agreement between District and Softchoice, Inc., Chicago, IL, for the latter to provide districtwide Microsoft licensed software, as specified in Softchoice, Inc., Quote No. 8866252, Dated November 5, 2019, Reference No. 01086520, for the period October 24, 2019 to October 23, 2022, at an annual cost not to exceed $155,379.45, for a total three-year cumulative cost not to exceed $466,138.35.",Agreement or Contract,General Counsel,006195,v-006195,,"Approves Microsoft software licenses from Softchoice, up to $466,138.35 over three years","The district will buy districtwide Microsoft software licenses through Softchoice, Inc. under a three-year enrollment agreement. The cost may not exceed $155,379.45 in any year, for a three-year total of up to $466,138.35. The agreement runs from October 24, 2019 to October 23, 2022.",Technology,,new_agreement,"Softchoice, Inc.",organization,,expense,cumulative,466138.35,,,,,true,2019-10-24,2022-10-23,after_work_began; multi_year,,,Adopted on the General Consent Report,2019-11-13,true,auto_ok,sonnet-agent,enrich.v5.md,true,
2019-11-13:19-2365,2019-11-13,2019-11-13,regular,P.-2,47,general,"Chief, Systems and Services Officer",19-2365,https://ousd.legistar.com/gateway.aspx?M=L&ID=48275,"Amplified IT, LLC Service Terms and Conditions Agreement and Addendum A - Amplified IT, LLC - Technology Services Department","Ratification by the Board of Education of Amplified IT, LLC Service Terms and Conditions Agreement and Addendum A between District and Amplified IT, LLC, Norfolk, VA, for the latter to provide Sys Cloud Compliance Suite software and services as specified in Quote No. 00111345, dated August 22, 2019, for the period September 7, 2019 through September 7, 2020, in the amount not to exceed of $62,425.00.",Agreement or Contract,Chief Systems and Services Officer,000419,v-000419,,"Ratifies up to $62,425 for Amplified IT's cloud compliance software and services for a year","The board is ratifying an agreement with Amplified IT, LLC for its Sys Cloud Compliance Suite software and services. The cost may not exceed $62,425.00 for the period September 7, 2019 through September 7, 2020. The period began before the board's vote.",Technology,,new_agreement,"Amplified IT, LLC",organization,,expense,not_to_exceed,62425,,,,,true,2019-09-07,2020-09-07,after_work_began,,,Adopted on the General Consent Report,2019-11-13,true,auto_ok,sonnet-agent,enrich.v5.md,true,
2019-11-13:19-2367,2019-11-13,2019-11-13,regular,P.-3,48,general,"Chief, Systems and Services Officer",19-2367,https://ousd.legistar.com/gateway.aspx?M=L&ID=48277,"Pro Bono Professional Services Agreement (Education), Amendment No. 1, Master Subscription Agreement, Master Subscription Agreement, Data Processing Addendum - Salesforce, Inc. - Technology Services Department","Approval by the Board of Education of Pro Bono Professional Services Agreement (Education); Amendment No. 1, Master Subscription Agreement; Master Subscription Agreement; and Data Processing Addendum between District and Salesforce, Inc., San Francisco, CA, for the latter to provide hosted software and related professional services to enable District staff to support students’ academic success by monitoring specific key performance indicators and managing student and staff interactions, as delineated in the aforementioned Agreements, incorporated herein by reference as though fully set forth,  for the period of November 16, 2018 through November 13, 2020, at no cost to the District.",Agreement or Contract,General Counsel,,n-salesforce,No Fiscal Impact,Approves free Salesforce software and services to track student success indicators through 2020,"Salesforce, Inc. will provide hosted software and related professional services at no cost to the district. District staff will use them to monitor key performance indicators and manage student and staff interactions to support students' academic success. The agreements run from November 16, 2018 through November 13, 2020.",Technology,,mou_or_data_sharing,"Salesforce, Inc.",organization,,no_cost,,,,,,,true,2018-11-16,2020-11-13,after_work_began; multi_year,,,Adopted on the General Consent Report,2019-11-13,true,auto_ok,sonnet-agent,enrich.v5.md,true,
2019-11-13:19-2117,2019-11-13,2019-11-13,regular,P.-4,50,general,"Deputy Chief, Facilities Planning and Management",19-2117,https://ousd.legistar.com/gateway.aspx?M=L&ID=48031,"Amendment No. 4, Contract for Services - Jensen Hughes - Fruitvale Elementary School Fire and Intrusion Alarm Replacement Project - Divistion of Facilities Planning and Management","Approval by the Board of Education of Amendment No. 4, Independent Consultant Agreement for Professional Services between the District and Jensen Hughes, Concord, CA, extending time of the Agreement from April 14, 2016 through December 20, 2019 to April 30, 2020, with the latter, for specified design services, for the Fruitvale Elementary School Fire and Intrusion Alarm Replacement Project, and authorizing the President and Secretary of the Board to sign the Amendment for same with said Contractor. All other terms and conditions of the Agreement remain in full force and effect.",Agreement or Contract,"Deputy Chief, Facilities Planning and Management",,v-002281,"Fund 21, Measure B","Extends Jensen Hughes' design contract for the Fruitvale alarm replacement to April 30, 2020","The board is extending the time of its design services agreement with Jensen Hughes for the Fruitvale Elementary School fire and intrusion alarm replacement project. The end date moves from December 20, 2019 to April 30, 2020. No added money is stated, and all other terms stay the same.",School buildings & construction,,amendment,Jensen Hughes,organization,Fruitvale Elementary School,no_cost,,,,,,,true,2016-04-14,2020-04-30,multi_year; time_extension_only,,,Adopted on the General Consent Report,2019-11-13,true,auto_ok,sonnet-agent,enrich.v5.md,true,
2019-11-13:19-2118,2019-11-13,2019-11-13,regular,P.-5,51,general,"Deputy Chief, Facilities Planning and Management",19-2118,https://ousd.legistar.com/gateway.aspx?M=L&ID=48032,"Amendment No. 2, Independent Consultant Agreement for Professional Services - Anthonio, Inc., - Fruitvale Elementary School Fire and Intrusion Alarm Replacement - Division of Facilities Planning and Management","Approval by the Board of Education of Amendment No. 2, Independent Consultant Agreement for Professional Services between the District and  Anthonio, Inc., Oakland, CA, extending time of the Agreement from June 7, 2018 through December 20, 2019  to April 30, 2020, with the latter, for Inspector of Record Services, for the Fruitvale Elementary School Fire and Intrusion Alarm Replacement Project, and authorizing the President and Secretary of the Board to sign the Amendment for same with said Contractor. All other terms and conditions of the Agreement remain in full force and effect.",Agreement or Contract,"Deputy Chief, Facilities Planning and Management",,v-000453,"Fund 21, Measure B","Extends Anthonio's inspector-of-record contract for the Fruitvale alarm project to April 30, 2020","The board is extending the time of an agreement with Anthonio, Inc. for inspector of record services on the Fruitvale Elementary School fire and intrusion alarm replacement project. The end date moves from December 20, 2019 to April 30, 2020. No added money is stated, and all other terms stay the same.",School buildings & construction,,amendment,"Anthonio, Inc.",organization,Fruitvale Elementary School,no_cost,,,,,,,true,2018-06-07,2020-04-30,multi_year; time_extension_only,,,Adopted on the General Consent Report,2019-11-13,true,auto_ok,sonnet-agent,enrich.v5.md,true,
2019-11-13:19-2119,2019-11-13,2019-11-13,regular,P.-6,52,general,"Deputy Chief, Facilities Planning and Management",19-2119,https://ousd.legistar.com/gateway.aspx?M=L&ID=48033,"Amendment No. 1, Independent Consultant Agreement for Geotechincal Services - ENGEO Geotechnical Services - Foster Educational Leadership Complex/Lakehouse Commons Project - Division of Facilities Planning and Management","Approval by the Board of Education of Amendment No. 1, Independent Consultant Agreement for Geotechnical Services between the District and ENGO Geotechnical Services, Oakland, CA, extending time of the Agreement from December 13, 2018 through December 31, 2019 to December 31, 2020, with the latter, for peer review services, for the Foster (ELC) Educational Leadership Complex/Lakehouse Commons Project and authorizing the President and Secretary of the Board to sign the Amendment for same with said Contractor. All other terms and conditions of the Agreement remain in full force and effect.",Agreement or Contract,"Deputy Chief, Facilities Planning and Management",001582,v-001582,"Fund 40, Special Reserve for Capital Outlay Projects",Extends ENGEO's peer review contract for the Foster Educational Leadership Complex to end of 2020,"The board is extending the time of a geotechnical (soil and ground) services agreement for peer review work on the Foster Educational Leadership Complex/Lakehouse Commons project. The end date moves from December 31, 2019 to December 31, 2020. No added money is stated, and all other terms stay the same.",School buildings & construction,,amendment,ENGEO Geotechnical Services,organization,Foster Educational Leadership Complex,no_cost,,,,,,,true,2018-12-13,2020-12-31,multi_year; time_extension_only,,,Adopted on the General Consent Report,2019-11-13,true,auto_ok,sonnet-agent,enrich.v5.md,true,
2019-11-13:19-2120,2019-11-13,2019-11-13,regular,P.-7,53,general,"Deputy Chief, Facilities Planning and Management",19-2120,https://ousd.legistar.com/gateway.aspx?M=L&ID=48034,"Amendment No. 1, Agreement for Architectural Services - KPW Structural Engineers, Inc., - Foster Educational Leadership Complex /Lakehouse Commons Project - Division of Facilities Planning and Management","Approval by the Board of Education of Amendment No. 1, Agreement for Architectural Services between the District and KPW Structural Engineers, Inc., between the District and KPW Structural Engineers, Oakland, CA, extending time of the Agreement from December 13, 2018 through December 31, 2019 to December 31, 2020, with the latter, for peer review services, for the Foster (ELC) Educational Leadership Complex/Lakehouse Commons Project and authorizing the President and Secretary of the Board to sign the Amendment for same with said Contractor. All other terms and conditions of the Agreement remain in full force and effect.",Agreement or Contract,"Deputy Chief, Facilities Planning and Management",002436,v-002436,"Fund 40, Special Reserve for Capital Outlay Projects",Extends KPW Structural Engineers' peer review contract for the Foster complex to end of 2020,"The board is extending the time of an agreement with KPW Structural Engineers for peer review services on the Foster Educational Leadership Complex/Lakehouse Commons project. The end date moves from December 31, 2019 to December 31, 2020. No added money is stated, and all other terms stay the same.",School buildings & construction,,amendment,"KPW Structural Engineers, Inc.",organization,Foster Educational Leadership Complex,no_cost,,,,,,,true,2018-12-13,2020-12-31,multi_year; time_extension_only,,,Adopted on the General Consent Report,2019-11-13,true,auto_ok,sonnet-agent,enrich.v5.md,true,
2019-11-13:19-2121,2019-11-13,2019-11-13,regular,P.-8,54,general,"Deputy Chief, Facilities Planning and Management",19-2121,https://ousd.legistar.com/gateway.aspx?M=L&ID=48035,"Amendment No. 2, Independent Consultant Agreement for Professional Services - ACC Environmental Consultants, Inc., - Fruitvale Elementary School Fire and Intrusion Alarm Replacement Project - Division of Facilities Planning and Management","Approval by the Board of Education of Amendment No.2, Independent Consultant Agreement for Professional Services between the District and ACC Environmental Consultants, Inc., Oakland, CA, extending time of the Agreement, from November 21, 2018 through December 20, 2019 to April 30, 2020, with the latter, to perform asbestos and lead survey with report, submit asbestos and lead project specifications, project management, for the Fruitvale Elementary School Fire and Intrusion Alarm Replacement Project, and authorizing the President and Secretary of the Board to sign the Amendment for same with said Contractor. All other terms and conditions of the Agreement remain in full force and effect.",Agreement or Contract,"Deputy Chief, Facilities Planning and Management",000230,v-000230,"Fund 21, Measure B","Extends ACC Environmental's asbestos and lead work at Fruitvale to April 30, 2020","The board is extending the time of an agreement with ACC Environmental Consultants, Inc. for the Fruitvale Elementary School fire and intrusion alarm replacement project. The firm surveys for asbestos and lead, writes the report and project specifications, and manages the project. The end date moves from December 20, 2019 to April 30, 2020, with no added money stated.",School buildings & construction,,amendment,"ACC Environmental Consultants, Inc.",organization,Fruitvale Elementary School,no_cost,,,,,,,true,2018-11-21,2020-04-30,multi_year; time_extension_only,,,Adopted on the General Consent Report,2019-11-13,true,auto_ok,sonnet-agent,enrich.v5.md,true,
2019-11-13:19-2213,2019-11-13,2019-11-13,regular,P.-9,55,general,"Deputy Chief, Facilities Planning and Management",19-2213,https://ousd.legistar.com/gateway.aspx?M=L&ID=48127,"Amendment No. 4, Independent Consultant Agreement for Professional Services - Verde Design - Professional Services - Emerson Elementary School Soft Ball Field Project - Division of Facilities Planning and Management","Approval by the Board of Education of Amendment No. 4, Independent Consultant Agreement for Professional Services between the District and Verde Design, Santa Clara, CA, for the latter to prepare a Stormwater Pollution Prevention Plan for the Emerson Elementary School Soft Ball Field Project, in an amount not to exceed $7,500.00, increasing Agreement not to exceed amount from $258,860.00 to $266,360.00, extending the term of the Agreement from June 7, 2018 through August 21, 2020 to  December 31, 2020 and authorizing the President and Secretary of the Board to sign the Amendment for same with said Consultant. All other terms and conditions of the Agreement remain in full force and effect.",Agreement or Contract,"Deputy Chief, Facilities Planning and Management",004498,v-004498,"Fund 21, Measure J","Adds $7,500 to Verde Design's contract for a stormwater plan at Emerson's softball field","The board is adding up to $7,500.00 to Verde Design's contract, raising the limit from $258,860.00 to $266,360.00. The added work is a Stormwater Pollution Prevention Plan for the Emerson Elementary School softball field project. The amendment also extends the end date from August 21, 2020 to December 31, 2020.",School buildings & construction,,amendment,Verde Design,organization,Emerson Elementary School,expense,not_to_exceed,7500,,,258860,266360,true,2018-06-07,2020-12-31,raises_existing_contract; multi_year,,,Adopted on the General Consent Report,2019-11-13,true,auto_ok,sonnet-agent,enrich.v5.md,true,
2019-11-13:19-2123,2019-11-13,2019-11-13,regular,P.-10,56,general,"Deputy Chief, Facilities Planning and Management",19-2123,https://ousd.legistar.com/gateway.aspx?M=L&ID=48037,"Award of Agreement for Materials Testing Services - Applied Materials & Engineering, Inc. - Madison Park Academy New Expansion - Division of Facilities Planning and Management","Approval by the Board of Education of Resolution No. 1920-0039 - Award of Agreement for Materials Testing Services to Applied Materials & Engineering, Inc., Oakland, CA, for the latter to “Perform window water testing per ASTM E1105 on 86 Windows: the negative test specialist provided. Provide with a written report of test results” for the Madison Park Academy New Expansion Project, in the amount of $72,670.00, as the selected contractor, and authorizing the President and Secretary of the Board to sign the Agreement for same with said Contractor with work scheduled to commence on November 14, 2019, and scheduled to last until December 30, 2020 pursuant to the Contract.",Agreement or Contract,"Deputy Chief, Facilities Planning and Management",000468,v-000468,"Fund 21, Measure B","Awards Applied Materials & Engineering $72,670 to water-test 86 windows at Madison Park Academy","The board is awarding a materials testing agreement to Applied Materials & Engineering, Inc. to perform water tests on 86 windows and report the results for the Madison Park Academy expansion. The amount is $72,670.00. Work is scheduled from November 14, 2019 to December 30, 2020.",School buildings & construction,,bid_award,"Applied Materials & Engineering, Inc.",organization,Madison Park Academy,expense,fixed,72670,,,,,true,2019-11-14,2020-12-30,multi_year,,,Adopted on the General Consent Report,2019-11-13,true,auto_ok,sonnet-agent,enrich.v5.md,true,
2019-11-13:19-2170,2019-11-13,2019-11-13,regular,P.-11,57,general,"Deputy Chief, Facilities Planning and Management",19-2170,https://ousd.legistar.com/gateway.aspx?M=L&ID=48084,Award of Agreement for Engineering Services - Ninyo & Moore - Piedmont Finishing Kitchen Project - Division of Facilities Planning and Management,"Approval by the Board of Education of Resolution No. 1920-0040 - Award of Agreement for Engineering Services to Ninyo & Moore, Oakland, CA, for the latter to provide additional geotechnical consulting services - “Evaluate impact of 2016 California Building Code on project geotechnical report. Prepare letter to document conclusions from evaluation. Review plans, specifications, and structural calculations for conformance with the geotechnical report.” - for the Piedmont Finishing Kitchen Project, in the amount of $3,000.00, which includes a contingency fee of $1,000.00, as the selected consultant, and authorizing the President and Secretary of the Board to sign the Agreement for same with said consultant, with work scheduled to commence on November 14, 2019, and scheduled to last until December 31, 2020, pursuant to the Agreement.",Agreement or Contract,"Deputy Chief, Facilities Planning and Management",003087,v-003087,"Fund 21, Measure J","Awards Ninyo & Moore $3,000 for extra soil review on the Piedmont kitchen project","The board is awarding Ninyo & Moore additional geotechnical (soil and ground) consulting for the Piedmont Finishing Kitchen project. The work includes checking the effect of the 2016 California Building Code and reviewing plans. The $3,000.00 includes a $1,000.00 contingency, and work runs from November 14, 2019 to December 31, 2020.",School buildings & construction,,bid_award,Ninyo & Moore,organization,Piedmont,expense,fixed,3000,,,,,true,2019-11-14,2020-12-31,multi_year,,,Adopted on the General Consent Report,2019-11-13,true,auto_ok,sonnet-agent,enrich.v5.md,true,
2019-11-13:19-2209,2019-11-13,2019-11-13,regular,P.-12,58,general,"Deputy Chief, Facilities Planning and Management",19-2209,https://ousd.legistar.com/gateway.aspx?M=L&ID=48123,Award of Agreement for Engineering Services - Ninyo & Moore - Hillcrest Finishing Kitchen Project - Division of Facilities Planning and Management,"Approval by the Board of Education of Resolution No. 1920-0041 - Award of Agreement for Engineering Services to Ninyo & Moore, Oakland, CA, for the latter to provide additional geotechnical consulting services - “I. Review plans, specifications, and structural calculations for conformance with the geotechnical report. 2. Owner contingency for additional geotechnical consultation” - for the Hillcrest Finishing Kitchen Project, in the amount of $2,500.00, which includes a contingency fee of $1,000.00, as the selected consultant, and authorizing the President and Secretary of the Board to sign the Agreement for same with said consultant, with work scheduled to commence on November 14, 2019, and scheduled to last until December 31, 2020, pursuant to the Agreement.",Agreement or Contract,"Deputy Chief, Facilities Planning and Management",003087,v-003087,"Fund 21, Measure J","Awards Ninyo & Moore $2,500 for extra soil review on the Hillcrest kitchen project","The board is awarding Ninyo & Moore additional geotechnical (soil and ground) consulting for the Hillcrest Finishing Kitchen project. The work includes reviewing plans and calculations against the geotechnical report. The $2,500.00 includes a $1,000.00 contingency, and work runs from November 14, 2019 to December 31, 2020.",School buildings & construction,,bid_award,Ninyo & Moore,organization,Hillcrest,expense,fixed,2500,,,,,true,2019-11-14,2020-12-31,multi_year,,,Adopted on the General Consent Report,2019-11-13,true,auto_ok,sonnet-agent,enrich.v5.md,true,
2019-11-13:19-2208,2019-11-13,2019-11-13,regular,P.-13,60,general,"Deputy Chief, Talent",19-2208,https://ousd.legistar.com/gateway.aspx?M=L&ID=48122,"Creation of Job Description - Coordinator, Literacy","Adoption by the Board of Education of Resolution No. 1920-0145 - Creation of Job Description - Coordinator, Literacy.",Resolution,"Deputy Chief, Talent",,,,Creates a new job description for a Literacy Coordinator,"The board is adopting a resolution that creates a job description for a Coordinator, Literacy. The text gives no dollar amount, salary or start date.",Staff & hiring,,personnel,,,,no_cost,,,,,,,true,,,,,,Adopted on the General Consent Report,2019-11-13,true,auto_ok,sonnet-agent,enrich.v5.md,true,
2019-11-13:19-1678,2019-11-13,2019-11-13,regular,P.-14,62,general,Chief Academic Officer,19-1678,https://ousd.legistar.com/gateway.aspx?M=L&ID=47605,Grant Agreement - Oakland Public Educaiton Fund - Restorative Justice and African American Female Excellence Programs - Community Schools and Student Services Department,"Approval by the Board of Education of the Grant Agreement between the Oakland Public Education Fund, Oakland, CA, and the District, with the latter accepting $805,000.00, in San Francisco Foundation funds, to improve academic performance of low-income students of color through strengthening district-wide policies as well as services relating to restorative justice (RJ) programs and support for African-American Female Excellence {AAFE), for the period August 1, 2019 through June 30, 2021, pursuant to the terms and conditions thereof, if any",Agreement or Contract,Chief Academic Officer,,v-003143,,"Accepts an $805,000 grant for restorative justice and African American Female Excellence programs","The district is accepting $805,000.00 in San Francisco Foundation funds through the Oakland Public Education Fund. The money is meant to improve academic performance of low-income students of color by strengthening district-wide policies and services for restorative justice and African American Female Excellence. The grant covers August 1, 2019 through June 30, 2021.","Student health, support & family services",,grant_or_funding_in,Oakland Public Education Fund,organization,,revenue,fixed,805000,,,,,true,2019-08-01,2021-06-30,after_work_began; multi_year,,,Adopted on the General Consent Report,2019-11-13,true,auto_ok,sonnet-agent,enrich.v5.md,true,
2019-11-13:19-2129,2019-11-13,2019-11-13,regular,P.-15,63,general,Chief Academic Officer,19-2129,https://ousd.legistar.com/gateway.aspx?M=L&ID=48043,Student Travel - Belize - Coliseum College Preparatory Academy,"Approval by the Board of Education of Resolution No. 1920-0163 - Authorization for Approval of Student Travel by school site Coliseum College Preparatory Academy to Belize, via the No Barriers Youth/AFAR Foundation, for ten (10) 10th and 12th grade students and two (2) adults, as specified in Out of State Field Trip/Excursion Request, attached, for the period of November 23, 2019 through December 1, 2019, to travel to Belize: visiting three primary destinations: Belize City, San Ignacio, and Caye Calker, for a combination of sustainable tourism and service based engagement with the local communities, at no cost to the District.*",Resolution,Chief Academic Officer,,n-no-barriers-youth-afar-foundation,No Fiscal Impact,Approves a Coliseum College Prep trip to Belize for 10 students at no cost to the district,"The board is approving out-of-state student travel for ten 10th and 12th grade students and two adults from Coliseum College Preparatory Academy, through No Barriers Youth/AFAR Foundation. The trip runs November 23 to December 1, 2019, with stops in Belize City, San Ignacio and Caye Caulker, combining sustainable tourism with service work. It costs the district nothing.",Classroom & academic programs,,resolution_or_policy,No Barriers Youth/AFAR Foundation,organization,Coliseum College Preparatory Academy,no_cost,,,,,,,true,2019-11-23,2019-12-01,,,,Adopted on the General Consent Report,2019-11-13,true,auto_ok,sonnet-agent,enrich.v5.md,true,
2019-11-13:19-2035,2019-11-13,2019-11-13,regular,P.-16,64,general,Chief Academic Officer,19-2035,https://ousd.legistar.com/gateway.aspx?M=L&ID=47949,"Professional Services Contract - Luna Kids Dance, Inc. - Academics and Instructional Innovation Department","Ratification by the Board of Education of a Professional Services Contract between the District and Luna Kids Dance (LKD), Inc., Berkeley, CA, for the latter to provide to Bella Vista CDC and Acorn Woodland CDC pupils age appropriate dance instruction; professional development workshops and coaching for teachers with the goal to build their capacity with limited support from LKD, as described, in the Scope of Work, incorporated herein by reference as though fully set forth, via Academics and  Instructional Innovation Department, for the period of September 16, 2019 through May 29, 2020, in an amount not to exceed $23,200.00.",Agreement or Contract,Chief Academic Officer,002661,v-002661,"Measure G, Parcel Tax","Ratifies up to $23,200 for Luna Kids Dance to teach dance and coach teachers at two child centers","The board is ratifying a contract with Luna Kids Dance, Inc. to give dance instruction to students at Bella Vista and Acorn Woodland child development centers. It also provides workshops and coaching so teachers can build their own skills. The cost may not exceed $23,200.00 from September 16, 2019 to May 29, 2020, a period that began before the vote.",Classroom & academic programs,,new_agreement,"Luna Kids Dance, Inc.",organization,Bella Vista CDC; Acorn Woodland CDC,expense,not_to_exceed,23200,,,,,true,2019-09-16,2020-05-29,after_work_began,,,Adopted on the General Consent Report,2019-11-13,true,auto_ok,sonnet-agent,enrich.v5.md,true,
2019-11-13:19-2036,2019-11-13,2019-11-13,regular,P.-17,65,general,Chief Academic Officer,19-2036,https://ousd.legistar.com/gateway.aspx?M=L&ID=47950,"Professional Services Contract - James Marshall Consulting, Inc. - Community Schools and Student Services Department","Ratification by the Board of Education of a Professional Services Contract between the District and James Marshall Consulting, Inc., La Mesa, CA, for the latter to assist in design and development of evaluation materials for science and ELA teacher professional development of sexual health education; design and implement web-based pre/post assessments for Healthy Oakland Teens curriculum; support implementation of referral tracking systems to connect students to sexual health services; design and train site level staff for online implementation logs to track student outreach; creation of brochures and other marketing materials to detail success of programming; lead documentation of and submission of programmatic data to the Centers for Disease Control (CDC) (2019-2020 grant), via Community Schools and Student Services Department, for the period of October 1, 2019 through June 30, 2020, in an amount not to exceed $32,000.00.",Agreement or Contract,Chief Academic Officer,005366,v-005366,Healthy Oakland Teens,"Ratifies up to $32,000 for a consultant on sexual health education evaluation","The board is ratifying a contract with James Marshall Consulting, Inc. to build evaluation materials and online assessments for sexual health education and the Healthy Oakland Teens curriculum. The firm will also help track referrals to sexual health services and report program data to the Centers for Disease Control (CDC). The cost may not exceed $32,000.00 from October 1, 2019 to June 30, 2020.","Student health, support & family services",,new_agreement,"James Marshall Consulting, Inc.",organization,,expense,not_to_exceed,32000,,,,,true,2019-10-01,2020-06-30,after_work_began,,,Adopted on the General Consent Report,2019-11-13,true,auto_ok,sonnet-agent,enrich.v5.md,true,
2019-11-13:19-2037,2019-11-13,2019-11-13,regular,P.-18,66,general,Chief Academic Officer,19-2037,https://ousd.legistar.com/gateway.aspx?M=L&ID=47951,"Professional Services Contract - Luna Kids Dance, Inc. - Grass Valley Elementary School","Ratification by the Board of Education of a Professional Services Contract between the District and Luna Kids Dance, Inc., Berkeley, CA, for the latter to provide side-by-side professional development and model dance classes during 2019-2020 School Year, as described in the Scope of Work, incorporated herein by reference as though fully set forth, at Grass Valley Elementary School, for the period of September 9, 2019 through May 18, 2020, in an amount not to exceed $22,500.00.",Agreement or Contract,Chief Academic Officer,002661,v-002661,"Measure G, Parcel Tax","Ratifies up to $22,500 for Luna Kids Dance to coach teachers and model dance classes at Grass Valley","The board is ratifying a contract with Luna Kids Dance, Inc. for side-by-side teacher coaching and model dance classes at Grass Valley Elementary School during the 2019-2020 school year. The cost may not exceed $22,500.00 from September 9, 2019 to May 18, 2020. The period began before the vote.",Classroom & academic programs,,new_agreement,"Luna Kids Dance, Inc.",organization,Grass Valley Elementary School,expense,not_to_exceed,22500,,,,,true,2019-09-09,2020-05-18,after_work_began,,,Adopted on the General Consent Report,2019-11-13,true,auto_ok,sonnet-agent,enrich.v5.md,true,
2019-11-13:19-2038,2019-11-13,2019-11-13,regular,P.-19,67,general,Chief Academic Officer,19-2038,https://ousd.legistar.com/gateway.aspx?M=L&ID=47952,Professional Services Contract - Bay Area Community Resources - Ralph J. Bunche Academy,"Approval by the Board of Education of a Professional Services Contract between the District and Bay Area Community Resources, San Rafael, CA, for the latter to provide an Academic Mentor to provide underserved and underperforming students with academic support, as described in the Scope of Work, incorporated herein by reference as though fully set forth, at Ralph J. Bunche Academy, for the period of September 1, 2019 through May 30, 2020, in an amount not to exceed $31,259.00.",Agreement or Contract,Chief Academic Officer,000624,v-000624,Iasa-i Basic Grants Low Income,"Approves up to $31,259 for Bay Area Community Resources to provide an academic mentor at Bunche Academy","The board is approving a contract with Bay Area Community Resources to provide an academic mentor at Ralph J. Bunche Academy. The mentor supports underserved and underperforming students. The cost may not exceed $31,259.00 from September 1, 2019 to May 30, 2020.",Classroom & academic programs,,new_agreement,Bay Area Community Resources,organization,Ralph J. Bunche Academy,expense,not_to_exceed,31259,,,,,true,2019-09-01,2020-05-30,after_work_began,,,Adopted on the General Consent Report,2019-11-13,true,auto_ok,sonnet-agent,enrich.v5.md,true,
2019-11-13:19-2039,2019-11-13,2019-11-13,regular,P.-20,68,general,Chief Academic Officer,19-2039,https://ousd.legistar.com/gateway.aspx?M=L&ID=47953,Professional Services Contract - East Bay Asian Youth Center - Urban Promise Academy,"Approval by the Board of Education of a Professional Services Contract between the District and East Bay Asian Youth Center (EBAYC), Oakland, CA, for the latter to provide 1 to 1 mentoring and small group instruction during personalized learning time; provide push in support and will work and partner with grade level teams to provide targeted instructional support to students focusing on rigorous teaching and learning, framed within compelling topics and audience, expositions of work, personalized learning, project-based themes and school culture at Urban Promise Academy, for the period of August 6, 2019 through May 29, 2020, in an amount not to exceed $48,000.00.",Agreement or Contract,Chief Academic Officer,001474,v-001474,Salesforce.org,"Approves up to $48,000 for East Bay Asian Youth Center to mentor and tutor at Urban Promise Academy","The board is approving a contract with East Bay Asian Youth Center for one-on-one mentoring, small group instruction and push-in support at Urban Promise Academy. The staff will work with grade-level teams during personalized learning time. The cost may not exceed $48,000.00 from August 6, 2019 to May 29, 2020.",Classroom & academic programs,,new_agreement,East Bay Asian Youth Center,organization,Urban Promise Academy,expense,not_to_exceed,48000,,,,,true,2019-08-06,2020-05-29,after_work_began,,,Adopted on the General Consent Report,2019-11-13,true,auto_ok,sonnet-agent,enrich.v5.md,true,
2019-11-13:19-2040,2019-11-13,2019-11-13,regular,P.-21,69,general,Chief Academic Officer,19-2040,https://ousd.legistar.com/gateway.aspx?M=L&ID=47954,Professional Services Contract - Jensen Best - Elmhurst United Middle School,"Ratification by the Board of Education of a Professional Services Contract between the District and Jensen Best, Oakland, CA, for the latter to lead and direct team building games and activities for students during break and lunch; assist and coordinate the core playground games and core sports as well to introduce sports skills building exercise and cooperative games at Elmhurst United Middle School, for the period of September 3, 2019 through May 29, 2020, in an amount not to exceed $15,100.00.",Agreement or Contract,Chief Academic Officer,005662,v-005662,Salesforce.org,"Ratifies up to $15,100 for a contractor to lead break and lunch games at Elmhurst United Middle","The board is ratifying a contract with an individual to lead team-building games and activities for students during break and lunch at Elmhurst United Middle School. The contractor also coordinates playground games and sports skills exercises. The cost may not exceed $15,100.00 from September 3, 2019 to May 29, 2020, a period that began before the vote.",Classroom & academic programs,,new_agreement,Jensen Best,individual,Elmhurst United Middle School,expense,not_to_exceed,15100,,,,,true,2019-09-03,2020-05-29,after_work_began,,,Adopted on the General Consent Report,2019-11-13,true,auto_ok,sonnet-agent,enrich.v5.md,true,
2019-11-13:19-2042,2019-11-13,2019-11-13,regular,P.-22,70,general,Chief Academic Officer,19-2042,https://ousd.legistar.com/gateway.aspx?M=L&ID=47956,Professional Services Contract - Christopher Chegia - Sequoia Elementary School,"Ratification by the Board of Education of a Professional Services Contract between the District and Christopher Chegia, Oakland, CA, for the latter to further the work of site inculcating respect for all cultures, as well as helping students develop music theory across multiple genres as well as instrument introduction through ukuleles and guitar, with expected outcomes, as described in the Scope of Work, incorporated herein by reference as though fully set forth, at Sequoia Elementary School, for the period of September 3, 2019 through May 15, 2020, in an amount not to exceed $5,000.00.",Agreement or Contract,Chief Academic Officer,,n-christopher-chegia,PTA Local Schools,"Ratifies up to $5,000 for a contractor to teach music, ukulele and guitar at Sequoia Elementary","The board is ratifying a contract with an individual to teach students music theory across multiple genres, with an introduction to ukulele and guitar, at Sequoia Elementary School. The work also aims to build respect for all cultures. The cost may not exceed $5,000.00 from September 3, 2019 to May 15, 2020, a period that began before the vote.",Classroom & academic programs,,new_agreement,Christopher Chegia,individual,Sequoia Elementary School,expense,not_to_exceed,5000,,,,,true,2019-09-03,2020-05-15,after_work_began,,,Adopted on the General Consent Report,2019-11-13,true,auto_ok,sonnet-agent,enrich.v5.md,true,
2019-11-13:19-2043,2019-11-13,2019-11-13,regular,P.-23,71,general,Chief Academic Officer,19-2043,https://ousd.legistar.com/gateway.aspx?M=L&ID=47957,Professional Services Contract - Dawline-Jane Oni-Eseleh - Sequoia Elementary School,"Ratification by the Board of Education of a Professional Services Contract between the District and Dawline-Jane Oni-Eseleh, Oakland, CA, for the latter, as a teaching artist, to provide students instruction in  multiple visual arts artforms - painting, drawing, printmaking, sculpture, ceramics, design, and crafts - weekly in 17 classrooms at Sequoia Elementary School, for the period of September 3, 2019 through May 15, 2020, in an amount not to exceed $39,000.00.",Agreement or Contract,Chief Academic Officer,005199,v-005199,PTA Local Schools,"Ratifies up to $39,000 for a teaching artist to give weekly visual arts lessons at Sequoia Elementary","The board is ratifying a contract with an individual teaching artist to give weekly visual arts instruction in 17 classrooms at Sequoia Elementary School. Art forms include painting, drawing, printmaking, sculpture, ceramics, design and crafts. The cost may not exceed $39,000.00 from September 3, 2019 to May 15, 2020, a period that began before the vote.",Classroom & academic programs,,new_agreement,Dawline-Jane Oni-Eseleh,individual,Sequoia Elementary School,expense,not_to_exceed,39000,,,,,true,2019-09-03,2020-05-15,after_work_began,,,Adopted on the General Consent Report,2019-11-13,true,auto_ok,sonnet-agent,enrich.v5.md,true,
2019-11-13:19-2044,2019-11-13,2019-11-13,regular,P.-24,72,general,Chief Academic Officer,19-2044,https://ousd.legistar.com/gateway.aspx?M=L&ID=47958,Professional Services Contract - Rebecca Hunter - Sequoia Elementary School,"Ratification by the Board of Education of a Professional Services Contract between the District and Rebecca Hunter, Oakland, CA, for the latter to provide enriched science program where students receive instruction in math and sciences weekly in 17 classrooms at Sequoia Elementary School, for the period of September 9, 2019 through May 22, 2020, in an amount not to exceed $40,000.00.",Agreement or Contract,Chief Academic Officer,002151,v-002151,PTA Local Schools,"Ratifies up to $40,000 for a contractor to teach weekly science and math at Sequoia Elementary","The board is ratifying a contract with an individual to run an enriched science program, with weekly math and science instruction in 17 classrooms at Sequoia Elementary School. The cost may not exceed $40,000.00 from September 9, 2019 to May 22, 2020. The period began before the vote.",Classroom & academic programs,,new_agreement,Rebecca Hunter,individual,Sequoia Elementary School,expense,not_to_exceed,40000,,,,,true,2019-09-09,2020-05-22,after_work_began,,,Adopted on the General Consent Report,2019-11-13,true,auto_ok,sonnet-agent,enrich.v5.md,true,
2019-11-13:19-2054,2019-11-13,2019-11-13,regular,P.-25,73,general,Chief Academic Officer,19-2054,https://ousd.legistar.com/gateway.aspx?M=L&ID=47968,Professional Services Contract - Julia DeGuzman - Oakland High School,"Ratification by the Board of Education of a Professional Services Contract between the District and Julia DeGuzman, Oakland, CA, for the latter to provide support to families and parents by holding several family engagement nights, with a focus on how to support the child and his/her academic success while transitioning from middle school to high school and for families to learn about academics and resources available to support the student; serve as liaison between the families and the school site to ensure that families know all information about how to help the student thrive; create and organize media and documents for the new families and the community about academics and resources available on campus for Oakland High School, for the period of August 1, 2019 through June 1, 2020, in an amount not to exceed $7,975.00.",Agreement or Contract,Chief Academic Officer,001329,v-001329,IASA-Basic Grants Low Income,"Ratifies up to $7,975 for a contractor to run family engagement nights at Oakland High","The board is ratifying a contract with an individual to hold family engagement nights at Oakland High School about moving from middle school to high school. The contractor also acts as a liaison between families and the school and creates materials about academics and resources. The cost may not exceed $7,975.00 from August 1, 2019 to June 1, 2020, a period that began before the vote.","Student health, support & family services",,new_agreement,Julia DeGuzman,individual,Oakland High School,expense,not_to_exceed,7975,,,,,true,2019-08-01,2020-06-01,after_work_began,,,Adopted on the General Consent Report,2019-11-13,true,auto_ok,sonnet-agent,enrich.v5.md,true,
2019-11-13:19-2055,2019-11-13,2019-11-13,regular,P.-26,74,general,Chief Academic Officer,19-2055,https://ousd.legistar.com/gateway.aspx?M=L&ID=47969,Professional Services Contract - Planting Justice - Dewey Academy,"Ratification by the Board of Education of a Professional Services Contract between the District and Planting Justice, Oakland, CA, for the latter to educate high school students on nutrition and the study of nutrients in food at Dewey Academy, for the period of September 23, 2019 through May 28, 2020, in an amount not to exceed $4,000.00.",Agreement or Contract,Chief Academic Officer,005237,v-005237,ESSA: Comp Support & Improvmt,"Ratifies up to $4,000 for Planting Justice to teach nutrition at Dewey Academy","The board is ratifying a contract with Planting Justice to teach high school students about nutrition and the nutrients in food at Dewey Academy. The cost may not exceed $4,000.00 from September 23, 2019 to May 28, 2020. The period began before the vote.",Classroom & academic programs,,new_agreement,Planting Justice,organization,Dewey Academy,expense,not_to_exceed,4000,,,,,true,2019-09-23,2020-05-28,after_work_began,,,Adopted on the General Consent Report,2019-11-13,true,auto_ok,sonnet-agent,enrich.v5.md,true,
2019-11-13:19-2056,2019-11-13,2019-11-13,regular,P.-27,75,general,Chief Academic Officer,19-2056,https://ousd.legistar.com/gateway.aspx?M=L&ID=47970,Professional Services Contract - Tavia Council - Elmhurst United Middle School,"Ratification by the Board of Education of a Professional Services Contract between the District and Tavia Council, Oakland, CA, for the latter to create team building games and activities for students during morning break and lunch; coordinate the playing of core playground games and core sports as well as introduce sports skills, building exercise and cooperative games at Elmhurst United Middle School, for the period of August 12, 2019 through May 29, 2020, in an amount not to exceed $17,964.84.",Agreement or Contract,Chief Academic Officer,005467,v-005467,Salesforce.org,"Ratifies up to $17,964.84 for a contractor to lead break and lunch games at Elmhurst United Middle","The board is ratifying a contract with an individual to create team-building games and activities for students during morning break and lunch at Elmhurst United Middle School. The contractor also coordinates playground games and introduces sports skills. The cost may not exceed $17,964.84 from August 12, 2019 to May 29, 2020, a period that began before the vote.",Classroom & academic programs,,new_agreement,Tavia Council,individual,Elmhurst United Middle School,expense,not_to_exceed,17964.84,,,,,true,2019-08-12,2020-05-29,after_work_began,,,Adopted on the General Consent Report,2019-11-13,true,auto_ok,sonnet-agent,enrich.v5.md,true,
2019-11-13:19-2057,2019-11-13,2019-11-13,regular,P.-28,76,general,Chief Academic Officer,19-2057,https://ousd.legistar.com/gateway.aspx?M=L&ID=47971,Professional Services Contract - Algeria Kirven - Rudsdale Continuation High School,"Ratification by the Board of Education of a Professional Services Contract between the District and Algeria Kirven, San Leandro, CA, for the latter to provide academic, socio-emotional support as well as mentor students who have attendance deficiencies and issues with adjusting to expected classroom protocols and/or rules at Rudsdale Continuation High School, for the period of September 15, 2019 through May 31, 2020, in an amount not to exceed $23,975.00.",Agreement or Contract,Chief Academic Officer,002412,v-002412,Unrest Supplemental Support,"Ratifies up to $23,975 for a contractor to mentor students at Rudsdale Continuation High","The board is ratifying a contract with an individual to give academic and social-emotional support and mentoring at Rudsdale Continuation High School. The students served have attendance problems or trouble adjusting to classroom rules. The cost may not exceed $23,975.00 from September 15, 2019 to May 31, 2020, a period that began before the vote.",Classroom & academic programs,,new_agreement,Algeria Kirven,individual,Rudsdale Continuation High School,expense,not_to_exceed,23975,,,,,true,2019-09-15,2020-05-31,after_work_began,,,Adopted on the General Consent Report,2019-11-13,true,auto_ok,sonnet-agent,enrich.v5.md,true,
2019-11-13:19-2058,2019-11-13,2019-11-13,regular,P.-29,77,general,Chief Academic Officer,19-2058,https://ousd.legistar.com/gateway.aspx?M=L&ID=47972,"Professional Services Contract - Carty Web Strategies, Inc. dba Home Campus - Oakland Athletic League (OAL)","Ratification by the Board of Education of a Professional Services Contract between the District and Carty Web Strategies, Inc. dba Home Campus, Costa Mesa, CA, for the latter to provide athletic software and support - transfer requests, directory items, user accounts, schedules, scores, rosters, team pictures, coach information, playoff finances, dues, playoff entries, misconduct, coaches and games wanted - to the Oakland Athletic League staff and site athletic directors to include an explanations of the inner working of the software, phone and  email support, and troubleshooting, for the period of August 12, 2019 through June 30, 2020, in an amount not to exceed $5,835.00.",Agreement or Contract,Chief Academic Officer,002116,v-002116,General Purpose-unrestricted,"Ratifies up to $5,835 for Home Campus athletic software and support for the Oakland Athletic League","The board is ratifying a contract with Carty Web Strategies, Inc., doing business as Home Campus, for athletic software and support. League staff and school athletic directors use it for transfer requests, schedules, scores, rosters and playoff entries. The cost may not exceed $5,835.00 from August 12, 2019 to June 30, 2020, a period that began before the vote.",Technology,,new_agreement,"Carty Web Strategies, Inc. dba Home Campus",organization,,expense,not_to_exceed,5835,,,,,true,2019-08-12,2020-06-30,after_work_began,,,Adopted on the General Consent Report,2019-11-13,true,auto_ok,sonnet-agent,enrich.v5.md,true,
2019-11-13:19-2075,2019-11-13,2019-11-13,regular,P.-30,78,general,Chief Academic Officer,19-2075,https://ousd.legistar.com/gateway.aspx?M=L&ID=47989,Professional Services Contract - East Bay Asian Youth Center - Oakland International High School,"Approval by the Board of Education of a Professional Services Contract between the District and East Bay Asian Youth Center, Oakland, CA, for the latter to perform a variety of highly difficult, technical duties requiring excellent communication skills; utilize specialized knowledge and independent judgment involving frequent and responsible public contact; plan, organize and coordinate a program for providing case management services to students in various career vocational education or other education programs at Oakland International High School, for the period of November 1, 2019 through October 30, 2020, in an amount not to exceed $65,022.00.",Agreement or Contract,Chief Academic Officer,001474,v-001474,Oakland Fund Children & Youth (OFCY) Grant,"Approves up to $65,022 for East Bay Asian Youth Center case management at Oakland International High","The board is approving a contract with East Bay Asian Youth Center to plan and run a case management program for students in career and vocational education or other programs at Oakland International High School. The cost may not exceed $65,022.00 from November 1, 2019 to October 30, 2020.","Student health, support & family services",,new_agreement,East Bay Asian Youth Center,organization,Oakland International High School,expense,not_to_exceed,65022,,,,,true,2019-11-01,2020-10-30,after_work_began,,,Adopted on the General Consent Report,2019-11-13,true,auto_ok,sonnet-agent,enrich.v5.md,true,
2019-11-13:19-2079,2019-11-13,2019-11-13,regular,P.-31,79,general,Chief Academic Officer,19-2079,https://ousd.legistar.com/gateway.aspx?M=L&ID=47993,Professional Services Contract - Higher Ground Neighborhood Development Corp - East Oakland Pride Elementary School,"Approval by the Board of Education of a Professional Services Contract between the District and Higher Ground Neighborhood Development Corp, Oakland, CA, for the latter to provide in-class behavior support to pupils; gender specific behavioral skill building group rehabilitation to pupils and project training, supervisor and administration, as described in the Scope of Work incorporated herein by reference as though fully set forth, at East Oakland Pride Elementary School, for the period of August 12, 2019 through May 28, 2020, in an amount not to exceed $21,600.00.",Agreement or Contract,Chief Academic Officer,002078,v-002078,Unrestricted Supplemental Support,"Pays Higher Ground up to $21,600 for behavior support at East Oakland Pride Elementary","Higher Ground Neighborhood Development Corp will provide in-class behavior support, gender-specific behavioral skill-building groups, and related training and administration for students at East Oakland Pride Elementary School. The contract runs from August 12, 2019 through May 28, 2020. The contract period began before this vote.","Student health, support & family services",,new_agreement,Higher Ground Neighborhood Development Corp,organization,East Oakland Pride Elementary School,expense,not_to_exceed,21600,,,,,true,2019-08-12,2020-05-28,after_work_began,,,Adopted on the General Consent Report,2019-11-13,true,auto_ok,sonnet-agent,enrich.v5.md,true,
2019-11-13:19-2089,2019-11-13,2019-11-13,regular,P.-32,80,general,Chief Academic Officer,19-2089,https://ousd.legistar.com/gateway.aspx?M=L&ID=48003,"Professional Services Contract - Tandem, Partners in Early Learning - Community Schools and Student Services Department","Ratification by the Board of Education of a Professional Services Contract between the District and Tandem, Partners in Early Learning, San Francisco, CA, for the latter to conduct sixteen 90-minute play and learn sessions at the Central Family Resource Center's 0-5 playgroup and at other District Child  Development Centers providing play and learn family events for zero to five year old; conduct ten 60-minute workshops sessions, summer pre-K program, for development of early literacy, sites to be determined by summer school hub mapping in the spring of 2020, as described in the Scope of Work, incorporated herein as though fully set forth, via the Community Schools and Student Services Department, for the period of September 27, 2019 through June 30, 2020, in an amount not to exceed $12,850.00.",Agreement or Contract,Chief Academic Officer,004184,v-004184,"""First 5"" Alameda County; Oakland Fund Children & Youth","Ratifies up to $12,850 for Tandem's play-and-learn sessions and workshops for young children and families","Tandem, Partners in Early Learning will run sixteen 90-minute play-and-learn sessions for families with children ages zero to five, and ten 60-minute early literacy workshops for a summer pre-K program. Sessions are at the Central Family Resource Center and other district child development centers, from September 27, 2019 through June 30, 2020. The contract period began before this vote.","Student health, support & family services",,new_agreement,"Tandem, Partners in Early Learning",organization,,expense,not_to_exceed,12850,,,,,true,2019-09-27,2020-06-30,after_work_began,,,Adopted on the General Consent Report,2019-11-13,true,auto_ok,sonnet-agent,enrich.v5.md,true,
2019-11-13:19-2090,2019-11-13,2019-11-13,regular,P.-33,81,general,Chief Academic Officer,19-2090,https://ousd.legistar.com/gateway.aspx?M=L&ID=48004,Professional Services Contract - Lincoln - Esperanza Elementary School,"Ratification by the Board of Education of a Professional Services Contract between the District and Lincoln, Oakland, CA, for the latter to provide Mental health services, student counseling, teacher consultation, behavioral interventions, whole school supports and crisis support at Esperanza Elementary School, for the period of August 12, 2019 through June 30, 2020, in an amount not to exceed $10,000.00.",Agreement or Contract,Chief Academic Officer,002590,v-002590,General Purpose-unrestricted,"Ratifies up to $10,000 for Lincoln to provide mental health services at Esperanza Elementary","Lincoln will provide mental health services, student counseling, teacher consultation, behavioral interventions, whole-school supports and crisis support at Esperanza Elementary School. The contract runs from August 12, 2019 through June 30, 2020. The contract period began before this vote.","Student health, support & family services",,new_agreement,Lincoln,organization,Esperanza Elementary School,expense,not_to_exceed,10000,,,,,true,2019-08-12,2020-06-30,after_work_began,,,Adopted on the General Consent Report,2019-11-13,true,auto_ok,sonnet-agent,enrich.v5.md,true,
2019-11-13:19-2091,2019-11-13,2019-11-13,regular,P.-34,82,general,Chief Academic Officer,19-2091,https://ousd.legistar.com/gateway.aspx?M=L&ID=48005,Professional Services Contract - Oakland Public Education Fund - EnCompass Academy,"Approval by the Board of Education of a Professional Services Contract between the District and Oakland Public Education Fund, Oakland, CA, for the latter to provide two personnel that will fill the following roles: Student Family Connections Coordinator and Student Development and Supports Coordinator, performing duties described in the Scope of Work, incorporated herein by reference as though fully set forth, at EnCompass Academy, for the period of August 12, 2019 through June 30, 2020, in an amount not to exceed $99,000.00.",Agreement or Contract,Chief Academic Officer,003143,v-003143,Unrestricted Supplemental Support,"Pays Oakland Public Education Fund up to $99,000 for two family and student support staff at EnCompass Academy","Oakland Public Education Fund will provide two staff members, a Student Family Connections Coordinator and a Student Development and Supports Coordinator, at EnCompass Academy. The contract runs from August 12, 2019 through June 30, 2020. The contract period began before this vote.","Student health, support & family services",,new_agreement,Oakland Public Education Fund,organization,EnCompass Academy,expense,not_to_exceed,99000,,,,,true,2019-08-12,2020-06-30,after_work_began,,,Adopted on the General Consent Report,2019-11-13,true,auto_ok,sonnet-agent,enrich.v5.md,true,
2019-11-13:19-2099,2019-11-13,2019-11-13,regular,P.-35,83,general,Chief Academic Officer,19-2099,https://ousd.legistar.com/gateway.aspx?M=L&ID=48013,"Master Subscription and Professional Services Agreement - Lingk, Inc. - Community Schools and Student Services Department","Approval by the Board of Education of a Master Subscription and Professional Services Agreement between the District and  Lingk, Inc., Danville, CA, for the latter to provide professional services to support the Aeries and Salesforce Education Data Architecture (EDA) integration, as described in said Agreement, incorporated herein by reference as though fully set forth, for the period of October 10, 2019 through October 9, 2020, in an amount not to exceed $10,000.00.",Agreement or Contract,Chief Academic Officer,005784,v-005784,Kaiser Health & Wellness Grant,"Pays Lingk up to $10,000 to support linking the district's Aeries and Salesforce student data systems","Lingk, Inc. will provide professional services to support the connection between the district's Aeries student information system and the Salesforce Education Data Architecture. The agreement runs from October 10, 2019 through October 9, 2020. The contract period began before this vote.",Technology,,new_agreement,"Lingk, Inc.",organization,,expense,not_to_exceed,10000,,,,,true,2019-10-10,2020-10-09,after_work_began,,,Adopted on the General Consent Report,2019-11-13,true,auto_ok,sonnet-agent,enrich.v5.md,true,
2019-11-13:19-2100,2019-11-13,2019-11-13,regular,P.-36,84,general,Chief Academic Officer,19-2100,https://ousd.legistar.com/gateway.aspx?M=L&ID=48014,Professional Services Contract - Lincoln - Community Schools and Student Services Department,"Ratification by the Board of Education of a Professional Services Contract between the District and Lincoln, Oakland, CA, for the latter to provide  250 families, in particular the increased MAM-speaking families, by hiring a part-time Parent Partner, who speaks MAM and Spanish, with Parent Education, Health and Wellness, Literacy and Community Action Programs, on the joint New Highland and Rise Campuses, via the Community Schools and Student Services Department, for the period of August 12, 2019 through June 30, 2020, in an amount not to exceed $30,000.00.",Agreement or Contract,Chief Academic Officer,002590,v-002590,Full Service Community School,"Ratifies up to $30,000 for Lincoln to serve 250 families through a part-time Parent Partner","Lincoln will hire a part-time Parent Partner who speaks Mam and Spanish to serve 250 families, with parent education, health and wellness, literacy and community action programs, on the joint New Highland and Rise campuses. The contract runs from August 12, 2019 through June 30, 2020. The contract period began before this vote.","Student health, support & family services",,new_agreement,Lincoln,organization,,expense,not_to_exceed,30000,,,,,true,2019-08-12,2020-06-30,after_work_began,,,Adopted on the General Consent Report,2019-11-13,true,auto_ok,sonnet-agent,enrich.v5.md,true,
2019-11-13:19-2101,2019-11-13,2019-11-13,regular,P.-37,85,general,Chief Academic Officer,19-2101,https://ousd.legistar.com/gateway.aspx?M=L&ID=48015,"Professional Services Contract - La Clinica de La Raza, Inc - Community Schools and Student Services Department","Ratification by the Board of Education of a Professional Services Contract between the District and La Clinica de La Raza, Inc, Oakland, CA, for the latter to link Garfield Elementary students and families to health services and programming through its school-based health center located at Roosevelt Middle School, as described in the Scope of Work, incorporated herein by reference as though fully set forth, via Community Schools and Student Services Department, for the period of September 3, 2019 through June 30, 2020, in an amount not to exceed $10,000.00.",Agreement or Contract,Chief Academic Officer,002459,v-002459,Full Service Community Schools,"Ratifies up to $10,000 for La Clinica de La Raza to connect Garfield families to health services","La Clinica de La Raza will link Garfield Elementary students and families to health services and programs through its school-based health center at Roosevelt Middle School. The contract runs from September 3, 2019 through June 30, 2020. The contract period began before this vote.","Student health, support & family services",,new_agreement,"La Clinica de La Raza, Inc",organization,Garfield Elementary School; Roosevelt Middle School,expense,not_to_exceed,10000,,,,,true,2019-09-03,2020-06-30,after_work_began,,,Adopted on the General Consent Report,2019-11-13,true,auto_ok,sonnet-agent,enrich.v5.md,true,
2019-11-13:19-2102,2019-11-13,2019-11-13,regular,P.-38,86,general,Chief Academic Officer,19-2102,https://ousd.legistar.com/gateway.aspx?M=L&ID=48016,Professional Services Contract - Sonia Kreit-Spindt - Peralta Elementary School,"Ratification by the Board of Education of a Professional Services Contract between the District and Sonia Kreit-Spindt, Oakland, CA, for the latter to serve as Coordinator, Multi-Tiered System of Support (MTSS), the Coordination of Services Team (COST) and overseeing mental health interns, instructional aides, after school tutoring, community referrals, behavioral health referrals, and Student Success; partner with the principal to develop ongoing Tier I & II interventions based on student needs as they arise and to monitor the implementation of all 504 Plans at Peralta Elementary School, for the period of August 12, 2019 through May 28, 2020, in an amount not to exceed $30,000.00.",Agreement or Contract,Chief Academic Officer,002438,v-002438,General Purpose-unrestricted,"Ratifies up to $30,000 for a student support coordinator at Peralta Elementary","An individual contractor will coordinate student support services at Peralta Elementary School, including the Multi-Tiered System of Support, the Coordination of Services Team, mental health interns, instructional aides, after-school tutoring and referrals. The contractor will also monitor the school's 504 plans (legal plans for students with disabilities). The contract runs from August 12, 2019 through May 28, 2020. The contract period began before this vote.","Student health, support & family services",,new_agreement,Sonia Kreit-Spindt,individual,Peralta Elementary School,expense,not_to_exceed,30000,,,,,true,2019-08-12,2020-05-28,after_work_began,,,Adopted on the General Consent Report,2019-11-13,true,auto_ok,sonnet-agent,enrich.v5.md,true,
2019-11-13:19-2112,2019-11-13,2019-11-13,regular,P.-39,87,general,Chief Academic Officer,19-2112,https://ousd.legistar.com/gateway.aspx?M=L&ID=48026,Professional Services Contract - We Lead Ours - Community Schools and Student Services Department,"Ratification by the Board of Education of a Professional Services Contract between the District and We Lead Ours, Oakland, CA, for the latter to provide classroom and assembly anti-tobacco/marijuana presentations, train and lead peer educators to provide classroom and assembly anti-tobacco/marijuana presentations,  and Alcohol, Tobacco & Other Drugs (ATOD) awareness sessions for students violating District tobacco/drug free policies, cessation and strengths-based life skills and behavior coaching at 8 middle and high school sites in coordination with the site's Coordination of Services Team (COST) and administrative team and school site staff and related services, if any, as described in the Scope of Work,  via Community Schools and Student Services Department, for the period of August 12, 2019 through May 29, 2020, in an amount not to exceed $20,000.00.",Agreement or Contract,Chief Academic Officer,004574,v-004574,Tobacco-Use Prevention Education Prop 56,"Ratifies up to $20,000 for We Lead Ours anti-tobacco and drug education at 8 secondary schools","We Lead Ours will give classroom and assembly presentations on tobacco, marijuana, alcohol and other drugs, train peer educators, and run awareness sessions and coaching for students who violated district tobacco and drug policies. The work is at 8 middle and high school sites, from August 12, 2019 through May 29, 2020. The contract period began before this vote.","Student health, support & family services",,new_agreement,We Lead Ours,organization,,expense,not_to_exceed,20000,,,,,true,2019-08-12,2020-05-29,after_work_began,,,Adopted on the General Consent Report,2019-11-13,true,auto_ok,sonnet-agent,enrich.v5.md,true,
2019-11-13:19-2113,2019-11-13,2019-11-13,regular,P.-40,88,general,Chief Academic Officer,19-2113,https://ousd.legistar.com/gateway.aspx?M=L&ID=48027,Professional Services Contract - RO Health - Health Services Department,"Ratification by the Board of Education of a Professional Services Contract between the District and RO Health, Seattle, WA, for the latter, to provide health personnel under the supervision and direction of physician's orders, to provide specialized physical health care services as required; assess and administer student health care safely; administer frequent injections to students with diabetes, including carbohydrate counting, the calculation of proper insulin dosages, and insuring proper administration techniques through medical devices; frequent monitoring of blood glucose levels throughout the school day; perform specialized medical procedures for students with 504 plans (catheterization), via Health Services Department, for the period of August 12, 2019 through May 28, 2020, in an amount not to exceed $60,000.00.",Agreement or Contract,Chief Academic Officer,003636,v-003636,General Purpose-unrestricted,"Ratifies up to $60,000 for RO Health to provide school health personnel for students with medical needs","RO Health will provide health personnel, working under physician's orders, to give injections and monitor blood glucose for students with diabetes and to perform specialized procedures such as catheterization for students with 504 plans (legal plans for students with disabilities). The contract runs from August 12, 2019 through May 28, 2020. The contract period began before this vote.","Student health, support & family services",,new_agreement,RO Health,organization,,expense,not_to_exceed,60000,,,,,true,2019-08-12,2020-05-28,after_work_began,,,Adopted on the General Consent Report,2019-11-13,true,auto_ok,sonnet-agent,enrich.v5.md,true,
2019-11-13:19-2114,2019-11-13,2019-11-13,regular,P.-41,89,general,Chief Academic Officer,19-2114,https://ousd.legistar.com/gateway.aspx?M=L&ID=48028,Professional Services Contract - Oakland Public Education Fund - Community Day High School,"Ratification by the Board of Education of a Professional Services Contract between the District and Oakland Public Education Fund (“the Fund”), Oakland, CA, for the latter through its Media Enterprise Alliance, a fiscally sponsored project of the Fund, to provide a digital arts specialist 9 hours a week,  assisting teachers in implementing the Multimedia I class and related activities, as described in the Scope of Work, incorporated herein by reference as though fully set forth at Community Day [High] School, for the period of September 10, 2019 through May 15, 2020, in an amount not to exceed $20,800.00.",Agreement or Contract,Chief Academic Officer,003143,v-003143,Measure N,"Ratifies up to $20,800 for Oakland Public Education Fund's digital arts specialist at Community Day High","Oakland Public Education Fund, through its Media Enterprise Alliance project, will provide a digital arts specialist nine hours a week to help teachers with the Multimedia I class at Community Day High School. The contract runs from September 10, 2019 through May 15, 2020. The contract period began before this vote.",Classroom & academic programs,,new_agreement,Oakland Public Education Fund,organization,Community Day High School,expense,not_to_exceed,20800,,,,,true,2019-09-10,2020-05-15,after_work_began,,,Adopted on the General Consent Report,2019-11-13,true,auto_ok,sonnet-agent,enrich.v5.md,true,
2019-11-13:19-2115,2019-11-13,2019-11-13,regular,P.-42,90,general,Chief Academic Officer,19-2115,https://ousd.legistar.com/gateway.aspx?M=L&ID=48029,"Professional Services Contract - Attitudinal Healing Connection, Inc. - Ralph J. Bunche Academy","Ratification by the Board of Education of a Professional Services Contract between the District and Attitudinal Healing Connection (AHC), Inc., Oakland, CA, for the latter support the creation of a makerspace that includes carpentry, visual arts, design, and other maker materials, with programming over-site by AHC, with students being able to use artistic design and architectural skills learned through the process to design and create an outdoor space for scheduled events such as: farm to table community events, art showcases, urban environmental science, and culinary arts programming at Ralph J. Bunche Academy, for the period of October 1, 2019 through May 30, 2020, in an amount not to exceed $20,100.00.",Agreement or Contract,Chief Academic Officer,000532,v-000532,"Measure G, Parcel Tax","Ratifies up to $20,100 for Attitudinal Healing Connection to build a student makerspace at Bunche Academy","Attitudinal Healing Connection will support a makerspace with carpentry, visual arts and design materials at Ralph J. Bunche Academy. Students will use design and architecture skills to create an outdoor space for events and for environmental science and culinary arts programming. The contract runs from October 1, 2019 through May 30, 2020. The contract period began before this vote.",Classroom & academic programs,,new_agreement,"Attitudinal Healing Connection, Inc.",organization,Ralph J. Bunche Academy,expense,not_to_exceed,20100,,,,,true,2019-10-01,2020-05-30,after_work_began,,,Adopted on the General Consent Report,2019-11-13,true,auto_ok,sonnet-agent,enrich.v5.md,true,
2019-11-13:19-2116,2019-11-13,2019-11-13,regular,P.-43,91,general,Chief Academic Officer,19-2116,https://ousd.legistar.com/gateway.aspx?M=L&ID=48030,Professional Services Contract - Seneca Family of Agencies - Community Day High School,"Ratification by the Board of Education of a Professional Services Contract between the District and Seneca Family of Agencies, San Leandro, CA, for the latter to provide 250 hours of services to address high mental health needs of the student population for services include hours of therapy to students and their families; teacher consultation around students’ behavioral and mental health issues; implementation of a positive behavior modification system; and attendance at school staff meetings, student conferences, and collaborative team meetings at Community Day [High] School, for the period of August 19, 2019 through May 29, 2020, in an amount not to exceed $20,000.00.",Agreement or Contract,Chief Academic Officer,003865,v-003865,Unrest Supplemental Support,"Ratifies up to $20,000 for Seneca Family of Agencies mental health services at Community Day High","Seneca Family of Agencies will provide 250 hours of services, including therapy for students and families, teacher consultation, and a positive behavior system, at Community Day High School. The contract runs from August 19, 2019 through May 29, 2020. The contract period began before this vote.","Student health, support & family services",,new_agreement,Seneca Family of Agencies,organization,Community Day High School,expense,not_to_exceed,20000,,,,,true,2019-08-19,2020-05-29,after_work_began,,,Adopted on the General Consent Report,2019-11-13,true,auto_ok,sonnet-agent,enrich.v5.md,true,
2019-11-13:19-2128,2019-11-13,2019-11-13,regular,P.-44,92,general,Chief Academic Officer,19-2128,https://ousd.legistar.com/gateway.aspx?M=L&ID=48042,"Professional Services Contract - Faucette Micro Systems, Inc. - Health Services Unit - Community Schools and Student Services Department","Ratification by the Board of Education of a Professional Services Contract between the District and Faucette Micro Systems Inc., Fallon, NV, for the latter to provide ongoing maintenance for the we504 database for the Health Services Unit of the Community Schools and Student Services Department, for the period of August 12, 2019 through June 30, 2020, in an amount not to exceed $11,289.00.",Agreement or Contract,Chief Academic Officer,001659,v-001659,Unrestricted Funding,"Ratifies up to $11,289 for Faucette Micro Systems to maintain the we504 health database","Faucette Micro Systems will provide ongoing maintenance for the we504 database used by the district's Health Services Unit. The contract runs from August 12, 2019 through June 30, 2020. The contract period began before this vote.",Technology,,new_agreement,Faucette Micro Systems Inc.,organization,,expense,not_to_exceed,11289,,,,,true,2019-08-12,2020-06-30,after_work_began,,,Adopted on the General Consent Report,2019-11-13,true,auto_ok,sonnet-agent,enrich.v5.md,true,
2019-11-13:19-2131,2019-11-13,2019-11-13,regular,P.-45,93,general,Chief Academic Officer,19-2131,https://ousd.legistar.com/gateway.aspx?M=L&ID=48045,"Memorandum of Understanding - Alameda County Office of Education - Fashion, Art and Design Academy (FADA) - Oakland Techical High School","Approval by the Board of Education of a 2018-19 Memorandum of Understanding (MOU) between the District and the Alameda County Office of Education, Hayward, CA, for the latter to provide professional development, monthly meetings for staff planning and virtual coaching and/or planning for staff of Oakland Technical High School’s Fashion, Art, and Design Academy (FADA), for the period of August 1, 2018 through July 31, 2019, in an amount not to exceed $8,500.00.",Agreement or Contract,Chief Academic Officer,,v-000318,Measure N Funds`,"Approves up to $8,500 for Alameda County Office of Education to train staff at Oakland Tech's fashion academy","The Alameda County Office of Education will provide professional development, monthly staff planning meetings and virtual coaching for staff of the Fashion, Art, and Design Academy at Oakland Technical High School. This is a paid agreement, called a memorandum of understanding (MOU), for the 2018-19 school year, August 1, 2018 through July 31, 2019. The contract period ended before this vote.",Classroom & academic programs,,new_agreement,Alameda County Office of Education,organization,Oakland Technical High School,expense,not_to_exceed,8500,,,,,true,2018-08-01,2019-07-31,after_work_began,,,Adopted on the General Consent Report,2019-11-13,true,auto_ok,sonnet-agent,enrich.v5.md,true,
2019-11-13:19-2135,2019-11-13,2019-11-13,regular,P.-46,94,general,Chief Academic Officer,19-2135,https://ousd.legistar.com/gateway.aspx?M=L&ID=48049,Client Agreement - Apex Learning Digital Curriculum Solutions - High School Linked Learning Office,"Approval by the Board of Education of Client Agreement …  between the District and Apex Learning Digital Curriculum Solutions, Seattle, WA, for the latter to provide 1000 Single Enrollment Subscriptions to Comprehensive [On Line] Courses;  four 6-hour onsite sessions (no charge) [for a standards-based state approved program consisting of assessments and course certification to provide interventions for students in their efforts to become proficient in English Language Arts and Math and basic literacy skills], via the High School Linked Learning Office, for the period of August 26, 2019 through August 25, 2020, in an amount not to exceed $70,000.00.",Agreement or Contract,Chief Academic Officer,,n-apex-learning-digital-curriculum-solutions,CTE Incentive Grant,"Approves up to $70,000 for 1,000 Apex Learning online course subscriptions for high school students","Apex Learning will provide 1,000 single-enrollment subscriptions to online courses, plus four 6-hour onsite sessions at no charge. The state-approved program offers assessments and courses to help students become proficient in English language arts, math and basic literacy. It runs from August 26, 2019 through August 25, 2020. The contract period began before this vote.",Classroom & academic programs,,new_agreement,Apex Learning Digital Curriculum Solutions,organization,,expense,not_to_exceed,70000,,,,,true,2019-08-26,2020-08-25,after_work_began,,,Adopted on the General Consent Report,2019-11-13,true,auto_ok,sonnet-agent,enrich.v5.md,true,
2019-11-13:19-2137,2019-11-13,2019-11-13,regular,P.-47,95,general,Chief Academic Officer,19-2137,https://ousd.legistar.com/gateway.aspx?M=L&ID=48051,Professional Services Contract - East Bay Asian Youth Center - Edna Brewer Middle School,"Approval by the Board of Education of a Professional Services Contract between the District and East Bay Asian Youth Center, Oakland, CA, for the latter to provide mentors to facilitate lunch time activities that offer students more access to arts, music and sports activities, as described in the Scope of Work, incorporated herein by reference as though fully set at Edna Brewer Middle School, for the period of August 12, 2019 through May 29, 2020, in an amount not to exceed $12,000.00.",Agreement or Contract,Chief Academic Officer,001474,v-001474,Measure G1 Parcel Tx,"Approves up to $12,000 for East Bay Asian Youth Center mentors to run lunchtime activities at Edna Brewer","East Bay Asian Youth Center will provide mentors who lead lunchtime arts, music and sports activities for students at Edna Brewer Middle School. The contract runs from August 12, 2019 through May 29, 2020. The contract period began before this vote.",Classroom & academic programs,,new_agreement,East Bay Asian Youth Center,organization,Edna Brewer Middle School,expense,not_to_exceed,12000,,,,,true,2019-08-12,2020-05-29,after_work_began,,,Adopted on the General Consent Report,2019-11-13,true,auto_ok,sonnet-agent,enrich.v5.md,true,
2019-11-13:19-2138,2019-11-13,2019-11-13,regular,P.-48,96,general,Chief Academic Officer,19-2138,https://ousd.legistar.com/gateway.aspx?M=L&ID=48052,Professional Services Contract - Oakland Public Education Fund - Urban Promise Academy,"Ratification by the Board of Education of a Professional Services Contract between the District and Oakland Public Education Fund, Oakland, CA, for the latter to partner with the Urban Promise Academy Main Office and Family Resource Center for student, family, and community outreach support in order to reach the community goals; support with communicating to families about school events, and important community information, as well as general support with students and families; support recruitment of families and volunteer communities, and lead various workshops at Urban Promise Academy, for the period of July 29, 2019 through June 3, 2020, in an amount not to exceed $27,000.00.",Agreement or Contract,Chief Academic Officer,003143,v-003143,General Purpose-unrestricted,"Ratifies up to $27,000 for Oakland Public Education Fund outreach to families at Urban Promise Academy","Oakland Public Education Fund will work with the school's main office and Family Resource Center to reach and communicate with students, families and the community, support family and volunteer recruitment, and lead workshops at Urban Promise Academy. The contract runs from July 29, 2019 through June 3, 2020. The contract period began before this vote.","Student health, support & family services",,new_agreement,Oakland Public Education Fund,organization,Urban Promise Academy,expense,not_to_exceed,27000,,,,,true,2019-07-29,2020-06-03,after_work_began,,,Adopted on the General Consent Report,2019-11-13,true,auto_ok,sonnet-agent,enrich.v5.md,true,
2019-11-13:19-2139,2019-11-13,2019-11-13,regular,P.-49,97,general,Chief Academic Officer,19-2139,https://ousd.legistar.com/gateway.aspx?M=L&ID=48053,Professional Services Contract - SPAAT - Fremont High School,"Ratification by the Board of Education of a Professional Services Contract between the District and SPAAT, Oakland, CA, for the latter to provide programs that address the academic needs of at-risk students through tutoring, homework assistance, and preparation for the college admissions, persistence and career transition through the College and Career Performance initiative at Fremont High School, for the period of October 1, 2019 through May 29, 2020, in an amount not to exceed $10,000.00.",Agreement or Contract,Chief Academic Officer,004011,v-004011,ESSA: Comp Support & Improvmt,"Ratifies up to $10,000 for SPAAT tutoring and college prep for at-risk students at Fremont High","SPAAT will provide tutoring, homework help and preparation for college admission and career transitions for at-risk students at Fremont High School, through the College and Career Performance initiative. The contract runs from October 1, 2019 through May 29, 2020. The contract period began before this vote.",Classroom & academic programs,,new_agreement,SPAAT,organization,Fremont High School,expense,not_to_exceed,10000,,,,,true,2019-10-01,2020-05-29,after_work_began,,,Adopted on the General Consent Report,2019-11-13,true,auto_ok,sonnet-agent,enrich.v5.md,true,
2019-11-13:19-2140,2019-11-13,2019-11-13,regular,P.-50,98,general,Chief Academic Officer,19-2140,https://ousd.legistar.com/gateway.aspx?M=L&ID=48054,Professional Services Contract - Carter-Kelly Consulting/Lifepoint - Oakland Technical High School,"Ratification by the Board of Education of a Professional Services Contract between the District and Carter-Kelly Consulting/Lifepoint, Oakland, CA, to provide consulting services to ethnically diverse emotionally, disturbed students at Oakland Technical High, for the period of August 1, 2019 through May 31, 2020, in an amount not to exceed $60,200.00.",Agreement or Contract,Chief Academic Officer,000972,v-000972,Iasa-i Basic Grants Low Income,"Ratifies up to $60,200 for Carter-Kelly Consulting to support students at Oakland Technical High","Carter-Kelly Consulting/Lifepoint will provide consulting services to ethnically diverse students described in the text as emotionally disturbed at Oakland Technical High School. The contract runs from August 1, 2019 through May 31, 2020. The contract period began before this vote.","Student health, support & family services",,new_agreement,Carter-Kelly Consulting/Lifepoint,organization,Oakland Technical High School,expense,not_to_exceed,60200,,,,,true,2019-08-01,2020-05-31,after_work_began,,,Adopted on the General Consent Report,2019-11-13,true,auto_ok,sonnet-agent,enrich.v5.md,true,
2019-11-13:19-2141,2019-11-13,2019-11-13,regular,P.-51,99,general,Chief Academic Officer,19-2141,https://ousd.legistar.com/gateway.aspx?M=L&ID=48055,Professional Services Contract - School Specialty Children's Publishing - Special Education Department,"Approval by the Board of Education of a Professional Services Contract between the District and School Specialty Children's Publishing, Greenville, WI, for the latter to provide multi-day professional development sessions which focus on dyslexia and review profiles of dyslexia-like students; review baseline assessments and provide training on progress monitoring for students with dyslexia and provide explicit examples of multi-sensory methodologies, as described in the Scope of Work, for the Special Education Department, for the period of October 1, 2019 through August 31, 2020, in an amount not to exceed $132,000.00.",Agreement or Contract,Chief Academic Officer,003826,v-003826,Title IIa Teacher Quality,"Approves up to $132,000 for School Specialty to train staff on teaching students with dyslexia","School Specialty Children's Publishing will provide multi-day professional development for the Special Education Department. Sessions cover dyslexia profiles, reviewing baseline assessments, tracking student progress and multi-sensory teaching methods. The contract runs from October 1, 2019 through August 31, 2020. The contract period began before this vote.",Special education,Programs & support,new_agreement,School Specialty Children's Publishing,organization,,expense,not_to_exceed,132000,,,,,true,2019-10-01,2020-08-31,after_work_began,,,Adopted on the General Consent Report,2019-11-13,true,auto_ok,sonnet-agent,enrich.v5.md,true,
2019-11-13:19-2142,2019-11-13,2019-11-13,regular,P.-52,100,general,Chief Academic Officer,19-2142,https://ousd.legistar.com/gateway.aspx?M=L&ID=48056,Professional Services Contract - Street Academy Foundation - Linked Learning Department,"Approval by the Board of Education of a Professional Services Contract between the District and Street Academy Foundation, Oakland, CA, for the latter to provide curriculum materials for use in the teaching of an integrated PBL unit in an Education pathway; work on curriculum materials for a solution-oriented research paper and action project, via Linked Learning Department, for the period of October 7, 2019 through June 30, 2020, in an amount not to exceed $12,000.00.",Agreement or Contract,Chief Academic Officer,004105,v-004105,CTE Incentive Grant and Learning Policy Grant,"Approves up to $12,000 for Street Academy Foundation to develop curriculum for an education career pathway","Street Academy Foundation will provide curriculum materials for a project-based unit in an Education pathway and work on materials for a research paper and action project, through the Linked Learning Department. The contract runs from October 7, 2019 through June 30, 2020. The contract period began before this vote.",Classroom & academic programs,,new_agreement,Street Academy Foundation,organization,,expense,not_to_exceed,12000,,,,,true,2019-10-07,2020-06-30,after_work_began,,,Adopted on the General Consent Report,2019-11-13,true,auto_ok,sonnet-agent,enrich.v5.md,true,
2019-11-13:19-2144,2019-11-13,2019-11-13,regular,P.-53,101,general,Chief Academic Officer,19-2144,https://ousd.legistar.com/gateway.aspx?M=L&ID=48058,Professional Services Contract - Museum of Children's Arts - Horace Mann Elementary School,"Ratification by the Board of Education of a Professional Services Contract between the District and Museum of Children's Arts, Oakland, CA, for the latter to provide a teaching artist who will teach in a total of 11 classrooms, seven (7) art lessons per each classroom, for a total of: 77 art lessons, as described in the Scope of Work, incorporated herein by reference as though fully set forth, at Horace Mann Elementary School, for the period of October 15, 2019 through May 28, 2020, in an amount not to exceed $5,016.00.",Agreement or Contract,Chief Academic Officer,002963,v-002963,ESSA: Comp Support & Improvmt,"Ratifies up to $5,016 for Museum of Children's Arts art lessons at Horace Mann Elementary","Museum of Children's Arts will provide a teaching artist who will teach seven art lessons in each of 11 classrooms, 77 lessons in all, at Horace Mann Elementary School. The contract runs from October 15, 2019 through May 28, 2020. The contract period began before this vote.",Classroom & academic programs,,new_agreement,Museum of Children's Arts,organization,Horace Mann Elementary School,expense,not_to_exceed,5016,,,,,true,2019-10-15,2020-05-28,after_work_began,,,Adopted on the General Consent Report,2019-11-13,true,auto_ok,sonnet-agent,enrich.v5.md,true,
2019-11-13:19-2145,2019-11-13,2019-11-13,regular,P.-54,102,general,Chief Academic Officer,19-2145,https://ousd.legistar.com/gateway.aspx?M=L&ID=48059,Professional Services Contract - Museum of Children's Arts - East Oakland Pride Elementary School,"Ratification by the Board of Education of a Professional Services Contract between the District and Museum of Children's Arts, Oakland, CA, for the latter to provide a MOCHA teaching artist who will teach a total of 15 classrooms, 18 art lessons each, as described in the Scope of Work, incorporated herein by reference as though fully set forth at East Oakland Pride Elementary School, for the period of August 12, 2019 through May 28, 2020, in an amount not to exceed $23,400.00.",Agreement or Contract,Chief Academic Officer,002963,v-002963,Measure G Parcel Tax,"Ratifies up to $23,400 for Museum of Children's Arts lessons at East Oakland Pride Elementary","Museum of Children's Arts will provide a teaching artist who will teach 18 art lessons in each of 15 classrooms at East Oakland Pride Elementary School. The contract runs from August 12, 2019 through May 28, 2020. The contract period began before this vote.",Classroom & academic programs,,new_agreement,Museum of Children's Arts,organization,East Oakland Pride Elementary School,expense,not_to_exceed,23400,,,,,true,2019-08-12,2020-05-28,after_work_began,,,Adopted on the General Consent Report,2019-11-13,true,auto_ok,sonnet-agent,enrich.v5.md,true,
2019-11-13:19-2156,2019-11-13,2019-11-13,regular,P.-55,103,general,Chief Academic Officer,19-2156,https://ousd.legistar.com/gateway.aspx?M=L&ID=48070,Professional Services Contract - Flourish Agenda - Community Schools and Student Services Department,"Ratification by the Board of Education of a Professional Services Contract between the District and Flourish Agenda, Oakland, CA, for the latter to plan and facilitate a process to engage district leaders and partners in designing a leadership development framework and recommendations for implementation, as described in the Scope of Work, via Community Schools and Student Services Department, for the period of September 30, 2019 through November 29, 2019, in an amount not to exceed $12,450.00.",Agreement or Contract,Chief Academic Officer,006267,v-006267,Kaiser Health&wellness W/ebcf,"Ratifies up to $12,450 for Flourish Agenda to guide a district leadership development plan","Flourish Agenda will plan and run a process that brings district leaders and partners together to design a leadership development framework and recommendations for putting it into practice. The contract runs from September 30, 2019 through November 29, 2019. The contract period began before this vote.",Staff & hiring,,new_agreement,Flourish Agenda,organization,,expense,not_to_exceed,12450,,,,,true,2019-09-30,2019-11-29,after_work_began,,,Adopted on the General Consent Report,2019-11-13,true,auto_ok,sonnet-agent,enrich.v5.md,true,
2019-11-13:19-2171,2019-11-13,2019-11-13,regular,P.-56,104,general,Chief Academic Officer,19-2171,https://ousd.legistar.com/gateway.aspx?M=L&ID=48085,Professional Services Contract - Joined Path Consulting - Community Schools and Student Services Department,"Ratification by the Board of Education of a Professional Services Contract between the District and Joined Path Consulting, Vineyard Haven, MA, for the latter to provide one full day professional development for new 6th grade teachers to assist in the delivery of 6th grade puberty health education;  one full day professional development for new 7th grade teachers to assist in the delivery of 7th grade sexual health education and one full day and two evening professional development sessions for new 9th grade teachers to assist in the delivery of 9th grade sexual health education, Healthy Oakland Teens, via Community Schools and Student Services Department, for the period of October 21, 2019 through May 29, 2020, in an amount not to exceed $15,000.00.",Agreement or Contract,Chief Academic Officer,003649,v-003649,Healthy Oakland Teens,"Ratifies up to $15,000 for Joined Path Consulting to train teachers in puberty and sexual health education","Joined Path Consulting will lead one-day training for new 6th grade, 7th grade and 9th grade teachers on teaching puberty and sexual health education, plus two evening sessions for 9th grade teachers. The contract runs from October 21, 2019 through May 29, 2020. The contract period began before this vote.",Classroom & academic programs,,new_agreement,Joined Path Consulting,organization,,expense,not_to_exceed,15000,,,,,true,2019-10-21,2020-05-29,after_work_began,,,Adopted on the General Consent Report,2019-11-13,true,auto_ok,sonnet-agent,enrich.v5.md,true,
2019-11-13:19-2172,2019-11-13,2019-11-13,regular,P.-57,105,general,Chief Academic Officer,19-2172,https://ousd.legistar.com/gateway.aspx?M=L&ID=48086,Professional Services Contract - Jewish Family & Community Services - Community Schools and Student Services Department,"Ratification by the Board of Education of a Professional Services Contract between the District and Jewish Family & Community Services, Berkeley, CA, for the latter to provide a bilingual early childhood developmental specialist to support families/ caregivers and parent teacher leaders of the Central Family Resource Center 0-5 playgroup, via Community Schools and Student Services Department, for the period of September 20, 2019 through December 30, 2019, in an amount not to exceed $5,330.00.",Agreement or Contract,Chief Academic Officer,004804,v-004804,"""First 5"" Alameda County","Ratifies up to $5,330 for Jewish Family & Community Services early childhood specialist at a family center","Jewish Family & Community Services will provide a bilingual early childhood developmental specialist to support families, caregivers and parent leaders in the Central Family Resource Center playgroup for children ages zero to five. The contract runs from September 20, 2019 through December 30, 2019. The contract period began before this vote.","Student health, support & family services",,new_agreement,Jewish Family & Community Services,organization,,expense,not_to_exceed,5330,,,,,true,2019-09-20,2019-12-30,after_work_began,,,Adopted on the General Consent Report,2019-11-13,true,auto_ok,sonnet-agent,enrich.v5.md,true,
2019-11-13:19-2174,2019-11-13,2019-11-13,regular,P.-58,106,general,Chief Academic Officer,19-2174,https://ousd.legistar.com/gateway.aspx?M=L&ID=48088,High School Equivalency Agreement - Educational Testing Service - Adult and Career Education Department,"Approval by the Board of Education of a High School Equivalency Test (HiSET) Agreement between the Education Testing Service, Princeton, New Jersey, and the District, via its Adult and Career Education Department, for the provision of high school equivalency and testing services, for the period of July 1, 2019 through June 30, 2020, renewable each year to coincide with the term of ETS’s HiSET Agreement with the State per its options for renewal terms, at no cost to the District.",Agreement or Contract,Chief Academic Officer,,n-educational-testing-service,No Fiscal Impact,Approves a no-cost agreement with Educational Testing Service for high school equivalency testing,"Educational Testing Service will provide high school equivalency (HiSET) testing services through the district's Adult and Career Education Department at no cost to the district. It runs from July 1, 2019 through June 30, 2020 and renews each year along with ETS's agreement with the state. The contract period began before this vote.",Classroom & academic programs,,new_agreement,Educational Testing Service,organization,,no_cost,,,,,,,true,2019-07-01,2020-06-30,after_work_began,,,Adopted on the General Consent Report,2019-11-13,true,auto_ok,sonnet-agent,enrich.v5.md,true,
2019-11-13:19-2175,2019-11-13,2019-11-13,regular,P.-59,107,general,Chief Academic Officer,19-2175,https://ousd.legistar.com/gateway.aspx?M=L&ID=48089,Professional Services Contract - Shelvie Mabrey - Community Schools and Student Services Department,"Ratification by the Board of Education of a Professional Services Contract between the District and Shelvie Mabrey, Oakland, CA, for the latter to provide check-ins/push in with a caseload of approximately 25 students over contact period with each student having a week of evaluation and goal setting and related services, as described in the Scope of Work, incorporated herein by reference as though fully set forth, via Community Schools and Student Services Department, for the period of August 26, 2019 through May 29, 2020, in an amount not to exceed $13,500.00.",Agreement or Contract,Chief Academic Officer,005591,v-005591,Salesforce.org,"Ratifies up to $13,500 for an individual contractor to check in with about 25 students","An individual contractor will provide check-ins and in-class support for a caseload of about 25 students, with a week of evaluation and goal setting for each student, through the Community Schools and Student Services Department. The contract runs from August 26, 2019 through May 29, 2020. The contract period began before this vote.","Student health, support & family services",,new_agreement,Shelvie Mabrey,individual,,expense,not_to_exceed,13500,,,,,true,2019-08-26,2020-05-29,after_work_began,,,Adopted on the General Consent Report,2019-11-13,true,auto_ok,sonnet-agent,enrich.v5.md,true,
2019-11-13:19-2181,2019-11-13,2019-11-13,regular,P.-60,108,general,Chief Academic Officer,19-2181,https://ousd.legistar.com/gateway.aspx?M=L&ID=48095,Professional Services Contract - Wright Institute - Urban Promise Academy,"Ratification by the Board of Education of a Professional Services Contract between the District and Wright Institute, Berkeley, CA, for the latter to provide a team of graduate student clinicians and 1 site supervisor to provide clinical mental health services to the certain high needs students, including  individual counseling of students, group work with students, teacher and staff consultations, and other psychological services as are agreed by the Parties, at Urban Promise Academy, for the period of July 1, 2019 through June 30, 2020, in an amount not to exceed $8,000.00.",Agreement or Contract,Chief Academic Officer,004694,v-004694,Unrestricted Supplemental Support and General Purpose-unrestricted,"Ratifies up to $8,000 for Wright Institute clinicians to provide mental health care at Urban Promise","Wright Institute will provide a team of graduate student clinicians and one site supervisor for individual and group counseling, teacher and staff consultation, and other psychological services for high-needs students at Urban Promise Academy. The contract runs from July 1, 2019 through June 30, 2020. The contract period began before this vote.","Student health, support & family services",,new_agreement,Wright Institute,organization,Urban Promise Academy,expense,not_to_exceed,8000,,,,,true,2019-07-01,2020-06-30,after_work_began,,,Adopted on the General Consent Report,2019-11-13,true,auto_ok,sonnet-agent,enrich.v5.md,true,
2019-11-13:19-2202,2019-11-13,2019-11-13,regular,P.-61,109,general,Chief Academic Officer,19-2202,https://ousd.legistar.com/gateway.aspx?M=L&ID=48116,Professional Services Contract - Niroga Institute - Middle School Network,"Ratification by the Board of Education of a Professional Services Contract between the District and Niroga Institute, Oakland, CA, for the latter to provide a Dynamic Mindfulness Coach (DMC) for one day per week for the whole school year at five middle schools - Claremont, Montera, West Oakland Middle, Edna Brewer, and Westlake Schools -  providing services customized to the needs of the school, through its DMind Program, as described in the Scope of Work, incorporated herein by reference as though fully set forth, via Middle School Network, for the period of October 14, 2019 through June 30, 2020, in an amount not to exceed $65,000.00.",Agreement or Contract,Chief Academic Officer,003088,v-003088,Salesforce.org,"Pays Niroga Institute up to $65,000 for weekly mindfulness coaching at five middle schools","Niroga Institute, an Oakland nonprofit-style provider, will place a mindfulness coach at five middle schools one day a week for the rest of the 2019-20 school year. The coach uses the Dynamic Mindfulness program, customized to each school's needs. The contract started October 14, 2019, before the Board's ratification vote, and the cost is capped at $65,000.","Student health, support & family services",,new_agreement,Niroga Institute,organization,Claremont; Montera; West Oakland Middle; Edna Brewer; Westlake,expense,not_to_exceed,65000,,,,,true,2019-10-14,2020-06-30,after_work_began,,,Adopted on the General Consent Report,2019-11-13,true,auto_ok,sonnet-agent,enrich.v5.md,true,
2019-11-13:19-2204,2019-11-13,2019-11-13,regular,P.-62,110,general,Chief Academic Officer,19-2204,https://ousd.legistar.com/gateway.aspx?M=L&ID=48118,Professional Services Contract - Precita Eyes - Oakland High School,"Ratification by the Board of Education of a Professional Services Contract between the District and Precita Eyes, San Francisco, CA, for the latter to collaborate with students to conduct a community-oriented design process that will result in a mural that will grace the school's sidewalk retainer wall on Park Blvd, as described in the Scope of Work, incorporated herein by reference as though fully set forth at Oakland High School, for the period of August 12, 2019 through May 29, 2020, in an amount not to exceed $5,000.00.",Agreement or Contract,Chief Academic Officer,005753,v-005753,Partnership Academy Program,"Pays Precita Eyes up to $5,000 to lead students in designing a mural at Oakland High","Precita Eyes, a San Francisco organization, will work with Oakland High School students on a community-focused design process. The result will be a mural on the school's sidewalk retaining wall on Park Boulevard. The contract runs August 12, 2019 to May 29, 2020 and is capped at $5,000; the Board is ratifying work already under way.",Classroom & academic programs,,new_agreement,Precita Eyes,organization,Oakland High School,expense,not_to_exceed,5000,,,,,true,2019-08-12,2020-05-29,after_work_began,,,Adopted on the General Consent Report,2019-11-13,true,auto_ok,sonnet-agent,enrich.v5.md,true,
2019-11-13:19-1842,2019-11-13,2019-11-13,regular,P.-63,111,general,Chief Academic Officer,19-1842,https://ousd.legistar.com/gateway.aspx?M=L&ID=47758,Grant Award - NoVo Foundation - Social and Emotional Learning Department,"Approval by the Board of Education of Grant Agreement (“Letter) between NoVo Foundation and the District, with the latter accepting $450,000.00 Grant, from the former for “Advancing Social and Emotional Learning in Oakland Schools: Network by Network” (the Proposal), awarded pursuant to the teams and conditions thereof, for the period August 1, 2019 through August 1, 2022.",Application,Chief Academic Officer,,n-novo-foundation,NoVo Foundation,"Accepts a $450,000 NoVo Foundation grant to advance social and emotional learning in Oakland schools","The district is accepting a $450,000 grant from the NoVo Foundation for a project called ""Advancing Social and Emotional Learning in Oakland Schools: Network by Network."" The grant period runs from August 1, 2019 through August 1, 2022. The money comes into the district rather than being spent from its budget.","Student health, support & family services",,grant_or_funding_in,NoVo Foundation,organization,,revenue,fixed,450000,,,,,true,2019-08-01,2022-08-01,after_work_began; multi_year,,,Adopted on the General Consent Report,2019-11-13,true,auto_ok,sonnet-agent,enrich.v5.md,true,
2019-11-13:19-2130,2019-11-13,2019-11-13,regular,P.-64,112,general,Chief Academic Officer,19-2130,https://ousd.legistar.com/gateway.aspx?M=L&ID=48044,Grant Award - California Department of Education - Youth Engagement to Address Tobacco Related Health Disparities Grant - Tobacco Use Prevention Education (TUPE) Program - Community Schools and Student Services Department,"Acceptance by the Board of Education of a California Youth Engagement to Address Tobacco Related Health Disparities Grant Award from the California Department of Education, (CDE Grant No. 19-25444-61259-00) for the Tobacco Use Prevention Program (TUPE), in the amount of $250,00.00, for the period of July 1, 2018 through June 30, 2020, pursuant to the terms and conditions thereof.",Application,Chief Academic Officer,,n-california-department-of-education,Youth Engagement to Address Tobacco Related Health Disparities Grant,Accepts a California Department of Education tobacco-prevention youth engagement grant,"The district accepts a Youth Engagement to Address Tobacco Related Health Disparities grant of $250,000 from the California Department of Education for its Tobacco Use Prevention Education program, serving 11 middle and high school sites. The attached grant award covers July 1, 2019 through June 30, 2020. The agenda text misprints the amount as ""$250,00.00"" and gives a 2018 start date.","Student health, support & family services",,grant_or_funding_in,California Department of Education,organization,,revenue,fixed,250000,,,,,false,2019-07-01,2020-06-30,after_work_began; source_issue; multi_year,"The grant amount is printed as ""$250,00.00"" and the period as starting July 1, 2018; the attached grant award shows $250,000.00 for July 1, 2019 through June 30, 2020.",,Adopted on the General Consent Report,2019-11-13,true,human_reviewed,sonnet-agent,enrich.v5.md,true,
2019-11-13:19-2385,2019-11-13,2019-11-13,regular,P.-65,113,general,Chief Academic Officer,19-2385,https://ousd.legistar.com/gateway.aspx?M=L&ID=48295,"Student Travel - Portland, Oregon - Oakland High School","Approval by the Board of Education of Resolution No. 1920-0172 - Authorization for Approval of Student Travel by school site Oakland High School to Cleveland High School, Portland, Oregon, for sixteen (16) 9th through 12th grade boys basketball student athletes and four (4) adults, as specified in Out of State Field Trip/Excursion Request, attached, for the period of December 4, 2019 through December 8, 2019, to play two basketball games and to attend a Portland Trailblazers NBA game, at no cost to the District.",Resolution,Board of Education,,,No fiscal impact,"Approves Oakland High boys basketball trip to Portland, Oregon at no cost to the district","The Board is approving out-of-state travel for sixteen Oakland High School boys basketball players in grades 9 through 12 and four adults. The group will travel to Cleveland High School in Portland, Oregon from December 4 to December 8, 2019 to play two basketball games and attend a Portland Trail Blazers game. The trip costs the district nothing.",Classroom & academic programs,,resolution_or_policy,,,Oakland High School; Cleveland High School,no_cost,,,,,,,true,2019-12-04,2019-12-08,,,,Adopted on the General Consent Report,2019-11-13,true,auto_ok,sonnet-agent,enrich.v5.md,true,
2019-11-13:19-2134,2019-11-13,2019-11-13,regular,P.-66,115,general,Chief of Staff,19-2134,https://ousd.legistar.com/gateway.aspx?M=L&ID=48048,Professional Services Contract - Tommy Chang - Office of the Chief of Staff,"Ratification by the Board of Education of a Professional Services Contract between the District and Tommy Chang, Villa Park, CA, for the latter provide support for strategic planning by: 1) Reviewing various plans and artifacts; 2) Refining metrics and communication strategies to drive work in District and the community; 3) Publish an updated Strategic Plan by the end of SY 2019-20; 4) Support Deputy Chief of Communications with the development of Communications Plan for 2019-20 that includes key theme messages for the year. (Begin with LCAP metrics- e.g., improving on disproportionality, central kitchen project, grad rates, attendance, etc.); and 5) Provide direct support to Superintendent and senior leadership (to include Chief Academic Officer, Chief Systems & Services Officer, Deputy Chief Talent, Chief of Staff and Superintendent), by providing delineated tasks, described in the Scope of Work, incorporated herein by reference as though fully set forth, via Office of the Chief of Staff, for the period of November 1, 2019 through June 30, 2020, in an amount not to exceed $78,000.00.",Agreement or Contract,Superintendent,006249,v-006249,Kaiser,"Pays a consultant up to $78,000 to support district strategic planning through June 2020","A consultant based in Villa Park, CA will review district plans, refine metrics, publish an updated Strategic Plan by the end of the 2019-20 school year, and help draft the communications plan. The consultant will also provide direct support to the Superintendent and senior leadership. The contract runs November 1, 2019 to June 30, 2020 and is capped at $78,000.",Governance & board business,,new_agreement,Tommy Chang,individual,,expense,not_to_exceed,78000,,,,,true,2019-11-01,2020-06-30,after_work_began,,,Adopted on the General Consent Report,2019-11-13,true,auto_ok,sonnet-agent,enrich.v5.md,true,
2019-11-13:19-2173,2019-11-13,2019-11-13,regular,P.-67,117,general,Superintendent of Schools,19-2173,https://ousd.legistar.com/gateway.aspx?M=L&ID=48087,Proposition 39 Facility Use Agreement - Urban Montessori Charter School - [Sherman Elementary School (In Part)] - 2019-2020 School Year,"Approval by the Board of Education of the Proposition 39 Facilities Use Agreement between the District and Urban Montessori, a Charter School, for use of classrooms at Sherman Campus, 5328 Brann Street, Oakland, CA 94619, for the 2019-20 School Year serving Grades TK to 3, one year only, with annual revenue to the District of $77,352.66.",Agreement or Contract,Superintendent,,n-urban-montessori-charter-school,,"Leases Sherman campus classrooms to Urban Montessori Charter for $77,352.66 in 2019-20","Under Proposition 39, the state law on charter school facilities, the district will let Urban Montessori, a charter school, use classrooms at the Sherman campus on Brann Street for the 2019-20 school year. The charter serves grades TK to 3, and the agreement covers one year only. The district will receive $77,352.66.",Governance & board business,,new_agreement,Urban Montessori Charter School,organization,Sherman Campus,revenue,per_year,77352.66,,,,,true,2019-07-01,2020-06-30,after_work_began; yearly_cap,,,Adopted on the General Consent Report,2019-11-13,true,auto_ok,sonnet-agent,enrich.v5.md,true,
