item_id,meeting_key,meeting_date,meeting_kind,agenda_number,agenda_sequence,consent_section,group,file_number,legistar_url,title,official_text,matter_type,presenter,vendor_number,vendor_key,funding_source,headline,summary,category,subcategory,action_type,vendor_name,vendor_kind,schools,money_direction,amount_type,amount,amount_range_low,amount_range_high,prior_total,new_total,amount_verified,term_start,term_end,flags,source_issue,pulled_from_consent,outcome_action,outcome_date,adopted,review_status,model_id,prompt_version,counts_toward_totals,duplicate_of
2020-08-26:20-1457,2020-08-26,2020-08-26,regular,P.-1,41,general,Chief Business Officer,20-1457,https://ousd.legistar.com/gateway.aspx?M=L&ID=50044,Consolidated Application and Reporting System (CARS) - Application for Funding - Fiscal Year 2020-2021 - Chief Business Officer,"Approval by the Board of Education of the Consolidated Application and Reporting System (CARS) 2020-2021 Application for Funding and authorizing the Superintendent of Schools, or designee, to submit said Application to the California Department of Education (CDE).",Application,Chief Financial Officer,,n-california-department-of-education,California Department of Education (CDE),Approves the district's 2020-21 state funding application (CARS) to the California Department of Education,"The Board approves the district's 2020-2021 Consolidated Application and Reporting System (CARS) application for state funding. It also authorizes the Superintendent, or a designee, to submit it to the California Department of Education. The text does not state a dollar amount.","Budget, finance & payments",,grant_or_funding_in,California Department of Education,organization,,revenue,,,,,,,true,2020-07-01,2021-06-30,grant_application; after_work_began,,,Adopted on the General Consent Report,2020-08-26,true,auto_ok,sonnet-agent,enrich.v5.md,true,
2020-08-26:20-1544,2020-08-26,2020-08-26,regular,P.-2,43,general,"Deputy Chief, Talent",20-1544,https://ousd.legistar.com/gateway.aspx?M=L&ID=50131,Personnel Report No. 2021-0002 - Talent/Human Resources Department,Approval by the Board of Education of Personnel Report No. 2021-0002.,Personnel Report,"Deputy Chief, Talent",,,,Approves Personnel Report No. 2021-0002 from the Talent/Human Resources Department,The Board approves a routine personnel report from the district's human resources department. The official text does not list the individual hiring or staffing actions or any dollar amounts.,Staff & hiring,,personnel,,,,no_cost,,,,,,,true,,,,,,Adopted on the General Consent Report,2020-08-26,true,auto_ok,sonnet-agent,enrich.v5.md,true,
2020-08-26:20-1486,2020-08-26,2020-08-26,regular,P.-3,44,general,"Deputy Chief, Talent",20-1486,https://ousd.legistar.com/gateway.aspx?M=L&ID=50073,Memorandum of Understanding and Education Services Agreement – Oakland Unified School District and Alder Graduate School of Education - Branch Partner/Cohort Teacher Residency Program,"Approval by the Board of Education of a Memorandum of Understanding and Education Services Agreement between District and Alder Graduate School of Education, Redwood City, CA, for a Branch Partner/Combined Cohort Program regarding the Oakland Teacher Residency Program, as described and incorporated herein by reference as though fully set forth, for the term July 1, 2020 through June 30, 2023, at no cost to the District.",Agreement or Contract,"Deputy Chief, Talent",,n-alder-graduate-school-of-education,,Partners with Alder Graduate School of Education on the Oakland teacher residency program at no cost,"The district and Alder Graduate School of Education would work together on the Oakland Teacher Residency Program through a memorandum of understanding (MOU) and education services agreement. The agreement runs from July 1, 2020 through June 30, 2023 and costs the district nothing.",Staff & hiring,,mou_or_data_sharing,Alder Graduate School of Education,organization,,no_cost,,,,,,,true,2020-07-01,2023-06-30,after_work_began; multi_year,,,Adopted on the General Consent Report,2020-08-26,true,auto_ok,sonnet-agent,enrich.v5.md,true,
2020-08-26:20-1533,2020-08-26,2020-08-26,regular,P.-4,45,general,"Deputy Chief, Talent",20-1533,https://ousd.legistar.com/gateway.aspx?M=L&ID=50120,District Salary Schedules - Custodians - Talent/Human Resources Department,"Adoption by the Board of Education of Resolution No. 2021-0053 - District Salary Schedules for Custodians Effective:
July 1, 2005 (2.5% reduction)
July 1, 2013 (2%)
July 1, 2014 (2.0%)
January 1, 2015 (1.25%)
February 1, 2015 (1%)
June 30, 2015 (2.5%)
July 1, 2015 (2.67273%)
January 1, 2016 (1.54%)
July 1, 2016 (3.07%)
January 1, 2017 (.33%)",Resolution,"Deputy Chief, Talent",,,,"Adopts salary schedules for district custodians, with pay changes dating back to 2005","The Board adopts Resolution No. 2021-0053, which sets the district's salary schedules for custodians. The text lists a series of percentage pay changes taking effect between July 2005 and January 2017. It states no dollar amounts.",Staff & hiring,,resolution_or_policy,,,,no_cost,,,,,,,true,,,,,,Adopted on the General Consent Report,2020-08-26,true,auto_ok,sonnet-agent,enrich.v5.md,true,
2020-08-26:20-1534,2020-08-26,2020-08-26,regular,P.-5,46,general,"Deputy Chief, Talent",20-1534,https://ousd.legistar.com/gateway.aspx?M=L&ID=50121,District Salary Schedules - Oakland Education Association (OEA) TSA11 & TSA12 Positions - Talent/Human Resources Department,"Adoption by the Board of Education of Resolution No.  2021-0054 - District Salary Schedules - Oakland Education Association (OEA) TSA11 and TSA 12 Positions Effective:
July 1, 2007 (1.75%)
July 1, 2013 (2.0%)
July 1, 2015 (5.56%)
July 1, 2015 (2.74%)
January 1, 2016 (2.79%)
July 1, 2016 (3.07%)
January 1, 2017 (.33377%)
July 1, 2017 (.34%)
January 1, 2019 (3.0%)
January 1, 2020 (2.0%)",Resolution,"Deputy Chief, Talent",,,,Adopts salary schedules for Oakland Education Association TSA 11 and TSA 12 positions,"The Board adopts Resolution No. 2021-0054, which sets salary schedules for TSA 11 and TSA 12 positions represented by the Oakland Education Association. The text lists a series of percentage pay changes taking effect between July 2007 and January 2020. It states no dollar amounts.",Staff & hiring,,resolution_or_policy,,,,no_cost,,,,,,,true,,,,,,Adopted on the General Consent Report,2020-08-26,true,auto_ok,sonnet-agent,enrich.v5.md,true,
2020-08-26:20-1032,2020-08-26,2020-08-26,regular,P.-6,48,general,Chief Academic Officer,20-1032,https://ousd.legistar.com/gateway.aspx?M=L&ID=49620,Memorandum of Understanding - Oakland Kids First - After School Program - Castlemont High School,"Approval by the Board of Education of a Memorandum of Understanding between the District and Oakland Kids First, Oakland, CA, for the latter to serve as lead agency for program coordination, math intervention, homework support, student supervision and a variety of enrichment services, as described in the MOU, for Castlemont High School’s comprehensive After School Program, for the period of July 1, 2020 through June 30, 2021, in an amount not to exceed $197,238.00.",Agreement or Contract,Chief Academic Officer,,v-003136,,"Pays Oakland Kids First up to $197,238 for after-school at Castlemont High School","Oakland Kids First would serve as lead agency for the after-school program at Castlemont High School, covering program coordination, math intervention, homework support, student supervision and enrichment. The agreement is a memorandum of understanding for July 1, 2020 through June 30, 2021, for no more than $197,238.",After-school & summer programs,,new_agreement,Oakland Kids First,organization,Castlemont High School,expense,not_to_exceed,197238,,,,,true,2020-07-01,2021-06-30,after_work_began,,,Adopted on the General Consent Report,2020-08-26,true,auto_ok,sonnet-agent,enrich.v5.md,true,
2020-08-26:20-1057,2020-08-26,2020-08-26,regular,P.-7,49,general,Chief Academic Officer,20-1057,https://ousd.legistar.com/gateway.aspx?M=L&ID=49645,Memorandum of Understanding - Bay Area Community Resources - After School Program - Fruitvale Elementary School,"Approval by the Board of Education of a Memorandum of Understanding between the District and Bay Area Community Resources, San Rafael, CA, for the latter to serve as lead agency for program coordination, math intervention, homework support, student supervision and a variety of enrichment services, as described in the MOU, for Fruitvale Elementary School’s comprehensive After School Program, for the period of August 1, 2020 through July 31, 2021, in an amount not to exceed $111,269.00.",Agreement or Contract,Chief Academic Officer,000624,v-000624,After School Education and Safety (ASES) Grant,"Pays Bay Area Community Resources up to $111,269 for after-school at Fruitvale Elementary School","Bay Area Community Resources would serve as lead agency for the after-school program at Fruitvale Elementary School, covering program coordination, math intervention, homework support, student supervision and enrichment. The agreement is a memorandum of understanding for August 1, 2020 through July 31, 2021, for no more than $111,269.",After-school & summer programs,,new_agreement,Bay Area Community Resources,organization,Fruitvale Elementary School,expense,not_to_exceed,111269,,,,,true,2020-08-01,2021-07-31,after_work_began,,,Adopted on the General Consent Report,2020-08-26,true,auto_ok,sonnet-agent,enrich.v5.md,true,
2020-08-26:20-1097,2020-08-26,2020-08-26,regular,P.-8,50,general,Chief Academic Officer,20-1097,https://ousd.legistar.com/gateway.aspx?M=L&ID=49685,Memorandum of Understanding - East Bay Asian Youth Center - After School Program - Lincoln Elementary School,"Approval by the Board of Education of a Memorandum of Understanding between the District and East Bay Asian Youth Center, Oakland, CA, for the latter to serve as lead agency for program coordination, math intervention, homework support, student supervision and a variety of enrichment services, as described in the MOU, for Lincoln Elementary School’s comprehensive After School Program, for the period of August 1, 2020 through July 31, 2021, in an amount not to exceed $201,899.00.",Agreement or Contract,Chief Academic Officer,001474,v-001474,After School Education and Safety (ASES) Grant,"Pays East Bay Asian Youth Center up to $201,899 for after-school at Lincoln Elementary School","East Bay Asian Youth Center would serve as lead agency for the after-school program at Lincoln Elementary School, covering program coordination, math intervention, homework support, student supervision and enrichment. The agreement is a memorandum of understanding for August 1, 2020 through July 31, 2021, for no more than $201,899.",After-school & summer programs,,new_agreement,East Bay Asian Youth Center,organization,Lincoln Elementary School,expense,not_to_exceed,201899,,,,,true,2020-08-01,2021-07-31,after_work_began,,,Adopted on the General Consent Report,2020-08-26,true,auto_ok,sonnet-agent,enrich.v5.md,true,
2020-08-26:20-1140,2020-08-26,2020-08-26,regular,P.-9,51,general,Chief Academic Officer,20-1140,https://ousd.legistar.com/gateway.aspx?M=L&ID=49728,Memorandum of Understanding - East Bay Asian Youth Center - After School Program - Dewey Academy,"Approval by the Board of Education of a Memorandum of Understanding between the District and East Bay Asian Youth Center, Oakland, CA, for the latter to serve as lead agency for program coordination, math intervention, homework support, student supervision and a variety of enrichment services, as described in the MOU, for Dewey Academy’s comprehensive After School Program, for the period of July 1, 2020 through June 30, 2021, in an amount not to exceed $203,893.00.",Agreement or Contract,Chief Academic Officer,001474,v-001474,21st Century High School After School Safety and Enrichment for Teens (ASSETs) Grant,"Pays East Bay Asian Youth Center up to $203,893 for after-school at Dewey Academy","East Bay Asian Youth Center would serve as lead agency for the after-school program at Dewey Academy, covering program coordination, math intervention, homework support, student supervision and enrichment. The agreement is a memorandum of understanding for July 1, 2020 through June 30, 2021, for no more than $203,893.",After-school & summer programs,,new_agreement,East Bay Asian Youth Center,organization,Dewey Academy,expense,not_to_exceed,203893,,,,,true,2020-07-01,2021-06-30,after_work_began,,,Adopted on the General Consent Report,2020-08-26,true,auto_ok,sonnet-agent,enrich.v5.md,true,
2020-08-26:20-1167,2020-08-26,2020-08-26,regular,P.-10,52,general,Chief Academic Officer,20-1167,https://ousd.legistar.com/gateway.aspx?M=L&ID=49755,Memorandum of Understanding - Health Initiatives for Youth - After School Program - McClymonds High School,"Approval by the Board of Education of a Memorandum of Understanding between the District and Health Initiatives for Youth, San Francisco, CA, for the latter to serve as lead agency for program coordination, math intervention, homework support, student supervision and a variety of enrichment services, as described in the MOU, for McClymonds High School’s comprehensive After School Program, for the period of July 1, 2020 through June 30, 2021, in an amount not to exceed $150,662.00.",Agreement or Contract,Chief Academic Officer,005868,v-005868,21st Century High School After School Safety and Enrichment for Teens (ASSETs) Grant,"Pays Health Initiatives for Youth up to $150,662 for after-school at McClymonds High School","Health Initiatives for Youth would serve as lead agency for the after-school program at McClymonds High School, covering program coordination, math intervention, homework support, student supervision and enrichment. The agreement is a memorandum of understanding for July 1, 2020 through June 30, 2021, for no more than $150,662.",After-school & summer programs,,new_agreement,Health Initiatives for Youth,organization,McClymonds High School,expense,not_to_exceed,150662,,,,,true,2020-07-01,2021-06-30,after_work_began,,,Adopted on the General Consent Report,2020-08-26,true,auto_ok,sonnet-agent,enrich.v5.md,true,
2020-08-26:20-1178,2020-08-26,2020-08-26,regular,P.-11,53,general,Chief Academic Officer,20-1178,https://ousd.legistar.com/gateway.aspx?M=L&ID=49766,Memorandum of Understanding - Bay Area Community Resources - After School Program - Sankofa United Elementary School,"Approval by the Board of Education of a Memorandum of Understanding between the District and Bay Area Community Resources, San Rafael, CA, for the latter to serve as lead agency for program coordination, math intervention, homework support, student supervision and a variety of enrichment services, as described in the MOU, for Sankofa United Elementary School’s comprehensive After School Program, for the period of August 1, 2020 through July 31, 2021, in an amount not to exceed $194,151.00.",Agreement or Contract,Chief Academic Officer,000624,v-000624,After School Education and Safety (ASES) Grant; 21st Century Community Learning Centers Grant,"Pays Bay Area Community Resources up to $194,151 for after-school at Sankofa United Elementary School","Bay Area Community Resources would serve as lead agency for the after-school program at Sankofa United Elementary School, covering program coordination, math intervention, homework support, student supervision and enrichment. The agreement is a memorandum of understanding for August 1, 2020 through July 31, 2021, for no more than $194,151.",After-school & summer programs,,new_agreement,Bay Area Community Resources,organization,Sankofa United Elementary School,expense,not_to_exceed,194151,,,,,true,2020-08-01,2021-07-31,after_work_began,,,Adopted on the General Consent Report,2020-08-26,true,auto_ok,sonnet-agent,enrich.v5.md,true,
2020-08-26:20-1196,2020-08-26,2020-08-26,regular,P.-12,54,general,Chief Academic Officer,20-1196,https://ousd.legistar.com/gateway.aspx?M=L&ID=49784,Memorandum of Understanding - Citizen Schools - After School Program - Westlake Middle School,"Approval by the Board of Education of a Memorandum of Understanding between the District and Citizen Schools, Redwood City, CA, for the latter to serve as lead agency for program coordination, math intervention, homework support, student supervision and a variety of enrichment services, as described in the MOU, for Westlake Middle School’s comprehensive After School Program, for the period of August 1, 2020 through July 31, 2021, in an amount not to exceed $134,353.00.",Agreement or Contract,Chief Academic Officer,001075,v-001075,After School Education and Safety (ASES) Grant,"Pays Citizen Schools up to $134,353 for after-school at Westlake Middle School","Citizen Schools would serve as lead agency for the after-school program at Westlake Middle School, covering program coordination, math intervention, homework support, student supervision and enrichment. The agreement is a memorandum of understanding for August 1, 2020 through July 31, 2021, for no more than $134,353.",After-school & summer programs,,new_agreement,Citizen Schools,organization,Westlake Middle School,expense,not_to_exceed,134353,,,,,true,2020-08-01,2021-07-31,after_work_began,,,Adopted on the General Consent Report,2020-08-26,true,auto_ok,sonnet-agent,enrich.v5.md,true,
2020-08-26:20-1197,2020-08-26,2020-08-26,regular,P.-13,55,general,Chief Academic Officer,20-1197,https://ousd.legistar.com/gateway.aspx?M=L&ID=49785,Memorandum of Understanding - Bay Area Community Resources - After School Program - Emiliano Zapata Street Academy,"Approval by the Board of Education of a Memorandum of Understanding between the District and Bay Area Community Resources, San Rafael, CA, for the latter to serve as lead agency for program coordination, math intervention, homework support, student supervision and a variety of enrichment services, as described in the MOU, for Emiliano Zapata Street Academy’s comprehensive After School Program, for the period of July 1, 2020 through June 30, 2021, in an amount not to exceed $111,346.00.",Agreement or Contract,Chief Academic Officer,000624,v-000624,21st Century High School After School Safety and Enrichment for Teens (ASSETs) Grant,"Pays Bay Area Community Resources up to $111,346 for after-school at Emiliano Zapata Street Academy","Bay Area Community Resources would serve as lead agency for the after-school program at Emiliano Zapata Street Academy, covering program coordination, math intervention, homework support, student supervision and enrichment. The agreement is a memorandum of understanding for July 1, 2020 through June 30, 2021, for no more than $111,346.",After-school & summer programs,,new_agreement,Bay Area Community Resources,organization,Emiliano Zapata Street Academy,expense,not_to_exceed,111346,,,,,true,2020-07-01,2021-06-30,after_work_began,,,Adopted on the General Consent Report,2020-08-26,true,auto_ok,sonnet-agent,enrich.v5.md,true,
2020-08-26:20-1211,2020-08-26,2020-08-26,regular,P.-14,56,general,Chief Academic Officer,20-1211,https://ousd.legistar.com/gateway.aspx?M=L&ID=49799,Memorandum of Understanding - Bay Area Community Resources - After School Program - Rudsdale Continuation School,"Approval by the Board of Education of a Memorandum of Understanding between the District and Bay Area Community Resources, San Rafael, CA, for the latter to serve as lead agency for program coordination, math intervention, homework support, student supervision and a variety of enrichment services, as described in the MOU, for Rudsdale Continuation School’s comprehensive After School Program, for the period of July 1, 2020 through June 30, 2021, in an amount not to exceed $132,785.00.",Agreement or Contract,Chief Academic Officer,000624,v-000624,21st Century High School After School Safety and Enrichment for Teens (ASSETs) Grant,"Pays Bay Area Community Resources up to $132,785 for after-school at Rudsdale Continuation School","Bay Area Community Resources would serve as lead agency for the after-school program at Rudsdale Continuation School, covering program coordination, math intervention, homework support, student supervision and enrichment. The agreement is a memorandum of understanding for July 1, 2020 through June 30, 2021, for no more than $132,785.",After-school & summer programs,,new_agreement,Bay Area Community Resources,organization,Rudsdale Continuation School,expense,not_to_exceed,132785,,,,,true,2020-07-01,2021-06-30,after_work_began,,,Adopted on the General Consent Report,2020-08-26,true,auto_ok,sonnet-agent,enrich.v5.md,true,
2020-08-26:20-1214,2020-08-26,2020-08-26,regular,P.-15,57,general,Chief Academic Officer,20-1214,https://ousd.legistar.com/gateway.aspx?M=L&ID=49802,Memorandum of Understanding - Bay Area Community Resources - After School Program - Oakland Technical High School,"Approval by the Board of Education of a Memorandum of Understanding between the District and Bay Area Community Resources, San Rafael, CA, for the latter to serve as lead agency for program coordination, math intervention, homework support, student supervision and a variety of enrichment services, as described in the MOU, for Oakland Technical High School’s comprehensive After School Program, for the period of July 1, 2020 through June 30, 2021, in an amount not to exceed $173,881.00.",Agreement or Contract,Chief Academic Officer,000624,v-000624,21st Century High School After School Safety and Enrichment for Teens (ASSETs) Grant,"Pays Bay Area Community Resources up to $173,881 for after-school at Oakland Technical High School","Bay Area Community Resources would serve as lead agency for the after-school program at Oakland Technical High School, covering program coordination, math intervention, homework support, student supervision and enrichment. The agreement is a memorandum of understanding for July 1, 2020 through June 30, 2021, for no more than $173,881.",After-school & summer programs,,new_agreement,Bay Area Community Resources,organization,Oakland Technical High School,expense,not_to_exceed,173881,,,,,true,2020-07-01,2021-06-30,after_work_began,,,Adopted on the General Consent Report,2020-08-26,true,auto_ok,sonnet-agent,enrich.v5.md,true,
2020-08-26:20-1216,2020-08-26,2020-08-26,regular,P.-16,58,general,Chief Academic Officer,20-1216,https://ousd.legistar.com/gateway.aspx?M=L&ID=49804,Memorandum of Understanding - Bay Area Community Resources - After School Program - Martin Luther King Jr. Elementary School,"Approval by the Board of Education of a Memorandum of Understanding between the District and Bay Area Community Resources, San Rafael, CA, for the latter to serve as lead agency for program coordination, math intervention, homework support, student supervision and a variety of enrichment services, as described in the MOU, for Martin Luther King , Jr. Elementary School’s comprehensive After School Program, for the period of August 1, 2020 through July 31, 2021, in an amount not to exceed $192,858.00.",Agreement or Contract,Chief Academic Officer,000624,v-000624,After School Education and Safety (ASES) Grant; After School Education and Safety (ASES) Kids Code Grant; 21st Century Community Learning Centers Grant,"Pays Bay Area Community Resources up to $192,858 for after-school at Martin Luther King Jr. Elementary School","Bay Area Community Resources would serve as lead agency for the after-school program at Martin Luther King Jr. Elementary School, covering program coordination, math intervention, homework support, student supervision and enrichment. The agreement is a memorandum of understanding for August 1, 2020 through July 31, 2021, for no more than $192,858.",After-school & summer programs,,new_agreement,Bay Area Community Resources,organization,Martin Luther King Jr. Elementary School,expense,not_to_exceed,192858,,,,,true,2020-08-01,2021-07-31,after_work_began,,,Adopted on the General Consent Report,2020-08-26,true,auto_ok,sonnet-agent,enrich.v5.md,true,
2020-08-26:20-1219,2020-08-26,2020-08-26,regular,P.-17,59,general,Chief Academic Officer,20-1219,https://ousd.legistar.com/gateway.aspx?M=L&ID=49807,Memorandum of Understanding - Bay Area Community Resources - After School Program - Claremont Middle School,"Approval by the Board of Education of a Memorandum of Understanding between the District and Bay Area Community Resources, San Rafael, CA, for the latter to serve as lead agency for program coordination, math intervention, homework support, student supervision and a variety of enrichment services, as described in the MOU, for Claremont Middle School’s comprehensive After School Program, for the period of August 1, 2020 through July 31, 2021, in an amount not to exceed $73,074.00.",Agreement or Contract,Chief Academic Officer,000624,v-000624,After School Education and Safety (ASES) Grant,"Pays Bay Area Community Resources up to $73,074 for after-school at Claremont Middle School","Bay Area Community Resources would serve as lead agency for the after-school program at Claremont Middle School, covering program coordination, math intervention, homework support, student supervision and enrichment. The agreement is a memorandum of understanding for August 1, 2020 through July 31, 2021, for no more than $73,074.",After-school & summer programs,,new_agreement,Bay Area Community Resources,organization,Claremont Middle School,expense,not_to_exceed,73074,,,,,true,2020-08-01,2021-07-31,after_work_began,,,Adopted on the General Consent Report,2020-08-26,true,auto_ok,sonnet-agent,enrich.v5.md,true,
2020-08-26:20-1226,2020-08-26,2020-08-26,regular,P.-18,60,general,Chief Academic Officer,20-1226,https://ousd.legistar.com/gateway.aspx?M=L&ID=49814,Memorandum of Understanding - Oakland Leaf Foundation - After School Program - Think College Now Elementary School,"Approval by the Board of Education of a Memorandum of Understanding between the District and Oakland Leaf Foundation, Oakland, CA, for the latter to serve as lead agency for program coordination, math intervention, homework support, student supervision and a variety of enrichment services, as described in the MOU, for Think College Now Elementary School’s comprehensive After School Program, for the period of August 1, 2020 through July 31, 2021, in an amount not to exceed $104,997.00.",Agreement or Contract,Chief Academic Officer,003138,v-003138,After School Education and Safety (ASES) Grant,"Pays Oakland Leaf Foundation up to $104,997 for after-school at Think College Now Elementary School","Oakland Leaf Foundation would serve as lead agency for the after-school program at Think College Now Elementary School, covering program coordination, math intervention, homework support, student supervision and enrichment. The agreement is a memorandum of understanding for August 1, 2020 through July 31, 2021, for no more than $104,997.",After-school & summer programs,,new_agreement,Oakland Leaf Foundation,organization,Think College Now Elementary School,expense,not_to_exceed,104997,,,,,true,2020-08-01,2021-07-31,after_work_began,,,Adopted on the General Consent Report,2020-08-26,true,auto_ok,sonnet-agent,enrich.v5.md,true,
2020-08-26:20-1231,2020-08-26,2020-08-26,regular,P.-19,61,general,Chief Academic Officer,20-1231,https://ousd.legistar.com/gateway.aspx?M=L&ID=49819,Memorandum of Understanding - YMCA of the East Bay - After School Program - Piedmont Avenue Elementary School,"Approval by the Board of Education of a Memorandum of Understanding between the District and YMCA of the East Bay, Oakland, CA, for the latter to serve as lead agency for program coordination, math intervention, homework support, student supervision and a variety of enrichment services, as described in the MOU, for Piedmont Avenue Elementary School’s comprehensive After School Program, for the period of August 1, 2020 through July 31, 2021, in an amount not to exceed $111,269.00.",Agreement or Contract,Chief Academic Officer,004722,v-004722,After School Education and Safety (ASES) Grant,"Pays YMCA of the East Bay up to $111,269 for after-school at Piedmont Avenue Elementary School","YMCA of the East Bay would serve as lead agency for the after-school program at Piedmont Avenue Elementary School, covering program coordination, math intervention, homework support, student supervision and enrichment. The agreement is a memorandum of understanding for August 1, 2020 through July 31, 2021, for no more than $111,269.",After-school & summer programs,,new_agreement,YMCA of the East Bay,organization,Piedmont Avenue Elementary School,expense,not_to_exceed,111269,,,,,true,2020-08-01,2021-07-31,after_work_began,,,Adopted on the General Consent Report,2020-08-26,true,auto_ok,sonnet-agent,enrich.v5.md,true,
2020-08-26:20-1344,2020-08-26,2020-08-26,regular,P.-20,62,general,Chief Academic Officer,20-1344,https://ousd.legistar.com/gateway.aspx?M=L&ID=49932,Professional Services Contract - Bay Area Writing Project - Emerson Elementary School,"Approval by the Board of Education of a Professional Services Contract between the District and the Regents of the University of California on behalf of its Bay Area Writing Project, Berkeley, CA, for the latter to provide a professional development series - workshops February 12, 2020, March 25, 2020, April 15, 2020 - focused on advancing teacher practice in the teaching and uses of writing for learning and building instructional consistency from grade to grade; aligned with expectations identified in the Common Core Standards for ELA; and emphasis placed on addressing the social-emotional contexts students bring to the learning environment, building strong student identities, and developing a positive classroom culture and community at Emerson Elementary School, for the term February 3, 2020 through May 15, 2020, in an amount not to exceed $8,275.00.",Agreement or Contract,Chief Academic Officer,000637,v-000637,Unrestricted Supplemental,"Pays UC Berkeley's Bay Area Writing Project up to $8,275 for teacher training at Emerson Elementary","The Bay Area Writing Project would lead three teacher workshops at Emerson Elementary School on teaching writing, building consistency from grade to grade, and creating a positive classroom culture. The workshops were scheduled for February to April 2020, before this August 2020 approval. The contract is for no more than $8,275.",Classroom & academic programs,,new_agreement,"Regents of the University of California, on behalf of its Bay Area Writing Project",organization,Emerson Elementary School,expense,not_to_exceed,8275,,,,,true,2020-02-03,2020-05-15,after_work_began,,,Adopted on the General Consent Report,2020-08-26,true,auto_ok,sonnet-agent,enrich.v5.md,true,
2020-08-26:20-1437,2020-08-26,2020-08-26,regular,P.-21,63,general,Chief Academic Officer,20-1437,https://ousd.legistar.com/gateway.aspx?M=L&ID=50024,"Amendment No. 1, Grant Award and Grant Sub-Agreement - Year 1 - K12 Workforce Pathways Coordinator Grant - High School Linked Learning Office","Approval by the Board of Education of Amendment No. 1, Grant Award and Grant Sub-Agreement between District and the Rancho Santiago Community College District, Santa Ana, CA, reducing by $25,000.00, from $125,000.00 to $100,000.00 Year 1 Grant Award for hosting and supervising K12 Workforce Pathways Coordinator to serve the larger region consisting of Peralta Community District and its six feeder K12’s, including Oakland Unified School District, via the Linked Learning Department, for the term March 1, 2020 through December 31, 2020. All other terms and conditions of the Grant Award and Grant Sub-Agreement remain in full force and effect.",Agreement or Contract,Chief Academic Officer,,n-rancho-santiago-community-college-district,Strong Workforce Program K12 Pathway Coordinators Grant,"Cuts a workforce pathways coordinator grant by $25,000, from $125,000 to $100,000","The district hosts and supervises a K-12 Workforce Pathways Coordinator who serves the region around the Peralta Community College District. This change to the grant from Rancho Santiago Community College District lowers the Year 1 award by $25,000, from $125,000 to $100,000, for March 1 through December 31, 2020. All other terms stay the same.",Staff & hiring,,amendment,Rancho Santiago Community College District,organization,,decrease,fixed,25000,,,125000,100000,true,2020-03-01,2020-12-31,,,,Adopted on the General Consent Report,2020-08-26,true,auto_ok,sonnet-agent,enrich.v5.md,true,
2020-08-26:20-1459,2020-08-26,2020-08-26,regular,P.-22,64,general,Chief Academic Officer,20-1459,https://ousd.legistar.com/gateway.aspx?M=L&ID=50046,Grant Agreement - Oakland Public Education Fund - (Salesforce Foundation) - OUSD Schools,"Approval by the Board of Education of a Grant Agreement between District and Oakland Public Education Fund (Regrant #20-06-0422-6524), with the District accepting $6,406,139.00, from the Salesforce Foundation, to support Oakland Unified School District in the areas of computer science, mathematics, whole child supports, educator professional development, and innovation across middle schools, for the period of July 1, 2020 through June 30, 2021.",Agreement or Contract,Chief Academic Officer,,v-003143,Salesforce.org Grant,"Accepts $6.4M from the Salesforce Foundation, via Oakland Public Education Fund, for middle-school programs","The district would accept $6,406,139 from the Salesforce Foundation, passed through the Oakland Public Education Fund. The money supports computer science, mathematics, whole child supports, educator professional development and innovation across middle schools from July 1, 2020 through June 30, 2021.",Classroom & academic programs,,grant_or_funding_in,Oakland Public Education Fund,organization,,revenue,fixed,6406139,,,,,true,2020-07-01,2021-06-30,after_work_began,,,Adopted on the General Consent Report,2020-08-26,true,auto_ok,sonnet-agent,enrich.v5.md,true,
2020-08-26:20-1460,2020-08-26,2020-08-26,regular,P.-23,65,general,Chief Academic Officer,20-1460,https://ousd.legistar.com/gateway.aspx?M=L&ID=50047,Memorandum of Understanding - East Bay Asian Youth Center - Summer Youth Employment Training Program - Dewey Academy,"Approval by the Board of Education of a Memorandum of Understanding between the District and East Bay Asian Youth Center, Oakland, CA, for the latter to provide a Summer Youth Employment Training Program with summer jobs (Landscape Design Project) to 14 youth, ages 16 to 21, to serve in one of five paid summer internship programs at Dewey Academy, for the period of July 7, 2020 through August 7, 2020, at no cost to the District.",Agreement or Contract,Chief Academic Officer,,v-001474,No Fiscal Impact,Partners with East Bay Asian Youth Center on a no-cost summer jobs program at Dewey Academy,"East Bay Asian Youth Center would run a Summer Youth Employment Training Program at Dewey Academy for 14 youth ages 16 to 21, in one of five paid summer internships including a landscape design project. The memorandum of understanding runs July 7 through August 7, 2020 and costs the district nothing.",After-school & summer programs,,mou_or_data_sharing,East Bay Asian Youth Center,organization,Dewey Academy,no_cost,,,,,,,true,2020-07-07,2020-08-07,after_work_began,,,Adopted on the General Consent Report,2020-08-26,true,auto_ok,sonnet-agent,enrich.v5.md,true,
2020-08-26:20-1461,2020-08-26,2020-08-26,regular,P.-24,66,general,Chief Academic Officer,20-1461,https://ousd.legistar.com/gateway.aspx?M=L&ID=50048,"Amendment No. 1, Client Agreement - Apex Learning Digital Curriculum Solutions - High School Linked Learning Office","Approval by the Board of Education of Amendment No. 1, Client Agreement … between the District and Apex Learning Digital Curriculum Solutions, Seattle, WA, for the latter to provide 1000 Single Enrollment Subscriptions to Comprehensive [On Line] Courses;  four 6-hour onsite sessions (no charge) [for a standards-based state approved program consisting of assessments and course certification to provide interventions for students in their efforts to become proficient in English Language Arts and Math and basic literacy skills], via the High School Linked Learning Office, for the period of August 26, 2020 through August 25, 2021, in an amount not to exceed $70,000.00. All other terms and conditions of the Agreement remain in full force and effect.",Agreement or Contract,Chief Academic Officer,,n-apex-learning-digital-curriculum-solutions,CTE Incentive Grant,"Adds up to $70,000 for Apex Learning's online courses for 1,000 high school students","This change to the district's agreement with Apex Learning Digital Curriculum Solutions provides 1,000 single-enrollment subscriptions to online courses, plus four 6-hour onsite sessions at no charge. The state-approved program offers assessments and course certification to help students become proficient in English Language Arts and math. The period is August 26, 2020 through August 25, 2021, for no more than $70,000.",Classroom & academic programs,,amendment,Apex Learning Digital Curriculum Solutions,organization,,expense,not_to_exceed,70000,,,,,true,2020-08-26,2021-08-25,,,,Adopted on the General Consent Report,2020-08-26,true,auto_ok,sonnet-agent,enrich.v5.md,true,
2020-08-26:20-1540,2020-08-26,2020-08-26,regular,P.-25,67,general,Chief Academic Officer,20-1540,https://ousd.legistar.com/gateway.aspx?M=L&ID=50127,Professional Services Agreement 2020-2021 - Jensen Best - Elmhurst United Middle School,"Ratification by the Board of Education of a Professional Services Agreement 2020-2021 between the District and Jensen Best, Oakland, CA, for the latter to lead and direct team building games and activities for   students; and assist and coordinate core games and core sports as well as to introduce sports skills building exercise and cooperative games at Elmhurst United Middle School, for the period of August 12, 2020 through May 31, 2021, in an amount not to exceed $16,000.00.",Agreement or Contract,Chief Academic Officer,,v-005662,Unrestricted Supplemental,"Ratifies a contract for up to $16,000 for team-building games and sports at Elmhurst United Middle School","A contractor would lead team-building games and activities and coordinate core games, sports skills exercises and cooperative games for students at Elmhurst United Middle School. The agreement began August 12, 2020, before this ratification, and runs through May 31, 2021 for no more than $16,000.",Classroom & academic programs,,new_agreement,Jensen Best,individual,Elmhurst United Middle School,expense,not_to_exceed,16000,,,,,true,2020-08-12,2021-05-31,after_work_began,,,Adopted on the General Consent Report,2020-08-26,true,auto_ok,sonnet-agent,enrich.v5.md,true,
2020-08-26:20-1542,2020-08-26,2020-08-26,regular,P.-26,68,general,Chief Academic Officer,20-1542,https://ousd.legistar.com/gateway.aspx?M=L&ID=50129,Professional Services Agreement 2020-2021 - Leslie Lopez - Elmhurst United Middle School,"Ratification by the Board of Education of a Professional Services Agreement 2020-2021 between the District and Leslie Lopez, Oakland, CA, for the latter to provide parent engagement and training around key academic support areas, particularly focusing on the new demands of the Common Core State Standards, and how this may affect the type of work students are asked to do, both in school and at home; provide families training and information on A-G course requirements and strategies for supporting academic language and literacy in the home; provide families, who are English Learners, and whose children and English Learners, specialized support for strategies in assisting and supporting the educational development of their children; and learn how to  monitor and support homework  completion  and ways in which to assist their children in building critical language skills at Elmhurst United Middle School, for the period of August 10, 2020 through May 31, 2021, in an amount not to exceed $31,000.00.",Agreement or Contract,Chief Academic Officer,,v-002631,Unrestricted Supplemental,"Ratifies a contract for up to $31,000 for parent training and engagement at Elmhurst United Middle School","A contractor would train and support parents and families at Elmhurst United Middle School on Common Core academic expectations, A-G course requirements, academic language and literacy, support for families of English Learners, and homework help. The agreement began August 10, 2020, before this ratification, and runs through May 31, 2021 for no more than $31,000.","Student health, support & family services",,new_agreement,Leslie Lopez,individual,Elmhurst United Middle School,expense,not_to_exceed,31000,,,,,true,2020-08-10,2021-05-31,after_work_began,,,Adopted on the General Consent Report,2020-08-26,true,auto_ok,sonnet-agent,enrich.v5.md,true,
2020-08-26:20-1545,2020-08-26,2020-08-26,regular,P.-27,69,general,Chief Academic Officer,20-1545,https://ousd.legistar.com/gateway.aspx?M=L&ID=50132,Professional Services Agreement 2020-2021 - Sandra Wilson - Elmhurst United Middle School,"Ratification by the Board of Education of Professional Services Agreement 2020-2021 between the District and Sandra Wilson, Oakland, CA, for the latter to support family outreach efforts by providing ongoing    communication  to community members,  helping ensure  that  families, in particular African American families, are able to access the information  and services that are available through the work of the Community Schools Manager (CSM) and the Family Resource Center (FRC) at Elmhurst United Middle School, for the period of August 12, 2020 through May 31, 2021, in an amount not to exceed $10,175.00.",Agreement or Contract,Chief Academic Officer,,v-004658,Low Performing,"Ratifies a contract for up to $10,175 for family outreach at Elmhurst United Middle School","A contractor would support family outreach at Elmhurst United Middle School by communicating regularly with community members, in particular African American families, so they can reach the services offered by the school's Community Schools Manager and Family Resource Center. The agreement began August 12, 2020, before this ratification, and runs through May 31, 2021 for no more than $10,175.","Student health, support & family services",,new_agreement,Sandra Wilson,individual,Elmhurst United Middle School,expense,not_to_exceed,10175,,,,,true,2020-08-12,2021-05-31,after_work_began,,,Adopted on the General Consent Report,2020-08-26,true,auto_ok,sonnet-agent,enrich.v5.md,true,
2020-08-26:20-1546,2020-08-26,2020-08-26,regular,P.-28,70,general,Chief Academic Officer,20-1546,https://ousd.legistar.com/gateway.aspx?M=L&ID=50133,Professional Services Agreement 2020-2021 - Tavia Council - Elmhurst United Middle School,"Ratification by the Board of Education of Professional Services Agreement 2020-2021 between the District and Tavia Council, Oakland, CA, for the latter to create team building games and activities for students; and coordinate the playing of core games and core sports as well as introduce sports skills, building exercise and cooperative games at Elmhurst United Middle School, for the period August 10, 2020 through May 31, 2021, in an amount not to exceed $32,175.00.",Agreement or Contract,Chief Academic Officer,,v-005467,Title IV Grant,"Ratifies a contract for up to $32,175 for team-building games and sports at Elmhurst United Middle School","A contractor would create team-building games and activities and coordinate core games, sports skills and cooperative games for students at Elmhurst United Middle School. The agreement began August 10, 2020, before this ratification, and runs through May 31, 2021 for no more than $32,175.",Classroom & academic programs,,new_agreement,Tavia Council,individual,Elmhurst United Middle School,expense,not_to_exceed,32175,,,,,true,2020-08-10,2021-05-31,after_work_began,,,Adopted on the General Consent Report,2020-08-26,true,auto_ok,sonnet-agent,enrich.v5.md,true,
2020-08-26:20-1547,2020-08-26,2020-08-26,regular,P.-29,71,general,Chief Academic Officer,20-1547,https://ousd.legistar.com/gateway.aspx?M=L&ID=50134,Professional Services Agreement 2020-2021 - Douglas Calderon - Elmhurst United Middle School,"Ratification by the Board of Education of Professional Services Agreement 2020-2021 between the District and Douglas Calderon, Oakland, CA, for the latter to provide 5 days a week of after school programming  in Visual  Arts and collaborate in the daytime SDC classes, each as described in Agreement, at Elmhurst United Middle School, for the period of August 10, 2020 through May 28, 2021, in an amount not to exceed $54,060.00.",Agreement or Contract,Chief Academic Officer,,v-000857,Measure G1 Parcel Tax,"Ratifies a contract for up to $54,060 for after-school visual arts at Elmhurst United Middle School","A contractor would provide five days a week of after-school visual arts programming and also collaborate in daytime special day classes at Elmhurst United Middle School. The agreement began August 10, 2020, before this ratification, and runs through May 28, 2021 for no more than $54,060.",After-school & summer programs,,new_agreement,Douglas Calderon,individual,Elmhurst United Middle School,expense,not_to_exceed,54060,,,,,true,2020-08-10,2021-05-28,after_work_began,,,Adopted on the General Consent Report,2020-08-26,true,auto_ok,sonnet-agent,enrich.v5.md,true,
2020-08-26:20-1549,2020-08-26,2020-08-26,regular,P.-30,72,general,Chief Academic Officer,20-1549,https://ousd.legistar.com/gateway.aspx?M=L&ID=50136,Professional Services Agreement 2020-2021 - Robert Moses - Edna Brewer Middle School,"Ratification by the Board of Education of Professional Services Agreement 2020-2021 between the District and  Robert Moses, Berkeley, CA, for the latter provide technical assistance  with  Windows  and  Apple  Macintosh computers,  as required by the school, to obtain the maximum instructional benefit and utility for students and staff, as described in Exhibit A, incorporated herein by reference as though fully set forth, at Edna Brewer Middle School, for the period of August 1, 2020 through May 28, 2021, in an amount not to exceed $20,000.00.",Agreement or Contract,Chief Academic Officer,,v-006651,"General Purpose, Unrestricted","Ratifies a contract for up to $20,000 for computer technical help at Edna Brewer Middle School","A contractor would provide technical assistance with Windows and Apple Macintosh computers at Edna Brewer Middle School so that students and staff get the most instructional benefit from them. The agreement began August 1, 2020, before this ratification, and runs through May 28, 2021 for no more than $20,000.",Technology,,new_agreement,Robert Moses,individual,Edna Brewer Middle School,expense,not_to_exceed,20000,,,,,true,2020-08-01,2021-05-28,after_work_began,,,Adopted on the General Consent Report,2020-08-26,true,auto_ok,sonnet-agent,enrich.v5.md,true,
2020-08-26:20-1550,2020-08-26,2020-08-26,regular,P.-31,73,general,Chief Academic Officer,20-1550,https://ousd.legistar.com/gateway.aspx?M=L&ID=50137,Professional Services Agreement 2020-2021 - Juan Quintana - Franklin Elementary School,"Ratification by the Board of Education of a Professional Services Agreement 2020-2021 between the District and Juan Quintana, Oakland, CA, for the latter to provide daily support groups and individual assistance to “at promise” students; continual contacts to parents of “at promise” students by phone or home visits; professional development (on-going) for the Franklin staff, in understanding the issues of K-5 at promise students and how these issues can be addressed during the school day; parent workshops in primary languages on how parents can improve student’s academic and social skills, at Franklin Elementary School, for the period August 1, 2020 through June 30, 2021, in an amount not to exceed $57,500.00.",Agreement or Contract,Chief Academic Officer,,v-003510,,"Pays a Franklin Elementary support specialist up to $57,500 for ""at promise"" students","The Board is ratifying (approving after the fact) a contract with an individual contractor at Franklin Elementary School for the 2020-21 school year. The contractor will run daily support groups, give one-on-one help to ""at promise"" students, contact their parents, train Franklin staff, and lead parent workshops in families' primary languages. Pay is capped at $57,500.","Student health, support & family services",,new_agreement,Juan Quintana,individual,Franklin Elementary School,expense,not_to_exceed,57500,,,,,true,2020-08-01,2021-06-30,after_work_began,,,Adopted on the General Consent Report,2020-08-26,true,auto_ok,sonnet-agent,enrich.v5.md,true,
2020-08-26:20-1551,2020-08-26,2020-08-26,regular,P.-32,74,general,Chief Academic Officer,20-1551,https://ousd.legistar.com/gateway.aspx?M=L&ID=50138,Professional Services Agreement 2020-2021 - Elizabeth Gomez - Rudsdale Newcomer High School,"Ratification by the Board of Education of Professional Services Agreement 2020-2021 between the District and  Elizabeth Gomez, San Leandro, CA, for the latter to provide advocacy for students as they deal with the health care system as well as create a training for students to become Health Advocates themselves; teach a Health Advocacy elective course on Wednesdays; participate in COST team focused on supporting students dealing with MediCal and appointments, at Rudsdale Newcomer High School, for the period of August 3, 2020 through June 30, 2020, in an amount not to exceed $35,000.00.",Agreement or Contract,Chief Academic Officer,,n-elizabeth-gomez,Measure N,"Pays a health advocate up to $35,000 to support students at Rudsdale Newcomer High","The Board is ratifying (approving after the fact) a 2020-21 contract with an individual contractor at Rudsdale Newcomer High School, paid with Measure N funds. The contractor will help students navigate the health care system, train students to become health advocates, teach a Health Advocacy elective on Wednesdays, and join the school team supporting students with MediCal and appointments. Pay is capped at $35,000.","Student health, support & family services",,new_agreement,Elizabeth Gomez,individual,Rudsdale Newcomer High School,expense,not_to_exceed,35000,,,,,true,2020-08-03,,after_work_began; source_issue,"The action text gives the agreement period as August 3, 2020 through June 30, 2020, an end date that falls before the start date, so the actual term is unclear.",,Adopted on the General Consent Report,2020-08-26,true,auto_ok,sonnet-agent,enrich.v5.md,true,
2020-08-26:20-1463,2020-08-26,2020-08-26,regular,P.-33,75,general,Chief Academic Officer,20-1463,https://ousd.legistar.com/gateway.aspx?M=L&ID=50050,2020-2021 School Plan for Student Achievement (SPSA) - Castlemont High School,Approval by the Board of Education of the 2020-2021 School Plan for Student Achievement (SPSA) for Castlemont High School.,School Plan for Student Achievement,Chief Academic Officer,,,"Federal, State, and/or Local Funds As Specified In Plan",Approves the 2020-21 School Plan for Student Achievement for Castlemont High School,"The Board is approving the 2020-21 School Plan for Student Achievement for Castlemont High School. Each school's plan sets its academic goals and how it will use its federal, state and local funds. The text lists no dollar amount for this approval.",School plans,,school_plan,,,Castlemont High School,no_cost,,,,,,,true,2020-07-01,2021-06-30,after_work_began,,,Adopted on the General Consent Report,2020-08-26,true,auto_ok,sonnet-agent,enrich.v5.md,true,
2020-08-26:20-1464,2020-08-26,2020-08-26,regular,P.-34,76,general,Chief Academic Officer,20-1464,https://ousd.legistar.com/gateway.aspx?M=L&ID=50051,2020-2021 School Plan for Student Achievement (SPSA) - Fremont High School,Approval by the Board of Education of the 2020-2021 School Plan for Student Achievement (SPSA) for Fremont High School.,School Plan for Student Achievement,Chief Academic Officer,,,"Federal, State, and/or Local Funds As Specified In Plan",Approves the 2020-21 School Plan for Student Achievement for Fremont High School,"The Board is approving the 2020-21 School Plan for Student Achievement for Fremont High School. Each school's plan sets its academic goals and how it will use its federal, state and local funds. The text lists no dollar amount for this approval.",School plans,,school_plan,,,Fremont High School,no_cost,,,,,,,true,2020-07-01,2021-06-30,pulled_from_consent; after_work_began,,"Adopted in its own vote at this meeting (6–0), instead of with the rest of the consent report.",Adopted,2020-08-26,true,auto_ok,sonnet-agent,enrich.v5.md,true,
2020-08-26:20-1465,2020-08-26,2020-08-26,regular,P.-35,77,general,Chief Academic Officer,20-1465,https://ousd.legistar.com/gateway.aspx?M=L&ID=50052,2020-2021 School Plan for Student Achievement (SPSA) - Oakland Technical High School,Approval by the Board of Education of the 2020-2021 School Plan for Student Achievement (SPSA) for Oakland Technical High School.,School Plan for Student Achievement,Chief Academic Officer,,,"Federal, State, and/or Local Funds As Specified In Plan",Approves the 2020-21 School Plan for Student Achievement for Oakland Technical High School,"The Board is approving the 2020-21 School Plan for Student Achievement for Oakland Technical High School. Each school's plan sets its academic goals and how it will use its federal, state and local funds. The text lists no dollar amount for this approval.",School plans,,school_plan,,,Oakland Technical High School,no_cost,,,,,,,true,2020-07-01,2021-06-30,after_work_began,,,Adopted on the General Consent Report,2020-08-26,true,auto_ok,sonnet-agent,enrich.v5.md,true,
2020-08-26:20-1466,2020-08-26,2020-08-26,regular,P.-36,78,general,Chief Academic Officer,20-1466,https://ousd.legistar.com/gateway.aspx?M=L&ID=50053,2020-2021 School Plan for Student Achievement (SPSA) - Skyline High School,Approval by the Board of Education of the 2020-2021 School Plan for Student Achievement (SPSA) for Skyline High School.,School Plan for Student Achievement,Chief Academic Officer,,,"Federal, State, and/or Local Funds As Specified In Plan",Approves the 2020-21 School Plan for Student Achievement for Skyline High School,"The Board is approving the 2020-21 School Plan for Student Achievement for Skyline High School. Each school's plan sets its academic goals and how it will use its federal, state and local funds. The text lists no dollar amount for this approval.",School plans,,school_plan,,,Skyline High School,no_cost,,,,,,,true,2020-07-01,2021-06-30,after_work_began,,,Adopted on the General Consent Report,2020-08-26,true,auto_ok,sonnet-agent,enrich.v5.md,true,
2020-08-26:20-1467,2020-08-26,2020-08-26,regular,P.-37,79,general,Chief Academic Officer,20-1467,https://ousd.legistar.com/gateway.aspx?M=L&ID=50054,2020-2021 School Plan for Student Achievement (SPSA) - Sojourner Truth Independent Study,Approval by the Board of Education of the 2020-2021 School Plan for Student Achievement (SPSA) for Sojourner Truth Independent Study.,School Plan for Student Achievement,Chief Academic Officer,,,"Federal, State, and/or Local Funds As Specified In Plan",Approves the 2020-21 School Plan for Student Achievement for Sojourner Truth Independent Study,"The Board is approving the 2020-21 School Plan for Student Achievement for Sojourner Truth Independent Study. Each school's plan sets its academic goals and how it will use its federal, state and local funds. The text lists no dollar amount for this approval.",School plans,,school_plan,,,Sojourner Truth Independent Study,no_cost,,,,,,,true,2020-07-01,2021-06-30,after_work_began,,,Adopted on the General Consent Report,2020-08-26,true,auto_ok,sonnet-agent,enrich.v5.md,true,
2020-08-26:20-1468,2020-08-26,2020-08-26,regular,P.-38,80,general,Chief Academic Officer,20-1468,https://ousd.legistar.com/gateway.aspx?M=L&ID=50055,2020-2021 School Plan for Student Achievement (SPSA) - MetWest High School,Approval by the Board of Education of the 2020-2021 School Plan for Student Achievement (SPSA) for MetWest High School.,School Plan for Student Achievement,Chief Academic Officer,,,"Federal, State, and/or Local Funds As Specified In Plan",Approves the 2020-21 School Plan for Student Achievement for MetWest High School,"The Board is approving the 2020-21 School Plan for Student Achievement for MetWest High School. Each school's plan sets its academic goals and how it will use its federal, state and local funds. The text lists no dollar amount for this approval.",School plans,,school_plan,,,MetWest High School,no_cost,,,,,,,true,2020-07-01,2021-06-30,after_work_began,,,Adopted on the General Consent Report,2020-08-26,true,auto_ok,sonnet-agent,enrich.v5.md,true,
2020-08-26:20-1469,2020-08-26,2020-08-26,regular,P.-39,81,general,Chief Academic Officer,20-1469,https://ousd.legistar.com/gateway.aspx?M=L&ID=50056,2020-2021 School Plan for Student Achievement (SPSA) - Rudsdale Continuation High School,Approval by the Board of Education of the 2020-2021 School Plan for Student Achievement (SPSA) for Rudsdale Continuation High School.,School Plan for Student Achievement,Chief Academic Officer,,,"Federal, State, and/or Local Funds As Specified In Plan",Approves the 2020-21 School Plan for Student Achievement for Rudsdale Continuation High School,"The Board is approving the 2020-21 School Plan for Student Achievement for Rudsdale Continuation High School. Each school's plan sets its academic goals and how it will use its federal, state and local funds. The text lists no dollar amount for this approval.",School plans,,school_plan,,,Rudsdale Continuation High School,no_cost,,,,,,,true,2020-07-01,2021-06-30,after_work_began,,,Adopted on the General Consent Report,2020-08-26,true,auto_ok,sonnet-agent,enrich.v5.md,true,
2020-08-26:20-1470,2020-08-26,2020-08-26,regular,P.-40,82,general,Chief Academic Officer,20-1470,https://ousd.legistar.com/gateway.aspx?M=L&ID=50057,2020-2021 School Plan for Student Achievement (SPSA) - Oakland International High School,Approval by the Board of Education of the 2020-2021 School Plan for Student Achievement (SPSA) for Oakland International High School.,School Plan for Student Achievement,Chief Academic Officer,,,"Federal, State, and/or Local Funds As Specified In Plan",Approves the 2020-21 School Plan for Student Achievement for Oakland International High School,"The Board is approving the 2020-21 School Plan for Student Achievement for Oakland International High School. Each school's plan sets its academic goals and how it will use its federal, state and local funds. The text lists no dollar amount for this approval.",School plans,,school_plan,,,Oakland International High School,no_cost,,,,,,,true,2020-07-01,2021-06-30,after_work_began,,,Adopted on the General Consent Report,2020-08-26,true,auto_ok,sonnet-agent,enrich.v5.md,true,
2020-08-26:20-1475,2020-08-26,2020-08-26,regular,P.-41,83,general,Chief Academic Officer,20-1475,https://ousd.legistar.com/gateway.aspx?M=L&ID=50062,2020-2021 School Plan for Student Achievement (SPSA) - Claremont Middle School,Approval by the Board of Education of the 2020-2021 School Plan for Student Achievement (SPSA) for Claremont Middle School.,School Plan for Student Achievement,Chief Academic Officer,,,"Federal, State, and/or Local Funds As Specified In Plan",Approves the 2020-21 School Plan for Student Achievement for Claremont Middle School,"The Board is approving the 2020-21 School Plan for Student Achievement for Claremont Middle School. Each school's plan sets its academic goals and how it will use its federal, state and local funds. The text lists no dollar amount for this approval.",School plans,,school_plan,,,Claremont Middle School,no_cost,,,,,,,true,2020-07-01,2021-06-30,after_work_began,,,Adopted on the General Consent Report,2020-08-26,true,auto_ok,sonnet-agent,enrich.v5.md,true,
2020-08-26:20-1477,2020-08-26,2020-08-26,regular,P.-42,84,general,Chief Academic Officer,20-1477,https://ousd.legistar.com/gateway.aspx?M=L&ID=50064,2020-2021 School Plan for Student Achievement (SPSA) - West Oakland Middle School,Approval by the Board of Education of the 2020-2021 School Plan for Student Achievement (SPSA) for West Oakland Middle School.,School Plan for Student Achievement,Chief Academic Officer,,,"Federal, State, and/or Local Funds As Specified In Plan",Approves the 2020-21 School Plan for Student Achievement for West Oakland Middle School,"The Board is approving the 2020-21 School Plan for Student Achievement for West Oakland Middle School. Each school's plan sets its academic goals and how it will use its federal, state and local funds. The text lists no dollar amount for this approval.",School plans,,school_plan,,,West Oakland Middle School,no_cost,,,,,,,true,2020-07-01,2021-06-30,after_work_began,,,Adopted on the General Consent Report,2020-08-26,true,auto_ok,sonnet-agent,enrich.v5.md,true,
2020-08-26:20-1478,2020-08-26,2020-08-26,regular,P.-43,85,general,Chief Academic Officer,20-1478,https://ousd.legistar.com/gateway.aspx?M=L&ID=50065,2020-2021 School Plan for Student Achievement (SPSA) - Bret Harte Middle School,Approval by the Board of Education of the 2020-2021 School Plan for Student Achievement (SPSA) for Bret Harte Middle School.,School Plan for Student Achievement,Chief Academic Officer,,,"Federal, State, and/or Local Funds As Specified In Plan",Approves the 2020-21 School Plan for Student Achievement for Bret Harte Middle School,"The Board is approving the 2020-21 School Plan for Student Achievement for Bret Harte Middle School. Each school's plan sets its academic goals and how it will use its federal, state and local funds. The text lists no dollar amount for this approval.",School plans,,school_plan,,,Bret Harte Middle School,no_cost,,,,,,,true,2020-07-01,2021-06-30,after_work_began,,,Adopted on the General Consent Report,2020-08-26,true,auto_ok,sonnet-agent,enrich.v5.md,true,
2020-08-26:20-1479,2020-08-26,2020-08-26,regular,P.-44,86,general,Chief Academic Officer,20-1479,https://ousd.legistar.com/gateway.aspx?M=L&ID=50066,2020-2021 School Plan for Student Achievement (SPSA) - Roosevelt Middle School,Approval by the Board of Education of the 2020-2021 School Plan for Student Achievement (SPSA) for Roosevelt Middle School.,School Plan for Student Achievement,Chief Academic Officer,,,"Federal, State, and/or Local Funds As Specified In Plan",Approves the 2020-21 School Plan for Student Achievement for Roosevelt Middle School,"The Board is approving the 2020-21 School Plan for Student Achievement for Roosevelt Middle School. Each school's plan sets its academic goals and how it will use its federal, state and local funds. The text lists no dollar amount for this approval.",School plans,,school_plan,,,Roosevelt Middle School,no_cost,,,,,,,true,2020-07-01,2021-06-30,after_work_began,,,Adopted on the General Consent Report,2020-08-26,true,auto_ok,sonnet-agent,enrich.v5.md,true,
2020-08-26:20-1480,2020-08-26,2020-08-26,regular,P.-45,87,general,Chief Academic Officer,20-1480,https://ousd.legistar.com/gateway.aspx?M=L&ID=50067,2020-2021 School Plan for Student Achievement (SPSA) - Edna Brewer Middle School,Approval by the Board of Education of the 2020-2021 School Plan for Student Achievement (SPSA) for Edna Brewer Middle School.,School Plan for Student Achievement,Chief Academic Officer,,,"Federal, State, and/or Local Funds As Specified In Plan",Approves the 2020-21 School Plan for Student Achievement for Edna Brewer Middle School,"The Board is approving the 2020-21 School Plan for Student Achievement for Edna Brewer Middle School. Each school's plan sets its academic goals and how it will use its federal, state and local funds. The text lists no dollar amount for this approval.",School plans,,school_plan,,,Edna Brewer Middle School,no_cost,,,,,,,true,2020-07-01,2021-06-30,pulled_from_consent; after_work_began,,"Adopted in its own vote at this meeting (7–0), instead of with the rest of the consent report.",Adopted,2020-08-26,true,auto_ok,sonnet-agent,enrich.v5.md,true,
2020-08-26:20-1481,2020-08-26,2020-08-26,regular,P.-46,88,general,Chief Academic Officer,20-1481,https://ousd.legistar.com/gateway.aspx?M=L&ID=50068,2020-2021 School Plan for Student Achievement (SPSA) - Frick United Academy of Language,Approval by the Board of Education of the 2020-2021 School Plan for Student Achievement (SPSA) for Frick United Academy of Language.,School Plan for Student Achievement,Chief Academic Officer,,,"Federal, State, and/or Local Funds As Specified In Plan",Approves the 2020-21 School Plan for Student Achievement for Frick United Academy of Language,"The Board is approving the 2020-21 School Plan for Student Achievement for Frick United Academy of Language. Each school's plan sets its academic goals and how it will use its federal, state and local funds. The text lists no dollar amount for this approval.",School plans,,school_plan,,,Frick United Academy of Language,no_cost,,,,,,,true,2020-07-01,2021-06-30,after_work_began,,,Adopted on the General Consent Report,2020-08-26,true,auto_ok,sonnet-agent,enrich.v5.md,true,
2020-08-26:20-1482,2020-08-26,2020-08-26,regular,P.-47,89,general,Chief Academic Officer,20-1482,https://ousd.legistar.com/gateway.aspx?M=L&ID=50069,2020-2021 School Plan for Student Achievement (SPSA) - United for Success Academy,Approval by the Board of Education of the 2020-2021 School Plan for Student Achievement (SPSA) for United for Success Academy.,School Plan for Student Achievement,Chief Academic Officer,,,"Federal, State, and/or Local Funds As Specified In Plan",Approves the 2020-21 School Plan for Student Achievement for United for Success Academy,"The Board is approving the 2020-21 School Plan for Student Achievement for United for Success Academy. Each school's plan sets its academic goals and how it will use its federal, state and local funds. The text lists no dollar amount for this approval.",School plans,,school_plan,,,United for Success Academy,no_cost,,,,,,,true,2020-07-01,2021-06-30,after_work_began,,,Adopted on the General Consent Report,2020-08-26,true,auto_ok,sonnet-agent,enrich.v5.md,true,
2020-08-26:20-1483,2020-08-26,2020-08-26,regular,P.-48,90,general,Chief Academic Officer,20-1483,https://ousd.legistar.com/gateway.aspx?M=L&ID=50070,2020-2021 School Plan for Student Achievement (SPSA) - Elmhurst United Middle School,Approval by the Board of Education of the 2020-2021 School Plan for Student Achievement (SPSA) for Elmhurst United Middle School.,School Plan for Student Achievement,Chief Academic Officer,,,"Federal, State, and/or Local Funds As Specified In Plan",Approves the 2020-21 School Plan for Student Achievement for Elmhurst United Middle School,"The Board is approving the 2020-21 School Plan for Student Achievement for Elmhurst United Middle School. Each school's plan sets its academic goals and how it will use its federal, state and local funds. The text lists no dollar amount for this approval.",School plans,,school_plan,,,Elmhurst United Middle School,no_cost,,,,,,,true,2020-07-01,2021-06-30,after_work_began,,,Adopted on the General Consent Report,2020-08-26,true,auto_ok,sonnet-agent,enrich.v5.md,true,
2020-08-26:20-1484,2020-08-26,2020-08-26,regular,P.-49,91,general,Chief Academic Officer,20-1484,https://ousd.legistar.com/gateway.aspx?M=L&ID=50071,2020-2021 School Plan for Student Achievement (SPSA) - Urban Promise Academy,Approval by the Board of Education of the 2020-2021 School Plan for Student Achievement (SPSA) for Urban Promise Academy.,School Plan for Student Achievement,Chief Academic Officer,,,"Federal, State, and/or Local Funds As Specified In Plan",Approves the 2020-21 School Plan for Student Achievement for Urban Promise Academy,"The Board is approving the 2020-21 School Plan for Student Achievement for Urban Promise Academy. Each school's plan sets its academic goals and how it will use its federal, state and local funds. The text lists no dollar amount for this approval.",School plans,,school_plan,,,Urban Promise Academy,no_cost,,,,,,,true,2020-07-01,2021-06-30,after_work_began,,,Adopted on the General Consent Report,2020-08-26,true,auto_ok,sonnet-agent,enrich.v5.md,true,
2020-08-26:20-1485,2020-08-26,2020-08-26,regular,P.-50,92,general,Chief Academic Officer,20-1485,https://ousd.legistar.com/gateway.aspx?M=L&ID=50072,2020-2021 School Plan for Student Achievement (SPSA) - Westlake Middle School,Approval by the Board of Education of the 2020-2021 School Plan for Student Achievement (SPSA) for Westlake Middle School.,School Plan for Student Achievement,Chief Academic Officer,,,"Federal, State, and/or Local Funds As Specified In Plan",Approves the 2020-21 School Plan for Student Achievement for Westlake Middle School,"The Board is approving the 2020-21 School Plan for Student Achievement for Westlake Middle School. Each school's plan sets its academic goals and how it will use its federal, state and local funds. The text lists no dollar amount for this approval.",School plans,,school_plan,,,Westlake Middle School,no_cost,,,,,,,true,2020-07-01,2021-06-30,after_work_began,,,Adopted on the General Consent Report,2020-08-26,true,auto_ok,sonnet-agent,enrich.v5.md,true,
2020-08-26:20-1489,2020-08-26,2020-08-26,regular,P.-52,94,general,Chief Academic Officer,20-1489,https://ousd.legistar.com/gateway.aspx?M=L&ID=50076,2020-2021 School Plan for Student Achievement (SPSA) - Crocker Highlands Elementary School,Approval by the Board of Education of the 2020-2021 School Plan for Student Achievement (SPSA) for Crocker Highlands Elementary School.,School Plan for Student Achievement,Chief Academic Officer,,,"Federal, State, and/or Local Funds As Specified In Plan",Approves the 2020-21 School Plan for Student Achievement for Crocker Highlands Elementary School,"The Board is approving the 2020-21 School Plan for Student Achievement for Crocker Highlands Elementary School. Each school's plan sets its academic goals and how it will use its federal, state and local funds. The text lists no dollar amount for this approval.",School plans,,school_plan,,,Crocker Highlands Elementary School,no_cost,,,,,,,true,2020-07-01,2021-06-30,after_work_began,,,Adopted on the General Consent Report,2020-08-26,true,auto_ok,sonnet-agent,enrich.v5.md,true,
2020-08-26:20-1490,2020-08-26,2020-08-26,regular,P.-53,95,general,Chief Academic Officer,20-1490,https://ousd.legistar.com/gateway.aspx?M=L&ID=50077,2020-2021 School Plan for Student Achievement (SPSA) - Global Family Elementary School,Approval by the Board of Education of the 2020-2021 School Plan for Student Achievement (SPSA) for Global Family Elementary School.,School Plan for Student Achievement,Chief Academic Officer,,,"Federal, State, and/or Local Funds As Specified In Plan",Approves the 2020-21 School Plan for Student Achievement for Global Family Elementary School,"The Board is approving the 2020-21 School Plan for Student Achievement for Global Family Elementary School. Each school's plan sets its academic goals and how it will use its federal, state and local funds. The text lists no dollar amount for this approval.",School plans,,school_plan,,,Global Family Elementary School,no_cost,,,,,,,true,2020-07-01,2021-06-30,after_work_began,,,Adopted on the General Consent Report,2020-08-26,true,auto_ok,sonnet-agent,enrich.v5.md,true,
2020-08-26:20-1491,2020-08-26,2020-08-26,regular,P.-54,96,general,Chief Academic Officer,20-1491,https://ousd.legistar.com/gateway.aspx?M=L&ID=50078,2020-2021 School Plan for Student Achievement (SPSA) - Emerson Elementary School,Approval by the Board of Education of the 2020-2021 School Plan for Student Achievement (SPSA) for Emerson Elementary School.,School Plan for Student Achievement,Chief Academic Officer,,,"Federal, State, and/or Local Funds As Specified In Plan",Approves the 2020-21 School Plan for Student Achievement for Emerson Elementary School,"The Board is approving the 2020-21 School Plan for Student Achievement for Emerson Elementary School. Each school's plan sets its academic goals and how it will use its federal, state and local funds. The text lists no dollar amount for this approval.",School plans,,school_plan,,,Emerson Elementary School,no_cost,,,,,,,true,2020-07-01,2021-06-30,after_work_began,,,Adopted on the General Consent Report,2020-08-26,true,auto_ok,sonnet-agent,enrich.v5.md,true,
2020-08-26:20-1492,2020-08-26,2020-08-26,regular,P.-55,97,general,Chief Academic Officer,20-1492,https://ousd.legistar.com/gateway.aspx?M=L&ID=50079,2020-2021 School Plan for Student Achievement (SPSA) - Hillcrest Elementary School,Approval by the Board of Education of the 2020-2021 School Plan for Student Achievement (SPSA) for Hillcrest School.,School Plan for Student Achievement,Chief Academic Officer,,,"Federal, State, and/or Local Funds As Specified In Plan",Approves the 2020-21 School Plan for Student Achievement for Hillcrest Elementary School,"The Board is approving the 2020-21 School Plan for Student Achievement for Hillcrest Elementary School. Each school's plan sets its academic goals and how it will use its federal, state and local funds. The text lists no dollar amount for this approval.",School plans,,school_plan,,,Hillcrest Elementary School,no_cost,,,,,,,true,2020-07-01,2021-06-30,after_work_began,,,Adopted on the General Consent Report,2020-08-26,true,auto_ok,sonnet-agent,enrich.v5.md,true,
2020-08-26:20-1493,2020-08-26,2020-08-26,regular,P.-56,98,general,Chief Academic Officer,20-1493,https://ousd.legistar.com/gateway.aspx?M=L&ID=50080,2020-2021 School Plan for Student Achievement (SPSA) - Montclair Elementary School,Approval by the Board of Education of the 2020-2021 School Plan for Student Achievement (SPSA) for Montclair Elementary School.,School Plan for Student Achievement,Chief Academic Officer,,,"Federal, State, and/or Local Funds As Specified In Plan",Approves the 2020-21 School Plan for Student Achievement for Montclair Elementary School,"The Board is approving the 2020-21 School Plan for Student Achievement for Montclair Elementary School. Each school's plan sets its academic goals and how it will use its federal, state and local funds. The text lists no dollar amount for this approval.",School plans,,school_plan,,,Montclair Elementary School,no_cost,,,,,,,true,2020-07-01,2021-06-30,after_work_began,,,Adopted on the General Consent Report,2020-08-26,true,auto_ok,sonnet-agent,enrich.v5.md,true,
2020-08-26:20-1494,2020-08-26,2020-08-26,regular,P.-57,99,general,Chief Academic Officer,20-1494,https://ousd.legistar.com/gateway.aspx?M=L&ID=50081,2020-2021 School Plan for Student Achievement (SPSA) - Peralta Elementary School,Approval by the Board of Education of the 2020-2021 School Plan for Student Achievement (SPSA) for Peralta Elementary School.,School Plan for Student Achievement,Chief Academic Officer,,,"Federal, State, and/or Local Funds As Specified In Plan",Approves the 2020-21 School Plan for Student Achievement for Peralta Elementary School,"The Board is approving the 2020-21 School Plan for Student Achievement for Peralta Elementary School. Each school's plan sets its academic goals and how it will use its federal, state and local funds. The text lists no dollar amount for this approval.",School plans,,school_plan,,,Peralta Elementary School,no_cost,,,,,,,true,2020-07-01,2021-06-30,after_work_began,,,Adopted on the General Consent Report,2020-08-26,true,auto_ok,sonnet-agent,enrich.v5.md,true,
2020-08-26:20-1495,2020-08-26,2020-08-26,regular,P.-58,100,general,Chief Academic Officer,20-1495,https://ousd.legistar.com/gateway.aspx?M=L&ID=50082,2020-2021 School Plan for Student Achievement (SPSA) - Thornhill Elementary School,Approval by the Board of Education of the 2020-2021 School Plan for Student Achievement (SPSA) for Thornhill Elementary School.,School Plan for Student Achievement,Chief Academic Officer,,,"Federal, State, and/or Local Funds As Specified In Plan",Approves the 2020-21 School Plan for Student Achievement for Thornhill Elementary School,"The Board is approving the 2020-21 School Plan for Student Achievement for Thornhill Elementary School. Each school's plan sets its academic goals and how it will use its federal, state and local funds. The text lists no dollar amount for this approval.",School plans,,school_plan,,,Thornhill Elementary School,no_cost,,,,,,,true,2020-07-01,2021-06-30,after_work_began,,,Adopted on the General Consent Report,2020-08-26,true,auto_ok,sonnet-agent,enrich.v5.md,true,
2020-08-26:20-1496,2020-08-26,2020-08-26,regular,P.-59,101,general,Chief Academic Officer,20-1496,https://ousd.legistar.com/gateway.aspx?M=L&ID=50083,2020-2021 School Plan for Student Achievement (SPSA) - Korematsu Discovery Academy,Approval by the Board of Education of the 2020-2021 School Plan for Student Achievement (SPSA) for Fred T. Korematsu Discovery Academy.,School Plan for Student Achievement,Chief Academic Officer,,,"Federal, State, and/or Local Funds As Specified In Plan",Approves the 2020-21 School Plan for Student Achievement for Fred T. Korematsu Discovery Academy,"The Board is approving the 2020-21 School Plan for Student Achievement for Fred T. Korematsu Discovery Academy. Each school's plan sets its academic goals and how it will use its federal, state and local funds. The text lists no dollar amount for this approval.",School plans,,school_plan,,,Fred T. Korematsu Discovery Academy,no_cost,,,,,,,true,2020-07-01,2021-06-30,after_work_began,,,Adopted on the General Consent Report,2020-08-26,true,auto_ok,sonnet-agent,enrich.v5.md,true,
2020-08-26:20-1497,2020-08-26,2020-08-26,regular,P.-60,102,general,Chief Academic Officer,20-1497,https://ousd.legistar.com/gateway.aspx?M=L&ID=50084,2020-2021 School Plan for Student Achievement (SPSA) - Esperanza Elementary School,Approval by the Board of Education of the 2020-2021 School Plan for Student Achievement (SPSA) for Esperanza Elementary School.,School Plan for Student Achievement,Chief Academic Officer,,,"Federal, State, and/or Local Funds As Specified In Plan",Approves the 2020-21 School Plan for Student Achievement for Esperanza Elementary School,"The Board is approving the 2020-21 School Plan for Student Achievement for Esperanza Elementary School. Each school's plan sets its academic goals and how it will use its federal, state and local funds. The text lists no dollar amount for this approval.",School plans,,school_plan,,,Esperanza Elementary School,no_cost,,,,,,,true,2020-07-01,2021-06-30,after_work_began,,,Adopted on the General Consent Report,2020-08-26,true,auto_ok,sonnet-agent,enrich.v5.md,true,
2020-08-26:20-1498,2020-08-26,2020-08-26,regular,P.-61,103,general,Chief Academic Officer,20-1498,https://ousd.legistar.com/gateway.aspx?M=L&ID=50085,2020-2021 School Plan for Student Achievement (SPSA) - Bridges Academy,Approval by the Board of Education of the 2020-2021 School Plan for Student Achievement (SPSA) for Bridges Academy.,School Plan for Student Achievement,Chief Academic Officer,,,"Federal, State, and/or Local Funds As Specified In Plan",Approves the 2020-21 School Plan for Student Achievement for Bridges Academy,"The Board is approving the 2020-21 School Plan for Student Achievement for Bridges Academy. Each school's plan sets its academic goals and how it will use its federal, state and local funds. The text lists no dollar amount for this approval.",School plans,,school_plan,,,Bridges Academy,no_cost,,,,,,,true,2020-07-01,2021-06-30,after_work_began,,,Adopted on the General Consent Report,2020-08-26,true,auto_ok,sonnet-agent,enrich.v5.md,true,
2020-08-26:20-1499,2020-08-26,2020-08-26,regular,P.-62,104,general,Chief Academic Officer,20-1499,https://ousd.legistar.com/gateway.aspx?M=L&ID=50086,2020-2021 School Plan for Student Achievement (SPSA) - Manzanita Community School,Approval by the Board of Education of the 2020-2021 School Plan for Student Achievement (SPSA) for Manzanita Community School.,School Plan for Student Achievement,Chief Academic Officer,,,"Federal, State, and/or Local Funds As Specified In Plan",Approves the 2020-21 School Plan for Student Achievement for Manzanita Community School,The Board approves Manzanita Community School's School Plan for Student Achievement (SPSA) for the 2020-21 school year. The yearly plan sets out the school's goals and how it will use its funds. No dollar amount is stated in the item.,School plans,,school_plan,,,Manzanita Community School,no_cost,,,,,,,true,2020-07-01,2021-06-30,after_work_began,,,Adopted on the General Consent Report,2020-08-26,true,auto_ok,sonnet-agent,enrich.v5.md,true,
2020-08-26:20-1500,2020-08-26,2020-08-26,regular,P.-63,105,general,Chief Academic Officer,20-1500,https://ousd.legistar.com/gateway.aspx?M=L&ID=50087,2020-2021 School Plan for Student Achievement (SPSA) - International Community School,Approval by the Board of Education of the 2020-2021 School Plan for Student Achievement (SPSA) for International Community School.,School Plan for Student Achievement,Chief Academic Officer,,,"Federal, State, and/or Local Funds As Specified In Plan",Approves the 2020-21 School Plan for Student Achievement for International Community School,The Board approves International Community School's School Plan for Student Achievement (SPSA) for the 2020-21 school year. The yearly plan sets out the school's goals and how it will use its funds. No dollar amount is stated in the item.,School plans,,school_plan,,,International Community School,no_cost,,,,,,,true,2020-07-01,2021-06-30,after_work_began,,,Adopted on the General Consent Report,2020-08-26,true,auto_ok,sonnet-agent,enrich.v5.md,true,
2020-08-26:20-1501,2020-08-26,2020-08-26,regular,P.-64,106,general,Chief Academic Officer,20-1501,https://ousd.legistar.com/gateway.aspx?M=L&ID=50088,2020-2021 School Plan for Student Achievement (SPSA) - Think College Now Elementary School,Approval by the Board of Education of the 2020-2021 School Plan for Student Achievement (SPSA) for Think College Now Elementary School.,School Plan for Student Achievement,Chief Academic Officer,,,"Federal, State, and/or Local Funds As Specified In Plan",Approves the 2020-21 School Plan for Student Achievement for Think College Now Elementary School,The Board approves Think College Now Elementary School's School Plan for Student Achievement (SPSA) for the 2020-21 school year. The yearly plan sets out the school's goals and how it will use its funds. No dollar amount is stated in the item.,School plans,,school_plan,,,Think College Now Elementary School,no_cost,,,,,,,true,2020-07-01,2021-06-30,after_work_began,,,Adopted on the General Consent Report,2020-08-26,true,auto_ok,sonnet-agent,enrich.v5.md,true,
2020-08-26:20-1502,2020-08-26,2020-08-26,regular,P.-65,107,general,Chief Academic Officer,20-1502,https://ousd.legistar.com/gateway.aspx?M=L&ID=50089,2020-2021 School Plan for Student Achievement (SPSA) - Bella Vista Elementary School,Approval by the Board of Education of the 2020-2021 School Plan for Student Achievement (SPSA) for Bella Vista Elementary School.,School Plan for Student Achievement,Chief Academic Officer,,,"Federal, State, and/or Local Funds As Specified In Plan",Approves the 2020-21 School Plan for Student Achievement for Bella Vista Elementary School,The Board approves Bella Vista Elementary School's School Plan for Student Achievement (SPSA) for the 2020-21 school year. The yearly plan sets out the school's goals and how it will use its funds. No dollar amount is stated in the item.,School plans,,school_plan,,,Bella Vista Elementary School,no_cost,,,,,,,true,2020-07-01,2021-06-30,after_work_began,,,Adopted on the General Consent Report,2020-08-26,true,auto_ok,sonnet-agent,enrich.v5.md,true,
2020-08-26:20-1503,2020-08-26,2020-08-26,regular,P.-66,108,general,Chief Academic Officer,20-1503,https://ousd.legistar.com/gateway.aspx?M=L&ID=50090,2020-2021 School Plan for Student Achievement (SPSA) - Brookfield Elementary School,Approval by the Board of Education of the 2020-2021 School Plan for Student Achievement (SPSA) for Brookfield Elementary School.,School Plan for Student Achievement,Chief Academic Officer,,,"Federal, State, and/or Local Funds As Specified In Plan",Approves the 2020-21 School Plan for Student Achievement for Brookfield Elementary School,The Board approves Brookfield Elementary School's School Plan for Student Achievement (SPSA) for the 2020-21 school year. The yearly plan sets out the school's goals and how it will use its funds. No dollar amount is stated in the item.,School plans,,school_plan,,,Brookfield Elementary School,no_cost,,,,,,,true,2020-07-01,2021-06-30,after_work_began,,,Adopted on the General Consent Report,2020-08-26,true,auto_ok,sonnet-agent,enrich.v5.md,true,
2020-08-26:20-1504,2020-08-26,2020-08-26,regular,P.-67,109,general,Chief Academic Officer,20-1504,https://ousd.legistar.com/gateway.aspx?M=L&ID=50091,2020-2021 School Plan for Student Achievement (SPSA) - East Oakland PRIDE Elementary School,Approval by the Board of Education of the 2020-2021 School Plan for Student Achievement (SPSA) for East Oakland PRIDE Elementary School.,School Plan for Student Achievement,Chief Academic Officer,,,"Federal, State, and/or Local Funds As Specified In Plan",Approves the 2020-21 School Plan for Student Achievement for East Oakland PRIDE Elementary School,The Board approves East Oakland PRIDE Elementary School's School Plan for Student Achievement (SPSA) for the 2020-21 school year. The yearly plan sets out the school's goals and how it will use its funds. No dollar amount is stated in the item.,School plans,,school_plan,,,East Oakland PRIDE Elementary School,no_cost,,,,,,,true,2020-07-01,2021-06-30,after_work_began,,,Adopted on the General Consent Report,2020-08-26,true,auto_ok,sonnet-agent,enrich.v5.md,true,
2020-08-26:20-1505,2020-08-26,2020-08-26,regular,P.-68,110,general,Chief Academic Officer,20-1505,https://ousd.legistar.com/gateway.aspx?M=L&ID=50092,2020-2021 School Plan for Student Achievement (SPSA) - Cleveland Elementary School,Approval by the Board of Education of the 2020-2021 School Plan for Student Achievement (SPSA) for Cleveland Elementary School.,School Plan for Student Achievement,Chief Academic Officer,,,"Federal, State, and/or Local Funds As Specified In Plan",Approves the 2020-21 School Plan for Student Achievement for Cleveland Elementary School,The Board approves Cleveland Elementary School's School Plan for Student Achievement (SPSA) for the 2020-21 school year. The yearly plan sets out the school's goals and how it will use its funds. No dollar amount is stated in the item.,School plans,,school_plan,,,Cleveland Elementary School,no_cost,,,,,,,true,2020-07-01,2021-06-30,after_work_began,,,Adopted on the General Consent Report,2020-08-26,true,auto_ok,sonnet-agent,enrich.v5.md,true,
2020-08-26:20-1506,2020-08-26,2020-08-26,regular,P.-69,111,general,Chief Academic Officer,20-1506,https://ousd.legistar.com/gateway.aspx?M=L&ID=50093,2020-2021 School Plan for Student Achievement (SPSA) - Greenleaf Elementary School,Approval by the Board of Education of the 2020-2021 School Plan for Student Achievement (SPSA) for Greenleaf Elementary School.,School Plan for Student Achievement,Chief Academic Officer,,,"Federal, State, and/or Local Funds As Specified In Plan",Approves the 2020-21 School Plan for Student Achievement for Greenleaf Elementary School,The Board approves Greenleaf Elementary School's School Plan for Student Achievement (SPSA) for the 2020-21 school year. The yearly plan sets out the school's goals and how it will use its funds. No dollar amount is stated in the item.,School plans,,school_plan,,,Greenleaf Elementary School,no_cost,,,,,,,true,2020-07-01,2021-06-30,after_work_began,,,Adopted on the General Consent Report,2020-08-26,true,auto_ok,sonnet-agent,enrich.v5.md,true,
2020-08-26:20-1507,2020-08-26,2020-08-26,regular,P.-70,112,general,Chief Academic Officer,20-1507,https://ousd.legistar.com/gateway.aspx?M=L&ID=50094,2020-2021 School Plan for Student Achievement (SPSA) - Grass Valley Elementary School,Approval by the Board of Education of the 2020-2021 School Plan for Student Achievement (SPSA) for Grass Valley Elementary School.,School Plan for Student Achievement,Chief Academic Officer,,,"Federal, State, and/or Local Funds As Specified In Plan",Approves the 2020-21 School Plan for Student Achievement for Grass Valley Elementary School,The Board approves Grass Valley Elementary School's School Plan for Student Achievement (SPSA) for the 2020-21 school year. The yearly plan sets out the school's goals and how it will use its funds. No dollar amount is stated in the item.,School plans,,school_plan,,,Grass Valley Elementary School,no_cost,,,,,,,true,2020-07-01,2021-06-30,after_work_began,,,Adopted on the General Consent Report,2020-08-26,true,auto_ok,sonnet-agent,enrich.v5.md,true,
2020-08-26:20-1508,2020-08-26,2020-08-26,regular,P.-71,113,general,Chief Academic Officer,20-1508,https://ousd.legistar.com/gateway.aspx?M=L&ID=50095,2020-2021 School Plan for Student Achievement (SPSA) - Horace Mann Elementary School,Approval by the Board of Education of the 2020-2021 School Plan for Student Achievement (SPSA) for Horace Mann Elementary School.,School Plan for Student Achievement,Chief Academic Officer,,,"Federal, State, and/or Local Funds As Specified In Plan",Approves the 2020-21 School Plan for Student Achievement for Horace Mann Elementary School,The Board approves Horace Mann Elementary School's School Plan for Student Achievement (SPSA) for the 2020-21 school year. The yearly plan sets out the school's goals and how it will use its funds. No dollar amount is stated in the item.,School plans,,school_plan,,,Horace Mann Elementary School,no_cost,,,,,,,true,2020-07-01,2021-06-30,after_work_began,,,Adopted on the General Consent Report,2020-08-26,true,auto_ok,sonnet-agent,enrich.v5.md,true,
2020-08-26:20-1509,2020-08-26,2020-08-26,regular,P.-72,114,general,Chief Academic Officer,20-1509,https://ousd.legistar.com/gateway.aspx?M=L&ID=50096,2020-2021 School Plan for Student Achievement (SPSA) - Madison Park Academy (Primary),Approval by the Board of Education of the 2020-2021 School Plan for Student Achievement (SPSA) for Madison Park Academy (Primary - TK-5).,School Plan for Student Achievement,Chief Academic Officer,,,"Federal, State, and/or Local Funds As Specified In Plan",Approves the 2020-21 School Plan for Student Achievement for Madison Park Academy (Primary),The Board approves Madison Park Academy (Primary)'s School Plan for Student Achievement (SPSA) for the 2020-21 school year. The yearly plan sets out the school's goals and how it will use its funds. No dollar amount is stated in the item.,School plans,,school_plan,,,Madison Park Academy (Primary),no_cost,,,,,,,true,2020-07-01,2021-06-30,after_work_began,,,Adopted on the General Consent Report,2020-08-26,true,auto_ok,sonnet-agent,enrich.v5.md,true,
2020-08-26:20-1510,2020-08-26,2020-08-26,regular,P.-73,115,general,Chief Academic Officer,20-1510,https://ousd.legistar.com/gateway.aspx?M=L&ID=50097,2020-2021 School Plan for Student Achievement (SPSA) - Howard Elementary School,Approval by the Board of Education of the 2020-2021 School Plan for Student Achievement (SPSA) for Howard Elementary School.,School Plan for Student Achievement,Chief Academic Officer,,,"Federal, State, and/or Local Funds As Specified In Plan",Approves the 2020-21 School Plan for Student Achievement for Howard Elementary School,The Board approves Howard Elementary School's School Plan for Student Achievement (SPSA) for the 2020-21 school year. The yearly plan sets out the school's goals and how it will use its funds. No dollar amount is stated in the item.,School plans,,school_plan,,,Howard Elementary School,no_cost,,,,,,,true,2020-07-01,2021-06-30,after_work_began,,,Adopted on the General Consent Report,2020-08-26,true,auto_ok,sonnet-agent,enrich.v5.md,true,
2020-08-26:20-1511,2020-08-26,2020-08-26,regular,P.-74,116,general,Chief Academic Officer,20-1511,https://ousd.legistar.com/gateway.aspx?M=L&ID=50098,2020-2021 School Plan for Student Achievement (SPSA) - Carl B. Munck Elementary School,Approval by the Board of Education of the 2020-2021 School Plan for Student Achievement (SPSA) for Carl B. Munck Elementary School.,School Plan for Student Achievement,Chief Academic Officer,,,"Federal, State, and/or Local Funds As Specified In Plan",Approves the 2020-21 School Plan for Student Achievement for Carl B. Munck Elementary School,The Board approves Carl B. Munck Elementary School's School Plan for Student Achievement (SPSA) for the 2020-21 school year. The yearly plan sets out the school's goals and how it will use its funds. No dollar amount is stated in the item.,School plans,,school_plan,,,Carl B. Munck Elementary School,no_cost,,,,,,,true,2020-07-01,2021-06-30,after_work_began,,,Adopted on the General Consent Report,2020-08-26,true,auto_ok,sonnet-agent,enrich.v5.md,true,
2020-08-26:20-1512,2020-08-26,2020-08-26,regular,P.-75,117,general,Chief Academic Officer,20-1512,https://ousd.legistar.com/gateway.aspx?M=L&ID=50099,2020-2021 School Plan for Student Achievement (SPSA) - Hoover Elementary School,Approval by the Board of Education of the 2020-2021 School Plan for Student Achievement (SPSA) for Hoover Elementary School.,School Plan for Student Achievement,Chief Academic Officer,,,"Federal, State, and/or Local Funds As Specified In Plan",Approves the 2020-21 School Plan for Student Achievement for Hoover Elementary School,The Board approves Hoover Elementary School's School Plan for Student Achievement (SPSA) for the 2020-21 school year. The yearly plan sets out the school's goals and how it will use its funds. No dollar amount is stated in the item.,School plans,,school_plan,,,Hoover Elementary School,no_cost,,,,,,,true,2020-07-01,2021-06-30,after_work_began,,,Adopted on the General Consent Report,2020-08-26,true,auto_ok,sonnet-agent,enrich.v5.md,true,
2020-08-26:20-1513,2020-08-26,2020-08-26,regular,P.-76,118,general,Chief Academic Officer,20-1513,https://ousd.legistar.com/gateway.aspx?M=L&ID=50100,2020-2021 School Plan for Student Achievement (SPSA) - Allendale Elementary School,Approval by the Board of Education of the 2020-2021 School Plan for Student Achievement (SPSA) for Allendale Elementary School.,School Plan for Student Achievement,Chief Academic Officer,,,"Federal, State, and/or Local Funds As Specified In Plan",Approves the 2020-21 School Plan for Student Achievement for Allendale Elementary School,The Board approves Allendale Elementary School's School Plan for Student Achievement (SPSA) for the 2020-21 school year. The yearly plan sets out the school's goals and how it will use its funds. No dollar amount is stated in the item.,School plans,,school_plan,,,Allendale Elementary School,no_cost,,,,,,,true,2020-07-01,2021-06-30,after_work_began,,,Adopted on the General Consent Report,2020-08-26,true,auto_ok,sonnet-agent,enrich.v5.md,true,
2020-08-26:20-1514,2020-08-26,2020-08-26,regular,P.-77,119,general,Chief Academic Officer,20-1514,https://ousd.legistar.com/gateway.aspx?M=L&ID=50101,2020-2021 School Plan for Student Achievement (SPSA) - Franklin Elementary School,Approval by the Board of Education of the 2020-2021 School Plan for Student Achievement (SPSA) for Franklin Elementary School.,School Plan for Student Achievement,Chief Academic Officer,,,"Federal, State, and/or Local Funds As Specified In Plan",Approves the 2020-21 School Plan for Student Achievement for Franklin Elementary School,The Board approves Franklin Elementary School's School Plan for Student Achievement (SPSA) for the 2020-21 school year. The yearly plan sets out the school's goals and how it will use its funds. No dollar amount is stated in the item.,School plans,,school_plan,,,Franklin Elementary School,no_cost,,,,,,,true,2020-07-01,2021-06-30,after_work_began,,,Adopted on the General Consent Report,2020-08-26,true,auto_ok,sonnet-agent,enrich.v5.md,true,
2020-08-26:20-1515,2020-08-26,2020-08-26,regular,P.-78,120,general,Chief Academic Officer,20-1515,https://ousd.legistar.com/gateway.aspx?M=L&ID=50102,2020-2021 School Plan for Student Achievement (SPSA) - Fruitvale Elementary School,Approval by the Board of Education of the 2020-2021 School Plan for Student Achievement (SPSA) for Fruitvale Elementary School.,School Plan for Student Achievement,Chief Academic Officer,,,"Federal, State, and/or Local Funds As Specified In Plan",Approves the 2020-21 School Plan for Student Achievement for Fruitvale Elementary School,The Board approves Fruitvale Elementary School's School Plan for Student Achievement (SPSA) for the 2020-21 school year. The yearly plan sets out the school's goals and how it will use its funds. No dollar amount is stated in the item.,School plans,,school_plan,,,Fruitvale Elementary School,no_cost,,,,,,,true,2020-07-01,2021-06-30,after_work_began,,,Adopted on the General Consent Report,2020-08-26,true,auto_ok,sonnet-agent,enrich.v5.md,true,
2020-08-26:20-1516,2020-08-26,2020-08-26,regular,P.-79,121,general,Chief Academic Officer,20-1516,https://ousd.legistar.com/gateway.aspx?M=L&ID=50103,2020-2021 School Plan for Student Achievement (SPSA) - Garfield Elementary School,Approval by the Board of Education of the 2020-2021 School Plan for Student Achievement (SPSA) for Garfield Elementary School.,School Plan for Student Achievement,Chief Academic Officer,,,"Federal, State, and/or Local Funds As Specified In Plan",Approves the 2020-21 School Plan for Student Achievement for Garfield Elementary School,The Board approves Garfield Elementary School's School Plan for Student Achievement (SPSA) for the 2020-21 school year. The yearly plan sets out the school's goals and how it will use its funds. No dollar amount is stated in the item.,School plans,,school_plan,,,Garfield Elementary School,no_cost,,,,,,,true,2020-07-01,2021-06-30,after_work_began,,,Adopted on the General Consent Report,2020-08-26,true,auto_ok,sonnet-agent,enrich.v5.md,true,
2020-08-26:20-1517,2020-08-26,2020-08-26,regular,P.-80,122,general,Chief Academic Officer,20-1517,https://ousd.legistar.com/gateway.aspx?M=L&ID=50104,2020-2021 School Plan for Student Achievement (SPSA) - Glenview Elementary School,Approval by the Board of Education of the 2020-2021 School Plan for Student Achievement (SPSA) for Glenview Elementary School.,School Plan for Student Achievement,Chief Academic Officer,,,"Federal, State, and/or Local Funds As Specified In Plan",Approves the 2020-21 School Plan for Student Achievement for Glenview Elementary School,The Board approves Glenview Elementary School's School Plan for Student Achievement (SPSA) for the 2020-21 school year. The yearly plan sets out the school's goals and how it will use its funds. No dollar amount is stated in the item.,School plans,,school_plan,,,Glenview Elementary School,no_cost,,,,,,,true,2020-07-01,2021-06-30,after_work_began,,,Adopted on the General Consent Report,2020-08-26,true,auto_ok,sonnet-agent,enrich.v5.md,true,
2020-08-26:20-1518,2020-08-26,2020-08-26,regular,P.-81,123,general,Chief Academic Officer,20-1518,https://ousd.legistar.com/gateway.aspx?M=L&ID=50105,2020-2021 School Plan for Student Achievement (SPSA) - LaEscuelita Elementary School,Approval by the Board of Education of the 2020-2021 School Plan for Student Achievement (SPSA) for LaEscuelita Elementary School.,School Plan for Student Achievement,Chief Academic Officer,,,"Federal, State, and/or Local Funds As Specified In Plan",Approves the 2020-21 School Plan for Student Achievement for LaEscuelita Elementary School,The Board approves LaEscuelita Elementary School's School Plan for Student Achievement (SPSA) for the 2020-21 school year. The yearly plan sets out the school's goals and how it will use its funds. No dollar amount is stated in the item.,School plans,,school_plan,,,LaEscuelita Elementary School,no_cost,,,,,,,true,2020-07-01,2021-06-30,after_work_began,,,Adopted on the General Consent Report,2020-08-26,true,auto_ok,sonnet-agent,enrich.v5.md,true,
2020-08-26:20-1519,2020-08-26,2020-08-26,regular,P.-82,124,general,Chief Academic Officer,20-1519,https://ousd.legistar.com/gateway.aspx?M=L&ID=50106,2020-2021 School Plan for Student Achievement (SPSA) - Futures Elementary School,Approval by the Board of Education of the 2020-2021 School Plan for Student Achievement (SPSA) for Futures Elementary School.,School Plan for Student Achievement,Chief Academic Officer,,,"Federal, State, and/or Local Funds As Specified In Plan",Approves the 2020-21 School Plan for Student Achievement for Futures Elementary School,The Board approves Futures Elementary School's School Plan for Student Achievement (SPSA) for the 2020-21 school year. The yearly plan sets out the school's goals and how it will use its funds. No dollar amount is stated in the item.,School plans,,school_plan,,,Futures Elementary School,no_cost,,,,,,,true,2020-07-01,2021-06-30,after_work_began,,,Adopted on the General Consent Report,2020-08-26,true,auto_ok,sonnet-agent,enrich.v5.md,true,
2020-08-26:20-1520,2020-08-26,2020-08-26,regular,P.-83,125,general,Chief Academic Officer,20-1520,https://ousd.legistar.com/gateway.aspx?M=L&ID=50107,2020-2021 School Plan for Student Achievement (SPSA) - Laurel Elementary School,Approval by the Board of Education of the 2020-2021 School Plan for Student Achievement (SPSA) for Laurel Elementary School.,School Plan for Student Achievement,Chief Academic Officer,,,"Federal, State, and/or Local Funds As Specified In Plan",Approves the 2020-21 School Plan for Student Achievement for Laurel Elementary School,The Board approves Laurel Elementary School's School Plan for Student Achievement (SPSA) for the 2020-21 school year. The yearly plan sets out the school's goals and how it will use its funds. No dollar amount is stated in the item.,School plans,,school_plan,,,Laurel Elementary School,no_cost,,,,,,,true,2020-07-01,2021-06-30,after_work_began,,,Adopted on the General Consent Report,2020-08-26,true,auto_ok,sonnet-agent,enrich.v5.md,true,
2020-08-26:20-1521,2020-08-26,2020-08-26,regular,P.-84,126,general,Chief Academic Officer,20-1521,https://ousd.legistar.com/gateway.aspx?M=L&ID=50108,2020-2021 School Plan for Student Achievement (SPSA) - Lincoln Elementary School,Approval by the Board of Education of the 2020-2021 School Plan for Student Achievement (SPSA) for Lincoln Elementary School.,School Plan for Student Achievement,Chief Academic Officer,,,"Federal, State, and/or Local Funds As Specified In Plan",Approves the 2020-21 School Plan for Student Achievement for Lincoln Elementary School,The Board approves Lincoln Elementary School's School Plan for Student Achievement (SPSA) for the 2020-21 school year. The yearly plan sets out the school's goals and how it will use its funds. No dollar amount is stated in the item.,School plans,,school_plan,,,Lincoln Elementary School,no_cost,,,,,,,true,2020-07-01,2021-06-30,after_work_began,,,Adopted on the General Consent Report,2020-08-26,true,auto_ok,sonnet-agent,enrich.v5.md,true,
2020-08-26:20-1522,2020-08-26,2020-08-26,regular,P.-85,127,general,Chief Academic Officer,20-1522,https://ousd.legistar.com/gateway.aspx?M=L&ID=50109,2020-2021 School Plan for Student Achievement (SPSA) - Markham Elementary School,Approval by the Board of Education of the 2020-2021 School Plan for Student Achievement (SPSA) for Markham Elementary School.,School Plan for Student Achievement,Chief Academic Officer,,,"Federal, State, and/or Local Funds As Specified In Plan",Approves the 2020-21 School Plan for Student Achievement for Markham Elementary School,The Board approves Markham Elementary School's School Plan for Student Achievement (SPSA) for the 2020-21 school year. The yearly plan sets out the school's goals and how it will use its funds. No dollar amount is stated in the item.,School plans,,school_plan,,,Markham Elementary School,no_cost,,,,,,,true,2020-07-01,2021-06-30,after_work_began,,,Adopted on the General Consent Report,2020-08-26,true,auto_ok,sonnet-agent,enrich.v5.md,true,
2020-08-26:20-1523,2020-08-26,2020-08-26,regular,P.-86,128,general,Chief Academic Officer,20-1523,https://ousd.legistar.com/gateway.aspx?M=L&ID=50110,2020-2021 School Plan for Student Achievement (SPSA) - Joaquin Miller Elementary School,Approval by the Board of Education of the 2020-2021 School Plan for Student Achievement (SPSA) for Joaquin Miller Elementary School.,School Plan for Student Achievement,Chief Academic Officer,,,"Federal, State, and/or Local Funds As Specified In Plan",Approves the 2020-21 School Plan for Student Achievement for Joaquin Miller Elementary School,The Board approves Joaquin Miller Elementary School's School Plan for Student Achievement (SPSA) for the 2020-21 school year. The yearly plan sets out the school's goals and how it will use its funds. No dollar amount is stated in the item.,School plans,,school_plan,,,Joaquin Miller Elementary School,no_cost,,,,,,,true,2020-07-01,2021-06-30,after_work_began,,,Adopted on the General Consent Report,2020-08-26,true,auto_ok,sonnet-agent,enrich.v5.md,true,
2020-08-26:20-1524,2020-08-26,2020-08-26,regular,P.-87,129,general,Chief Academic Officer,20-1524,https://ousd.legistar.com/gateway.aspx?M=L&ID=50111,2020-2021 School Plan for Student Achievement (SPSA) - Parker Elementary School,Approval by the Board of Education of the 2020-2021 School Plan for Student Achievement (SPSA) for Parker Elementary School.,School Plan for Student Achievement,Chief Academic Officer,,,"Federal, State, and/or Local Funds As Specified In Plan",Approves the 2020-21 School Plan for Student Achievement for Parker Elementary School,The Board approves Parker Elementary School's School Plan for Student Achievement (SPSA) for the 2020-21 school year. The yearly plan sets out the school's goals and how it will use its funds. No dollar amount is stated in the item.,School plans,,school_plan,,,Parker Elementary School,no_cost,,,,,,,true,2020-07-01,2021-06-30,after_work_began,,,Adopted on the General Consent Report,2020-08-26,true,auto_ok,sonnet-agent,enrich.v5.md,true,
2020-08-26:20-1525,2020-08-26,2020-08-26,regular,P.-88,130,general,Chief Academic Officer,20-1525,https://ousd.legistar.com/gateway.aspx?M=L&ID=50112,2020-2021 School Plan for Student Achievement (SPSA) - Piedmont Avenue Elementary School,Approval by the Board of Education of the 2020-2021 School Plan for Student Achievement (SPSA) for Piedmont Avenue Elementary School.,School Plan for Student Achievement,Chief Academic Officer,,,"Federal, State, and/or Local Funds As Specified In Plan",Approves the 2020-21 School Plan for Student Achievement for Piedmont Avenue Elementary School,The Board approves Piedmont Avenue Elementary School's School Plan for Student Achievement (SPSA) for the 2020-21 school year. The yearly plan sets out the school's goals and how it will use its funds. No dollar amount is stated in the item.,School plans,,school_plan,,,Piedmont Avenue Elementary School,no_cost,,,,,,,true,2020-07-01,2021-06-30,after_work_began,,,Adopted on the General Consent Report,2020-08-26,true,auto_ok,sonnet-agent,enrich.v5.md,true,
2020-08-26:20-1526,2020-08-26,2020-08-26,regular,P.-89,131,general,Chief Academic Officer,20-1526,https://ousd.legistar.com/gateway.aspx?M=L&ID=50113,2020-2021 School Plan for Student Achievement (SPSA) - Community United Elementary School,Approval by the Board of Education of the 2020-2021 School Plan for Student Achievement (SPSA) for Community United Elementary School.,School Plan for Student Achievement,Chief Academic Officer,,,"Federal, State, and/or Local Funds As Specified In Plan",Approves the 2020-21 School Plan for Student Achievement for Community United Elementary School,The Board approves Community United Elementary School's School Plan for Student Achievement (SPSA) for the 2020-21 school year. The yearly plan sets out the school's goals and how it will use its funds. No dollar amount is stated in the item.,School plans,,school_plan,,,Community United Elementary School,no_cost,,,,,,,true,2020-07-01,2021-06-30,after_work_began,,,Adopted on the General Consent Report,2020-08-26,true,auto_ok,sonnet-agent,enrich.v5.md,true,
2020-08-26:20-1527,2020-08-26,2020-08-26,regular,P.-90,132,general,Chief Academic Officer,20-1527,https://ousd.legistar.com/gateway.aspx?M=L&ID=50114,2020-2021 School Plan for Student Achievement (SPSA) - Sequoia Elementary School,Approval by the Board of Education of the 2020-2021 School Plan for Student Achievement (SPSA) for Sequoia Elementary School.,School Plan for Student Achievement,Chief Academic Officer,,,"Federal, State, and/or Local Funds As Specified In Plan",Approves the 2020-21 School Plan for Student Achievement for Sequoia Elementary School,The Board approves Sequoia Elementary School's School Plan for Student Achievement (SPSA) for the 2020-21 school year. The yearly plan sets out the school's goals and how it will use its funds. No dollar amount is stated in the item.,School plans,,school_plan,,,Sequoia Elementary School,no_cost,,,,,,,true,2020-07-01,2021-06-30,after_work_began,,,Adopted on the General Consent Report,2020-08-26,true,auto_ok,sonnet-agent,enrich.v5.md,true,
2020-08-26:20-1528,2020-08-26,2020-08-26,regular,P.-91,133,general,Chief Academic Officer,20-1528,https://ousd.legistar.com/gateway.aspx?M=L&ID=50115,2020-2021 School Plan for Student Achievement (SPSA) - Martin Luther King Jr Elementary School,"Approval by the Board of Education of the 2020-2021 School Plan for Student Achievement (SPSA) for Martin Luther King, Jr. Elementary School.",School Plan for Student Achievement,Chief Academic Officer,,,"Federal, State, and/or Local Funds As Specified In Plan","Approves the 2020-21 School Plan for Student Achievement for Martin Luther King, Jr. Elementary School","The Board approves Martin Luther King, Jr. Elementary School's School Plan for Student Achievement (SPSA) for the 2020-21 school year. The yearly plan sets out the school's goals and how it will use its funds. No dollar amount is stated in the item.",School plans,,school_plan,,,"Martin Luther King, Jr. Elementary School",no_cost,,,,,,,true,2020-07-01,2021-06-30,after_work_began,,,Adopted on the General Consent Report,2020-08-26,true,auto_ok,sonnet-agent,enrich.v5.md,true,
2020-08-26:20-1529,2020-08-26,2020-08-26,regular,P.-92,134,general,Chief Academic Officer,20-1529,https://ousd.legistar.com/gateway.aspx?M=L&ID=50116,2020-2021 School Plan for Student Achievement (SPSA) - Reach Academy,Approval by the Board of Education of the 2020-2021 School Plan for Student Achievement (SPSA) for Reach Academy.,School Plan for Student Achievement,Chief Academic Officer,,,"Federal, State, and/or Local Funds As Specified In Plan",Approves Reach Academy's 2020-21 School Plan for Student Achievement,"The Board approves the 2020-2021 School Plan for Student Achievement (SPSA) for Reach Academy. A School Plan for Student Achievement is the school's yearly plan for how it will use its funding to improve student learning. The text lists no dollar amount; funding comes from federal, state and/or local sources as specified in the plan.",School plans,,school_plan,,,Reach Academy,no_cost,,,,,,,true,2020-07-01,2021-06-30,after_work_began,,,Adopted on the General Consent Report,2020-08-26,true,auto_ok,sonnet-agent,enrich.v5.md,true,
2020-08-26:20-1552,2020-08-26,2020-08-26,regular,P.-93,135,general,Chief Academic Officer,20-1552,https://ousd.legistar.com/gateway.aspx?M=L&ID=50139,2020-2021 School plan for Student Achievement (SPSA) - Burckhalter Elementary School,Approval by the Board of Education of the 2020-2021 School Plan for Student Achievement (SPSA) for Burckhalter Elementary School.,School Plan for Student Achievement,Chief Academic Officer,,,"Federal, State, and/or Local Funds As Specified In Plan",Approves Burckhalter Elementary School's 2020-21 School Plan for Student Achievement,"The Board approves the 2020-2021 School Plan for Student Achievement (SPSA) for Burckhalter Elementary School. A School Plan for Student Achievement is the school's yearly plan for how it will use its funding to improve student learning. The text lists no dollar amount; funding comes from federal, state and/or local sources as specified in the plan.",School plans,,school_plan,,,Burckhalter Elementary School,no_cost,,,,,,,true,2020-07-01,2021-06-30,after_work_began,,,Adopted on the General Consent Report,2020-08-26,true,auto_ok,sonnet-agent,enrich.v5.md,true,
2020-08-26:20-1554,2020-08-26,2020-08-26,regular,P.-94,136,general,Chief Academic Officer,20-1554,https://ousd.legistar.com/gateway.aspx?M=L&ID=50141,2020-2021 School Plan for Student Achievement (SPSA) - New Highland Academy,Approval by the Board of Education of the 2020-2021 School Plan for Student Achievement (SPSA) for New Highland Academy.,School Plan for Student Achievement,Chief Academic Officer,,,"Federal, State, and/or Local Funds As Specified In Plan",Approves New Highland Academy's 2020-21 School Plan for Student Achievement,"The Board approves the 2020-2021 School Plan for Student Achievement (SPSA) for New Highland Academy. A School Plan for Student Achievement is the school's yearly plan for how it will use its funding to improve student learning. The text lists no dollar amount; funding comes from federal, state and/or local sources as specified in the plan.",School plans,,school_plan,,,New Highland Academy,no_cost,,,,,,,true,2020-07-01,2021-06-30,after_work_began,,,Adopted on the General Consent Report,2020-08-26,true,auto_ok,sonnet-agent,enrich.v5.md,true,
2020-08-26:20-1555,2020-08-26,2020-08-26,regular,P.-95,137,general,Chief Academic Officer,20-1555,https://ousd.legistar.com/gateway.aspx?M=L&ID=50142,2020-2021 School Plan for Student Achievement (SPSA) - Redwood Heights Elementary School,Approval by the Board of Education of the 2020-2021 School Plan for Student Achievement (SPSA) for Redwood Heights Elementary School.,School Plan for Student Achievement,Chief Academic Officer,,,"Federal, State, and/or Local Funds As Specified In Plan",Approves Redwood Heights Elementary School's 2020-21 School Plan for Student Achievement,"The Board approves the 2020-2021 School Plan for Student Achievement (SPSA) for Redwood Heights Elementary School. A School Plan for Student Achievement is the school's yearly plan for how it will use its funding to improve student learning. The text lists no dollar amount; funding comes from federal, state and/or local sources as specified in the plan.",School plans,,school_plan,,,Redwood Heights Elementary School,no_cost,,,,,,,true,2020-07-01,2021-06-30,after_work_began,,,Adopted on the General Consent Report,2020-08-26,true,auto_ok,sonnet-agent,enrich.v5.md,true,
2020-08-26:20-1556,2020-08-26,2020-08-26,regular,P.-96,138,general,Chief Academic Officer,20-1556,https://ousd.legistar.com/gateway.aspx?M=L&ID=50143,2020-2021 School Plan for Student Achievement (SPSA) - Acorn Woodland Elementary School,Approval by the Board of Education of the 2020-2021 School Plan for Student Achievement (SPSA) for Acorn Woodland Elementary School.,School Plan for Student Achievement,Chief Academic Officer,,,"Federal, State, and/or Local Funds As Specified In Plan",Approves Acorn Woodland Elementary School's 2020-21 School Plan for Student Achievement,"The Board approves the 2020-2021 School Plan for Student Achievement (SPSA) for Acorn Woodland Elementary School. A School Plan for Student Achievement is the school's yearly plan for how it will use its funding to improve student learning. The text lists no dollar amount; funding comes from federal, state and/or local sources as specified in the plan.",School plans,,school_plan,,,Acorn Woodland Elementary School,no_cost,,,,,,,true,2020-07-01,2021-06-30,after_work_began,,,Adopted on the General Consent Report,2020-08-26,true,auto_ok,sonnet-agent,enrich.v5.md,true,
2020-08-26:20-1557,2020-08-26,2020-08-26,regular,P.-97,139,general,Chief Academic Officer,20-1557,https://ousd.legistar.com/gateway.aspx?M=L&ID=50144,2020-2021 School Plan for Student Achievement (SPSA) - Manzanita SEED Elementary School,Approval by the Board of Education of the 2020-2021 School Plan for Student Achievement (SPSA) for Manzanita SEED Elementary School.,School Plan for Student Achievement,Chief Academic Officer,,,"Federal, State, and/or Local Funds As Specified In Plan",Approves Manzanita SEED Elementary School's 2020-21 School Plan for Student Achievement,"The Board approves the 2020-2021 School Plan for Student Achievement (SPSA) for Manzanita SEED Elementary School. A School Plan for Student Achievement is the school's yearly plan for how it will use its funding to improve student learning. The text lists no dollar amount; funding comes from federal, state and/or local sources as specified in the plan.",School plans,,school_plan,,,Manzanita SEED Elementary School,no_cost,,,,,,,true,2020-07-01,2021-06-30,after_work_began,,,Adopted on the General Consent Report,2020-08-26,true,auto_ok,sonnet-agent,enrich.v5.md,true,
2020-08-26:20-1558,2020-08-26,2020-08-26,regular,P.-98,140,general,Chief Academic Officer,20-1558,https://ousd.legistar.com/gateway.aspx?M=L&ID=50145,2020-2021 School Plan for Student Achievement (SPSA) - Prescott Elementary School,Approval by the Board of Education of the 2020-2021 School Plan for Student Achievement (SPSA) for Prescott Elementary School.,School Plan for Student Achievement,Chief Academic Officer,,,"Federal, State, and/or Local Funds As Specified In Plan",Approves Prescott Elementary School's 2020-21 School Plan for Student Achievement,"The Board approves the 2020-2021 School Plan for Student Achievement (SPSA) for Prescott Elementary School. A School Plan for Student Achievement is the school's yearly plan for how it will use its funding to improve student learning. The text lists no dollar amount; funding comes from federal, state and/or local sources as specified in the plan.",School plans,,school_plan,,,Prescott Elementary School,no_cost,,,,,,,true,2020-07-01,2021-06-30,after_work_began,,,Adopted on the General Consent Report,2020-08-26,true,auto_ok,sonnet-agent,enrich.v5.md,true,
2020-08-26:20-1559,2020-08-26,2020-08-26,regular,P.-99,141,general,Chief Academic Officer,20-1559,https://ousd.legistar.com/gateway.aspx?M=L&ID=50146,2020-2021 School Plan for Student Achievement (SPSA) - Rise Community School,Approval by the Board of Education of the 2020-2021 School Plan for Student Achievement (SPSA) for RISE Community School.,School Plan for Student Achievement,Chief Academic Officer,,,"Federal, State, and/or Local Funds As Specified In Plan",Approves RISE Community School's 2020-21 School Plan for Student Achievement,"The Board approves the 2020-2021 School Plan for Student Achievement (SPSA) for RISE Community School. A School Plan for Student Achievement is the school's yearly plan for how it will use its funding to improve student learning. The text lists no dollar amount; funding comes from federal, state and/or local sources as specified in the plan.",School plans,,school_plan,,,RISE Community School,no_cost,,,,,,,true,2020-07-01,2021-06-30,after_work_began,,,Adopted on the General Consent Report,2020-08-26,true,auto_ok,sonnet-agent,enrich.v5.md,true,
2020-08-26:20-1560,2020-08-26,2020-08-26,regular,P.-100,142,general,Chief Academic Officer,20-1560,https://ousd.legistar.com/gateway.aspx?M=L&ID=50147,2020-2021 School Plan for Student Achievement (SPSA) - Melrose Leadership Academy,Approval by the Board of Education of the 2020-2021 School Plan for Student Achievement (SPSA) for Melrose Leadership Academy.,School Plan for Student Achievement,Chief Academic Officer,,,"Federal, State, and/or Local Funds As Specified In Plan",Approves Melrose Leadership Academy's 2020-21 School Plan for Student Achievement,"The Board approves the 2020-2021 School Plan for Student Achievement (SPSA) for Melrose Leadership Academy. A School Plan for Student Achievement is the school's yearly plan for how it will use its funding to improve student learning. The text lists no dollar amount; funding comes from federal, state and/or local sources as specified in the plan.",School plans,,school_plan,,,Melrose Leadership Academy,no_cost,,,,,,,true,2020-07-01,2021-06-30,after_work_began,,,Adopted on the General Consent Report,2020-08-26,true,auto_ok,sonnet-agent,enrich.v5.md,true,
2020-08-26:20-1561,2020-08-26,2020-08-26,regular,P.-101,143,general,Chief Academic Officer,20-1561,https://ousd.legistar.com/gateway.aspx?M=L&ID=50148,2020-2021 School Plan for Student Achievement (SPSA) - Community Day School,Approval by the Board of Education of the 2020-2021 School Plan for Student Achievement (SPSA) for Community Day School.,School Plan for Student Achievement,Chief Academic Officer,,,"Federal, State, and/or Local Funds As Specified In Plan",Approves Community Day School's 2020-21 School Plan for Student Achievement,"The Board approves the 2020-2021 School Plan for Student Achievement (SPSA) for Community Day School. A School Plan for Student Achievement is the school's yearly plan for how it will use its funding to improve student learning. The text lists no dollar amount; funding comes from federal, state and/or local sources as specified in the plan.",School plans,,school_plan,,,Community Day School,no_cost,,,,,,,true,2020-07-01,2021-06-30,after_work_began,,,Adopted on the General Consent Report,2020-08-26,true,auto_ok,sonnet-agent,enrich.v5.md,true,
2020-08-26:20-1679,2020-08-26,2020-08-26,regular,P.-102,145,general,"Measure G1 Commission, Jill Habig, Chairperson",20-1679,https://ousd.legistar.com/gateway.aspx?M=L&ID=50266,"Measure G1 - District Teacher Retention and Middle School Improvement Act Oversight Commission - 2020-2021 District Middle Schools - Amendment, Grant Application and Education Spending Plan - United for Success Academy","Adoption by the Board of Education of Resolution No. 1920-0261A - Measure G1 - District Teacher Retention and Middle School Improvement Act Oversight Commission - Recommendation - Amendment, 2020-2021 District Middle School Grant Application and Education Spending Plan (Award) - for United for Success Academy, utilizing approved 2020-2021 Funding Year allocation.",Appropriation,Board of Education,,,,Approves Measure G1 middle school grant and spending plan amendment for United for Success Academy,"The Board adopts a resolution on the Measure G1 oversight commission's recommendation, amending the 2020-2021 middle school grant application and education spending plan for United for Success Academy. The money comes from the school's already-approved 2020-2021 Measure G1 funding allocation. The text does not state a dollar amount.","Budget, finance & payments",,resolution_or_policy,,,United for Success Academy,expense,,,,,,,true,2020-07-01,2021-06-30,budget_allocation; after_work_began,,,Adopted on the General Consent Report,2020-08-26,true,auto_ok,sonnet-agent,enrich.v5.md,true,
2020-08-26:20-1662,2020-08-26,2020-08-26,regular,P.-103,147,general,Board of Education,20-1662,https://ousd.legistar.com/gateway.aspx?M=L&ID=50249,Board of Education Meetings - Agenda Items Calendar - August 2020 Through June 2021 (Second Reading),"Adoption by the Board of Education of its Board Meetings Agenda Items Calendar, August 2020 through June 2021, and further authorizing the President of the Board to make further adjustments thereto, until and/or unless decided otherwise by the Board.",Motion,Board of Education,,,,Adopts the Board's meeting agenda calendar for August 2020 through June 2021,The Board adopts its calendar of which agenda items will come up at its meetings from August 2020 through June 2021. It also lets the Board President make further changes to the calendar unless the Board decides otherwise. This is the second reading of the item. No money is involved.,Governance & board business,,resolution_or_policy,,,,no_cost,,,,,,,true,2020-08-01,2021-06-30,pulled_from_consent; after_work_began,,"Taken off the consent vote, then approved on a later consent report on September 9.",Adopted on the General Consent Report,2020-09-09,true,auto_ok,sonnet-agent,enrich.v5.md,false,
2020-08-26:20-1691,2020-08-26,2020-08-26,regular,P.-104,148,general,Board of Education,20-1691,https://ousd.legistar.com/gateway.aspx?M=L&ID=50278,"Minutes - Board of Education - Special (Virtual) Meeting - August 1, 2020","Ratification by the Board of Education of its Special (Virtual) Meeting Minutes of August  1, 2020, prepared by Staff shortly after said Meeting.","Minutes, Board of Education",Board of Education,,,,"Ratifies the minutes of the Board's August 1, 2020 special virtual meeting","The Board formally approves the written minutes of its special virtual meeting held on August 1, 2020. Staff prepared the minutes shortly after the meeting. No money is involved.",Governance & board business,,other,,,,no_cost,,,,,,,true,,,after_work_began,,,Adopted on the General Consent Report,2020-08-26,true,auto_ok,sonnet-agent,enrich.v5.md,true,
2020-08-26:20-1692,2020-08-26,2020-08-26,regular,P.-105,149,general,Board of Education,20-1692,https://ousd.legistar.com/gateway.aspx?M=L&ID=50279,"Minutes - Board of Education - Regular (Virtual) Meeting - August 12, 2020","Ratification by the Board of Education of its Regular (Virtual) Meeting Minutes of August  12, 2020, prepared by Staff shortly after said Meeting.","Minutes, Board of Education",Board of Education,,,,"Ratifies the minutes of the Board's August 12, 2020 regular virtual meeting","The Board formally approves the written minutes of its regular virtual meeting held on August 12, 2020. Staff prepared the minutes shortly after the meeting. No money is involved.",Governance & board business,,other,,,,no_cost,,,,,,,true,,,after_work_began,,,Adopted on the General Consent Report,2020-08-26,true,auto_ok,sonnet-agent,enrich.v5.md,true,
2020-08-26:20-1405,2020-08-26,2020-08-26,regular,P1.-1,152,bonds,"Deputy Chief, Facilities Planning and Management",20-1405,https://ousd.legistar.com/gateway.aspx?M=L&ID=49992,General Services Agreement - Facilities Planning & Management Project - Colbi Technologies - Division of Facilities Planning and Management,"Approval by the Board of Education of General Services Agreement between District and Colbi Technologies, Tustin, CA, for the latter to provide software services for the District, including phone support, online support, Account-Ability and Colbi Docs software, the latter configured with templates that incorporate customer’s workflow for construction control processes; provide spring and fall workshops and administrative training, each service more specifically described in Exhibit “A”, incorporated herein by reference as though fully set forth, for the Facilities Planning & Management Project, in the amount of $210,000.00, which includes a contingency of $8,000 for travel reimbursement & data integration services @ $100/hour, as the selected consultant, with work scheduled to commence on August 27, 2020, and scheduled to last through June 30, 2022, and authorizing the President and Secretary of the Board to sign the Agreement for same with said Consultant.",Agreement or Contract,"Deputy Chief, Facilities Planning and Management",,n-colbi-technologies,Fund 21 Measure J,"Pays Colbi Technologies $210,000 for facilities construction-tracking software and training through 2022","The district hires Colbi Technologies of Tustin to provide software services for the Facilities Planning & Management office, including phone and online support, the Account-Ability and Colbi Docs software for construction control processes, and spring and fall workshops and training. The $210,000 includes $8,000 for travel reimbursement and data integration services. Work runs from August 27, 2020 through June 30, 2022.",Technology,,new_agreement,Colbi Technologies,organization,,expense,fixed,210000,,,,,true,2020-08-27,2022-06-30,multi_year,,,Adopted on the General Consent Report,2020-08-26,true,auto_ok,sonnet-agent,enrich.v5.md,true,
2020-08-26:20-1444,2020-08-26,2020-08-26,regular,P1.-2,153,bonds,"Deputy Chief, Facilities Planning and Management",20-1444,https://ousd.legistar.com/gateway.aspx?M=L&ID=50031,"Amendment No. 4, Independent Consultant Agreement for Professional Services - ACC Environmental Consultants, Inc., - Fruitvale Elementary School Fire and Intrusion Alarm Replacement Project – Division of Facilities Planning & Management","Approval by the Board of Education of Amendment No. 4, Independent Consultant Agreement for Professional Services between the District and ACC Environmental Consultants, Inc., Oakland, CA, extending time of the Agreement, by 91 additional calendar days, revising term from May 10, 2018 through August 1, 2020 to October 31, 2020,  for the latter to perform asbestos and lead survey with report, submit asbestos and lead project specifications, project management, for the Fruitvale Elementary School Fire and Intrusion Alarm Replacement Project, and authorizing the President and Secretary of the Board to sign the Amendment for same with said Contractor. All other terms and conditions of the Agreement remain in full force and effect.",Agreement or Contract,"Deputy Chief, Facilities Planning and Management",000230,v-000230,Fund 21 Measure B,"Extends ACC Environmental's Fruitvale Elementary alarm project contract to Oct. 31, 2020 at no added cost","This amendment gives ACC Environmental Consultants 91 more days, moving the end date from August 1, 2020 to October 31, 2020. The firm is doing asbestos and lead surveys, reports, project specifications and project management for the Fruitvale Elementary School fire and intrusion alarm replacement. The text states no added money; all other terms stay the same.",School buildings & construction,,amendment,"ACC Environmental Consultants, Inc.",organization,Fruitvale Elementary School,no_cost,,,,,,,true,2018-05-10,2020-10-31,after_work_began; multi_year; time_extension_only,,,Adopted on the General Consent Report,2020-08-26,true,auto_ok,sonnet-agent,enrich.v5.md,true,
2020-08-26:20-1449,2020-08-26,2020-08-26,regular,P1.-3,154,bonds,"Deputy Chief, Facilities Planning and Management",20-1449,https://ousd.legistar.com/gateway.aspx?M=L&ID=50036,"Amendment No. 6, Independent Consultant Agreement for Professional Services – Jensen Hughes - Fruitvale Elementary School Fire and Intrusion Alarm Replacement Project – Division of Facilities Planning and Management","Approval by the Board of Education of Amendment No. 6, Independent Consultant Agreement for Professional Services between the District and Jensen Hughes, Concord, CA, extending time of the Agreement, by 94 additional calendar days, revising term from October 14, 2016 through August 1, 2020 to October 31, 2020,  for the latter to perform Drawing Development Services and Design Services; Bid Services; and Construction Administration Services, as described in the Scope of Work, in conjunction with the Fruitvale Elementary School Fire and Intrusion Alarm Replacement Project. All other terms and conditions of the Agreement remain in full force and effect.",Agreement or Contract,"Deputy Chief, Facilities Planning and Management",002281,v-002281,Fund 21 Measure B,"Extends Jensen Hughes' Fruitvale Elementary alarm design contract to Oct. 31, 2020 at no added cost","This amendment gives Jensen Hughes 94 more days, moving the end date from August 1, 2020 to October 31, 2020. The firm provides drawings, design, bidding and construction administration services for the Fruitvale Elementary School fire and intrusion alarm replacement. The text states no added money; all other terms stay the same.",School buildings & construction,,amendment,Jensen Hughes,organization,Fruitvale Elementary School,no_cost,,,,,,,true,2016-10-14,2020-10-31,after_work_began; multi_year; time_extension_only,,,Adopted on the General Consent Report,2020-08-26,true,auto_ok,sonnet-agent,enrich.v5.md,true,
2020-08-26:20-1452,2020-08-26,2020-08-26,regular,P1.-4,155,bonds,"Deputy Chief, Facilities Planning and Management",20-1452,https://ousd.legistar.com/gateway.aspx?M=L&ID=50039,"Amendment No. 4, Independent Consultant Agreement for Professional Services - KDI Consultants, Inc. – Madison Park Academy Expansion Project - Division of Facilities Planning and Management","Approval by the Board of Education of Amendment No. 4, Independent Consultant Agreement for Professional Services between the District and KDI Consultants, Oakland, CA, for the latter to provide additional construction activities, which consists of  re-inspections and additional DSA inspection services as required by the Department of State Architects (DSA), as described in Exhibit A, incorporated herein by reference as though fully set forth, for the Madison Park Academy Expansion Project, in an additional amount of $61,520.00, increasing Agreement not to exceed amount from $794,900.00 to $856,420.00, and authorizing the President and Secretary of the Board to sign the Amendment for same with said Consultant. All other terms and conditions of the Agreement remain in full force and effect.",Agreement or Contract,"Deputy Chief, Facilities Planning and Management",002377,v-002377,Fund 21 Measure B,"Adds $61,520 for KDI Consultants' extra inspections on the Madison Park Academy expansion","This amendment adds $61,520 to KDI Consultants' contract for re-inspections and extra inspections required by the Department of State Architects (DSA) on the Madison Park Academy expansion. It raises the contract's not-to-exceed amount from $794,900 to $856,420. All other terms stay the same.",School buildings & construction,,amendment,KDI Consultants,organization,Madison Park Academy,expense,not_to_exceed,61520,,,794900,856420,true,,,raises_existing_contract,,,Adopted on the General Consent Report,2020-08-26,true,auto_ok,sonnet-agent,enrich.v5.md,true,
2020-08-26:20-1453,2020-08-26,2020-08-26,regular,P1.-5,156,bonds,"Deputy Chief, Facilities Planning and Management",20-1453,https://ousd.legistar.com/gateway.aspx?M=L&ID=50040,"Amendment No. 2, Contract for Services – Mobile Modular Management Corporation – Madison Park Academy Expansion Project - Division of Facilities Planning and Management","Approval by the Board of Education of Amendment No. 2, Contract for Services between the District and Mobile Modular Management Corporation, Livermore, CA, for the latter to provide demolition and removal for nine (9) portables, for the Madison Park Academy Expansion Project, in an additional amount of $50,822.00, increasing Agreement not to exceed amount from $269,518.85 to $320,340.85, extending time of the Agreement by 194 additional calendar days, revising term from June 27, 2019 through June 30, 2020 to December 31, 2020 and authorizing the President and Secretary of the Board to sign the Amendment for same with said Consultant. All other terms and conditions of the Agreement remain in full force and effect.",Agreement or Contract,"Deputy Chief, Facilities Planning and Management",002892,v-002892,Fund 21 Measure B,"Adds $50,822 and extends Mobile Modular's Madison Park portable removal contract to Dec. 2020","This amendment adds $50,822 to the contract with Mobile Modular Management Corporation for demolishing and removing nine portable classrooms for the Madison Park Academy expansion. It raises the not-to-exceed amount from $269,518.85 to $320,340.85 and extends the end date by 194 days, from June 30, 2020 to December 31, 2020.",School buildings & construction,,amendment,Mobile Modular Management Corporation,organization,Madison Park Academy,expense,not_to_exceed,50822,,,269518.85,320340.85,true,2019-06-27,2020-12-31,after_work_began; raises_existing_contract; multi_year,,,Adopted on the General Consent Report,2020-08-26,true,auto_ok,sonnet-agent,enrich.v5.md,true,
2020-08-26:20-1454,2020-08-26,2020-08-26,regular,P1.-6,157,bonds,"Deputy Chief, Facilities Planning and Management",20-1454,https://ousd.legistar.com/gateway.aspx?M=L&ID=50041,"Amendment No. 4, Independent Consultant Agreement - Anthonio, Inc. - Inspector of Record (“IOR”) Inspection Services - Fruitvale Elementary School Fire and Intrusion Alarm Replacement","Approval by the Board of Education of Amendment No. 4, Independent Consultant Agreement for Inspector of Record (IOR) Services between the District and Anthonio, Inc., Oakland CA, for the latter serving as IOR, extending time of Agreement by 91 additional calendar days, revising term from June 7, 2018 through August 1, 2020 to October 31, 2020, for the Fruitvale Elementary School Fire and Intrusion Alarm Replacement Project, and authorizing the President and Secretary of the Board to sign the Amendment for same with said Consultant. All other terms and conditions of the Agreement remain in full force and effect.",Agreement or Contract,"Deputy Chief, Facilities Planning and Management",000453,v-000453,Fund 21 Measure B,"Extends Anthonio's inspector services on the Fruitvale Elementary alarm project to Oct. 31, 2020","This amendment gives Anthonio, Inc. 91 more days as the Inspector of Record (IOR), the inspector who checks that construction follows the approved plans, on the Fruitvale Elementary School fire and intrusion alarm replacement. The end date moves from August 1, 2020 to October 31, 2020. The text states no added money.",School buildings & construction,,amendment,"Anthonio, Inc.",organization,Fruitvale Elementary School,no_cost,,,,,,,true,2018-06-07,2020-10-31,after_work_began; multi_year; time_extension_only,,,Adopted on the General Consent Report,2020-08-26,true,auto_ok,sonnet-agent,enrich.v5.md,true,
2020-08-26:20-1455,2020-08-26,2020-08-26,regular,P1.-7,158,bonds,"Deputy Chief, Facilities Planning and Management",20-1455,https://ousd.legistar.com/gateway.aspx?M=L&ID=50042,"Amendment No. 1, Independent Consultant Agreement for Inspector of Record (“IOR”) Inspection Services - Anthonio, Inc. - Elmhurst Middle School Boiler Replacement Project - Division of Facilities Planning and Management","Approval by the Board of Education of Amendment No. 1, Independent Consultant Agreement for Inspector of Record (IOR) Services between the District and Anthonio, Inc., Oakland CA, for the latter to provide additional inspection, testing and inspector of record services, as described in the proposal dated July 18, 2020, attached as part of Exhibit “A”,  for the Elmhurst Middle School Boiler Replacement Project, in an additional amount of $1,400.00, increasing Agreement not to exceed amount from $26,400.00 to $27,800.00,  revising term from February 20, 2019 through February 28, 2020 to August 31, 2020, and authorizing the President and Secretary of the Board to sign the Amendment for same with said Consultant. All other terms and conditions of the Agreement remain in full force and effect.",Agreement or Contract,"Deputy Chief, Facilities Planning and Management",000453,v-000453,Fund 21 Measure J,"Adds $1,400 for Anthonio's extra inspections on the Elmhurst Middle School boiler project","This amendment adds $1,400 for Anthonio, Inc. to provide extra inspection, testing and Inspector of Record (IOR) services, the inspector who checks that construction follows the approved plans, on the Elmhurst Middle School boiler replacement. It raises the not-to-exceed amount from $26,400 to $27,800 and extends the end date from February 28, 2020 to August 31, 2020.",School buildings & construction,,amendment,"Anthonio, Inc.",organization,Elmhurst Middle School,expense,not_to_exceed,1400,,,26400,27800,true,2019-02-20,2020-08-31,after_work_began; raises_existing_contract; multi_year,,,Adopted on the General Consent Report,2020-08-26,true,auto_ok,sonnet-agent,enrich.v5.md,true,
2020-08-26:20-1458,2020-08-26,2020-08-26,regular,P1.-8,159,bonds,"Deputy Chief, Facilities Planning and Management",20-1458,https://ousd.legistar.com/gateway.aspx?M=L&ID=50045,General Services Agreement – Jensen Hughes – Glenview New Construction Project - Division of Facilities Planning and Management,"Approval by the Board of Education of General Services Agreement between District and Jensen Hughes (“Consultant”), Concord, CA, for the latter to witness the pre-test of the new building’s fire alarm & intrusion alarm system and final acceptance test of intrusion alarm system, as described in the Scope of Work, Exhibit A, incorporated herein by reference as though fully set forth, in conjunction with the Glenview New Construction Project, in the amount of $12,500.00, as the selected Consultant, with work scheduled to commence on August 27, 2020, and scheduled to last until December 31, 2020, and authorizing the President and Secretary of the Board to sign the Agreement for same with said Consultant.",Agreement or Contract,"Deputy Chief, Facilities Planning and Management",002281,v-002281,Fund 21 Measure J,"Pays Jensen Hughes $12,500 to witness fire and intrusion alarm tests at the new Glenview building","The district hires Jensen Hughes to witness the pre-test of the new Glenview building's fire alarm and intrusion alarm system and the final acceptance test of the intrusion alarm system. The fee is $12,500. Work runs from August 27, 2020 to December 31, 2020.",School buildings & construction,,new_agreement,Jensen Hughes,organization,Glenview,expense,fixed,12500,,,,,true,2020-08-27,2020-12-31,,,,Adopted on the General Consent Report,2020-08-26,true,auto_ok,sonnet-agent,enrich.v5.md,true,
2020-08-26:20-1238,2020-08-26,2020-08-26,regular,P2.-1,162,general,Chief Academic Officer,20-1238,https://ousd.legistar.com/gateway.aspx?M=L&ID=49826,Memorandum of Understanding - Girls Inc. of Alameda County - After School Program - West Oakland Middle School,"Approval by the Board of Education of a Memorandum of Understanding between the District and Girls Inc. of Alameda County, Oakland, CA, for the latter to serve as lead agency for program coordination, math intervention, homework support, student supervision and a variety of enrichment services, as described in the MOU, for West Oakland Middle School’s comprehensive After School Program, for the period of August 1, 2020 through July 31, 2021, in an amount not to exceed $88,558.00.",Agreement or Contract,Chief Academic Officer,001841,v-001841,After School Education and Safety (ASES) Grant,"Pays Girls Inc. of Alameda County up to $88,558 to run West Oakland Middle's after-school program","The district signs a memorandum of understanding (MOU) with Girls Inc. of Alameda County to lead West Oakland Middle School's after-school program, including program coordination, math help, homework support, student supervision and enrichment activities. The agreement is for up to $88,558 and runs from August 1, 2020 through July 31, 2021. It is funded by the After School Education and Safety (ASES) grant.",After-school & summer programs,,new_agreement,Girls Inc. of Alameda County,organization,West Oakland Middle School,expense,not_to_exceed,88558,,,,,true,2020-08-01,2021-07-31,after_work_began,,,Adopted on the General Consent Report,2020-08-26,true,auto_ok,sonnet-agent,enrich.v5.md,true,
