item_id,meeting_key,meeting_date,meeting_kind,agenda_number,agenda_sequence,consent_section,group,file_number,legistar_url,title,official_text,matter_type,presenter,vendor_number,vendor_key,funding_source,headline,summary,category,action_type,vendor_name,vendor_kind,schools,money_direction,amount_type,amount,amount_range_low,amount_range_high,prior_total,new_total,amount_verified,term_start,term_end,flags,source_issue,pulled_from_consent,outcome_action,outcome_date,adopted,review_status,model_id,prompt_version,counts_toward_totals,duplicate_of
2020-02-26:20-0442,2020-02-26,2020-02-26,regular,P.-1,40,general,"Chief, Systems and Services Officer",20-0442,https://ousd.legistar.com/LegislationDetail.aspx?ID=49032&GUID=977F31E7-9100-4511-96A4-49CF0E3E24B5,"Declaring District Personal Property Obsolete, Surplus and Authorizing Disposition Thereof - Vehicles - Risk Management Department","Approval by the Board of Education of Resolution No. 1920-0210 - Declaring District Personal Property Obsolete, Surplus and Authorizing Disposition Thereof - Vehicles.",Resolution,Board of Education,,,,Declares district vehicles surplus so the Risk Management Department can dispose of them,The Board is asked to declare certain district-owned vehicles obsolete and surplus. The resolution also authorizes the district to dispose of them. The item does not state any dollar amounts.,"Food, transportation & operations",resolution_or_policy,,,,no_cost,,,,,,,true,,,,,,Adopted on the General Consent Report,2020-02-26,true,auto_ok,sonnet-agent,enrich.v3.md,true,
2020-02-26:19-2689,2020-02-26,2020-02-26,regular,P.-2,42,general,"Deputy Chief, Facilities Planning and Management",19-2689,https://ousd.legistar.com/LegislationDetail.aspx?ID=48595&GUID=1A7388B3-5581-4972-9292-0EF683017BE7,Purchase Agreement - Portables - Sankofa Portable Classroom Project - Mobile Modular Management Corporation - Division of Facilities Planning and Management,"Approval by the Board of Education of Purchase Agreement* between District and Mobile Modular Management Corporation, Livermore, CA, for the latter to furnish, deliver, and install three (3) new portable classroom buildings (24’ x 40’ each) for the Sankofa Academy Merger Project in the amount of  $356,171.69, as the selected vendor, and authorizing the President and Secretary of the Board to sign the Agreement for same with said vendor with work scheduled to commence on February 27, 2020, and scheduled to last until December 31, 2021, pursuant to the Agreement.
--------------
*Pursuant to Public Contract Code §20118, utilizing the “Piggyback-Cooperative Purchase Agreement #B-17-28-11-000-9291” as of January 19, 2018 to supply and deliver portable goods and services to the Pajaro Valley Unified School District, CA (the “Piggyback Contract”).",Agreement or Contract,"Deputy Chief, Facilities Planning and Management",19141,v-19141,Fund 40,"Buys three portable classrooms for Sankofa Academy merger from Mobile Modular for $356,171.69","The district buys three new portable classroom buildings (24 by 40 feet each) from Mobile Modular Management Corporation. They will be delivered and installed for the Sankofa Academy merger project, with work from February 27, 2020 to December 31, 2021. The district is buying through another school district's existing contract (Pajaro Valley Unified) instead of running its own bid.",School buildings & construction,cooperative_purchase,Mobile Modular Management Corporation,organization,Sankofa Academy,expense,fixed,356171.69,,,,,true,2020-02-27,2021-12-31,no_competitive_bid; multi_year,,,Adopted on the General Consent Report,2020-02-26,true,auto_ok,sonnet-agent,enrich.v3.md,true,
2020-02-26:20-0177,2020-02-26,2020-02-26,regular,P.-3,43,general,"Deputy Chief, Facilities Planning and Management",20-0177,https://ousd.legistar.com/LegislationDetail.aspx?ID=48776&GUID=F41CA0A7-7482-489B-AC87-72BEFBF58148,"Amendment No. 5, Agreement for Architectural Services - LCA Architects - Fremont High School New Construction Project - Division of Facilities Planning and Management","Approval by the Board of Education of Amendment No. 5, Agreement for Architectural Services between the District and LCA Architects, Walnut Creek, CA, for the latter to provide the following amended services:  additional service requests #13 - Site design coordination/study, #14 - Wellness center La Clinica coordination, #15 - Bldg. B envelope (exterior plaster and sunshades) and #16 - Bldg. B MPOE relocation, to include cost for the library exterior renovation, for the Fremont High School New Construction Project, in an additional amount of $500,000.00, which includes a contingency fee of $55,380.00, increasing Agreement not to exceed amount from $8,607,465.00 to $9,107,465.00, authorizing the President and Secretary of the Board to sign the Amendment for same with said Consultant and extending the term of the Agreement from March 13, 2016 through December 31, 2020 to February 28, 2021.",Agreement or Contract,"Deputy Chief, Facilities Planning and Management",002515,v-002515,"Fund 21, Measure J","Adds $500,000 to LCA Architects' Fremont High design contract and extends it to February 2021","This is the fifth change to the architect agreement for the Fremont High School new construction project. It adds four extra services, including site design study, coordination with the La Clinica wellness center, and work on the Building B exterior. It raises the contract limit from $8,607,465 to $9,107,465 and extends the end date from December 31, 2020 to February 28, 2021.",School buildings & construction,amendment,LCA Architects,organization,Fremont High School,expense,fixed,500000,,,8607465,9107465,true,2016-03-13,2021-02-28,raises_existing_contract; multi_year,,,Adopted on the General Consent Report,2020-02-26,true,auto_ok,sonnet-agent,enrich.v3.md,true,
2020-02-26:20-0212,2020-02-26,2020-02-26,regular,P.-4,44,general,"Deputy Chief, Facilities Planning and Management",20-0212,https://ousd.legistar.com/LegislationDetail.aspx?ID=48802&GUID=69B5F20E-3039-4066-A0C5-4928C7BB9A81,Award of General Services Agreement - Non Competitively Bid - Jensen Hughes - Cole Administration Center Fire and Intrusion Alarm System Project - Division of Facilities Planning and Management,"Approval by the Board of Education of Award of General Services Agreement - Non Competitively Bid -  to Jensen Hughes, Concord, CA, for the latter to provide assistance in reviewing the project’s fire and intrusion alarm designs to verify compliance with the California Building and Fire Codes (CBC and CFC) and District design standards, and to witness testing of the fire and intrusion alarm systems, more specifically, all services described in the January 28, 2020 proposal attached as Exhibit “A” to this Agreement, in the amount of $43,500.00, which includes a contingency fee of $10,000.00, as the selected consultant, with work scheduled to commence on February 27, 2020, and scheduled to last September 1, 2022, and authorizing the President and Secretary of the Board to sign the Agreement for same with said consultant.",Agreement or Contract,"Deputy Chief, Facilities Planning and Management",002281,v-002281,"Fund 21, Measure J","Hires Jensen Hughes for up to $43,500 to review Cole Administration Center alarm designs","Jensen Hughes will check the fire and intrusion alarm designs for the Cole Administration Center against the California Building and Fire Codes and district standards, and will witness testing of the systems. The amount includes a $10,000 contingency. The district awarded this contract without competitive bidding, and the work runs from February 27, 2020 to September 1, 2022.",School buildings & construction,new_agreement,Jensen Hughes,organization,Cole Administration Center,expense,fixed,43500,,,,,true,2020-02-27,2022-09-01,no_competitive_bid; multi_year,,,Adopted on the General Consent Report,2020-02-26,true,auto_ok,sonnet-agent,enrich.v3.md,true,
2020-02-26:20-0228,2020-02-26,2020-02-26,regular,P.-5,45,general,"Deputy Chief, Facilities Planning and Management",20-0228,https://ousd.legistar.com/LegislationDetail.aspx?ID=48818&GUID=FEF58DDC-D963-45DF-A4C7-8CB11CAA6ED6,Award of Agreement Between Owner and Contractor - R. F. MacDonald Company - Oakland Technical High School Boiler Replacement Project – Division of Facilities Planning and Management,"Approval by the Board of Education of Award of Agreement Between Owner and Contractor - Non Competitively Bid - for the Oakland Technical High School Boiler Replacement Project to R.F. MacDonald Company, Hayward, CA, for the latter to provide construction services to include removal and replace (122) 2”x105”x96.25” SA-178-A Boiler Tubes; Bell roll tubes on front and rear tube sheets, repair lower rear fire box wall and hydro test boiler, with services including all work described the November 26, 2019 proposal attached to this Agreement as Exhibit A, in the amount of $28,029.00, as the selected contractor, with work scheduled to commence on February 27, 2020, and scheduled to last until March 27, 2020, and authorizing the President and Secretary of the Board to sign the Agreement for same with said Contractor.",Agreement or Contract,"Deputy Chief, Facilities Planning and Management",003514,v-003514,Routine Restriction Mainenance Account (RRMA),"Pays R.F. MacDonald $28,029 to replace boiler tubes at Oakland Technical High School","R.F. MacDonald Company will remove and replace 122 boiler tubes at Oakland Technical High School and repair and test the boiler. The district awarded this contract without competitive bidding. Work is scheduled from February 27 to March 27, 2020.",School buildings & construction,new_agreement,R.F. MacDonald Company,organization,Oakland Technical High School,expense,fixed,28029,,,,,true,2020-02-27,2020-03-27,no_competitive_bid,,,Adopted on the General Consent Report,2020-02-26,true,auto_ok,sonnet-agent,enrich.v3.md,true,
2020-02-26:19-1894,2020-02-26,2020-02-26,regular,P.-6,47,general,Chief Academic Officer,19-1894,https://ousd.legistar.com/LegislationDetail.aspx?ID=47808&GUID=26FD44FC-EB1C-4D6F-A54A-69C061520A86,Termination - Professional Services Contract - Jason Seals - High School Network,"Approve by the Board of Education of the termination of the Professional Services Contract between District and Jason Seals, San Leandro, CA (Legislative File ID No. 19-1894, Enactment No. 19-1492, October 10, 2019), for convenience, pursuant to Section 14.1 of Contract, and directing the Superintendent of Schools, or designee, to send Notice of the same, pursuant to said provision of the Contract.",Agreement or Contract,Chief Academic Officer,006155,v-006155,Cross-Age Mentoring Program,Ends a mentoring program contractor's agreement for the district's convenience,"The Board ends a professional services contract with an individual contractor for the High School Network's Cross-Age Mentoring Program. The district is ending it for convenience, as the contract allows, and the Superintendent will send notice. The item does not state any dollar amounts.","Student health, support & family services",termination,Jason Seals,individual,,no_cost,,,,,,,true,,,,,,Adopted on the General Consent Report,2020-02-26,true,auto_ok,sonnet-agent,enrich.v3.md,true,
2020-02-26:20-0060,2020-02-26,2020-02-26,regular,P.-7,48,general,Chief Academic Officer,20-0060,https://ousd.legistar.com/LegislationDetail.aspx?ID=48659&GUID=DB9255B1-A3BF-4313-BCEB-02866B58CE1B,"Memorandum of Understanding, No Cost - The All Stars Project of the Bay Area - Community Parnterships - Community Schools and Student Services Department","Approval by the Board of Education of Memorandum of Understanding, No Cost between the District and The All Stars Project of the Bay Area, New York, NY, for the latter to engage young people In the District in presentations that offer them the opportunity to learn about the Development School for Youth (DSY}, an afterschool development program for youth between the ages of 16-21, as described in the Scope of Work, incorporated herein by reference as though fully set forth, via the Community Schools and Student Services Department, for the period of December 1, 2019 through December 1, 2022, at no cost to the District.",Agreement or Contract,Chief Academic Officer,,n-all-stars-project-of-bay-area,No Fiscal Impact,"Partners with All Stars Project to present its youth development program, at no cost","This no-cost memorandum of understanding (MOU) lets The All Stars Project of the Bay Area give presentations to district young people about its Development School for Youth, an afterschool program for ages 16-21. It runs from December 1, 2019 to December 1, 2022.",Partnerships & data sharing,mou_or_data_sharing,The All Stars Project of the Bay Area,organization,,no_cost,,,,,,,true,2019-12-01,2022-12-01,after_work_began; multi_year,,,Adopted on the General Consent Report,2020-02-26,true,auto_ok,sonnet-agent,enrich.v3.md,true,
2020-02-26:20-0061,2020-02-26,2020-02-26,regular,P.-8,49,general,Chief Academic Officer,20-0061,https://ousd.legistar.com/LegislationDetail.aspx?ID=48660&GUID=223952A2-F959-4D0D-8F00-7E423346EEA9,"Memorandum of Understanding, No Cost - Diversity In Health Training Institute - Community Partnerships - Community Schools and Student Services Department","Approval by the Board of Education of Memorandum of Understanding, No Cost between the District and Diversity in Health Training Institute, Oakland, CA, for the latter to provide through its Sidra Community Wellness Program, one-on-one preventive counseling, support groups, educational workshops, community events and promotional materials to support the wellness and mental health of students, in particular Middle Eastern and North African students and families in the District; offer consultations to school staff and teachers about how to be culturally responsive and supportive with Middle Eastern and North African students and families; and support students and families with applicable referrals to additional social and mental health services, at West Oakland Middle School and Oakland International High School, via the Community Schools and Student Services Department, for the period of December 9, 2019 through December 9, 2022, at no cost to the District.",Agreement or Contract,Chief Academic Officer,,v-006427,No Fiscal Impact,"Partners with Diversity in Health Training Institute for wellness support at two schools, at no cost","This no-cost memorandum of understanding (MOU) brings counseling, support groups, workshops and referrals to West Oakland Middle School and Oakland International High School. The program focuses on Middle Eastern and North African students and families, and also advises school staff on culturally responsive support. It runs from December 9, 2019 to December 9, 2022.","Student health, support & family services",mou_or_data_sharing,Diversity in Health Training Institute,organization,West Oakland Middle School; Oakland International High School,no_cost,,,,,,,true,2019-12-09,2022-12-09,after_work_began; multi_year,,,Adopted on the General Consent Report,2020-02-26,true,auto_ok,sonnet-agent,enrich.v3.md,true,
2020-02-26:20-0062,2020-02-26,2020-02-26,regular,P.-9,50,general,Chief Academic Officer,20-0062,https://ousd.legistar.com/LegislationDetail.aspx?ID=48661&GUID=4535A1DC-4627-492D-8BA8-71B35528B449,"Memorandum of Understanding, No Cost - Superpower of the Song™ By Kadie Kelly Music Studio - Community Partnerships - Community Schools and Student Services Department","Approval by the Board of Education of Memorandum of Understanding, No Cost between the District and Superpower of the Song™ By Kadie Kelly Music Studio, Oakland, CA, for the latter to empower  adults and children  by providing high quality music  instruction  on all kinds of  instruments,  offering  numerous  learning and performing  opportunities with  goals  that  surpass  developing  a cadre  of  skilled musicians, as described in the Scope of Work, incorporated herein by reference as though fully set forth, at Joaquin Miller Elementary School, via the Community Schools and Student Services Department, for the period of December 15, 2019 through December 12, 2022, at no cost to the District.",Agreement or Contract,Chief Academic Officer,,n-superpower-of-song-by-kadie-kelly-music-studio,No Fiscal Impact,Brings Superpower of the Song music lessons to Joaquin Miller Elementary at no cost,"This no-cost memorandum of understanding (MOU) lets a music studio provide music instruction on many instruments, with learning and performing opportunities, at Joaquin Miller Elementary School. It runs from December 15, 2019 to December 12, 2022.",Classroom & academic programs,mou_or_data_sharing,Superpower of the Song by Kadie Kelly Music Studio,organization,Joaquin Miller Elementary School,no_cost,,,,,,,true,2019-12-15,2022-12-12,after_work_began; multi_year,,,Adopted on the General Consent Report,2020-02-26,true,auto_ok,sonnet-agent,enrich.v3.md,true,
2020-02-26:20-0063,2020-02-26,2020-02-26,regular,P.-10,51,general,Chief Academic Officer,20-0063,https://ousd.legistar.com/LegislationDetail.aspx?ID=48662&GUID=AF2AC557-D6AE-4E69-B0CB-41E2756CCADD,"Memorandum of Understanding, No Cost - Phoebe Diamond - Community Partnerships - Community Schools and Student Services Department","Approval by the Board of Education of Memorandum of Understanding, No Cost between the District and Phoebe Diamond, Oakland, CA, for the latter to teach students in grades 3 - 5 a variety of techniques for creating visual art, including but not limited to collage (2 and 3 dimensional), painting (watercolor and acrylic), construction of medium to small size dioramas using a variety of materials; teach art history where students will learn about a range of artists who represent the diversity of the community and sewing classes where students learn how to draft patterns. follow patterns, sew by hand and machine, which develops many mathematical and executive function skills at Chabot Elementary School, via the Community Schools and Services Department, for the period of December 2, 2019 through December 1, 2022, at no cost to the District.",Agreement or Contract,Chief Academic Officer,,n-phoebe-diamond,No Fiscal Impact,Lets an Oakland artist teach art and sewing to grades 3-5 at Chabot Elementary at no cost,"This no-cost memorandum of understanding (MOU) lets an individual artist teach students in grades 3-5 at Chabot Elementary School. Lessons cover collage, painting, dioramas, art history and sewing. It runs from December 2, 2019 to December 1, 2022.",Classroom & academic programs,mou_or_data_sharing,Phoebe Diamond,individual,Chabot Elementary School,no_cost,,,,,,,true,2019-12-02,2022-12-01,after_work_began; multi_year,,,Adopted on the General Consent Report,2020-02-26,true,auto_ok,sonnet-agent,enrich.v3.md,true,
2020-02-26:20-0064,2020-02-26,2020-02-26,regular,P.-11,52,general,Chief Academic Officer,20-0064,https://ousd.legistar.com/LegislationDetail.aspx?ID=48663&GUID=625D5E65-0033-4CC0-AC4E-220D4407F500,"Memorandum of Understanding, No Cost - Oakland Natives Give Back Fund Inc. - Community Partnerships - Community Schools and Student Services Department","Approval by the Board of Education of Memorandum of Understanding, No Cost between the District and Oakland Natives Give Back Fund Inc., Oakland, CA, for the latter to promote attendance and provide incentives through their Every Day Counts Attendance Challenge initiative and Attendance Learning Institute (ALI) program at all District public schools, for the period of August 12, 2019 through July 31, 2022, at no cost to the District.",Agreement or Contract,Chief Academic Officer,,n-oakland-natives-give-back-fund,No Fiscal Impact,Partners with Oakland Natives Give Back Fund on attendance incentives at no cost,"This no-cost memorandum of understanding (MOU) lets the Oakland Natives Give Back Fund run its Every Day Counts Attendance Challenge and Attendance Learning Institute at all district public schools. The program promotes attendance and provides incentives. It runs from August 12, 2019 to July 31, 2022.","Student health, support & family services",mou_or_data_sharing,Oakland Natives Give Back Fund Inc.,organization,,no_cost,,,,,,,true,2019-08-12,2022-07-31,after_work_began; multi_year,,,Adopted on the General Consent Report,2020-02-26,true,auto_ok,sonnet-agent,enrich.v3.md,true,
2020-02-26:20-0125,2020-02-26,2020-02-26,regular,P.-12,53,general,Chief Academic Officer,20-0125,https://ousd.legistar.com/LegislationDetail.aspx?ID=48724&GUID=B4EA5032-C509-46FC-8796-A794AA6219EA,"Amendment No. 2, Memorandum of Understanding - East Bay Asian Youth Center - After School Program - Roosevelt Middle School","Approval by the Board of Education of Amendment No. 2, Memorandum of Understanding between East Bay Asian Youth Center, Oakland, CA, reducing funding for agency academic support positions so school site can hire Roosevelt teachers on extended contracts to support academic needs of students participating in the After School Program at Roosevelt Middle School, for the period of August 1, 2019 through July 31, 2020, in the reduced amount of $8,316.00, decreasing the MOU not to exceed amount from $402,335.00 to $394,019.00.  All other terms and conditions of the MOU remain in full force and effect.",Agreement or Contract,Chief Academic Officer,001474,v-001474,21st Century Community Learning Centers Grant,"Cuts $8,316 from East Bay Asian Youth Center's Roosevelt after-school agreement","This change to a memorandum of understanding (MOU) reduces funding for the agency's academic support positions, so Roosevelt Middle School can hire its own teachers on extended contracts for the After School Program. The agreement limit drops from $402,335 to $394,019 for August 1, 2019 to July 31, 2020. All other terms stay the same.",After-school & summer programs,amendment,East Bay Asian Youth Center,organization,Roosevelt Middle School,decrease,fixed,8316,,,402335,394019,true,2019-08-01,2020-07-31,,,,Adopted on the General Consent Report,2020-02-26,true,auto_ok,sonnet-agent,enrich.v3.md,true,
2020-02-26:20-0133,2020-02-26,2020-02-26,regular,P.-13,54,general,Chief Academic Officer,20-0133,https://ousd.legistar.com/LegislationDetail.aspx?ID=48732&GUID=EFA9B4A2-C4A7-4B1D-A086-8F1676242602,"Non-Public, Nonsectarian School/Agency Services Master Contract(s) – Telos Academy - 2019-2020 School Year - Special Education Program","Approval by the Board of Education of Special Education Services Non-Public, Nonsectarian School/Agency Services Master Contract between the District and Telos Academy, Orem, UT, for the latter to provide services to pupils as specified in Section 1 of Contract, for the period January 2020 through June 2020, pursuant to terms and conditions of Resolution No. 1920-0151.",Agreement or Contract,Chief Academic Officer,,n-telos-academy,Special Education,Renews Telos Academy's special education school contract for January-June 2020,"This master contract lets Telos Academy, a nonpublic school in Orem, UT, provide services to district special education students from January to June 2020. The item does not state a dollar amount; it follows the terms of an earlier Board resolution.",Special education,new_agreement,Telos Academy,organization,,expense,,,,,,,true,2020-01-01,2020-06-30,after_work_began,,,Adopted on the General Consent Report,2020-02-26,true,auto_ok,sonnet-agent,enrich.v3.md,true,
2020-02-26:20-0160,2020-02-26,2020-02-26,regular,P.-14,55,general,Chief Academic Officer,20-0160,https://ousd.legistar.com/LegislationDetail.aspx?ID=48759&GUID=36E2533F-8CCA-4047-8610-054A0762C4AE,Professional Services Contract - Destiny Arts Center - Prescott Elementary School,"Ratification by the Board of Education of a Professional Services Contract between the District and Destiny Arts Center, Oakland, CA, for the latter to provide over 120 students with creative youth development curriculum and community building tools; over 250 hours of art education experience for students, at Prescott Elementary School, for the period of July 1, 2019 through May 29, 2020, in an amount not to exceed $24,000.00.",Agreement or Contract,Chief Academic Officer,001363,v-001363,"Measure G, Parcel Tax","Approves Destiny Arts Center contract up to $24,000 for arts programs at Prescott Elementary","Destiny Arts Center provides over 120 Prescott Elementary students with creative youth development lessons and more than 250 hours of art education. The contract runs from July 1, 2019 to May 29, 2020 and is for up to $24,000. The Board is approving it after the work period began.",Classroom & academic programs,new_agreement,Destiny Arts Center,organization,Prescott Elementary School,expense,not_to_exceed,24000,,,,,true,2019-07-01,2020-05-29,after_work_began,,,Adopted on the General Consent Report,2020-02-26,true,auto_ok,sonnet-agent,enrich.v3.md,true,
2020-02-26:20-0185,2020-02-26,2020-02-26,regular,P.-15,56,general,Chief Academic Officer,20-0185,https://ousd.legistar.com/LegislationDetail.aspx?ID=48784&GUID=779CF4D2-CF67-48E7-A27D-E0F4B89E7138,Professional Services Contract - Oakland Public Education Fund - Elmhurst United Middle School,"Approval by the Board of Education of a Professional Services Contract between the District and Oakland Public Education Fund, Oakland, CA, for the latter to provide an assistant music instructor to provide technical support and assistance to build out a multi-faceted music and performing arts program at Elmhurst  United Middle School, for the period of January 1, 2020 through May 28, 2020, in an amount not to exceed $16,500.00.",Agreement or Contract,Chief Academic Officer,003143,v-003143,Measure G1 Parcel Tax,"Pays Oakland Public Education Fund up to $16,500 for a music assistant at Elmhurst United","The Oakland Public Education Fund will provide an assistant music instructor to help build a music and performing arts program at Elmhurst United Middle School. The contract runs from January 1 to May 28, 2020 and began before this vote.",Classroom & academic programs,new_agreement,Oakland Public Education Fund,organization,Elmhurst United Middle School,expense,not_to_exceed,16500,,,,,true,2020-01-01,2020-05-28,after_work_began,,,Adopted on the General Consent Report,2020-02-26,true,auto_ok,sonnet-agent,enrich.v3.md,true,
2020-02-26:20-0186,2020-02-26,2020-02-26,regular,P.-16,57,general,Chief Academic Officer,20-0186,https://ousd.legistar.com/LegislationDetail.aspx?ID=48785&GUID=2760919E-2913-43D5-915C-420461785E65,Professional Services Contract - John Shurtz - Castlemont High School,"Ratification by the Board of Education of a Professional Services Contract between the District and John Shurtz, Oakland, CA, for the latter, as part of the Dual Enrollment Program introduction to a skilled trades class, to serve in the dual enrollment and special projects position providing opportunities for students to design and build authentic projects relevant to their lives and the needs of the campus, with this additional support covering instructional gaps in the calendar between Peralta Calendar and the school calendar as well as provide additional time needed to coordinate with high school staff; provide support for students and plan and manage projects; provide special projects in the space that align and connect to other courses on the campus in order to internally develop programs and support the school community through applied learning at Castlemont High School, for the period of August 14, 2019 through June 1, 2020, in an amount not to exceed $7,875.00.",Agreement or Contract,Chief Academic Officer,005415,v-005415,Measure N,"Approves up to $7,875 for a contractor on a dual enrollment skilled trades class at Castlemont","An individual contractor supports a dual enrollment skilled trades class at Castlemont High School, covering gaps between the Peralta and school calendars. The role includes helping students design and build projects and coordinating with staff. The contract runs from August 14, 2019 to June 1, 2020. The Board is approving it after the work period began.",Classroom & academic programs,new_agreement,John Shurtz,individual,Castlemont High School,expense,not_to_exceed,7875,,,,,true,2019-08-14,2020-06-01,after_work_began,,,Adopted on the General Consent Report,2020-02-26,true,auto_ok,sonnet-agent,enrich.v3.md,true,
2020-02-26:20-0187,2020-02-26,2020-02-26,regular,P.-17,58,general,Chief Academic Officer,20-0187,https://ousd.legistar.com/LegislationDetail.aspx?ID=48786&GUID=06917F7F-0E33-45BF-AB77-CD538AEA32C8,Professional Services Contract - Candice Valenzuela - Life Academy,"Ratification by the Board of Education of a Professional Services Contract between the District and Candice Valenzuela, Oakland, CA, for the latter, as Consultant, to hold 3 staff trainings on Trauma-informed care to better support students in the pathway with complex trauma at LIFE Academy, for the period of October 1, 2019 through January 31, 2020, in an amount not to exceed $3,500.00.",Agreement or Contract,Chief Academic Officer,004477,v-004477,Measure N,"Approves up to $3,500 for trauma-informed care trainings for staff at LIFE Academy","A consultant held three staff trainings on trauma-informed care at LIFE Academy. The goal was to better support students in the pathway who have complex trauma. The contract ran from October 1, 2019 to January 31, 2020, and the Board is approving it after the work period ended.","Student health, support & family services",new_agreement,Candice Valenzuela,individual,Life Academy,expense,not_to_exceed,3500,,,,,true,2019-10-01,2020-01-31,after_work_began,,,Adopted on the General Consent Report,2020-02-26,true,auto_ok,sonnet-agent,enrich.v3.md,true,
2020-02-26:20-0193,2020-02-26,2020-02-26,regular,P.-18,59,general,Chief Academic Officer,20-0193,https://ousd.legistar.com/LegislationDetail.aspx?ID=48787&GUID=B80F0B63-DD03-451D-9616-B22FC5EFB380,"Professional Services Contract - Super Stars Literacy, Inc. - Markham Elementary School","Ratification by the Board of Education of a Professional Services Contract between the District and Super Stars Literacy, Inc., Oakland, CA, for the latter to provide a literacy intervention program for K-2 pupils below reading level, as described in the Scope of Work, incorporated herein by reference as though fully set forth, at Markham Elementary School, for the period of October 28, 2019 through May 22, 2020, in an amount not to exceed $20,000.00.",Agreement or Contract,Chief Academic Officer,004139,v-004139,Unrest Concentration Support,"Approves up to $20,000 for Super Stars Literacy reading help at Markham Elementary","Super Stars Literacy, Inc. provides a literacy intervention program for K-2 students reading below grade level at Markham Elementary School. The contract runs from October 28, 2019 to May 22, 2020. The Board is approving it after the work period began.",Classroom & academic programs,new_agreement,"Super Stars Literacy, Inc.",organization,Markham Elementary School,expense,not_to_exceed,20000,,,,,true,2019-10-28,2020-05-22,after_work_began,,,Adopted on the General Consent Report,2020-02-26,true,auto_ok,sonnet-agent,enrich.v3.md,true,
2020-02-26:20-0198,2020-02-26,2020-02-26,regular,P.-19,60,general,Chief Academic Officer,20-0198,https://ousd.legistar.com/LegislationDetail.aspx?ID=48788&GUID=BAAD523E-0339-4C6E-B368-AC43B44C485A,"Professional Services Contract - Seeds of Awareness, Inc. - Garfield Elementary School","Ratification by the Board of Education of a Professional Services Contract between the District and Seeds of Awareness, Inc., Oakland, CA, for the latter to provide counseling services for students based on parent request or students identified as needing additional support through the COST referral process, as described in the Scope of Work, incorporated herein by reference as though fully set forth at Garfield Elementary School, for the period of September 2, 2019 through May 29, 2020, in an amount not to exceed $7,500.00.",Agreement or Contract,Chief Academic Officer,003856,v-003856,Unrest Supplemental Support,"Approves up to $7,500 for Seeds of Awareness counseling at Garfield Elementary","Seeds of Awareness, Inc. provides counseling for Garfield Elementary students, based on parent requests or students identified as needing more support through the school's referral process. The contract runs from September 2, 2019 to May 29, 2020. The Board is approving it after the work period began.","Student health, support & family services",new_agreement,"Seeds of Awareness, Inc.",organization,Garfield Elementary School,expense,not_to_exceed,7500,,,,,true,2019-09-02,2020-05-29,after_work_began,,,Adopted on the General Consent Report,2020-02-26,true,auto_ok,sonnet-agent,enrich.v3.md,true,
2020-02-26:20-0200,2020-02-26,2020-02-26,regular,P.-20,61,general,Chief Academic Officer,20-0200,https://ousd.legistar.com/LegislationDetail.aspx?ID=48790&GUID=79CFD227-91AA-4991-BB17-38D2FA9AD6A1,Professional Services Contract - Allie Whitehurst - McClymonds High School,"Ratification by the Board of Education of a Professional Services Contract between the District and Allie Whitehurst, Oakland, CA, for the latter to provide continuity to the final year of school’s redesign process and support to the leadership, as described in the Scope of Work, incorporated herein by reference as though fully set forth, at McClymonds High School, for the period of August 15, 2019 through May 29, 2020, in an amount not to exceed $15,000.00.",Agreement or Contract,Chief Academic Officer,004615,v-004615,Measure N,"Approves up to $15,000 for a consultant supporting McClymonds High's redesign","An individual consultant helps McClymonds High School with the final year of its school redesign process and supports school leadership. The contract runs from August 15, 2019 to May 29, 2020. The Board is approving it after the work period began.",Classroom & academic programs,new_agreement,Allie Whitehurst,individual,McClymonds High School,expense,not_to_exceed,15000,,,,,true,2019-08-15,2020-05-29,after_work_began,,,Adopted on the General Consent Report,2020-02-26,true,auto_ok,sonnet-agent,enrich.v3.md,true,
2020-02-26:20-0201,2020-02-26,2020-02-26,regular,P.-21,62,general,Chief Academic Officer,20-0201,https://ousd.legistar.com/LegislationDetail.aspx?ID=48791&GUID=70653AE9-3F95-4CFA-AEA1-DD1644CA2702,"Professional Services Contract - Superior Quality Home Health, LLC - Dewey Academy","Ratification by the Board of Education of a Professional Services Contract between the District and Superior Quality Home Health, LLC, San Leandro, CA, for the latter to develop high school programs aligned to industry-based professions that interest students, such as the medical field; prepare students to fulfill entry level jobs in healthcare at Dewey Academy, for the period of January 6, 2020 through May 29, 2020, in an amount not to exceed $2,000.00.",Agreement or Contract,Chief Academic Officer,006357,v-006357,Measure N,"Approves up to $2,000 for Superior Quality Home Health to build healthcare pathways at Dewey","Superior Quality Home Health, LLC develops high school programs tied to careers such as medicine and prepares Dewey Academy students for entry-level healthcare jobs. The contract runs from January 6 to May 29, 2020. The Board is approving it after the work period began.",Classroom & academic programs,new_agreement,"Superior Quality Home Health, LLC",organization,Dewey Academy,expense,not_to_exceed,2000,,,,,true,2020-01-06,2020-05-29,after_work_began,,,Adopted on the General Consent Report,2020-02-26,true,auto_ok,sonnet-agent,enrich.v3.md,true,
2020-02-26:20-0202,2020-02-26,2020-02-26,regular,P.-22,63,general,Chief Academic Officer,20-0202,https://ousd.legistar.com/LegislationDetail.aspx?ID=48792&GUID=28046831-961C-4B38-B210-2F372AE9284E,Professional Services Contract - Emma Donnelly - Elmhurst United Middle School,"Ratification by the Board of Education of a Professional Services Contract between the District and Emma Donnelly, Oakland, CA, for the latter to provide qualified services of English instruction for non-native English speaking parents of students, twice per week for 12 weeks in the Family Resource Center for the second-half of the academic school year, with classes focusing on enhancing English language fluency relevant to communicating with school faculty and staff, and helping parents develop the skills needed for guiding their children on a path to academic success at Elmhurst United Middle School, for the period of January 14, 2020 through April 9, 2020, in an amount not to exceed $3,000.00.",Agreement or Contract,Chief Academic Officer,004937,v-004937,Iasa-i Basic Grants Low Income and General Purpose-Unrestricted,"Approves up to $3,000 for English classes for parents at Elmhurst United Middle School","An individual instructor teaches English to parents who are not native speakers, twice a week for 12 weeks in the Family Resource Center. The classes focus on communicating with school staff and helping children succeed. The contract runs from January 14 to April 9, 2020. The Board is approving it after the work period began.","Student health, support & family services",new_agreement,Emma Donnelly,individual,Elmhurst United Middle School,expense,not_to_exceed,3000,,,,,true,2020-01-14,2020-04-09,after_work_began,,,Adopted on the General Consent Report,2020-02-26,true,auto_ok,sonnet-agent,enrich.v3.md,true,
2020-02-26:20-0209,2020-02-26,2020-02-26,regular,P.-23,64,general,Chief Academic Officer,20-0209,https://ousd.legistar.com/LegislationDetail.aspx?ID=48799&GUID=1A54E33D-82DF-445F-89D3-D9922A984EC0,Professional Services Contract - Oakland Public Education Fund - Oakland High School,"Approval by the Board of Education of a Professional Services Contract between the District and Oakland Public Education Fund, Oakland, CA, for the latter to manage the stipend process for student interns involved in on site (campus) work based internship program, including setting up the intern stipend process, schedule, issuing stipends and resolving stipend issues in a professional manner at Oakland High School, for the period of August 12, 2019 through June 30, 2020, in an amount not to exceed $11,000.00.",Agreement or Contract,Chief Academic Officer,003143,v-003143,Measure N,"Pays Oakland Public Education Fund up to $11,000 to run intern stipends at Oakland High","The Oakland Public Education Fund will manage the stipend process for student interns in Oakland High School's on-campus work-based internship program. That includes setting up the schedule, issuing stipends and resolving problems. The contract runs from August 12, 2019 to June 30, 2020 and began before this vote.",Classroom & academic programs,new_agreement,Oakland Public Education Fund,organization,Oakland High School,expense,not_to_exceed,11000,,,,,true,2019-08-12,2020-06-30,after_work_began,,,Adopted on the General Consent Report,2020-02-26,true,auto_ok,sonnet-agent,enrich.v3.md,true,
2020-02-26:20-0213,2020-02-26,2020-02-26,regular,P.-24,65,general,Chief Academic Officer,20-0213,https://ousd.legistar.com/LegislationDetail.aspx?ID=48803&GUID=0EF10C3E-E622-4522-83AD-BE704BBADB60,"Memorandum of Understanding - City of Oakland, via The Oakland Workforce Development Board and Named America's Job Center of California (AJCC) Partners - Adult and Career Education Department","Approval by the Board of Education of a Memorandum of Understanding between the District, the City of Oakland, on behalf of itself and the Oakland Workforce Development Board, and the America’s Job Center of California (ACC) Partners, named herein, as Parties to the MOU, Oakland, CA, establishing a cooperative working relationship between the Parties and to define respective roles and responsibilities in achieving policy objectives; serving to establish the framework for providing services to employers and employees, job seekers and others needing workforce services, as stated herein, for the period of July 1, 2019 through June 30, 2022, at no cost to the District.",Agreement or Contract,Chief Academic Officer,,n-city-of-oakland-oakland-workforce-development-board-and-americas-job-center-of-california-partners,No Fiscal Impact,Joins City of Oakland workforce partners in a no-cost agreement through June 2022,"This no-cost memorandum of understanding (MOU) sets up a working relationship between the district's Adult and Career Education Department, the City of Oakland, the Oakland Workforce Development Board and America's Job Center of California partners. It sets roles for providing workforce services to employers, job seekers and workers. It runs from July 1, 2019 to June 30, 2022.",Partnerships & data sharing,mou_or_data_sharing,"City of Oakland, Oakland Workforce Development Board and America's Job Center of California partners",organization,,no_cost,,,,,,,true,2019-07-01,2022-06-30,after_work_began; multi_year,,,Adopted on the General Consent Report,2020-02-26,true,auto_ok,sonnet-agent,enrich.v3.md,true,
2020-02-26:20-0214,2020-02-26,2020-02-26,regular,P.-25,66,general,Chief Academic Officer,20-0214,https://ousd.legistar.com/LegislationDetail.aspx?ID=48804&GUID=B86A933D-A086-405B-8BF2-807D7C7CFAC5,"Services Agreement - New Leaders, Inc. - Continous School Improvement Department","Approval by the Board of Education of a Services Agreement between the District and New Leaders, Inc., New York, NY, for the latter to provide on-the-job training that prepares teacher leaders, coaches, and/or assistant principals to boost achievement across multiple classrooms - with a focus on seeing results during the training year; combine intensive study with job-embedded coaching as participants lead a team of teachers to elevate instruction and achievement; providing Program Participants of Emerging Leaders who successfully complete the program with possible opportunity to participate in New Leaders' Aspiring Principals Program in the following year, all of the foregoing as described in the Scope of Work, incorporated herein by reference as though fully set forth, via the Continuous School Improvement Department, for the period August 1, 2019 through June 30, 2020, at no cost to the District.",Agreement or Contract,Chief Academic Officer,,v-003058,No Fiscal Impact,Hires New Leaders to train teacher leaders and assistant principals at no cost,"New Leaders, Inc. provides on-the-job training that prepares teacher leaders, coaches and assistant principals, combining study with coaching. Participants who finish may be able to join its Aspiring Principals Program the next year. The agreement costs the district nothing and runs from August 1, 2019 to June 30, 2020.",Classroom & academic programs,new_agreement,"New Leaders, Inc.",organization,,no_cost,,,,,,,true,2019-08-01,2020-06-30,after_work_began,,,Adopted on the General Consent Report,2020-02-26,true,auto_ok,sonnet-agent,enrich.v3.md,true,
2020-02-26:20-0215,2020-02-26,2020-02-26,regular,P.-26,67,general,Chief Academic Officer,20-0215,https://ousd.legistar.com/LegislationDetail.aspx?ID=48805&GUID=08102B18-0433-4465-BD1B-B899A2409EA2,"Non-Public, Nonsectarian School/Agency Services Master Contract(s) – 360 Degree Customer - 2019-2020 School Year - Special Education Program","Approval by the Board of Education of Special Education Services Non-Public, Nonsectarian School/Agency Services Master Contract between the District and 360 Degree Customer, Santa Clara, CA, for the latter to provide services to pupils as specified in Section 1 of Contract, for the period July 1, 2019 through June 30, 2020, pursuant to terms and conditions of Resolution No. 1920-0151.",Agreement or Contract,Chief Academic Officer,,n-360-degree-customer,Special Education,Renews 360 Degree Customer's special education school contract for 2019-20,"This master contract lets 360 Degree Customer, a nonpublic agency in Santa Clara, provide services to district special education students from July 1, 2019 to June 30, 2020. The item does not state a dollar amount; it follows the terms of an earlier Board resolution.",Special education,new_agreement,360 Degree Customer,organization,,expense,,,,,,,true,2019-07-01,2020-06-30,after_work_began,,,Adopted on the General Consent Report,2020-02-26,true,auto_ok,sonnet-agent,enrich.v3.md,true,
2020-02-26:20-0296,2020-02-26,2020-02-26,regular,P.-27,68,general,Chief Academic Officer,20-0296,https://ousd.legistar.com/LegislationDetail.aspx?ID=48886&GUID=A624FFD0-A3E8-43F0-8426-021EB29FB09D,"Professional Services Contract - Servio Consulting, LLC - Academics and Instructional Innovation Department","Ratification by the Board of Education of a Professional Services Contract between the District and Servio Consulting, LLC, Frankfort, IL, for the latter to provide improved business practices, increased productivity, reduced operating costs, increased customer satisfaction, and maximized return on investment, specifically  Salesforce CRM Setup: Course Structure;  Teacher Registration Tracking;  Course registration Community; Mogli SMS (Optional);  Salesforce Training, as described in the Scope of Work, incorporated herein by reference as though fully set forth, via Academics and Instructional Innovation Department, for the period of January 20, 2020 through June 30, 2020 in an amount not to exceed $87,550.00.",Agreement or Contract,Chief Academic Officer,006408,v-006408,Salesforce.org,"Approves $87,550 for Servio Consulting to set up Salesforce for academic programs","Servio Consulting, LLC sets up Salesforce, a customer relationship management (CRM) system, for the Academics and Instructional Innovation Department. The work covers course structure, teacher registration tracking, a course registration community, an optional text messaging tool and training. The contract runs from January 20 to June 30, 2020. The Board is approving it after the work period began.",Technology,new_agreement,"Servio Consulting, LLC",organization,,expense,not_to_exceed,87550,,,,,true,2020-01-20,2020-06-30,after_work_began,,,Adopted on the General Consent Report,2020-02-26,true,auto_ok,sonnet-agent,enrich.v3.md,true,
2020-02-26:20-0306,2020-02-26,2020-02-26,regular,P.-28,69,general,Chief Academic Officer,20-0306,https://ousd.legistar.com/LegislationDetail.aspx?ID=48896&GUID=A7F552D3-F64B-45B6-8102-27C8FEFEC54E,Grant Award - California Department of Education - California Partnership Academies (CPA) Program - Fremont High School Media Academy - High School Linked Learning Office,"Acceptance by the Board of Education of a California Partnership Academies (CPA) Program: Career Technical Education Initiative Grant Award from the California Department of Education, for the Fremont High School Media Academy (0066), CDE Grant Number: 19-23181-61259-02, in the amount of $77,670.00, for purpose described in the attachment, for the period of July 1, 20198 through June 30, 2020, pursuant to the terms and conditions thereof.",Agreement or Contract,Chief Academic Officer,,n-california-department-of-education,California Department of Education,"Accepts a $77,670 state grant for Fremont High's Media Academy","The district accepts a California Partnership Academies career technical education grant of $77,670 from the California Department of Education. It supports the Fremont High School Media Academy for the 2019-20 school year.",Classroom & academic programs,grant_or_funding_in,California Department of Education,organization,Fremont High School,revenue,fixed,77670,,,,,true,2019-07-01,2020-06-30,after_work_began,,,Adopted on the General Consent Report,2020-02-26,true,auto_ok,sonnet-agent,enrich.v3.md,true,
2020-02-26:20-0336,2020-02-26,2020-02-26,regular,P.-29,70,general,Chief Academic Officer,20-0336,https://ousd.legistar.com/LegislationDetail.aspx?ID=48926&GUID=10ACAC4C-3DC1-4394-9580-7A7222FE963A,Professional Services Contract and Addendum - The Achievement Network - EnCompass Academy,"Approval by the Board of Education of Professional Services Contract and Addendum between the District and The Achievement Network, for the latter to provide Training and Coaching: Member specific coaching/training sessions (as agreed to between ANet's coach and Member) i.e.,  coaching and professional development for teachers to be able to facilitate greater learning for students of the English Language Arts Common Core Standards at EnCompass Academy, for the period July 1, 2019 through June 30, 2020, in an amount not to exceed $28,000.00.",Agreement or Contract,Chief Academic Officer,1007304,v-1007304,Consultant Fund,"Approves up to $28,000 for The Achievement Network to coach teachers at EnCompass Academy","The Achievement Network provides coaching and training for EnCompass Academy teachers to help students learn the English Language Arts Common Core standards. The contract and its addendum run from July 1, 2019 to June 30, 2020.",Classroom & academic programs,new_agreement,The Achievement Network,organization,EnCompass Academy,expense,not_to_exceed,28000,,,,,true,2019-07-01,2020-06-30,after_work_began,,,Adopted on the General Consent Report,2020-02-26,true,auto_ok,sonnet-agent,enrich.v3.md,true,
2020-02-26:20-0292,2020-02-26,2020-02-26,regular,P.-30,71,general,Chief Academic Officer,20-0292,https://ousd.legistar.com/LegislationDetail.aspx?ID=48882&GUID=5D6794C1-F831-47A9-8E32-48F42AC89B21,Grant Award - California Department of Education - California Partnership Academies (CPA) Program - Life Academy Health and Bioscience Academy - High School Linked Learning Office,"Acceptance by the Board of Education of a California Partnership Academies (CPA) Program: Career Technical Education Initiative Grant Award from the California Department of Education, for the Life Academy Health and Bioscience Academy (0067), CDE Grant Number: 19-23181-61259-03, in the amount of $77,670.00, for purpose described in the attachment, for the period of July 1, 2019 through June 30, 2020, pursuant to the terms and conditions thereof.",Application,Chief Academic Officer,,n-california-department-of-education,California Department of Education,"Accepts a $77,670 state grant for Life Academy's Health and Bioscience Academy","The district accepts a California Partnership Academies career technical education grant of $77,670 from the California Department of Education. It supports the Life Academy Health and Bioscience Academy for the 2019-20 school year.",Classroom & academic programs,grant_or_funding_in,California Department of Education,organization,Life Academy,revenue,fixed,77670,,,,,true,2019-07-01,2020-06-30,after_work_began,,,Adopted on the General Consent Report,2020-02-26,true,auto_ok,sonnet-agent,enrich.v3.md,true,
2020-02-26:20-0305,2020-02-26,2020-02-26,regular,P.-31,72,general,Chief Academic Officer,20-0305,https://ousd.legistar.com/LegislationDetail.aspx?ID=48895&GUID=D46858A9-2B94-43B4-A6FF-E0BF0AC12A44,Grant Award - California Department of Education - California Partnership Academies (CPA) Program - Fremont High School College Preparatory and Architectural Academy - High School Linked Learning Office,"Acceptance by the Board of Education of a California Partnership Academies (CPA) Program: Career Technical Education Initiative Grant Award from the California Department of Education, for the Fremont High School College Preparatory and Architecture Academy (0065), CDE Grant Number: 19-23181-61259-01, in the amount of $77,670.00, for purpose described in the attachment, for the period of July 1, 2019 through June 30, 2020, pursuant to the terms and conditions thereof.",Application,Chief Academic Officer,,n-california-department-of-education,California Department of Education,"Accepts a $77,670 state career-pathway grant for Fremont High's College Preparatory and Architecture Academy","The Board accepts a $77,670 California Partnership Academies grant from the California Department of Education for the Fremont High School College Preparatory and Architecture Academy. The grant supports a career technical education program for high school students, with the specific uses described in an attachment. It covers July 1, 2019 through June 30, 2020.",Classroom & academic programs,grant_or_funding_in,California Department of Education,organization,Fremont High School,revenue,fixed,77670,,,,,true,2019-07-01,2020-06-30,after_work_began,,,Adopted on the General Consent Report,2020-02-26,true,auto_ok,sonnet-agent,enrich.v3.md,true,
2020-02-26:20-0308,2020-02-26,2020-02-26,regular,P.-32,73,general,Chief Academic Officer,20-0308,https://ousd.legistar.com/LegislationDetail.aspx?ID=48898&GUID=38B1F591-C544-40F4-9164-211B1EE82C84,Grant Award - California Department of Education - California Partnership Academies (CPA) Program - Oakland High School Environmental Science Academy - High School Linked Learning Office,"Acceptance by the Board of Education of a California Partnership Academies (CPA) Program: Career Technical Education Initiative Grant Award from the California Department of Education, for the Oakland High School Environmental Science Academy (0137), CDE Grant Number: 19-23181-61259-04, in the amount of $77,670.00, for purpose described in the attachment, for the period of July 1, 2019 through June 30, 2020, pursuant to the terms and conditions thereof.",Application,Chief Academic Officer,,n-california-department-of-education,California Department of Education,"Accepts a $77,670 state career-pathway grant for Oakland High's Environmental Science Academy","The Board accepts a $77,670 California Partnership Academies grant from the California Department of Education for the Oakland High School Environmental Science Academy. The grant supports a career technical education program for high school students, with the specific uses described in an attachment. It covers July 1, 2019 through June 30, 2020.",Classroom & academic programs,grant_or_funding_in,California Department of Education,organization,Oakland High School,revenue,fixed,77670,,,,,true,2019-07-01,2020-06-30,after_work_began,,,Adopted on the General Consent Report,2020-02-26,true,auto_ok,sonnet-agent,enrich.v3.md,true,
2020-02-26:20-0309,2020-02-26,2020-02-26,regular,P.-33,74,general,Chief Academic Officer,20-0309,https://ousd.legistar.com/LegislationDetail.aspx?ID=48899&GUID=374EE658-F8C1-4617-8683-00B2EB4D3825,Grant Award - California Department of Education - California Partnership Academies (CPA) Program - Oakland High School Visual Arts Academy - High School Linked Learning Office,"Acceptance by the Board of Education of a California Partnership Academies (CPA) Program: Career Technical Education Initiative Grant Award from the California Department of Education, for the Oakland High School Visual Arts Academy (0136), CDE Grant Number: 19-23181-61259-05, in the amount of $77,670.00, for purpose described in the attachment, for the period of July 1, 2019 through June 30, 2020, pursuant to the terms and conditions thereof.",Application,Chief Academic Officer,,n-california-department-of-education,California Department of Education,"Accepts a $77,670 state career-pathway grant for Oakland High's Visual Arts Academy","The Board accepts a $77,670 California Partnership Academies grant from the California Department of Education for the Oakland High School Visual Arts Academy. The grant supports a career technical education program for high school students, with the specific uses described in an attachment. It covers July 1, 2019 through June 30, 2020.",Classroom & academic programs,grant_or_funding_in,California Department of Education,organization,Oakland High School,revenue,fixed,77670,,,,,true,2019-07-01,2020-06-30,after_work_began,,,Adopted on the General Consent Report,2020-02-26,true,auto_ok,sonnet-agent,enrich.v3.md,true,
2020-02-26:20-0310,2020-02-26,2020-02-26,regular,P.-34,75,general,Chief Academic Officer,20-0310,https://ousd.legistar.com/LegislationDetail.aspx?ID=48900&GUID=47283B0E-0AF4-495A-A315-DC10C042438B,Grant Award - California Department of Education - California Partnership Academies (CPA) Program - Oakland Technical High School Computer Communication and Technology Academy - High School Linked Learning Office,"Acceptance by the Board of Education of a California Partnership Academies (CPA) Program: Career Technical Education Initiative Grant Award from the California Department of Education, for the Oakland Technical High School Computer Communication and Technology Academy (0138), CDE Grant Number: 19-23181-61259-06, in the amount of $77,670.00, for purpose described in the attachment, for the period of July 1, 2019 through June 30, 2020, pursuant to the terms and conditions thereof.",Application,Chief Academic Officer,,n-california-department-of-education,California Department of Educaton,"Accepts a $77,670 state career-pathway grant for Oakland Tech's Computer Communication and Technology Academy","The Board accepts a $77,670 California Partnership Academies grant from the California Department of Education for the Oakland Technical High School Computer Communication and Technology Academy. The grant supports a career technical education program for high school students, with the specific uses described in an attachment. It covers July 1, 2019 through June 30, 2020.",Classroom & academic programs,grant_or_funding_in,California Department of Education,organization,Oakland Technical High School,revenue,fixed,77670,,,,,true,2019-07-01,2020-06-30,after_work_began,,,Adopted on the General Consent Report,2020-02-26,true,auto_ok,sonnet-agent,enrich.v3.md,true,
2020-02-26:20-0315,2020-02-26,2020-02-26,regular,P.-35,76,general,Chief Academic Officer,20-0315,https://ousd.legistar.com/LegislationDetail.aspx?ID=48905&GUID=62AC729C-8A04-4477-94F7-36AEC0E1E901,Grant Award - California Department of Education - California Partnership Academies (CPA) Program - Oakland Technical High School Health and Biotechnology Academy - High School Linked Learning Office,"Acceptance by the Board of Education of a California Partnership Academies (CPA) Program: Career Technical Education Initiative Grant Award from the California Department of Education, for the Oakland Technical High School Health and Biotechnology Academy (0139), CDE Grant Number: 19-23181-61259-07, in the amount of $77,670.00, for purpose described in the attachment, for the period of July 1, 2019 through June 30, 2020, pursuant to the terms and conditions thereof.",Application,Chief Academic Officer,,n-california-department-of-education,California Department of Education,"Accepts a $77,670 state career-pathway grant for Oakland Tech's Health and Biotechnology Academy","The Board accepts a $77,670 California Partnership Academies grant from the California Department of Education for the Oakland Technical High School Health and Biotechnology Academy. The grant supports a career technical education program for high school students, with the specific uses described in an attachment. It covers July 1, 2019 through June 30, 2020.",Classroom & academic programs,grant_or_funding_in,California Department of Education,organization,Oakland Technical High School,revenue,fixed,77670,,,,,true,2019-07-01,2020-06-30,after_work_began,,,Adopted on the General Consent Report,2020-02-26,true,auto_ok,sonnet-agent,enrich.v3.md,true,
2020-02-26:20-0316,2020-02-26,2020-02-26,regular,P.-36,77,general,Chief Academic Officer,20-0316,https://ousd.legistar.com/LegislationDetail.aspx?ID=48906&GUID=7E4910B1-78DB-46EA-B7C5-FF1FAADC797F,Grant Award - California Department of Education - California Partnership Academies (CPA) Program - Skyline High School Skyline Education Academy - High School Linked Learning Office,"Acceptance by the Board of Education of a California Partnership Academies (CPA) Program: Career Technical Education Initiative Grant Award from the California Department of Education, for the Skyline High School Skyline Education Academy (0456), CDE Grant Number: 19- 23181-61259-08, in the amount of $77,670.00, for purpose described in the attachment, for the period of July 1, 2019 through June 30, 2020, pursuant to the terms and conditions thereof.",Application,Chief Academic Officer,,n-california-department-of-education,California Department of Education,"Accepts a $77,670 state career-pathway grant for Skyline High's Education Academy","The Board accepts a $77,670 California Partnership Academies grant from the California Department of Education for the Skyline High School Skyline Education Academy. The grant supports a career technical education program for high school students, with the specific uses described in an attachment. It covers July 1, 2019 through June 30, 2020.",Classroom & academic programs,grant_or_funding_in,California Department of Education,organization,Skyline High School,revenue,fixed,77670,,,,,true,2019-07-01,2020-06-30,after_work_began,,,Adopted on the General Consent Report,2020-02-26,true,auto_ok,sonnet-agent,enrich.v3.md,true,
2020-02-26:20-0317,2020-02-26,2020-02-26,regular,P.-37,78,general,Chief Academic Officer,20-0317,https://ousd.legistar.com/LegislationDetail.aspx?ID=48907&GUID=EEAD0861-FB5A-498D-9917-FAD552A6DB2B,Grant Award - California Department of Education - California Partnership Academies (CPA) Program – Castlemont Sustainable Urban Design Academy - High School Linked Learning Office,"Acceptance by the Board of Education of a California Partnership Academies (CPA) Program: Career Technical Education Initiative Grant Award from the California Department of Education, for the Castlemont Sustainable Urban Design Academy (0003), CDE Grant Number: 19-25168-61259-S1, in the amount of $50,000.00, for purpose described in the attachment, for the period of July 1, 2019 through June 30, 2020, pursuant to the terms and conditions thereof.",Application,Chief Academic Officer,,n-california-department-of-education,California Department of Education,"Accepts a $50,000 state career-pathway grant for Castlemont's Sustainable Urban Design Academy","The Board accepts a $50,000 California Partnership Academies grant from the California Department of Education for the Castlemont Sustainable Urban Design Academy. The grant supports a career technical education program for high school students, with the specific uses described in an attachment. It covers July 1, 2019 through June 30, 2020.",Classroom & academic programs,grant_or_funding_in,California Department of Education,organization,Castlemont Sustainable Urban Design Academy,revenue,fixed,50000,,,,,true,2019-07-01,2020-06-30,after_work_began,,,Adopted on the General Consent Report,2020-02-26,true,auto_ok,sonnet-agent,enrich.v3.md,true,
2020-02-26:20-0318,2020-02-26,2020-02-26,regular,P.-38,79,general,Chief Academic Officer,20-0318,https://ousd.legistar.com/LegislationDetail.aspx?ID=48908&GUID=3AC3DB1D-5A85-4B10-ACA0-C755D5F54552,Grant Award - California Department of Education - California Partnership Academies (CPA) Program – Skyline High School Renewable Energy Academy - High School Linked Learning Office,"Acceptance by the Board of Education of a California Partnership Academies (CPA) Program: Career Technical Education Initiative Grant Award from the California Department of Education, for the Skyline High School Renewable Energy Academy (C018), CDE Grant Number: 19-25168-61259-S2, in the amount of $50,000.00, for purpose described in the attachment, for the period of July 1, 2019 through June 30, 2020, pursuant to the terms and conditions thereof.",Application,Chief Academic Officer,,n-california-department-of-education,California Department of Education,"Accepts a $50,000 state career-pathway grant for Skyline High's Renewable Energy Academy","The Board accepts a $50,000 California Partnership Academies grant from the California Department of Education for the Skyline High School Renewable Energy Academy. The grant supports a career technical education program for high school students, with the specific uses described in an attachment. It covers July 1, 2019 through June 30, 2020.",Classroom & academic programs,grant_or_funding_in,California Department of Education,organization,Skyline High School,revenue,fixed,50000,,,,,true,2019-07-01,2020-06-30,after_work_began,,,Adopted on the General Consent Report,2020-02-26,true,auto_ok,sonnet-agent,enrich.v3.md,true,
2020-02-26:20-0229,2020-02-26,2020-02-26,regular,P.-39,80,general,Chief Academic Officer,20-0229,https://ousd.legistar.com/LegislationDetail.aspx?ID=48819&GUID=93CB59EC-98D5-4823-8534-E008D0B18DFD,Donation - Peralta Parent Teacher Group - Peralta Elementary School,"Acceptance by the Board of Education of a donation in the amount of $119,335.00 from the Peralta Parent Teacher Group (PPTG), Oakland, CA, for Peralta Elementary School, to supplement staff salaries, as specified, at said school, for 2019-2020 School Year, pursuant to the terms and conditions thereof, if any.",Donation,Chief Academic Officer,,n-peralta-parent-teacher-group,Peralta Parent Teacher Group,"Accepts a $119,335 parent-group donation to supplement staff salaries at Peralta Elementary","The Board accepts a $119,335 donation from the Peralta Parent Teacher Group to help supplement staff salaries at Peralta Elementary School. The donation is for the 2019-2020 school year.",Staff & hiring,grant_or_funding_in,Peralta Parent Teacher Group,organization,Peralta Elementary School,revenue,fixed,119335,,,,,true,2019-07-01,2020-06-30,after_work_began,,,Adopted on the General Consent Report,2020-02-26,true,auto_ok,sonnet-agent,enrich.v3.md,true,
2020-02-26:20-0219,2020-02-26,2020-02-26,regular,P.-40,81,general,Chief Academic Officer,20-0219,https://ousd.legistar.com/LegislationDetail.aspx?ID=48809&GUID=F441F1EF-0082-4621-B03C-9EEA623A4CF7,School Year - 2020-2021 Comprehensive Safety Plan - Allendale Elementary School,Approval by the Board of Education of the School Year - 2020-2021 Comprehensive Safety Plan - Allendale Elementary School.,Safety/Climate Plan,Chief of Police Services,,,,Approves Allendale Elementary's 2020-21 school safety plan,"The Board approves the 2020-2021 Comprehensive Safety Plan for Allendale Elementary School. No dollar amount is stated, and the plan's contents are in an attachment not included in the official text.",School plans,school_plan,,,Allendale Elementary School,no_cost,,,,,,,true,2020-07-01,2021-06-30,,,,Adopted on the General Consent Report,2020-02-26,true,auto_ok,sonnet-agent,enrich.v3.md,true,
2020-02-26:20-0220,2020-02-26,2020-02-26,regular,P.-41,82,general,Chief Academic Officer,20-0220,https://ousd.legistar.com/LegislationDetail.aspx?ID=48810&GUID=77E2C7BD-5719-43C3-96AD-E276380F75E1,School Year- 2020-2021- Comprehensive Safety Plan- Bella Vista Elementary School,Approval by the Board of Education of the School Year - 2020-2021 Comprehensive Safety Plan - Bella Vista Elementary School.,Safety/Climate Plan,Chief of Police Services,,,,Approves Bella Vista Elementary's 2020-21 school safety plan,"The Board approves the 2020-2021 Comprehensive Safety Plan for Bella Vista Elementary School. No dollar amount is stated, and the plan's contents are in an attachment not included in the official text.",School plans,school_plan,,,Bella Vista Elementary School,no_cost,,,,,,,true,2020-07-01,2021-06-30,,,,Adopted on the General Consent Report,2020-02-26,true,auto_ok,sonnet-agent,enrich.v3.md,true,
2020-02-26:20-0221,2020-02-26,2020-02-26,regular,P.-42,83,general,Chief Academic Officer,20-0221,https://ousd.legistar.com/LegislationDetail.aspx?ID=48811&GUID=1F7922BB-EBC4-4062-BC2C-618C4DDD619F,School Year – 2020-2021 Comprehensive Safety Plan – Brookfield Elementary School,Approval by the Board of Education of the School Year - 2020-2021 Comprehensive Safety Plan - Brookfield Elementary School.,Safety/Climate Plan,Chief of Police Services,,,,Approves Brookfield Elementary's 2020-21 school safety plan,"The Board approves the 2020-2021 Comprehensive Safety Plan for Brookfield Elementary School. No dollar amount is stated, and the plan's contents are in an attachment not included in the official text.",School plans,school_plan,,,Brookfield Elementary School,no_cost,,,,,,,true,2020-07-01,2021-06-30,,,,Adopted on the General Consent Report,2020-02-26,true,auto_ok,sonnet-agent,enrich.v3.md,true,
2020-02-26:20-0222,2020-02-26,2020-02-26,regular,P.-43,84,general,Chief Academic Officer,20-0222,https://ousd.legistar.com/LegislationDetail.aspx?ID=48812&GUID=854C23CC-8975-43E4-A25B-FAE126306698,School Year – 2020-2021 Comprehensive Safety Plan – Burckhalter Elementary School,Approval by the Board of Education of the School Year - 2020-2021 Comprehensive Safety Plan - Burckhalter Elementary School.,Safety/Climate Plan,Chief of Police Services,,,,Approves Burckhalter Elementary's 2020-21 school safety plan,"The Board approves the 2020-2021 Comprehensive Safety Plan for Burckhalter Elementary School. No dollar amount is stated, and the plan's contents are in an attachment not included in the official text.",School plans,school_plan,,,Burckhalter Elementary School,no_cost,,,,,,,true,2020-07-01,2021-06-30,,,,Adopted on the General Consent Report,2020-02-26,true,auto_ok,sonnet-agent,enrich.v3.md,true,
2020-02-26:20-0223,2020-02-26,2020-02-26,regular,P.-44,85,general,Chief Academic Officer,20-0223,https://ousd.legistar.com/LegislationDetail.aspx?ID=48813&GUID=EA14D99F-3D35-423D-8359-8AD40201A956,School Year – 2020-2021 Comprehensive Safety Plan – Chabot Elementary School,Approval by the Board of Education of the School Year - 2020-2021 Comprehensive Safety Plan - Chabot Elementary School.,Safety/Climate Plan,Chief of Police Services,,,,Approves Chabot Elementary's 2020-21 school safety plan,"The Board approves the 2020-2021 Comprehensive Safety Plan for Chabot Elementary School. No dollar amount is stated, and the plan's contents are in an attachment not included in the official text.",School plans,school_plan,,,Chabot Elementary School,no_cost,,,,,,,true,2020-07-01,2021-06-30,,,,Adopted on the General Consent Report,2020-02-26,true,auto_ok,sonnet-agent,enrich.v3.md,true,
2020-02-26:20-0224,2020-02-26,2020-02-26,regular,P.-45,86,general,Chief Academic Officer,20-0224,https://ousd.legistar.com/LegislationDetail.aspx?ID=48814&GUID=543C9AF7-D1F5-47F5-A103-920006B27B46,School Year – 2020-2021 Comprehensive Safety Plan – East Oakland Pride Elementary School,Approval by the Board of Education of the School Year - 2020-2021 Comprehensive Safety Plan - East Oakland Pride Elementary School,Safety/Climate Plan,Chief of Police Services,,,,Approves East Oakland Pride Elementary's 2020-21 school safety plan,"The Board approves the 2020-2021 Comprehensive Safety Plan for East Oakland Pride Elementary School. No dollar amount is stated, and the plan's contents are in an attachment not included in the official text.",School plans,school_plan,,,East Oakland Pride Elementary School,no_cost,,,,,,,true,2020-07-01,2021-06-30,,,,Adopted on the General Consent Report,2020-02-26,true,auto_ok,sonnet-agent,enrich.v3.md,true,
2020-02-26:20-0225,2020-02-26,2020-02-26,regular,P.-46,87,general,Chief Academic Officer,20-0225,https://ousd.legistar.com/LegislationDetail.aspx?ID=48815&GUID=0FC1E359-179A-4009-93C0-E390B91D52BC,School Year – 2020-2021 Comprehensive Safety Plan – Cleveland Elementary School,Approval by the Board of Education of the School Year - 2020-2021 Comprehensive Safety Plan - Cleveland Elementary School.,Safety/Climate Plan,Chief of Police Services,,,,Approves Cleveland Elementary's 2020-21 school safety plan,"The Board approves the 2020-2021 Comprehensive Safety Plan for Cleveland Elementary School. No dollar amount is stated, and the plan's contents are in an attachment not included in the official text.",School plans,school_plan,,,Cleveland Elementary School,no_cost,,,,,,,true,2020-07-01,2021-06-30,,,,Adopted on the General Consent Report,2020-02-26,true,auto_ok,sonnet-agent,enrich.v3.md,true,
2020-02-26:20-0226,2020-02-26,2020-02-26,regular,P.-47,88,general,Chief Academic Officer,20-0226,https://ousd.legistar.com/LegislationDetail.aspx?ID=48816&GUID=B3FC95D7-AC76-49AD-AF70-1148E2BB8658,School Year – 2020-2021 Comprehensive Safety Plan – Crocker Highlands Elementary School,Approval by the Board of Education of the School Year - 2020-2021 Comprehensive Safety Plan - Crocker Highlands Elementary School.,Safety/Climate Plan,Chief of Police Services,,,,Approves Crocker Highlands Elementary's 2020-21 school safety plan,"The Board approves the 2020-2021 Comprehensive Safety Plan for Crocker Highlands Elementary School. No dollar amount is stated, and the plan's contents are in an attachment not included in the official text.",School plans,school_plan,,,Crocker Highlands Elementary School,no_cost,,,,,,,true,2020-07-01,2021-06-30,,,,Adopted on the General Consent Report,2020-02-26,true,auto_ok,sonnet-agent,enrich.v3.md,true,
2020-02-26:20-0227,2020-02-26,2020-02-26,regular,P.-48,89,general,Chief Academic Officer,20-0227,https://ousd.legistar.com/LegislationDetail.aspx?ID=48817&GUID=68621B89-AD2E-4CDD-911B-AA8CE586DD3D,School Year – 2020-2021 Comprehensive Safety Plan – Grenleaf Elementary School,Approval by the Board of Education of the School Year - 2020-2021 Comprehensive Safety Plan - Greenleaf Elementary School.,Safety/Climate Plan,Chief of Police Services,,,,Approves Greenleaf Elementary's 2020-21 school safety plan,"The Board approves the 2020-2021 Comprehensive Safety Plan for Greenleaf Elementary School. No dollar amount is stated, and the plan's contents are in an attachment not included in the official text.",School plans,school_plan,,,Greenleaf Elementary School,no_cost,,,,,,,true,2020-07-01,2021-06-30,,,,Adopted on the General Consent Report,2020-02-26,true,auto_ok,sonnet-agent,enrich.v3.md,true,
2020-02-26:20-0230,2020-02-26,2020-02-26,regular,P.-49,90,general,Chief Academic Officer,20-0230,https://ousd.legistar.com/LegislationDetail.aspx?ID=48820&GUID=0D2456ED-7C2F-43A3-AE42-1BF1BBAA1FBE,School Year - 2020-2021 Comprehensive Safety Plan - Global Family Elementary School,Approval by the Board of Education of the School Year - 2020-2021 Comprehensive Safety Plan - Global Family Elementary School,Safety/Climate Plan,Chief of Police Services,,,,Approves Global Family Elementary's 2020-21 school safety plan,"The Board approves the 2020-2021 Comprehensive Safety Plan for Global Family Elementary School. No dollar amount is stated, and the plan's contents are in an attachment not included in the official text.",School plans,school_plan,,,Global Family Elementary School,no_cost,,,,,,,true,2020-07-01,2021-06-30,,,,Adopted on the General Consent Report,2020-02-26,true,auto_ok,sonnet-agent,enrich.v3.md,true,
2020-02-26:20-0232,2020-02-26,2020-02-26,regular,P.-50,91,general,Chief Academic Officer,20-0232,https://ousd.legistar.com/LegislationDetail.aspx?ID=48822&GUID=E6C2F1E4-DAEE-409B-BF42-7D6E150F793F,School Year - 2020-2021 Comprehensive Safety Plan - Garfield Elementary School,Approval by the Board of Education of the School Year - 2020-2021 Comprehensive Safety Plan - Garfield Elementary School.,Safety/Climate Plan,Chief of Police Services,,,,Approves Garfield Elementary's 2020-21 school safety plan,"The Board approves the 2020-2021 Comprehensive Safety Plan for Garfield Elementary School. No dollar amount is stated, and the plan's contents are in an attachment not included in the official text.",School plans,school_plan,,,Garfield Elementary School,no_cost,,,,,,,true,2020-07-01,2021-06-30,,,,Adopted on the General Consent Report,2020-02-26,true,auto_ok,sonnet-agent,enrich.v3.md,true,
2020-02-26:20-0233,2020-02-26,2020-02-26,regular,P.-51,92,general,Chief Academic Officer,20-0233,https://ousd.legistar.com/LegislationDetail.aspx?ID=48823&GUID=126185D2-82DC-4F75-A437-6CD0EF906D49,School Year - 2020-2021 Comprehensive Safety Plan - Glenview Elementary School,Approval by the Board of Education of the School Year - 2020-2021 Comprehensive Safety Plan - Glenview Elementary School.,Safety/Climate Plan,Chief of Police Services,,,,Approves Glenview Elementary's 2020-21 school safety plan,"The Board approves the 2020-2021 Comprehensive Safety Plan for Glenview Elementary School. No dollar amount is stated, and the plan's contents are in an attachment not included in the official text.",School plans,school_plan,,,Glenview Elementary School,no_cost,,,,,,,true,2020-07-01,2021-06-30,,,,Adopted on the General Consent Report,2020-02-26,true,auto_ok,sonnet-agent,enrich.v3.md,true,
2020-02-26:20-0234,2020-02-26,2020-02-26,regular,P.-52,93,general,Chief Academic Officer,20-0234,https://ousd.legistar.com/LegislationDetail.aspx?ID=48824&GUID=95AECB46-DD38-4BD8-8046-598BE601AF53,School Year - 2020-2021 Comprehensive Safety Plan - Grass Valley Elementary School,Approval by the Board of Education of the School Year - 2020-2021 Comprehensive Safety Plan - Grass Valley Elementary School.,Safety/Climate Plan,Chief of Police Services,,,,Approves Grass Valley Elementary's 2020-21 school safety plan,"The Board approves the 2020-2021 Comprehensive Safety Plan for Grass Valley Elementary School. No dollar amount is stated, and the plan's contents are in an attachment not included in the official text.",School plans,school_plan,,,Grass Valley Elementary School,no_cost,,,,,,,true,2020-07-01,2021-06-30,,,,Adopted on the General Consent Report,2020-02-26,true,auto_ok,sonnet-agent,enrich.v3.md,true,
2020-02-26:20-0238,2020-02-26,2020-02-26,regular,P.-53,94,general,Chief Academic Officer,20-0238,https://ousd.legistar.com/LegislationDetail.aspx?ID=48828&GUID=040F0DCA-C670-4D9F-9DC8-9EA3CCA41880,School Year - 2020-2021 Comprehensive Safety Plan - Futures Elementary School,Approval by the Board of Education of the School Year - 2020-2021 Comprehensive Safety Plan - Futures Elementary School.,Safety/Climate Plan,Chief of Police Services,,,,Approves Futures Elementary's 2020-21 school safety plan,"The Board approves the 2020-2021 Comprehensive Safety Plan for Futures Elementary School. No dollar amount is stated, and the plan's contents are in an attachment not included in the official text.",School plans,school_plan,,,Futures Elementary School,no_cost,,,,,,,true,2020-07-01,2021-06-30,,,,Adopted on the General Consent Report,2020-02-26,true,auto_ok,sonnet-agent,enrich.v3.md,true,
2020-02-26:20-0239,2020-02-26,2020-02-26,regular,P.-54,95,general,Chief Academic Officer,20-0239,https://ousd.legistar.com/LegislationDetail.aspx?ID=48829&GUID=F7CA971C-BB0F-48CC-ADF0-D5993BFAE581,School Year - 2020-2021 Comprehensive Safety Plan - New Highland Elementary School,Approval by the Board of Education of the School Year - 2020-2021 Comprehensive Safety Plan - New Highland Elementary School.,Safety/Climate Plan,Chief of Police Services,,,,Approves New Highland Elementary's 2020-21 school safety plan,"The Board approves the 2020-2021 Comprehensive Safety Plan for New Highland Elementary School. No dollar amount is stated, and the plan's contents are in an attachment not included in the official text.",School plans,school_plan,,,New Highland Elementary School,no_cost,,,,,,,true,2020-07-01,2021-06-30,,,,Adopted on the General Consent Report,2020-02-26,true,auto_ok,sonnet-agent,enrich.v3.md,true,
2020-02-26:20-0240,2020-02-26,2020-02-26,regular,P.-55,96,general,Chief Academic Officer,20-0240,https://ousd.legistar.com/LegislationDetail.aspx?ID=48830&GUID=8B320495-6DA3-49DE-839D-EE17848A0BB9,School Year - 2020-2021 Comprehensive Safety Plan - Hillcrest Elementary School,Approval by the Board of Education of the School Year - 2020-2021 Comprehensive Safety Plan - Hillcrest Elementary School.,Safety/Climate Plan,Chief of Police Services,,,,Approves Hillcrest Elementary's 2020-21 school safety plan,"The Board approves the 2020-2021 Comprehensive Safety Plan for Hillcrest Elementary School. No dollar amount is stated, and the plan's contents are in an attachment not included in the official text.",School plans,school_plan,,,Hillcrest Elementary School,no_cost,,,,,,,true,2020-07-01,2021-06-30,,,,Adopted on the General Consent Report,2020-02-26,true,auto_ok,sonnet-agent,enrich.v3.md,true,
2020-02-26:20-0241,2020-02-26,2020-02-26,regular,P.-56,97,general,Chief Academic Officer,20-0241,https://ousd.legistar.com/LegislationDetail.aspx?ID=48831&GUID=BC5E909D-9E89-4588-A10C-B04FDD0566AF,School Year - 2020-2021 Comprehensive Safety Plan - Laurel Elementary School,Approval by the Board of Education of the School Year - 2020-2021 Comprehensive Safety Plan - Laurel Elementary School.,Safety/Climate Plan,Chief of Police Services,,,,Approves Laurel Elementary's 2020-21 school safety plan,"The Board approves the 2020-2021 Comprehensive Safety Plan for Laurel Elementary School. No dollar amount is stated, and the plan's contents are in an attachment not included in the official text.",School plans,school_plan,,,Laurel Elementary School,no_cost,,,,,,,true,2020-07-01,2021-06-30,,,,Adopted on the General Consent Report,2020-02-26,true,auto_ok,sonnet-agent,enrich.v3.md,true,
2020-02-26:20-0242,2020-02-26,2020-02-26,regular,P.-57,98,general,Chief Academic Officer,20-0242,https://ousd.legistar.com/LegislationDetail.aspx?ID=48832&GUID=29CC1E3B-E4AE-4989-9F5B-90153897877D,School Year - 2020-2021 Comprehensive Safety Plan - Lincoln Elementary School,Approval by the Board of Education of the School Year - 2020-2021 Comprehensive Safety Plan - Lincoln Elementary School.,Safety/Climate Plan,Chief of Police Services,,,,Approves Lincoln Elementary's 2020-21 school safety plan,"The Board approves the 2020-2021 Comprehensive Safety Plan for Lincoln Elementary School. No dollar amount is stated, and the plan's contents are in an attachment not included in the official text.",School plans,school_plan,,,Lincoln Elementary School,no_cost,,,,,,,true,2020-07-01,2021-06-30,,,,Adopted on the General Consent Report,2020-02-26,true,auto_ok,sonnet-agent,enrich.v3.md,true,
2020-02-26:20-0243,2020-02-26,2020-02-26,regular,P.-58,99,general,Chief Academic Officer,20-0243,https://ousd.legistar.com/LegislationDetail.aspx?ID=48833&GUID=43EA5C0E-1812-4EC5-8701-5DCD93BA1976,School Year - 2020-2021 Comprehensive Safety Plan - Horace Mann Elementary School,Approval by the Board of Education for the School Year - 2020-2021 Comprehensive Safety Plan - Horace Mann Elementary School.,Safety/Climate Plan,Chief of Police Services,,,,Approves Horace Mann Elementary's 2020-21 school safety plan,"The Board approves the 2020-2021 Comprehensive Safety Plan for Horace Mann Elementary School. No dollar amount is stated, and the plan's contents are in an attachment not included in the official text.",School plans,school_plan,,,Horace Mann Elementary School,no_cost,,,,,,,true,2020-07-01,2021-06-30,,,,Adopted on the General Consent Report,2020-02-26,true,auto_ok,sonnet-agent,enrich.v3.md,true,
2020-02-26:20-0244,2020-02-26,2020-02-26,regular,P.-59,100,general,Chief Academic Officer,20-0244,https://ousd.legistar.com/LegislationDetail.aspx?ID=48834&GUID=11212362-77FF-4015-9D8C-F3E45F63B320,School Year - 2020-2021 Comprehensive Safety Plan - Markham Elementary School,Approval by the Board of Education of the School Year - 2020-2021 Comprehensive Safety Plan - Markham Elementary School.,Safety/Climate Plan,Chief of Police Services,,,,Approves Markham Elementary's 2020-21 school safety plan,"The Board approves the 2020-2021 Comprehensive Safety Plan for Markham Elementary School. No dollar amount is stated, and the plan's contents are in an attachment not included in the official text.",School plans,school_plan,,,Markham Elementary School,no_cost,,,,,,,true,2020-07-01,2021-06-30,,,,Adopted on the General Consent Report,2020-02-26,true,auto_ok,sonnet-agent,enrich.v3.md,true,
2020-02-26:20-0245,2020-02-26,2020-02-26,regular,P.-60,101,general,Chief Academic Officer,20-0245,https://ousd.legistar.com/LegislationDetail.aspx?ID=48835&GUID=AEAD7A8F-15E7-4868-807E-D3703BFD55C9,School Year - 2020-2021 Comprehensive Safety Plan - Joaquin Miller Elementary School,Approval by the Board of Education of the School Year - 2020-2021 Comprehensive Safety Plan - Joaquin Miller Elementary School.,Safety/Climate Plan,Chief of Police Services,,,,Approves Joaquin Miller Elementary's 2020-21 school safety plan,"The Board approves the 2020-2021 Comprehensive Safety Plan for Joaquin Miller Elementary School. No dollar amount is stated, and the plan's contents are in an attachment not included in the official text.",School plans,school_plan,,,Joaquin Miller Elementary School,no_cost,,,,,,,true,2020-07-01,2021-06-30,,,,Adopted on the General Consent Report,2020-02-26,true,auto_ok,sonnet-agent,enrich.v3.md,true,
2020-02-26:20-0248,2020-02-26,2020-02-26,regular,P.-61,102,general,Chief Academic Officer,20-0248,https://ousd.legistar.com/LegislationDetail.aspx?ID=48838&GUID=319C1A7B-9134-41B6-A4EF-3BB4181F9492,School Year - 2020-2021 Comprehensive Safety Plan - Montclair Elementary School,Approval by the Board of Education of the School Year - 2020-2021 Comprehensive Safety Plan - Montclair Elementary School.,Safety/Climate Plan,Chief of Police Services,,,,Approves the 2020-21 school safety plan for Montclair Elementary School,The Board approves the 2020-2021 Comprehensive Safety Plan for Montclair Elementary School. The item lists no dollar amount. The plan covers the 2020-21 school year.,School plans,school_plan,,,Montclair Elementary School,no_cost,,,,,,,true,2020-07-01,2021-06-30,,,,Adopted on the General Consent Report,2020-02-26,true,auto_ok,sonnet-agent,enrich.v3.md,true,
2020-02-26:20-0249,2020-02-26,2020-02-26,regular,P.-62,103,general,Chief Academic Officer,20-0249,https://ousd.legistar.com/LegislationDetail.aspx?ID=48839&GUID=A3541BF7-B58A-415D-A19C-EAE40FE7D250,School Year 2020-2021 Comprehensive Safety Plan - Parker Elementary School,Approval by the Board of Education of the School Year 2020-2021 Comprehensive Safety Plan - Parker Elementary School.,Safety/Climate Plan,Chief of Police Services,,,,Approves the 2020-21 school safety plan for Parker Elementary School,The Board approves the 2020-2021 Comprehensive Safety Plan for Parker Elementary School. The item lists no dollar amount. The plan covers the 2020-21 school year.,School plans,school_plan,,,Parker Elementary School,no_cost,,,,,,,true,2020-07-01,2021-06-30,,,,Adopted on the General Consent Report,2020-02-26,true,auto_ok,sonnet-agent,enrich.v3.md,true,
2020-02-26:20-0250,2020-02-26,2020-02-26,regular,P.-63,104,general,Chief Academic Officer,20-0250,https://ousd.legistar.com/LegislationDetail.aspx?ID=48840&GUID=D68E625E-6EB7-40A9-AEEE-F21D2A0B8274,School Year 2020-2021 Comprehensive Safety Plan - Peralta Elementary School,Approval by the Board of Education of the School Year 2020-2021 Comprehensive Safety Plan - Peralta Elementary School.,Safety/Climate Plan,Chief of Police Services,,,,Approves the 2020-21 school safety plan for Peralta Elementary School,The Board approves the 2020-2021 Comprehensive Safety Plan for Peralta Elementary School. The item lists no dollar amount. The plan covers the 2020-21 school year.,School plans,school_plan,,,Peralta Elementary School,no_cost,,,,,,,true,2020-07-01,2021-06-30,,,,Adopted on the General Consent Report,2020-02-26,true,auto_ok,sonnet-agent,enrich.v3.md,true,
2020-02-26:20-0251,2020-02-26,2020-02-26,regular,P.-64,105,general,Chief Academic Officer,20-0251,https://ousd.legistar.com/LegislationDetail.aspx?ID=48841&GUID=1A0EF4C2-3A52-4657-BE09-D82E482E1FBE,School Year 2020-2021 Comprehensive Safety Plan - Piedmont Avenue Elementary School,Approval by the Board of Education of the School Year 2020-2021 Comprehensive Safety Plan - Piedmont Avenue Elementary School.,Safety/Climate Plan,Chief of Police Services,,,,Approves the 2020-21 school safety plan for Piedmont Avenue Elementary School,The Board approves the 2020-2021 Comprehensive Safety Plan for Piedmont Avenue Elementary School. The item lists no dollar amount. The plan covers the 2020-21 school year.,School plans,school_plan,,,Piedmont Avenue Elementary School,no_cost,,,,,,,true,2020-07-01,2021-06-30,,,,Adopted on the General Consent Report,2020-02-26,true,auto_ok,sonnet-agent,enrich.v3.md,true,
2020-02-26:20-0252,2020-02-26,2020-02-26,regular,P.-65,106,general,Chief Academic Officer,20-0252,https://ousd.legistar.com/LegislationDetail.aspx?ID=48842&GUID=739D3A7A-16C7-4B94-B645-CB04261901A5,School Year 2020-2021 Comprehensive Safety Plan - Redwood Heights Elementary School,Approval by the Board of Education of the School Year 2020-2021 Comprehensive Safety Plan - Redwood Heights Elementary School.,Safety/Climate Plan,Chief of Police Services,,,,Approves the 2020-21 school safety plan for Redwood Heights Elementary School,The Board approves the 2020-2021 Comprehensive Safety Plan for Redwood Heights Elementary School. The item lists no dollar amount. The plan covers the 2020-21 school year.,School plans,school_plan,,,Redwood Heights Elementary School,no_cost,,,,,,,true,2020-07-01,2021-06-30,,,,Adopted on the General Consent Report,2020-02-26,true,auto_ok,sonnet-agent,enrich.v3.md,true,
2020-02-26:20-0253,2020-02-26,2020-02-26,regular,P.-66,107,general,Chief Academic Officer,20-0253,https://ousd.legistar.com/LegislationDetail.aspx?ID=48843&GUID=0797819B-279C-4126-9658-DC56B9D506CE,School Year 2020-2021 Comprehensive Safety Plan - Community United Elementary School,Approval by the Board of Education of the School Year 2020-2021 Comprehensive Safety Plan - Community United Elementary School,Safety/Climate Plan,Chief of Police Services,,,,Approves the 2020-21 school safety plan for Community United Elementary School,The Board approves the 2020-2021 Comprehensive Safety Plan for Community United Elementary School. The item lists no dollar amount. The plan covers the 2020-21 school year.,School plans,school_plan,,,Community United Elementary School,no_cost,,,,,,,true,2020-07-01,2021-06-30,,,,Adopted on the General Consent Report,2020-02-26,true,auto_ok,sonnet-agent,enrich.v3.md,true,
2020-02-26:20-0254,2020-02-26,2020-02-26,regular,P.-67,108,general,Chief Academic Officer,20-0254,https://ousd.legistar.com/LegislationDetail.aspx?ID=48844&GUID=601382EB-08D9-4851-BE8A-28CF70E492AE,School Year 2020-2021 Comprehensive Safety Plan - Sequoia Elementary School,Approval by the Board of Education of the School Year 2020-2021 Comprehensive Safety Plan - Sequoia Elementary School,Safety/Climate Plan,Chief of Police Services,,,,Approves the 2020-21 school safety plan for Sequoia Elementary School,The Board approves the 2020-2021 Comprehensive Safety Plan for Sequoia Elementary School. The item lists no dollar amount. The plan covers the 2020-21 school year.,School plans,school_plan,,,Sequoia Elementary School,no_cost,,,,,,,true,2020-07-01,2021-06-30,,,,Adopted on the General Consent Report,2020-02-26,true,auto_ok,sonnet-agent,enrich.v3.md,true,
2020-02-26:20-0255,2020-02-26,2020-02-26,regular,P.-68,109,general,Chief Academic Officer,20-0255,https://ousd.legistar.com/LegislationDetail.aspx?ID=48845&GUID=47E61CB7-ED1D-4652-8DE3-A5C0408396AF,School Year 2020-2021 Comprehensive Safety Plan - Melrose Leadership Academy,Approval by the Board of Education of the School Year 2020-2021 Comprehensive Safety Plan - Melrose Leadership Academy.,Safety/Climate Plan,Chief of Police Services,,,,Approves the 2020-21 school safety plan for Melrose Leadership Academy,The Board approves the 2020-2021 Comprehensive Safety Plan for Melrose Leadership Academy. The item lists no dollar amount. The plan covers the 2020-21 school year.,School plans,school_plan,,,Melrose Leadership Academy,no_cost,,,,,,,true,2020-07-01,2021-06-30,,,,Adopted on the General Consent Report,2020-02-26,true,auto_ok,sonnet-agent,enrich.v3.md,true,
2020-02-26:20-0256,2020-02-26,2020-02-26,regular,P.-69,110,general,Chief Academic Officer,20-0256,https://ousd.legistar.com/LegislationDetail.aspx?ID=48846&GUID=5F5E6284-9B78-4553-A945-B4C6814C8478,School Year 2020-2021 Comprehensive Safety Plan - Madison Park Academy - Primary,Approval by the Board of Education of the School Year 2020-2021 Comprehensive Safety Plan - Madison Park Academy - Primary.,Safety/Climate Plan,Chief of Police Services,,,,Approves the 2020-21 school safety plan for Madison Park Academy - Primary,The Board approves the 2020-2021 Comprehensive Safety Plan for Madison Park Academy - Primary. The item lists no dollar amount. The plan covers the 2020-21 school year.,School plans,school_plan,,,Madison Park Academy - Primary,no_cost,,,,,,,true,2020-07-01,2021-06-30,,,,Adopted on the General Consent Report,2020-02-26,true,auto_ok,sonnet-agent,enrich.v3.md,true,
2020-02-26:20-0258,2020-02-26,2020-02-26,regular,P.-70,111,general,Chief Academic Officer,20-0258,https://ousd.legistar.com/LegislationDetail.aspx?ID=48848&GUID=60EFC988-9D3F-4D93-A285-DFE42BB363D2,School Year 2020-2021 Comprehensive Safety Plan - Thornhill Elementary School,Approval by the Board of Education of the School Year 2020-2021 Comprehensive Safety Plan - Thornhill Elementary School.,Safety/Climate Plan,Chief of Police Services,,,,Approves the 2020-21 school safety plan for Thornhill Elementary School,The Board approves the 2020-2021 Comprehensive Safety Plan for Thornhill Elementary School. The item lists no dollar amount. The plan covers the 2020-21 school year.,School plans,school_plan,,,Thornhill Elementary School,no_cost,,,,,,,true,2020-07-01,2021-06-30,,,,Adopted on the General Consent Report,2020-02-26,true,auto_ok,sonnet-agent,enrich.v3.md,true,
2020-02-26:20-0259,2020-02-26,2020-02-26,regular,P.-71,112,general,Chief Academic Officer,20-0259,https://ousd.legistar.com/LegislationDetail.aspx?ID=48849&GUID=A658B81A-E96F-4ECD-9287-CE9F944B3FEF,School Year 2020-2021 Comprehensive Safety Plan - Acorn Woodland Elementary School,Approval by the Board of Education of the School Year 2020-2021 Comprehensive Safety Plan - Acorn Woodland Elementary School.,Safety/Climate Plan,Chief of Police Services,,,,Approves the 2020-21 school safety plan for Acorn Woodland Elementary School,The Board approves the 2020-2021 Comprehensive Safety Plan for Acorn Woodland Elementary School. The item lists no dollar amount. The plan covers the 2020-21 school year.,School plans,school_plan,,,Acorn Woodland Elementary School,no_cost,,,,,,,true,2020-07-01,2021-06-30,,,,Adopted on the General Consent Report,2020-02-26,true,auto_ok,sonnet-agent,enrich.v3.md,true,
2020-02-26:20-0260,2020-02-26,2020-02-26,regular,P.-72,113,general,Chief Academic Officer,20-0260,https://ousd.legistar.com/LegislationDetail.aspx?ID=48850&GUID=96141AB9-2E1D-4CD6-94C8-D40508807975,School Year 2020-2021 Comprehensive Safety Plan - Howard Elementary School,Approval by the Board of Education of the School Year 2020-2021 Comprehensive Safety Plan - Howard Elementary School.,Safety/Climate Plan,Chief of Police Services,,,,Approves the 2020-21 school safety plan for Howard Elementary School,The Board approves the 2020-2021 Comprehensive Safety Plan for Howard Elementary School. The item lists no dollar amount. The plan covers the 2020-21 school year.,School plans,school_plan,,,Howard Elementary School,no_cost,,,,,,,true,2020-07-01,2021-06-30,,,,Adopted on the General Consent Report,2020-02-26,true,auto_ok,sonnet-agent,enrich.v3.md,true,
2020-02-26:20-0261,2020-02-26,2020-02-26,regular,P.-73,114,general,Chief Academic Officer,20-0261,https://ousd.legistar.com/LegislationDetail.aspx?ID=48851&GUID=3F127141-F429-4F83-BB8C-B4AD166A3B1F,School Year 2020-2021 Comprehensive Safety Plan - Carl Munck Elementary School,Approval by the Board of Education of the School Year 2020-2021 Comprehensive Safety Plan - Carl Munck Elementary School.,Safety/Climate Plan,Chief of Police Services,,,,Approves the 2020-21 school safety plan for Carl Munck Elementary School,The Board approves the 2020-2021 Comprehensive Safety Plan for Carl Munck Elementary School. The item lists no dollar amount. The plan covers the 2020-21 school year.,School plans,school_plan,,,Carl Munck Elementary School,no_cost,,,,,,,true,2020-07-01,2021-06-30,,,,Adopted on the General Consent Report,2020-02-26,true,auto_ok,sonnet-agent,enrich.v3.md,true,
2020-02-26:20-0262,2020-02-26,2020-02-26,regular,P.-74,115,general,Chief Academic Officer,20-0262,https://ousd.legistar.com/LegislationDetail.aspx?ID=48852&GUID=5CA12D19-E8F2-415D-B1FC-D45BECE26AEA,School Year 2020-2021 Comprehensive Safety Plan - Hoover Elementary School,Approval by the Board of Education of the School Year 2020-2021 Comprehensive Safety Plan - Hoover Elementary School.,Safety/Climate Plan,Chief of Police Services,,,,Approves the 2020-21 school safety plan for Hoover Elementary School,The Board approves the 2020-2021 Comprehensive Safety Plan for Hoover Elementary School. The item lists no dollar amount. The plan covers the 2020-21 school year.,School plans,school_plan,,,Hoover Elementary School,no_cost,,,,,,,true,2020-07-01,2021-06-30,,,,Adopted on the General Consent Report,2020-02-26,true,auto_ok,sonnet-agent,enrich.v3.md,true,
2020-02-26:20-0263,2020-02-26,2020-02-26,regular,P.-75,116,general,Chief Academic Officer,20-0263,https://ousd.legistar.com/LegislationDetail.aspx?ID=48853&GUID=F4C86CD4-EC25-4478-8A24-DC5C4FC7A0EA,School Year 2020-2021 Comprehensive Safety Plan - Fred T. Korematsu Discovery Academy,Approval by the Board of Education of the School Year 2020-2021 Comprehensive Safety Plan - Fred T. Korematsu Discovery Academy.,Safety/Climate Plan,Chief of Police Services,,,,Approves the 2020-21 school safety plan for Fred T. Korematsu Discovery Academy,The Board approves the 2020-2021 Comprehensive Safety Plan for Fred T. Korematsu Discovery Academy. The item lists no dollar amount. The plan covers the 2020-21 school year.,School plans,school_plan,,,Fred T. Korematsu Discovery Academy,no_cost,,,,,,,true,2020-07-01,2021-06-30,,,,Adopted on the General Consent Report,2020-02-26,true,auto_ok,sonnet-agent,enrich.v3.md,true,
2020-02-26:20-0264,2020-02-26,2020-02-26,regular,P.-76,117,general,Chief Academic Officer,20-0264,https://ousd.legistar.com/LegislationDetail.aspx?ID=48854&GUID=EF6E554A-D8C6-4A30-9333-AFF5F86C39FE,School Year 2020-2021 Comprehensive Safety Plan - Manzanita Seed Elementary School,Approval by the Board of Education of the School Year 2020-2021 Comprehensive Safety Plan - Manzanita Seed Elementary School.,Safety/Climate Plan,Chief of Police Services,,,,Approves the 2020-21 school safety plan for Manzanita Seed Elementary School,The Board approves the 2020-2021 Comprehensive Safety Plan for Manzanita Seed Elementary School. The item lists no dollar amount. The plan covers the 2020-21 school year.,School plans,school_plan,,,Manzanita Seed Elementary School,no_cost,,,,,,,true,2020-07-01,2021-06-30,,,,Adopted on the General Consent Report,2020-02-26,true,auto_ok,sonnet-agent,enrich.v3.md,true,
2020-02-26:20-0265,2020-02-26,2020-02-26,regular,P.-77,118,general,Chief Academic Officer,20-0265,https://ousd.legistar.com/LegislationDetail.aspx?ID=48855&GUID=5758DA16-F735-4AB5-B14C-B406C0F2FB95,School Year 2020-2021 Comprehensive Safety Plan - Esperanza Elementary School,Approval by the Board of Education of the School Year 2020-2021 Comprehensive Safety Plan - Esperanza Elementary School.,Safety/Climate Plan,Chief of Police Services,,,,Approves the 2020-21 school safety plan for Esperanza Elementary School,The Board approves the 2020-2021 Comprehensive Safety Plan for Esperanza Elementary School. The item lists no dollar amount. The plan covers the 2020-21 school year.,School plans,school_plan,,,Esperanza Elementary School,no_cost,,,,,,,true,2020-07-01,2021-06-30,,,,Adopted on the General Consent Report,2020-02-26,true,auto_ok,sonnet-agent,enrich.v3.md,true,
2020-02-26:20-0266,2020-02-26,2020-02-26,regular,P.-78,119,general,Chief Academic Officer,20-0266,https://ousd.legistar.com/LegislationDetail.aspx?ID=48856&GUID=7D71777D-7DB5-4597-835A-9EE29CA36AD4,School Year 2020-2021 Comprehensive Safety Plan - Bridges Academy,Approval by the Board of Education of the School Year 2020-2021 Comprehensive Safety Plan - Bridges Academy.,Safety/Climate Plan,Chief of Police Services,,,,Approves the 2020-21 school safety plan for Bridges Academy,The Board approves the 2020-2021 Comprehensive Safety Plan for Bridges Academy. The item lists no dollar amount. The plan covers the 2020-21 school year.,School plans,school_plan,,,Bridges Academy,no_cost,,,,,,,true,2020-07-01,2021-06-30,,,,Adopted on the General Consent Report,2020-02-26,true,auto_ok,sonnet-agent,enrich.v3.md,true,
2020-02-26:20-0267,2020-02-26,2020-02-26,regular,P.-79,120,general,Chief Academic Officer,20-0267,https://ousd.legistar.com/LegislationDetail.aspx?ID=48857&GUID=589585F0-0348-475E-8B9C-C351DF9FE3AE,School Year 2020-2021 Comprehensive Safety Plan - Manzanita Community School,Approval by the Board of Education of the School Year 2020-2021 Comprehensive Safety Plan - Manzanita Community School.,Safety/Climate Plan,Chief of Police Services,,,,Approves the 2020-21 school safety plan for Manzanita Community School,The Board approves the 2020-2021 Comprehensive Safety Plan for Manzanita Community School. The item lists no dollar amount. The plan covers the 2020-21 school year.,School plans,school_plan,,,Manzanita Community School,no_cost,,,,,,,true,2020-07-01,2021-06-30,,,,Adopted on the General Consent Report,2020-02-26,true,auto_ok,sonnet-agent,enrich.v3.md,true,
2020-02-26:20-0268,2020-02-26,2020-02-26,regular,P.-80,121,general,Chief Academic Officer,20-0268,https://ousd.legistar.com/LegislationDetail.aspx?ID=48858&GUID=34D6DF64-8961-4B9D-B211-991FA61233A5,School Year 2020-2021 Comprehensive Safety Plan - Encompass Academy,Approval by the Board of Education of the School Year 2020-2021 Comprehensive Safety Plan - Encompass Academy.,Safety/Climate Plan,Chief of Police Services,,,,Approves the 2020-21 school safety plan for Encompass Academy,The Board approves the 2020-2021 Comprehensive Safety Plan for Encompass Academy. The item lists no dollar amount. The plan covers the 2020-21 school year.,School plans,school_plan,,,Encompass Academy,no_cost,,,,,,,true,2020-07-01,2021-06-30,,,,Adopted on the General Consent Report,2020-02-26,true,auto_ok,sonnet-agent,enrich.v3.md,true,
2020-02-26:20-0269,2020-02-26,2020-02-26,regular,P.-81,122,general,Chief Academic Officer,20-0269,https://ousd.legistar.com/LegislationDetail.aspx?ID=48859&GUID=D1EEDD78-79EB-4D90-B3EB-B749536DC84D,School Year 2020-2021 Comprehensive Safety Plan - Martin Luther King Jr. Elementary School,Approval by the Board of Education of the School Year 2020-2021 Comprehensive Safety Plan - Martin Luther King Jr. Elementary School.,Safety/Climate Plan,Chief of Police Services,,,,Approves the 2020-21 school safety plan for Martin Luther King Jr. Elementary School,The Board approves the 2020-2021 Comprehensive Safety Plan for Martin Luther King Jr. Elementary School. The item lists no dollar amount. The plan covers the 2020-21 school year.,School plans,school_plan,,,Martin Luther King Jr. Elementary School,no_cost,,,,,,,true,2020-07-01,2021-06-30,,,,Adopted on the General Consent Report,2020-02-26,true,auto_ok,sonnet-agent,enrich.v3.md,true,
2020-02-26:20-0270,2020-02-26,2020-02-26,regular,P.-82,123,general,Chief Academic Officer,20-0270,https://ousd.legistar.com/LegislationDetail.aspx?ID=48860&GUID=75220399-8598-42F9-8F04-B91186FFB4C1,School Year 2020-2021 Comprehensive Safety Plan - Prescott Elementary School,Approval by the Board of Education of the School Year 2020-2021 Comprehensive Safety Plan - Prescott Elementary School.,Safety/Climate Plan,Chief of Police Services,,,,Approves the 2020-21 school safety plan for Prescott Elementary School,The Board approves the 2020-2021 Comprehensive Safety Plan for Prescott Elementary School. The item lists no dollar amount. The plan covers the 2020-21 school year.,School plans,school_plan,,,Prescott Elementary School,no_cost,,,,,,,true,2020-07-01,2021-06-30,,,,Adopted on the General Consent Report,2020-02-26,true,auto_ok,sonnet-agent,enrich.v3.md,true,
2020-02-26:20-0271,2020-02-26,2020-02-26,regular,P.-83,124,general,Chief Academic Officer,20-0271,https://ousd.legistar.com/LegislationDetail.aspx?ID=48861&GUID=DB8F23AD-779B-45E7-A3C7-0990AD97FA74,School Year 2020-2021 Comprehensive Safety Plan - International Community School,Approval by the Board of Education of the School Year 2020-2021 Comprehensive Safety Plan -  International Community School.,Safety/Climate Plan,Chief of Police Services,,,,Approves the 2020-21 school safety plan for International Community School,The Board approves the 2020-2021 Comprehensive Safety Plan for International Community School. The item lists no dollar amount. The plan covers the 2020-21 school year.,School plans,school_plan,,,International Community School,no_cost,,,,,,,true,2020-07-01,2021-06-30,,,,Adopted on the General Consent Report,2020-02-26,true,auto_ok,sonnet-agent,enrich.v3.md,true,
2020-02-26:20-0272,2020-02-26,2020-02-26,regular,P.-84,125,general,Chief Academic Officer,20-0272,https://ousd.legistar.com/LegislationDetail.aspx?ID=48862&GUID=945958F9-929B-4DEF-8BAE-EECCB7427382,School Year 2020-2021 Comprehensive Safety Plan - Think College Now Elementary School,Approval by the Board of Education of the School Year 2020-2021 Comprehensive Safety Plan - Think College Now Elementary School.,Safety/Climate Plan,Chief of Police Services,,,,Approves the 2020-21 school safety plan for Think College Now Elementary School,The Board approves the 2020-2021 Comprehensive Safety Plan for Think College Now Elementary School. The item lists no dollar amount. The plan covers the 2020-21 school year.,School plans,school_plan,,,Think College Now Elementary School,no_cost,,,,,,,true,2020-07-01,2021-06-30,,,,Adopted on the General Consent Report,2020-02-26,true,auto_ok,sonnet-agent,enrich.v3.md,true,
2020-02-26:20-0273,2020-02-26,2020-02-26,regular,P.-85,126,general,Chief Academic Officer,20-0273,https://ousd.legistar.com/LegislationDetail.aspx?ID=48863&GUID=30FCBD13-3ABA-40B9-803B-3B0A76A69806,School Year 2020-2021 Comprehensive Safety Plan - Rise Elementary School,Approval by the Board of Education of the School Year 2020-2021 Comprehensive Safety Plan - Rise Elementary School.,Safety/Climate Plan,Chief of Police Services,,,,Approves the 2020-21 school safety plan for Rise Elementary School,The Board approves the 2020-2021 Comprehensive Safety Plan for Rise Elementary School. The item lists no dollar amount. The plan covers the 2020-21 school year.,School plans,school_plan,,,Rise Elementary School,no_cost,,,,,,,true,2020-07-01,2021-06-30,,,,Adopted on the General Consent Report,2020-02-26,true,auto_ok,sonnet-agent,enrich.v3.md,true,
2020-02-26:20-0274,2020-02-26,2020-02-26,regular,P.-86,127,general,Chief Academic Officer,20-0274,https://ousd.legistar.com/LegislationDetail.aspx?ID=48864&GUID=495FC5C5-F9CB-4998-9111-FE9C639E2378,School Year 2020-2021 Comprehensive Safety Plan - Reach Academy,Approval by the Board of Education of the School Year 2020-2021 Comprehensive Safety Plan - Reach Academy.,Safety/Climate Plan,Chief of Police Services,,,,Approves the 2020-21 school safety plan for Reach Academy,The Board approves the 2020-2021 Comprehensive Safety Plan for Reach Academy. The item lists no dollar amount. The plan covers the 2020-21 school year.,School plans,school_plan,,,Reach Academy,no_cost,,,,,,,true,2020-07-01,2021-06-30,,,,Adopted on the General Consent Report,2020-02-26,true,auto_ok,sonnet-agent,enrich.v3.md,true,
2020-02-26:20-0275,2020-02-26,2020-02-26,regular,P.-87,128,general,Chief Academic Officer,20-0275,https://ousd.legistar.com/LegislationDetail.aspx?ID=48865&GUID=8BAE9164-EBD9-45DE-A490-49ECD317B3DA,School Year 2020-2021 Comprehensive Safety Plan - Claremont Middle School,Approval by the Board of Education of the School Year 2020-2021 Comprehensive Safety Plan - Claremont Middle School.,Safety/Climate Plan,Chief of Police Services,,,,Approves the 2020-21 school safety plan for Claremont Middle School,The Board approves the 2020-2021 Comprehensive Safety Plan for Claremont Middle School. The item lists no dollar amount. The plan covers the 2020-21 school year.,School plans,school_plan,,,Claremont Middle School,no_cost,,,,,,,true,2020-07-01,2021-06-30,,,,Adopted on the General Consent Report,2020-02-26,true,auto_ok,sonnet-agent,enrich.v3.md,true,
2020-02-26:20-0276,2020-02-26,2020-02-26,regular,P.-88,129,general,Chief Academic Officer,20-0276,https://ousd.legistar.com/LegislationDetail.aspx?ID=48866&GUID=89CC5A6E-E3B2-4349-A56E-25FE65653648,School Year 2020-2021 Comprehensive Safety Plan - Frick Impact Academy,Approval by the Board of Education of the School Year 2020-2021 Comprehensive Safety Plan - Frick Impact Academy.,Safety/Climate Plan,Chief of Police Services,,,,Approves the 2020-21 school safety plan for Frick Impact Academy,The Board approves the 2020-2021 Comprehensive Safety Plan for Frick Impact Academy. The item lists no dollar amount. The plan covers the 2020-21 school year.,School plans,school_plan,,,Frick Impact Academy,no_cost,,,,,,,true,2020-07-01,2021-06-30,,,,Adopted on the General Consent Report,2020-02-26,true,auto_ok,sonnet-agent,enrich.v3.md,true,
2020-02-26:20-0277,2020-02-26,2020-02-26,regular,P.-89,130,general,Chief Academic Officer,20-0277,https://ousd.legistar.com/LegislationDetail.aspx?ID=48867&GUID=7C7BFD30-4CC5-43A5-9DB3-4C62EAEE816E,School Year 2020-2021 Comprehensive Safety Plan - West Oakland Middle School,Approval by the Board of Education of the School Year 2020-2021 Comprehensive Safety Plan - West Oakland Middle School.,Safety/Climate Plan,Chief of Police Services,,,,Approves the 2020-21 school safety plan for West Oakland Middle School,The Board approves the 2020-2021 Comprehensive Safety Plan for West Oakland Middle School. The item lists no dollar amount. The plan covers the 2020-21 school year.,School plans,school_plan,,,West Oakland Middle School,no_cost,,,,,,,true,2020-07-01,2021-06-30,,,,Adopted on the General Consent Report,2020-02-26,true,auto_ok,sonnet-agent,enrich.v3.md,true,
2020-02-26:20-0278,2020-02-26,2020-02-26,regular,P.-90,131,general,Chief Academic Officer,20-0278,https://ousd.legistar.com/LegislationDetail.aspx?ID=48868&GUID=A240976D-0C7F-46E8-B4FC-01D2B1388EA4,School Year 2020-2021 Comprehensive Safety Plan - Bret Harte Middle School,Approval by the Board of Education of the School Year 2020-2021 Comprehensive Safety Plan - Bret Harte Middle School.,Safety/Climate Plan,Chief of Police Services,,,,Approves the 2020-21 school safety plan for Bret Harte Middle School,The Board approves the 2020-2021 Comprehensive Safety Plan for Bret Harte Middle School. The item lists no dollar amount. The plan covers the 2020-21 school year.,School plans,school_plan,,,Bret Harte Middle School,no_cost,,,,,,,true,2020-07-01,2021-06-30,,,,Adopted on the General Consent Report,2020-02-26,true,auto_ok,sonnet-agent,enrich.v3.md,true,
2020-02-26:20-0279,2020-02-26,2020-02-26,regular,P.-91,132,general,Chief Academic Officer,20-0279,https://ousd.legistar.com/LegislationDetail.aspx?ID=48869&GUID=B39A405B-7AE9-462E-8DFA-9AF9D7D58473,School Year 2020-2021 Comprehensive Safety Plan - Edna Brewer Middle School,Approval by the Board of Education of the School Year 2020-2021 Comprehensive Safety Plan - Edna Brewer Middle School.,Safety/Climate Plan,Chief of Police Services,,,,Approves the 2020-21 school safety plan for Edna Brewer Middle School,The Board approves the 2020-2021 Comprehensive Safety Plan for Edna Brewer Middle School. The plan was presented by the Chief of Police Services. No dollar amount is listed.,School plans,school_plan,,,Edna Brewer Middle School,no_cost,,,,,,,true,2020-07-01,2021-06-30,,,,Adopted on the General Consent Report,2020-02-26,true,auto_ok,sonnet-agent,enrich.v3.md,true,
2020-02-26:20-0280,2020-02-26,2020-02-26,regular,P.-92,133,general,Chief Academic Officer,20-0280,https://ousd.legistar.com/LegislationDetail.aspx?ID=48870&GUID=BBEA5759-ED8F-4337-A8B7-9E7B02E34AFD,School Year 2020-2021 Comprehensive Safety Plan - Montera Middle School,Approval by the Board of Education of the School Year 2020-2021 Comprehensive Safety Plan - Montera Middle School.,Safety/Climate Plan,Chief of Police Services,,,,Approves the 2020-21 school safety plan for Montera Middle School,The Board approves the 2020-2021 Comprehensive Safety Plan for Montera Middle School. The plan was presented by the Chief of Police Services. No dollar amount is listed.,School plans,school_plan,,,Montera Middle School,no_cost,,,,,,,true,2020-07-01,2021-06-30,,,,Adopted on the General Consent Report,2020-02-26,true,auto_ok,sonnet-agent,enrich.v3.md,true,
2020-02-26:20-0281,2020-02-26,2020-02-26,regular,P.-93,134,general,Chief Academic Officer,20-0281,https://ousd.legistar.com/LegislationDetail.aspx?ID=48871&GUID=83260CBB-3D7E-4789-BF5F-1EE6B653A98B,School Year 2020-2021 Comprehensive Safety Plan - Roosevelt Middle School,Approval by the Board of Education of the School Year 2020-2021 Comprehensive Safety Plan - Roosevelt Middle School.,Safety/Climate Plan,Chief of Police Services,,,,Approves the 2020-21 school safety plan for Roosevelt Middle School,The Board approves the 2020-2021 Comprehensive Safety Plan for Roosevelt Middle School. The plan was presented by the Chief of Police Services. No dollar amount is listed.,School plans,school_plan,,,Roosevelt Middle School,no_cost,,,,,,,true,2020-07-01,2021-06-30,,,,Adopted on the General Consent Report,2020-02-26,true,auto_ok,sonnet-agent,enrich.v3.md,true,
2020-02-26:20-0282,2020-02-26,2020-02-26,regular,P.-94,135,general,Chief Academic Officer,20-0282,https://ousd.legistar.com/LegislationDetail.aspx?ID=48872&GUID=689493A2-2582-4684-AB3F-653FA199EAED,School Year 2020-2021 Comprehensive Safety Plan - Westlake Middle School,Approval by the Board of Education of the School Year 2020-2021 Comprehensive Safety Plan - Westlake Middle School.,Safety/Climate Plan,Chief of Police Services,,,,Approves the 2020-21 school safety plan for Westlake Middle School,The Board approves the 2020-2021 Comprehensive Safety Plan for Westlake Middle School. The plan was presented by the Chief of Police Services. No dollar amount is listed.,School plans,school_plan,,,Westlake Middle School,no_cost,,,,,,,true,2020-07-01,2021-06-30,,,,Adopted on the General Consent Report,2020-02-26,true,auto_ok,sonnet-agent,enrich.v3.md,true,
2020-02-26:20-0283,2020-02-26,2020-02-26,regular,P.-95,136,general,Chief Academic Officer,20-0283,https://ousd.legistar.com/LegislationDetail.aspx?ID=48873&GUID=7EA1793D-EACF-4492-8DA9-40DE5AED01AB,School Year 2020-2021 Comprehensive Safety Plan - Madison Park Academy (6-12),Approval by the Board of Education of the School Year 2020-2021 Comprehensive Safety Plan - Madison Park Academy (6-12).,Safety/Climate Plan,Chief of Police Services,,,,Approves the 2020-21 school safety plan for Madison Park Academy (6-12),The Board approves the 2020-2021 Comprehensive Safety Plan for Madison Park Academy (6-12). The plan was presented by the Chief of Police Services. No dollar amount is listed.,School plans,school_plan,,,Madison Park Academy (6-12),no_cost,,,,,,,true,2020-07-01,2021-06-30,,,,Adopted on the General Consent Report,2020-02-26,true,auto_ok,sonnet-agent,enrich.v3.md,true,
2020-02-26:20-0284,2020-02-26,2020-02-26,regular,P.-96,137,general,Chief Academic Officer,20-0284,https://ousd.legistar.com/LegislationDetail.aspx?ID=48874&GUID=F2119B7A-F06A-4748-894D-33523CA631F5,School Year 2020-2021 Comprehensive Safety Plan - United for Success Academy,Approval by the Board of Education of the School Year 2020-2021 Comprehensive Safety Plan - United for Success Academy.,Safety/Climate Plan,Chief of Police Services,,,,Approves the 2020-21 school safety plan for United for Success Academy,The Board approves the 2020-2021 Comprehensive Safety Plan for United for Success Academy. The plan was presented by the Chief of Police Services. No dollar amount is listed.,School plans,school_plan,,,United for Success Academy,no_cost,,,,,,,true,2020-07-01,2021-06-30,,,,Adopted on the General Consent Report,2020-02-26,true,auto_ok,sonnet-agent,enrich.v3.md,true,
2020-02-26:20-0285,2020-02-26,2020-02-26,regular,P.-97,138,general,Chief Academic Officer,20-0285,https://ousd.legistar.com/LegislationDetail.aspx?ID=48875&GUID=D6727529-1309-415D-9CE1-69AE620FD98A,School Year 2020-2021 Comprehensive Safety Plan - Elmhurst United Middle School,Approval by the Board of Education of the School Year 2020-2021 Comprehensive Safety Plan- Elmhurst United Middle School.,Safety/Climate Plan,Chief of Police Services,,,,Approves the 2020-21 school safety plan for Elmhurst United Middle School,The Board approves the 2020-2021 Comprehensive Safety Plan for Elmhurst United Middle School. The plan was presented by the Chief of Police Services. No dollar amount is listed.,School plans,school_plan,,,Elmhurst United Middle School,no_cost,,,,,,,true,2020-07-01,2021-06-30,,,,Adopted on the General Consent Report,2020-02-26,true,auto_ok,sonnet-agent,enrich.v3.md,true,
2020-02-26:20-0287,2020-02-26,2020-02-26,regular,P.-98,139,general,Chief Academic Officer,20-0287,https://ousd.legistar.com/LegislationDetail.aspx?ID=48877&GUID=FCF06398-DA43-4901-9A29-ABA0F8333705,School Year 2020-2021 Comprehensive Safety Plan - Coliseum College Preparatory Academy,Approval by the Board of Education of the School Year 2020-2021 Comprehensive Safety Plan - Oakland High School.,Safety/Climate Plan,Chief of Police Services,,,,"Approves 2020-21 safety plan; title says Coliseum College Prep, text says Oakland High School","The Board approves a 2020-2021 Comprehensive Safety Plan for one school, presented by the Chief of Police Services. The official title names Coliseum College Preparatory Academy, but the action text names Oakland High School. No dollar amount is listed.",School plans,school_plan,,,Coliseum College Preparatory Academy; Oakland High School,no_cost,,,,,,,true,2020-07-01,2021-06-30,source_issue,"The title names Coliseum College Preparatory Academy, but the action text names Oakland High School, so it is unclear which school's safety plan is being approved.",,Adopted on the General Consent Report,2020-02-26,true,auto_ok,sonnet-agent,enrich.v3.md,true,
2020-02-26:20-0289,2020-02-26,2020-02-26,regular,P.-99,140,general,Chief Academic Officer,20-0289,https://ousd.legistar.com/LegislationDetail.aspx?ID=48879&GUID=5322589E-1FBE-4CD0-AF1E-E4409F2F8CAB,School Year 2020-2021 Comprehensive Safety Plan - Urban Promise Academy,Approval by the Board of Education of the School Year 2020-2021 Comprehensive Safety Plan - Urban Promise Academy.,Safety/Climate Plan,Chief of Police Services,,,,Approves the 2020-21 school safety plan for Urban Promise Academy,The Board approves the 2020-2021 Comprehensive Safety Plan for Urban Promise Academy. The plan was presented by the Chief of Police Services. No dollar amount is listed.,School plans,school_plan,,,Urban Promise Academy,no_cost,,,,,,,true,2020-07-01,2021-06-30,,,,Adopted on the General Consent Report,2020-02-26,true,auto_ok,sonnet-agent,enrich.v3.md,true,
2020-02-26:20-0290,2020-02-26,2020-02-26,regular,P.-100,141,general,Chief Academic Officer,20-0290,https://ousd.legistar.com/LegislationDetail.aspx?ID=48880&GUID=61A1A9A6-68E9-4178-82DE-61586B0AA9E9,School Year 2020-2021 Comprehensive Safety Plan - Fremont High School,Approval by the Board of Education of the School Year 2020-2021 Comprehensive Safety Plan - Fremont High School.,Safety/Climate Plan,Chief of Police Services,,,,Approves the 2020-21 school safety plan for Fremont High School,The Board approves the 2020-2021 Comprehensive Safety Plan for Fremont High School. The plan was presented by the Chief of Police Services. No dollar amount is listed.,School plans,school_plan,,,Fremont High School,no_cost,,,,,,,true,2020-07-01,2021-06-30,,,,Adopted on the General Consent Report,2020-02-26,true,auto_ok,sonnet-agent,enrich.v3.md,true,
2020-02-26:20-0291,2020-02-26,2020-02-26,regular,P.-101,142,general,Chief Academic Officer,20-0291,https://ousd.legistar.com/LegislationDetail.aspx?ID=48881&GUID=33D40CE4-5F72-4C3F-82C1-95E84BB5CB0E,School Year 2020-2021 Comprehensive Safety Plan - Oakland High School,Approval by the Board of Education of the School Year 2020-2021 Comprehensive Safety Plan - Oakland High School.,Safety/Climate Plan,Chief of Police Services,,,,Approves the 2020-21 school safety plan for Oakland High School,The Board approves the 2020-2021 Comprehensive Safety Plan for Oakland High School. The plan was presented by the Chief of Police Services. No dollar amount is listed.,School plans,school_plan,,,Oakland High School,no_cost,,,,,,,true,2020-07-01,2021-06-30,,,,Adopted on the General Consent Report,2020-02-26,true,auto_ok,sonnet-agent,enrich.v3.md,true,
2020-02-26:20-0293,2020-02-26,2020-02-26,regular,P.-102,143,general,Chief Academic Officer,20-0293,https://ousd.legistar.com/LegislationDetail.aspx?ID=48883&GUID=EE7E76C1-7DFE-4933-A2DE-59DA0FD2F07E,School Year 2020-2021 Comprehensive Safety Plan - Oakland Technical High School,Approval by the Board of Education of the School Year 2020-2021 Comprehensive Safety Plan - Oakland Technical High School.,Safety/Climate Plan,Chief of Police Services,,,,Approves the 2020-21 school safety plan for Oakland Technical High School,The Board approves the 2020-2021 Comprehensive Safety Plan for Oakland Technical High School. The plan was presented by the Chief of Police Services. No dollar amount is listed.,School plans,school_plan,,,Oakland Technical High School,no_cost,,,,,,,true,2020-07-01,2021-06-30,,,,Adopted on the General Consent Report,2020-02-26,true,auto_ok,sonnet-agent,enrich.v3.md,true,
2020-02-26:20-0294,2020-02-26,2020-02-26,regular,P.-103,144,general,Chief Academic Officer,20-0294,https://ousd.legistar.com/LegislationDetail.aspx?ID=48884&GUID=8A00ED14-D84D-41A8-A92C-FCB1BE171E8A,School Year 2020-2021 Comprehensive Safety Plan - Skyline High School,Approval by the Board of Education of the School Year 2020-2021 Comprehensive Safety Plan - Skyline High School.,Safety/Climate Plan,Chief of Police Services,,,,Approves the 2020-21 school safety plan for Skyline High School,The Board approves the 2020-2021 Comprehensive Safety Plan for Skyline High School. The plan was presented by the Chief of Police Services. No dollar amount is listed.,School plans,school_plan,,,Skyline High School,no_cost,,,,,,,true,2020-07-01,2021-06-30,,,,Adopted on the General Consent Report,2020-02-26,true,auto_ok,sonnet-agent,enrich.v3.md,true,
2020-02-26:20-0295,2020-02-26,2020-02-26,regular,P.-104,145,general,Chief Academic Officer,20-0295,https://ousd.legistar.com/LegislationDetail.aspx?ID=48885&GUID=163162C7-EAD8-4C30-8864-76987D62CEC0,School Year 2020-2021 Comprehensive Safety Plan - Bunche Academy,Approval by the Board of Education of the School Year 2020-2021 Comprehensive Safety Plan - Bunche Academy.,Safety/Climate Plan,Chief of Police Services,,,,Approves the 2020-21 school safety plan for Bunche Academy,The Board approves the 2020-2021 Comprehensive Safety Plan for Bunche Academy. The plan was presented by the Chief of Police Services. No dollar amount is listed.,School plans,school_plan,,,Bunche Academy,no_cost,,,,,,,true,2020-07-01,2021-06-30,,,,Adopted on the General Consent Report,2020-02-26,true,auto_ok,sonnet-agent,enrich.v3.md,true,
2020-02-26:20-0297,2020-02-26,2020-02-26,regular,P.-105,146,general,Chief Academic Officer,20-0297,https://ousd.legistar.com/LegislationDetail.aspx?ID=48887&GUID=F0D8DB38-C62B-438E-8FE8-0F175C7A87E6,School Year 2020-2021 Comprehensive Safety Plan - Dewey Academy,Approval by the Board of Education of the School Year 2020-2021 Comprehensive Safety Plan - Dewey Academy.,Safety/Climate Plan,Chief of Police Services,,,,Approves the 2020-21 school safety plan for Dewey Academy,The Board approves the 2020-2021 Comprehensive Safety Plan for Dewey Academy. The plan was presented by the Chief of Police Services. No dollar amount is listed.,School plans,school_plan,,,Dewey Academy,no_cost,,,,,,,true,2020-07-01,2021-06-30,,,,Adopted on the General Consent Report,2020-02-26,true,auto_ok,sonnet-agent,enrich.v3.md,true,
2020-02-26:20-0298,2020-02-26,2020-02-26,regular,P.-106,147,general,Chief Academic Officer,20-0298,https://ousd.legistar.com/LegislationDetail.aspx?ID=48888&GUID=86E7F5D3-46B7-412A-83BA-A61795C2CE65,School Year 2020-2021 Comprehensive Safety Plan - Street Academy,Approval by the Board of Education of the School Year 2020-2021 Comprehensive Safety Plan - Street Academy.,Safety/Climate Plan,Chief of Police Services,,,,Approves the 2020-21 school safety plan for Street Academy,The Board approves the 2020-2021 Comprehensive Safety Plan for Street Academy. The plan was presented by the Chief of Police Services. No dollar amount is listed.,School plans,school_plan,,,Street Academy,no_cost,,,,,,,true,2020-07-01,2021-06-30,,,,Adopted on the General Consent Report,2020-02-26,true,auto_ok,sonnet-agent,enrich.v3.md,true,
2020-02-26:20-0299,2020-02-26,2020-02-26,regular,P.-107,148,general,Chief Academic Officer,20-0299,https://ousd.legistar.com/LegislationDetail.aspx?ID=48889&GUID=894FCA62-417F-4C33-8D74-36334AA9643F,School Year 2020-2021 Comprehensive Safety Plan - Community Day School,Approval by the Board of Education of the School Year 2020-2021 Comprehensive Safety Plan - Community Day School.,Safety/Climate Plan,Chief of Police Services,,,,Approves the 2020-21 school safety plan for Community Day School,The Board approves the 2020-2021 Comprehensive Safety Plan for Community Day School. The plan was presented by the Chief of Police Services. No dollar amount is listed.,School plans,school_plan,,,Community Day School,no_cost,,,,,,,true,2020-07-01,2021-06-30,,,,Adopted on the General Consent Report,2020-02-26,true,auto_ok,sonnet-agent,enrich.v3.md,true,
2020-02-26:20-0300,2020-02-26,2020-02-26,regular,P.-108,149,general,Chief Academic Officer,20-0300,https://ousd.legistar.com/LegislationDetail.aspx?ID=48890&GUID=C959F260-C3C3-4C61-8DA3-F1F318547B67,School Year 2020-2021 Comprehensive Safety Plan - Life Academy,Approval by the Board of Education of the School Year 2020-2021 Comprehensive Safety Plan - Life Academy.,Safety/Climate Plan,Chief of Police Services,,,,Approves the 2020-21 school safety plan for Life Academy,The Board approves the 2020-2021 Comprehensive Safety Plan for Life Academy. The plan was presented by the Chief of Police Services. No dollar amount is listed.,School plans,school_plan,,,Life Academy,no_cost,,,,,,,true,2020-07-01,2021-06-30,,,,Adopted on the General Consent Report,2020-02-26,true,auto_ok,sonnet-agent,enrich.v3.md,true,
2020-02-26:20-0301,2020-02-26,2020-02-26,regular,P.-109,150,general,Chief Academic Officer,20-0301,https://ousd.legistar.com/LegislationDetail.aspx?ID=48891&GUID=AD920048-68AE-46C3-88C8-8948DAB60C3F,School Year 2020-2021 Comprehensive Safety Plan - MetWest High School,Approval by the Board of Education of the School Year 2020-2021 Comprehensive Safety Plan - MetWest High School.,Safety/Climate Plan,Chief of Police Services,,,,Approves the 2020-21 school safety plan for MetWest High School,The Board approves the 2020-2021 Comprehensive Safety Plan for MetWest High School. The plan was presented by the Chief of Police Services. No dollar amount is listed.,School plans,school_plan,,,MetWest High School,no_cost,,,,,,,true,2020-07-01,2021-06-30,,,,Adopted on the General Consent Report,2020-02-26,true,auto_ok,sonnet-agent,enrich.v3.md,true,
2020-02-26:20-0302,2020-02-26,2020-02-26,regular,P.-110,151,general,Chief Academic Officer,20-0302,https://ousd.legistar.com/LegislationDetail.aspx?ID=48892&GUID=699A8A42-FB58-4692-8849-F23E008AB1EC,School Year 2020-2021 Comprehensive Safety - Oakland International High School,Approval by the Board of Education of the School Year 2020-2021 Comprehensive Safety Plan - Oakland International High School.,Safety/Climate Plan,Chief of Police Services,,,,Approves the 2020-21 school safety plan for Oakland International High School,The Board approves the 2020-2021 Comprehensive Safety Plan for Oakland International High School. The plan was presented by the Chief of Police Services. No dollar amount is listed.,School plans,school_plan,,,Oakland International High School,no_cost,,,,,,,true,2020-07-01,2021-06-30,,,,Adopted on the General Consent Report,2020-02-26,true,auto_ok,sonnet-agent,enrich.v3.md,true,
2020-02-26:20-0304,2020-02-26,2020-02-26,regular,P.-111,152,general,Chief Academic Officer,20-0304,https://ousd.legistar.com/LegislationDetail.aspx?ID=48894&GUID=F3966BAA-1C31-4323-B4B4-0799AF6AAEF3,School Year – 2020-2021 Comprehensive Safety Plan – Fruitvale Elementary School,Approval by the Board of Education of the School Year - 2020-2021 Comprehensive Safety Plan - Fruitvale Elementary School.,Safety/Climate Plan,Chief of Police Services,,,,Approves the 2020-21 school safety plan for Fruitvale Elementary School,The Board approves the 2020-2021 Comprehensive Safety Plan for Fruitvale Elementary School. The plan was presented by the Chief of Police Services. No dollar amount is listed.,School plans,school_plan,,,Fruitvale Elementary School,no_cost,,,,,,,true,2020-07-01,2021-06-30,,,,Adopted on the General Consent Report,2020-02-26,true,auto_ok,sonnet-agent,enrich.v3.md,true,
2020-02-26:20-0319,2020-02-26,2020-02-26,regular,P.-112,153,general,Chief Academic Officer,20-0319,https://ousd.legistar.com/LegislationDetail.aspx?ID=48909&GUID=0A4FD763-1FDF-42BF-A6C2-BC27946F9B6D,School Year 2020-2021 - Comprehensive School Site Safety Plan - McClymonds High School,Approval by the Board of Education of School Year 2020-2021 - Comprehensive School Site Safety Plan - McClymonds High School.,Safety/Climate Plan,Chief of Police Services,,,,Approves the 2020-21 school safety plan for McClymonds High School,The Board approves the 2020-2021 Comprehensive Safety Plan for McClymonds High School. The plan was presented by the Chief of Police Services. No dollar amount is listed.,School plans,school_plan,,,McClymonds High School,no_cost,,,,,,,true,2020-07-01,2021-06-30,,,,Adopted on the General Consent Report,2020-02-26,true,auto_ok,sonnet-agent,enrich.v3.md,true,
2020-02-26:20-0320,2020-02-26,2020-02-26,regular,P.-113,154,general,Chief Academic Officer,20-0320,https://ousd.legistar.com/LegislationDetail.aspx?ID=48910&GUID=BB690A71-C97E-478E-A32F-5564CABC79B3,School Year 2020-2021 - Comprehensive School Site Safety Plan - Sankofa Academy,Approval by the Board of Education of School Year 2020-2021 - Comprehensive School Site Safety Plan - Sankofa Academy.,Safety/Climate Plan,Chief of Police Services,,,,Approves the 2020-21 school safety plan for Sankofa Academy,The Board approves the 2020-2021 Comprehensive Safety Plan for Sankofa Academy. The plan was presented by the Chief of Police Services. No dollar amount is listed.,School plans,school_plan,,,Sankofa Academy,no_cost,,,,,,,true,2020-07-01,2021-06-30,,,,Adopted on the General Consent Report,2020-02-26,true,auto_ok,sonnet-agent,enrich.v3.md,true,
2020-02-26:20-0321,2020-02-26,2020-02-26,regular,P.-114,155,general,Chief Academic Officer,20-0321,https://ousd.legistar.com/LegislationDetail.aspx?ID=48911&GUID=327251AB-3B33-4C1E-B0AA-4CA8857184BB,School Year 2020-2021 - Comprehensive School Site Safety Plan - Castlemont High School,Approval by the Board of Education of School Year 2020-2021 - Comprehensive School Site Safety Plan - Castlemont High School.,Safety/Climate Plan,Chief of Police Services,,,,Approves the 2020-21 school safety plan for Castlemont High School,The Board approves the 2020-2021 Comprehensive Safety Plan for Castlemont High School. The plan was presented by the Chief of Police Services. No dollar amount is listed.,School plans,school_plan,,,Castlemont High School,no_cost,,,,,,,true,2020-07-01,2021-06-30,,,,Adopted on the General Consent Report,2020-02-26,true,auto_ok,sonnet-agent,enrich.v3.md,true,
2020-02-26:20-0322,2020-02-26,2020-02-26,regular,P.-115,156,general,Chief Academic Officer,20-0322,https://ousd.legistar.com/LegislationDetail.aspx?ID=48912&GUID=6B0618A2-4BB8-4F51-8F3D-4E543D5C0554,School Year 2020-2021 - Comprehensive School Site Safety Plan - Rusdale Continuation School,Approval by the Board of Education of School Year 2020-2021 - Comprehensive School Site Safety Plan - Rusdale Continuation School.,Safety/Climate Plan,Chief of Police Services,,,,Approves the 2020-21 school safety plan for Rusdale Continuation School,The Board approves the 2020-2021 Comprehensive Safety Plan for Rusdale Continuation School. The plan was presented by the Chief of Police Services. No dollar amount is listed.,School plans,school_plan,,,Rusdale Continuation School,no_cost,,,,,,,true,2020-07-01,2021-06-30,,,,Adopted on the General Consent Report,2020-02-26,true,auto_ok,sonnet-agent,enrich.v3.md,true,
2020-02-26:20-0323,2020-02-26,2020-02-26,regular,P.-116,157,general,Chief Academic Officer,20-0323,https://ousd.legistar.com/LegislationDetail.aspx?ID=48913&GUID=DAE40D92-482A-4B9B-8232-2E0302E8C9A8,School Year 2020-2021 - Comprehensive School Site Safety Plan - Rusdale Newcomer School,Approval by the Board of Education of School Year 2020-2021 - Comprehensive School Site Safety Plan - Rusdale Newcomer School.,Safety/Climate Plan,Chief of Police Services,,,,Approves the 2020-21 school safety plan for Rusdale Newcomer School,The Board approves the 2020-2021 Comprehensive Safety Plan for Rusdale Newcomer School. The plan was presented by the Chief of Police Services. No dollar amount is listed.,School plans,school_plan,,,Rusdale Newcomer School,no_cost,,,,,,,true,2020-07-01,2021-06-30,,,,Adopted on the General Consent Report,2020-02-26,true,auto_ok,sonnet-agent,enrich.v3.md,true,
2020-02-26:20-0324,2020-02-26,2020-02-26,regular,P.-117,158,general,Chief Academic Officer,20-0324,https://ousd.legistar.com/LegislationDetail.aspx?ID=48914&GUID=03B7FAAA-7FF3-4F41-B717-81C2544E0DEA,School Year 2020-2021 - Comprehensive School Site Safety Plan - Sojourner Truth Independent Study School,Approval by the Board of Education of School Year 2020-2021 - Comprehensive School Site Safety Plan - Sojourner Truth Independent Study School.,Safety/Climate Plan,Chief of Police Services,,,,Approves the 2020-21 school safety plan for Sojourner Truth Independent Study School,The Board approves the 2020-2021 Comprehensive Safety Plan for Sojourner Truth Independent Study School. The plan was presented by the Chief of Police Services. No dollar amount is listed.,School plans,school_plan,,,Sojourner Truth Independent Study School,no_cost,,,,,,,true,2020-07-01,2021-06-30,,,,Adopted on the General Consent Report,2020-02-26,true,auto_ok,sonnet-agent,enrich.v3.md,true,
2020-02-26:20-0325,2020-02-26,2020-02-26,regular,P.-118,159,general,Chief Academic Officer,20-0325,https://ousd.legistar.com/LegislationDetail.aspx?ID=48915&GUID=74356C71-8044-4C5B-8C99-149209CAAC9B,School Year 2020-2021 - Comprehensive School Site Safety Plan - Franklin Elementary School,Approval by the Board of Education of School Year 2020-2021 - Comprehensive School Site Safety Plan - Franklin Elementary School.,Safety/Climate Plan,Chief of Police Services,,,,Approves the 2020-21 school safety plan for Franklin Elementary School,The Board approves the 2020-2021 Comprehensive Safety Plan for Franklin Elementary School. The plan was presented by the Chief of Police Services. No dollar amount is listed.,School plans,school_plan,,,Franklin Elementary School,no_cost,,,,,,,true,2020-07-01,2021-06-30,,,,Adopted on the General Consent Report,2020-02-26,true,auto_ok,sonnet-agent,enrich.v3.md,true,
2020-02-26:20-0330,2020-02-26,2020-02-26,regular,P.-119,160,general,Chief Academic Officer,20-0330,https://ousd.legistar.com/LegislationDetail.aspx?ID=48920&GUID=6DFC72AA-768E-415D-B39B-166E5161C864,School Year 2020-2021 - Comprehensive School Site Safety Plan – LaEscuelita Elementary School,Approval by the Board of Education of School Year 2020-2021 - Comprehensive School Site Safety Plan - LaEscuelita Elementary School.,Safety/Climate Plan,Chief of Police Services,,,,Approves the 2020-21 school safety plan for LaEscuelita Elementary School,The Board approves the 2020-2021 Comprehensive Safety Plan for LaEscuelita Elementary School. The plan was presented by the Chief of Police Services. No dollar amount is listed.,School plans,school_plan,,,LaEscuelita Elementary School,no_cost,,,,,,,true,2020-07-01,2021-06-30,,,,Adopted on the General Consent Report,2020-02-26,true,auto_ok,sonnet-agent,enrich.v3.md,true,
2020-02-26:20-0368,2020-02-26,2020-02-26,regular,P.-120,162,general,General Counsel,20-0368,https://ousd.legistar.com/LegislationDetail.aspx?ID=48958&GUID=C499DB48-8794-46F1-9780-7B2A87A8274B,Amended Board Policy - Students - BP 5113.2 - Work Permits,Approval by the Board of Education of Amended Board Policy - Students  - BP 5113.2 - Work Permits.,Board Policy,General Counsel,,,,Approves amended board policy on student work permits (BP 5113.2),The Board approves an amended version of its policy on work permits for students. The item text does not describe the specific changes. No dollar amount is listed.,Governance & board business,resolution_or_policy,,,,no_cost,,,,,,,true,,,,,,Adopted on the General Consent Report,2020-02-26,true,auto_ok,sonnet-agent,enrich.v3.md,true,
2020-02-26:20-0311,2020-02-26,2020-02-26,regular,P.-121,164,general,Superintendent of Schools,20-0311,https://ousd.legistar.com/LegislationDetail.aspx?ID=48901&GUID=B47FD4A5-BCFA-43EC-8A7B-94C97105ACA1,"Professional Services Contract - Edutainment for Equity, LLC - Continuous School Improvement Department","Ratification by the Board of Education of a Professional Services Contract between the District and Edutainment for Equity, LLC, Oakland, CA, for the latter, with schools staff and families, to facilitate the prospective Frick Impact Academy and School of Languages (SOL) Merger/Blueprint Process, as described in the Scope of Work, incorporated herein by reference as though fully set forth, via the Continuous School Improvement Department, for the period of November 1, 2019 through June 30, 2020 in an amount not to exceed $21,650.00.",Agreement or Contract,Superintendent,005740,v-005740,Title 4-Student Support,"Ratifies up to $21,650 for Edutainment for Equity to lead the Frick Impact Academy and School of Languages merger process","The Board is approving, after the fact, a contract with Edutainment for Equity, LLC, an Oakland company. The company works with school staff and families on the possible merger of Frick Impact Academy and the School of Languages, through the Continuous School Improvement Department. The contract covers November 1, 2019 through June 30, 2020, and the work began before the Board's vote.",Classroom & academic programs,new_agreement,"Edutainment for Equity, LLC",organization,Frick Impact Academy; School of Languages,expense,not_to_exceed,21650,,,,,true,2019-11-01,2020-06-30,after_work_began,,,Adopted on the General Consent Report,2020-02-26,true,auto_ok,sonnet-agent,enrich.v3.md,true,
2020-02-26:20-0343,2020-02-26,2020-02-26,regular,P.-122,165,general,Superintendent of Schools,20-0343,https://ousd.legistar.com/LegislationDetail.aspx?ID=48933&GUID=3542CCCE-7B3A-4320-9C17-4AD431FE334B,Data Sharing Agreement - Oakland Enrolls - Student Enrollment Office,"Approval of Data Sharing Agreement by and between Oakland Enrolls and District, for the purpose of evaluating information relating to enrollment patterns pursuant to OUSD Board Policy 6006, entitled Quality School Development: Community of Schools (“BP 6006”), supporting the study of enrollment patterns to provide quality, equitable education to all Oakland students; and prepare one or more Reports of the findings as stated in Agreement, for the term February 27, 2020 through July 1, 2023, at no cost to the District. *
__
*This Data Sharing Agreement is responsive to previous concerns raised about a two-way data sharing agreement. Under this agreement, Oakland Enrolls (the charter application platform) will share student-level data with the District for the District’s analytic purposes. Any aggregate reports produced using this data will be shared back with Oakland Enrolls, but those reports will not include any student-level or identifiable information for District students.",Agreement or Contract,Superintendent,,n-oakland-enrolls,,Approves no-cost data sharing agreement with Oakland Enrolls to study enrollment patterns through 2023,"Oakland Enrolls, the charter application platform, will share student-level data with the district so the district can study enrollment patterns and prepare reports. Reports shared back to Oakland Enrolls will not include student-level or identifiable information. The agreement runs from February 27, 2020 through July 1, 2023 at no cost to the district.",Partnerships & data sharing,mou_or_data_sharing,Oakland Enrolls,organization,,no_cost,,,,,,,true,2020-02-27,2023-07-01,multi_year,,,Adopted on the General Consent Report,2020-02-26,true,auto_ok,sonnet-agent,enrich.v3.md,true,
2020-02-26:19-2559,2020-02-26,2020-02-26,regular,P.-123,167,general,"Measure N Commission - February 24, 2020 - David Kakishiba, Chair",19-2559,https://ousd.legistar.com/LegislationDetail.aspx?ID=48465&GUID=B29763CE-FBA9-43B2-9D74-CA8F4AC848D6,Measure N Commission - 2020-2021 Funding Level – Oakland School for the Arts - Probationary School,Approval by Measure N Commission of High School Network Superintendent’s recommendations for 2020-2021 funding level for Oakland School for the Arts as “a probationary school” at $850.00 per student.,Motion,Measure N - College and Career Readiness Commission,,,,Sets 2020-21 funding for Oakland School for the Arts at $850 per student as a probationary school,The Measure N Commission is approving the High School Network Superintendent's recommendation for 2020-2021 funding for Oakland School for the Arts. The school would be treated as a probationary school and funded at $850.00 per student. The text does not state a total dollar amount.,Governance & board business,other,,,Oakland School for the Arts,expense,fixed,850,,,,,true,2020-07-01,2021-06-30,,,,Adopted on the General Consent Report,2020-02-26,true,auto_ok,sonnet-agent,enrich.v3.md,true,
2020-02-26:20-0396,2020-02-26,2020-02-26,regular,P.-124,169,general,Board of Education,20-0396,https://ousd.legistar.com/LegislationDetail.aspx?ID=48986&GUID=48B4A9BC-A818-4EAC-85EA-5FF08453A132,2020 California School Boards Association (CSBA) Delegate Assembly Election - Subregion 7-B (Alameda County),"Adoption by Board of  Resolution No. 1920-0209 - Determining and Instructing the Secretary of the Governing Board To Cast Ballot As Instructed for Up To Three Candidates for California School Board Association (CSBA) 2020 Delegate Assembly Sub-Region 7-B (Alameda County) and Timely Return Ballot To CSBA With A Postmark On Or Before March 16, 2020.",Resolution,Board of Education,,n-california-school-boards-association,,Directs the Board Secretary to cast the district's ballot for up to three California School Boards Association delegate candidates,"The Board is adopting a resolution that instructs the Secretary of the Governing Board to cast the district's ballot for up to three candidates for the California School Boards Association 2020 Delegate Assembly, Sub-Region 7-B (Alameda County). The ballot must be returned with a postmark on or before March 16, 2020. No dollar amount is stated.",Governance & board business,resolution_or_policy,California School Boards Association,organization,,no_cost,,,,,,,true,,,,,,Adopted on the General Consent Report,2020-02-26,true,auto_ok,sonnet-agent,enrich.v3.md,true,
