item_id,meeting_key,meeting_date,meeting_kind,agenda_number,agenda_sequence,consent_section,group,file_number,legistar_url,title,official_text,matter_type,presenter,vendor_number,vendor_key,funding_source,headline,summary,category,action_type,vendor_name,vendor_kind,schools,money_direction,amount_type,amount,amount_range_low,amount_range_high,prior_total,new_total,amount_verified,term_start,term_end,flags,source_issue,pulled_from_consent,outcome_action,outcome_date,adopted,review_status,model_id,prompt_version,counts_toward_totals,duplicate_of
2020-06-10:20-0439,2020-06-10,2020-06-10,regular,P.-1,45,general,"Chief, Systems and Services Officer",20-0439,https://ousd.legistar.com/gateway.aspx?M=L&ID=49029,Titan School Solutions - Nutrition Program Management Software - Nutrition Services Department,"Approval by the Board of Education of Resolution No. 1920-2030 - Titan School Solutions Software permitting the purchase of said software, as described in Titan quote 1.4_OUSD (11/14/19), for management of the pupil nutrition program, for period of November 14, 2019 through June 30, 2021, in a cumulative amount not to exceed $169,356.95, for the term, with payment not to exceed the stated amount for each year of the term as listed herein: $62,378.00, via Nutrition Services Department,  for the period of November 14, 2019 through June 30, 2020; and $106,978.95 for the period of July 1, 2020 through June 30, 2021.",Agreement or Contract,Chief Systems and Services Officer,006458,v-006458,,"Buys Titan School Solutions software to manage the nutrition program, up to $169,357 through 2021","The district is buying Titan School Solutions software to manage its student meal program, for up to $169,356.95 over the whole term. That is up to $62,378 through June 2020 and up to $106,978.95 for July 2020 through June 2021. The term started in November 2019, before this approval.",Technology,new_agreement,Titan School Solutions,organization,,expense,cumulative,169356.95,,,,,true,2019-11-14,2021-06-30,after_work_began; multi_year,,,Adopted on the General Consent Report,2020-06-10,true,auto_ok,sonnet-agent,enrich.v3.md,true,
2020-06-10:20-1007,2020-06-10,2020-06-10,regular,P.-2,46,general,"Chief, Systems and Services Officer",20-1007,https://ousd.legistar.com/gateway.aspx?M=L&ID=49595,Professional Services Contract – District and Hazelrigg Claims Management Service - Workers’ Compensations Claims - Risk Management Department,"Approval by the Board of Education of a Professional Services Contract between the District and Hazelrigg Claims Management Service, a Third-Party Administrator (“TPA”), Chino Hills, CA, for the provision of Workers’ Compensation claims adjusting services to the District, as described in the Contract, incorporated herein by reference as though fully set forth, for the period of July 1, 2020 through June 30, 2023, in a cumulative amount not to exceed $2,090,772.00, for the term, with the service fee not to exceed the stated amount for each year of the term as stated herein: $669,760.00 for the period of July 1, 2020 through June 30, 2021; $696,550.00 for the period of July 1, 2021 through June 30, 2022; $724,412.00, via the Risk Management Department, for the period of July 1, 2022 through June 30, 2023; and with two one-year options for Contract renewal.",Agreement or Contract,Chief Systems and Services Officer,,n-hazelrigg-claims-management-service-a-tristar,Fund 67 - Self Insurance,Hires Hazelrigg to handle workers' compensation claims for up to $2.09M over three years,"Hazelrigg Claims Management Service, an outside claims administrator in Chino Hills, will review and manage the district's workers' compensation claims from July 2020 through June 2023. Fees are capped at $2,090,772 in total, with yearly caps of $669,760, $696,550 and $724,412. The contract also allows two one-year renewals.","Legal, insurance & risk",new_agreement,Hazelrigg Claims Management Service,organization,,expense,cumulative,2090772,,,,,true,2020-07-01,2023-06-30,multi_year,,,Adopted on the General Consent Report,2020-06-10,true,auto_ok,sonnet-agent,enrich.v3.md,true,
2020-06-10:20-1122,2020-06-10,2020-06-10,regular,P.-3,47,general,"Chief, Systems and Services Officer",20-1122,https://ousd.legistar.com/gateway.aspx?M=L&ID=49710,Transfer - Award of Bid - Milk/Dairy Products - RFP/Bid No. 19-01 - Nutrition Services Department,"Approval by the Board of Education of the transfer of the Award of Bid - Milk/Dairy Products - RFP/Bid #19-01 - from Berkeley Farms Dairy, LLC, Hayward, CA, to Crystal Creamery, Modesto, CA, with latter assuming performance for delivery of Milk/Dairy products from original awardee*, as second lowest, responsive, responsible bidder, in present amount not to exceed $250,000.00, via the Nutrition Services Department, for the remainder of School Year 2019-2020, pursuant to CA Public Contract Code Section 5106 and ratification of Superintendent of Schools. or designee. action taken as stated herein pursuant to Board Resolution No. 1920-0218, with two one-year option for renewal.
___________
*Berkeley Farms Dairy, Hayward, CA, ceased business operations.",Agreement or Contract,Chief Systems and Services Officer,,v-001249,Fund 13 - Cafeteria - Special Revenue,"Moves the milk and dairy supply contract to Crystal Creamery, up to $250,000, after Berkeley Farms closed","The district's milk and dairy bid award moves from Berkeley Farms Dairy, which stopped operating, to Crystal Creamery of Modesto, the second-lowest responsive bidder. Crystal Creamery will deliver milk and dairy products for the rest of the 2019-20 school year, up to $250,000, with two one-year renewal options. The Superintendent's earlier action is also being ratified.","Food, transportation & operations",bid_award,Crystal Creamery,organization,,expense,not_to_exceed,250000,,,,,true,,2020-06-30,after_work_began,,,Adopted on the General Consent Report,2020-06-10,true,auto_ok,sonnet-agent,enrich.v3.md,true,
2020-06-10:20-1123,2020-06-10,2020-06-10,regular,P.-4,48,general,"Chief, Systems and Services Officer",20-1123,https://ousd.legistar.com/gateway.aspx?M=L&ID=49711,Grant Award – No Kid Hungry Campaign – COVID-19 Emergency – Nutrition Services Department,"Acceptance by the Board of Education of a Grant Award from the No Kid Hungry Campaign, Washington, DC, in the amount of $97,500.00, to support the critical work to distribute nutritious meals, i.e., Grab and Go Meal Distribution Program, to kids and families of the District during the COVID-19 emergency, via the Nutrition Services Department, for the period March 16, 2020 through June 30, 2020, pursuant to the terms and conditions thereof, if any.",Agreement or Contract,Chief Systems and Services Officer,,n-no-kid-hungry-campaign,Grant Award - No Kid Hungry Campaign,"Accepts $97,500 from No Kid Hungry to support meal distribution during COVID-19","The No Kid Hungry Campaign is giving the district $97,500 to help run its Grab and Go meal distribution for children and families during the COVID-19 emergency. The grant covers March 16 through June 30, 2020.","Food, transportation & operations",grant_or_funding_in,No Kid Hungry Campaign,organization,,revenue,fixed,97500,,,,,true,2020-03-16,2020-06-30,after_work_began,,,Adopted on the General Consent Report,2020-06-10,true,auto_ok,sonnet-agent,enrich.v3.md,true,
2020-06-10:20-1041,2020-06-10,2020-06-10,regular,P.-5,49,general,"Chief, Systems and Services Officer",20-1041,https://ousd.legistar.com/gateway.aspx?M=L&ID=49629,Memorandum of Understanding (No Cost) - Center for Ecoliteracy - Nutrition Services Department,"Approval by the Board of Education of a Memorandum of Understanding (MOU) between Center for Ecoliteracy (CEL), Berkeley, CA, and District, via its Nutrition Services Department, for continued Implementation of the Rethinking School Lunch Oakland (RSLO) Initiative, establishing agreements and defining shared commitment to continuing to implement the RSLO Initiative over the next three years (2020-2023), continuing the work on which partnering began in 2011, and continuing to advance many of the activities undertaken in the 2018-2019 school year outlined herein, including comprehensive school food innovations and associated educational programs in the District, at no cost to the District.",Agreement or Contract,Superintendent,,v-008955,,"Renews no-cost partnership with Center for Ecoliteracy on school food, 2020-2023","This memorandum of understanding (MOU) continues the district's work with the Center for Ecoliteracy on the Rethinking School Lunch Oakland initiative, which began in 2011. It covers school food improvements and related education programs over the next three years, at no cost to the district.","Food, transportation & operations",mou_or_data_sharing,Center for Ecoliteracy,organization,,no_cost,,,,,,,true,,,multi_year,,,Adopted on the General Consent Report,2020-06-10,true,auto_ok,sonnet-agent,enrich.v3.md,true,
2020-06-10:20-1059,2020-06-10,2020-06-10,regular,P.-6,51,general,"Deputy Chief, Talent",20-1059,https://ousd.legistar.com/gateway.aspx?M=L&ID=49647,"Professional Services Contract - Entelo, Inc. - Talent / Human Resources Department","Ratification by the Board of Education of a Professional Services Contract between the District and Entelo, Inc., San Francisco, CA, for the latter to provide District a virtual interview management platform which includes: 1) on-Demand Interviews with unlimited access to the platform for up to 500 hires; 2) live Interviews with unlimited access to the platform for up to 500 hires per year; 3) up to fifteen Recruiter Seats; 4) per the On-Boarding and Implementation plan, In-depth training at the beginning of the Partnership and ongoing consulting and training services, via the Talent/Human Resources Department, for the period of January 20, 2020 through January 19, 2021, in an amount not to exceed $19,000.00.",Agreement or Contract,"Deputy Chief, Talent",,v-006523,,"Approves Entelo's virtual interview platform for hiring, up to $19,000","The district is paying Entelo, Inc. up to $19,000 for a virtual interview platform for hiring. It includes on-demand and live interviews for up to 500 hires, up to fifteen recruiter seats, and training. The one-year term began in January 2020, before the board's approval.",Staff & hiring,new_agreement,"Entelo, Inc.",organization,,expense,not_to_exceed,19000,,,,,true,2020-01-20,2021-01-19,after_work_began,,,Adopted on the General Consent Report,2020-06-10,true,auto_ok,sonnet-agent,enrich.v3.md,true,
2020-06-10:20-1060,2020-06-10,2020-06-10,regular,P.-7,52,general,"Deputy Chief, Talent",20-1060,https://ousd.legistar.com/gateway.aspx?M=L&ID=49648,Professional Services Contract - Study.com - Talent / Human Resources Department,"Ratification by the Board of Education of a Professional Services Contract between the District and Study.com, Mountain View, CA, for the latter to provide 150 licenses for study help and test preparation for teacher candidates or teachers taking certification exams for a teaching credential, via the Talent/Human Resources Department, for the period of April 30, 2020 through July 28, 2020, in an amount not to exceed $19,000.00.",Agreement or Contract,"Deputy Chief, Talent",,n-study-com,,"Pays Study.com up to $19,000 for 150 test-prep licenses for teacher candidates","The district is paying Study.com up to $19,000 for 150 licenses to study help and test preparation for teacher candidates and teachers preparing for credential exams. The term ran from April 30 to July 28, 2020 and began before the board's approval.",Staff & hiring,new_agreement,Study.com,organization,,expense,not_to_exceed,19000,,,,,true,2020-04-30,2020-07-28,after_work_began,,,Adopted on the General Consent Report,2020-06-10,true,auto_ok,sonnet-agent,enrich.v3.md,true,
2020-06-10:20-1316,2020-06-10,2020-06-10,regular,P.-8,53,general,"Deputy Chief, Talent",20-1316,https://ousd.legistar.com/gateway.aspx?M=L&ID=49904,Creation/Revision of Job Descriptions - Nutrition Services Department and Academic and Instructional Innovation (AII) Department - Talent/Human Resources Department,"Adoption by the Board of Education of Resolution No. 1920-2035 - Creation/Revision of Job Description - Nutrition Services Department and Academic and Instructional Innovation (AII): Creation of Job Description - Executive Chef/Production Manager, Nutrition Services; Supervisor, Central Kitchen Warehouse and Distribution; Specialist, Receiver/Inventory; Specialist, Food Logistics and Distribution; Program Manager, Nutrition Services; and Revision of Job Description - Director of Instruction, PreK-12.",Resolution,"Deputy Chief, Talent",,,,Creates five nutrition job descriptions and revises one for PreK-12 instruction,"This resolution creates job descriptions for Executive Chef/Production Manager; Supervisor, Central Kitchen Warehouse and Distribution; Specialist, Receiver/Inventory; Specialist, Food Logistics and Distribution; and Program Manager, Nutrition Services. It also revises the Director of Instruction, PreK-12 job description. The text states no cost.",Staff & hiring,resolution_or_policy,,,,no_cost,,,,,,,true,,,,,,Adopted on the General Consent Report,2020-06-10,true,auto_ok,sonnet-agent,enrich.v3.md,true,
2020-06-10:19-0609,2020-06-10,2020-06-10,regular,P.-9,55,general,Chief Academic Officer,19-0609,https://ousd.legistar.com/gateway.aspx?M=L&ID=46538,"Grant Award/Contract - First 5 Alameda County - Kindergarten Readiness, Neighborhood Ready for School - Expanded Learning Office - Community Schools and Student Services Department","Acceptance/Approval by the Board of Education of a Grant Award/Contract between First 5 Alameda County, Alameda, CA, (Contract No. PI-NRS-1921-299) and District, for the former to fund a Neighborhoods Ready for School Program for children from birth to age 5, as described in Contract, incorporated herein by reference as though fully set forth, via the Expanded Learning Office, in an amount not to exceed $454,000.00, (FY 2019-20: $227,000.00; FY 2020-21: $227,000.00), for the period, July 1, 2019 through June 30, 2021, pursuant to the terms and conditions thereof.",Agreement or Contract,Chief Academic Officer,,n-first-5-alameda-county,First 5 Alameda County,"Accepts $454,000 from First 5 Alameda County for a program preparing young children for school","First 5 Alameda County is giving the district up to $454,000 ($227,000 in each of 2019-20 and 2020-21) to fund a Neighborhoods Ready for School program for children from birth to age 5. The grant runs from July 1, 2019 through June 30, 2021, so it began before this approval. The Expanded Learning Office manages it.",Classroom & academic programs,grant_or_funding_in,First 5 Alameda County,organization,,revenue,not_to_exceed,454000,,,,,true,2019-07-01,2021-06-30,after_work_began; multi_year,,,Adopted on the General Consent Report,2020-06-10,true,auto_ok,sonnet-agent,enrich.v3.md,true,
2020-06-10:19-0718,2020-06-10,2020-06-10,regular,P.-10,56,general,Chief Academic Officer,19-0718,https://ousd.legistar.com/gateway.aspx?M=L&ID=46646,Standard Agreement - California Department of Social Services - Refugee Program Bureau - English Language Learner and Multilingual Achievement (ELLMA) Department,"Approval by the Board of Education of Standard Agreement between District and the State of California - Department of Social Services, Refuge Program Bureau (Grant Agreement No. RSIG180U), with District accepting $93,555.00 (maximum) in Refugee School Impact Grant Funding, for the term October 1, 2018 through September 30, 2019, via the English Language Learner and Multilingual Achievement (ELLMA) Department, to support refugee students who have been in the United States for five years or less, pursuant to the terms and conditions thereof.",Agreement or Contract,Chief Academic Officer,,n-california-department-of-social-services-refugee-program-bureau,California Department of Social Services - Refugee Program Bureau Grant,"Accepts up to $93,555 in state refugee school grant funds to support refugee students","The California Department of Social Services is giving the district up to $93,555 in Refugee School Impact Grant funds to support refugee students who have been in the United States five years or less. The grant term ran from October 1, 2018 through September 30, 2019, before this approval.","Student health, support & family services",grant_or_funding_in,"California Department of Social Services, Refugee Program Bureau",organization,,revenue,not_to_exceed,93555,,,,,true,2018-10-01,2019-09-30,after_work_began,,,Adopted on the General Consent Report,2020-06-10,true,auto_ok,sonnet-agent,enrich.v3.md,true,
2020-06-10:19-2673,2020-06-10,2020-06-10,regular,P.-11,57,general,Chief Academic Officer,19-2673,https://ousd.legistar.com/gateway.aspx?M=L&ID=48579,"Amendment No. 1, Standard Agreement - California Department of Social Services - Refugee Program Bureau - English Language Learner and Multilingual Achievement (ELLMA) Department","Approval by the Board of Education of Amendment No. 1, Standard Agreement between District and the State of California - Department of Social Services, Refuge Program Bureau (Grant Agreement No. RSIG180U-A1), with District accepting $114,608 (maximum) in Refugee School Impact Grant Funding, for the term October 1, 2018 through September 30, 2020, via the English Language Learner and Multilingual Achievement (ELLMA) Department, to support refugee students who have been in the United States for five years or less, pursuant to the terms and conditions thereof.",Application,Chief Academic Officer,,n-california-department-of-social-services-refugee-program-bureau,California Department of Social Services - Refugee Program Bureau Grant,"Extends state refugee school grant through September 2020; text gives a $114,608 maximum","This amendment to the district's state Refugee School Impact Grant extends the term to September 30, 2020, with the district accepting a maximum of $114,608. The text does not say whether that is new money or the total for the full term. The grant supports refugee students who have been in the United States five years or less.","Student health, support & family services",amendment,"California Department of Social Services, Refugee Program Bureau",organization,,revenue,cumulative,,,,,114608,true,2018-10-01,2020-09-30,multi_year,,,Adopted on the General Consent Report,2020-06-10,true,auto_ok,sonnet-agent,enrich.v3.md,true,
2020-06-10:20-0464,2020-06-10,2020-06-10,regular,P.-12,58,general,Chief Academic Officer,20-0464,https://ousd.legistar.com/gateway.aspx?M=L&ID=49054,"Amendment No. 2, Standard Agreement - California Department of Social Services - Refugee Program Bureau - English Language Learner and Multilingual Achievement (ELLMA) Department","Approval by the Board of Education of Amendment No. 2, Standard Agreement between District and the State of California - Department of Social Services, Refuge Program Bureau (Grant Agreement No. RSIG180U-A2), with District accepting $323,779.00 (maximum) in Refugee School Impact Grant Funding, for the term October 1, 2018 through September 30, 2021, via the English Language Learner and Multilingual Achievement (ELLMA) Department, to support refugee students who have been in the United States for five years or less, pursuant to the terms and conditions thereof.",Agreement or Contract,Chief Academic Officer,,n-california-department-of-social-services-refugee-program-bureau,California Department of Social Services - Refugee Program Bureau Grant,"Extends state refugee school grant through September 2021; text gives a $323,779 maximum","This second amendment to the state Refugee School Impact Grant extends the term to September 30, 2021, with the district accepting a maximum of $323,779. The text does not say whether that is new money or the total for the full term. The grant supports refugee students who have been in the United States five years or less.","Student health, support & family services",amendment,"California Department of Social Services, Refugee Program Bureau",organization,,revenue,cumulative,,,,,323779,true,2018-10-01,2021-09-30,multi_year,,,Adopted on the General Consent Report,2020-06-10,true,auto_ok,sonnet-agent,enrich.v3.md,true,
2020-06-10:20-0669,2020-06-10,2020-06-10,regular,P.-13,59,general,Chief Academic Officer,20-0669,https://ousd.legistar.com/gateway.aspx?M=L&ID=49257,"Non-Public, Nonsectarian School/Agency Services Master Contract(s) - Devereux Advanced Behavioral Health Georgia - Special Education Department","Approval by the Board of Education of Special Education Services Non-Public, Nonsectarian School/Agency Services Master Contract between the District and Devereux Advanced Behavioral Health Georgia, Kennesaw, GA, for the latter to provide services to pupils as specified in Section 1 of Contract, for the period July 1, 2019 through June 30, 2020, pursuant to terms and conditions of Resolution No. 1920-0151 and COVID Amendment.",Agreement or Contract,Chief Academic Officer,,n-devereux-advanced-behavioral-health-georgia,Special Education,Approves 2019-20 special education school contract with Devereux Advanced Behavioral Health Georgia,"This master contract lets Devereux Advanced Behavioral Health Georgia, in Kennesaw, provide nonpublic school services to district students with special needs for the 2019-20 school year. The text states no dollar amount. It is subject to an earlier board resolution and a COVID amendment.",Special education,new_agreement,Devereux Advanced Behavioral Health Georgia,organization,,expense,,,,,,,true,2019-07-01,2020-06-30,after_work_began,,,Adopted on the General Consent Report,2020-06-10,true,auto_ok,sonnet-agent,enrich.v3.md,true,
2020-06-10:20-0844,2020-06-10,2020-06-10,regular,P.-14,60,general,Chief Academic Officer,20-0844,https://ousd.legistar.com/gateway.aspx?M=L&ID=49432,Professional Services Contract - Acta Non Verba - Summer Learning Programs - Community Schools and Student Services Department,"Ratification by the Board of Education of Professional Services Contract between the District and Acta Non Verba, Oakland, CA, for the latter to work in partnership with regular summer school program to expand and enhance summer enrichment and support services for students; collaborate with the summer school site to provide virtual enrichment opportunities to include: physical activity, and support services, enabling participation in distance learning summer program; program activities based on youth development quality standards; work collaboratively with the District Summer and After School Programs Offices; conduct outreach for summer student recruitment, communicate with families regularly over the summer, fulfill OUSD grant reporting requirements including submission of summer attendance records, and maintain communication with the OUSD Summer and After School units to review Progress on summer program goals; comply with 21st CCLC grant requirements for the Summer Learning Program at Encompass Academy Summer Hub, via the Community Schools and Student Services Department,  for the period of May 27, 2020 through July 31, 2020, in an amount not to exceed $28,405.00 and COVID Amendment.",Agreement or Contract,Chief Academic Officer,006614,v-006614,21st Century Community Learning Centers Supplemental Grant,"Ratifies Acta Non Verba summer program at Encompass Academy, up to $28,405","The district is approving Acta Non Verba to run a summer learning program at Encompass Academy, up to $28,405. It will offer virtual enrichment, physical activity and support services alongside the regular summer school. The work began May 27, 2020, before the board's approval, and is funded by a 21st Century Community Learning Centers supplemental grant.",After-school & summer programs,new_agreement,Acta Non Verba,organization,Encompass Academy,expense,not_to_exceed,28405,,,,,true,2020-05-27,2020-07-31,after_work_began,,,Adopted on the General Consent Report,2020-06-10,true,auto_ok,sonnet-agent,enrich.v3.md,true,
2020-06-10:20-0852,2020-06-10,2020-06-10,regular,P.-15,61,general,Chief Academic Officer,20-0852,https://ousd.legistar.com/gateway.aspx?M=L&ID=49440,Professional Services Contract - Aim High for High School - Summer Learning Program - Community Schools and Student Services Department - Urban Promise Academy,"Ratification by the Board of Education of Professional Services Contract between the District and Aim High for High School, San Francisco, CA, for the latter to provide daily summer academic support and enrichment to OUSD students who need summer services; collaborate with the summer school site to provide virtual enrichment opportunities to include: physical activity, and support services, enabling students to participate in a distance learning summer program; program activities based on youth development quality standards; work collaboratively with the District Summer and After School Programs Offices; conduct outreach for summer student ·recruitment and communicate regularly with families regularly over the summer; fulfill District grant reporting requirements, including submission of summer attendance records; and maintain communication with the District Summer and After Schools Programs Offices to review progress on summer program goals for the Summer Leeming Program at Urban Promise Academy Summer School Hub, via the Community Schools and Student Services Department, for the period of May 27, 2020 through July 31, 2020, in an amount not to exceed $54,600.00 and COVID Amendment.",Agreement or Contract,Chief Academic Officer,000298,v-000298,21st Century Community Learning Centers Supplemental Grant,"Ratifies Aim High for High School summer program at Urban Promise Academy, up to $54,600","The district is approving Aim High for High School to run a summer learning program at Urban Promise Academy, up to $54,600. It will offer daily summer academic support and virtual enrichment for students who need summer services. The work began May 27, 2020, before the board's approval, and is funded by a 21st Century Community Learning Centers supplemental grant.",After-school & summer programs,new_agreement,Aim High for High School,organization,Urban Promise Academy,expense,not_to_exceed,54600,,,,,true,2020-05-27,2020-07-31,after_work_began,,,Adopted on the General Consent Report,2020-06-10,true,auto_ok,sonnet-agent,enrich.v3.md,true,
2020-06-10:20-0860,2020-06-10,2020-06-10,regular,P.-16,62,general,Chief Academic Officer,20-0860,https://ousd.legistar.com/gateway.aspx?M=L&ID=49448,"Addendum No. 1, Memorandum of Understanding - Bay Area Community Resources - Summer Learning Program - Greenleaf Elementary School","Approval by the Board of Education of Addendum No. 1, Memorandum of Understanding (MOU)  between the District and Bay Area Community Resources, San Rafael, CA, for the latter to offer grade K-5 19 programming days during Summer 2020, Monday through Friday, every school day, from 12:00 p.m. to 3 p.m., as described in the Scope of Work, incorporated herein by reference as though fully set forth, at Greenleaf Elementary School Summer School Hub, for the period of August 1, 2019 through July 31, 2020, in the additional amount of $22,230.00, increasing the MOU not to exceed amount from $105,229.00 to $127,459.00.  All other terms and conditions of the MOU remain in full force and effect.",Agreement or Contract,Chief Academic Officer,000624,v-000624,21st Century Community Learning Centers Supplemental Grant,"Adds $22,230 to Bay Area Community Resources's summer program at Greenleaf Elementary School","This addendum to a memorandum of understanding (MOU) adds $22,230.00 for Bay Area Community Resources to run summer 2020 programming for grades K-5 at Greenleaf Elementary School, raising the cap from $105,229 to $127,459. It covers 19 program days, weekdays from 12 to 3 p.m. Funding comes from a 21st Century Community Learning Centers supplemental grant.",After-school & summer programs,amendment,Bay Area Community Resources,organization,Greenleaf Elementary School,expense,not_to_exceed,22230,,,105229,127459,true,2019-08-01,2020-07-31,raises_existing_contract,,,Adopted on the General Consent Report,2020-06-10,true,auto_ok,sonnet-agent,enrich.v3.md,true,
2020-06-10:20-0862,2020-06-10,2020-06-10,regular,P.-17,63,general,Chief Academic Officer,20-0862,https://ousd.legistar.com/gateway.aspx?M=L&ID=49450,"Addendum No. 1, Memorandum of Understanding - Bay Area Community Resources - Summer Learning Program - Hoover Elementary School","Approval by the Board of Education of Addendum No. 1, Memorandum of Understanding (MOU)  between the District and Bay Area Community Resources, San Rafael, CA, for the latter to offer grade K-5, 19 programming days during Summer 2020, Monday through Friday, every school day, from 12:00 p.m. to 3 p.m., as described in the Scope of Work, incorporated herein by reference as though fully set forth, at Hoover Elementary School Summer School Hub, for the period of August 1, 2019 through July 31, 2020, in the additional amount of $22,230.00, increasing the MOU not to exceed amount from $136,824.00 to $159,054.00.  All other terms and conditions of the MOU remain in full force and effect.",Agreement or Contract,Chief Academic Officer,000624,v-000624,21st Century Community Learning Center Supplemental Grant,"Adds $22,230 to Bay Area Community Resources's summer program at Hoover Elementary School","This addendum to a memorandum of understanding (MOU) adds $22,230.00 for Bay Area Community Resources to run summer 2020 programming for grades K-5 at Hoover Elementary School, raising the cap from $136,824 to $159,054. It covers 19 program days, weekdays from 12 to 3 p.m. Funding comes from a 21st Century Community Learning Centers supplemental grant.",After-school & summer programs,amendment,Bay Area Community Resources,organization,Hoover Elementary School,expense,not_to_exceed,22230,,,136824,159054,true,2019-08-01,2020-07-31,raises_existing_contract,,,Adopted on the General Consent Report,2020-06-10,true,auto_ok,sonnet-agent,enrich.v3.md,true,
2020-06-10:20-0863,2020-06-10,2020-06-10,regular,P.-18,64,general,Chief Academic Officer,20-0863,https://ousd.legistar.com/gateway.aspx?M=L&ID=49451,"Addendum No. 1, Memorandum of Understanding - Bay Area Community Resources - Summer Learning Program - Fred T. Korematsu Discovery Academy","Approval by the Board of Education of Addendum No. 1, Memorandum of Understanding (MOU) between the District and Bay Area Community Resources, San Rafael, CA, for the latter to offer grade K-5, 19 programming days during Summer 2020, Monday through Friday, every school day, from 12:00 p.m. to 3 p.m., as described in the Scope of Work, incorporated herein by reference as though fully set forth, at Fred T. Korematsu Discovery Academy Summer School Hub, for the period of August 1, 2019 through July 31, 2020, in the additional amount of $28,405.00, increasing the MOU not to exceed amount from $105,404.00 to $133,809.00.  All other terms and conditions of the MOU remain in full force and effect.",Agreement or Contract,Chief Academic Officer,000624,v-000624,21st Century Community Learning Centers Supplemental Grant,"Adds $28,405 to Bay Area Community Resources's summer program at Fred T. Korematsu Discovery Academy","This addendum to a memorandum of understanding (MOU) adds $28,405.00 for Bay Area Community Resources to run summer 2020 programming for grades K-5 at Fred T. Korematsu Discovery Academy, raising the cap from $105,404 to $133,809. It covers 19 program days, weekdays from 12 to 3 p.m. Funding comes from a 21st Century Community Learning Centers supplemental grant.",After-school & summer programs,amendment,Bay Area Community Resources,organization,Fred T. Korematsu Discovery Academy,expense,not_to_exceed,28405,,,105404,133809,true,2019-08-01,2020-07-31,raises_existing_contract,,,Adopted on the General Consent Report,2020-06-10,true,auto_ok,sonnet-agent,enrich.v3.md,true,
2020-06-10:20-0864,2020-06-10,2020-06-10,regular,P.-19,65,general,Chief Academic Officer,20-0864,https://ousd.legistar.com/gateway.aspx?M=L&ID=49452,"Addendum No. 1, Memorandum of Understanding - Bay Area Community Resources - Summer Learning Program - Community United Elementary School","Approval by the Board of Education of Addendum No. 1, Memorandum of Understanding (MOU) between the District and Bay Area Community Resources, San Rafael, CA, for the latter to offer grade K-5 19 programming days during Summer 2020, Monday through Friday, every school day, from 12:00 p.m. to 3 p.m., as described in the Scope of Work, incorporated herein by reference as though fully set forth, at Community United Elementary School Summer School Hub, for the period of August 1, 2019 through July 31, 2020, in the additional amount of $28,405.00, increasing the MOU not to exceed amount from $106,014.00 to $134,419.00. All other terms and conditions of the MOU remain in full force and effect.",Agreement or Contract,Chief Academic Officer,000624,v-000624,21st Century Community Learning Centers Supplemental Grant,"Adds $28,405 to Bay Area Community Resources's summer program at Community United Elementary School","This addendum to a memorandum of understanding (MOU) adds $28,405.00 for Bay Area Community Resources to run summer 2020 programming for grades K-5 at Community United Elementary School, raising the cap from $106,014 to $134,419. It covers 19 program days, weekdays from 12 to 3 p.m. Funding comes from a 21st Century Community Learning Centers supplemental grant.",After-school & summer programs,amendment,Bay Area Community Resources,organization,Community United Elementary School,expense,not_to_exceed,28405,,,106014,134419,true,2019-08-01,2020-07-31,raises_existing_contract,,,Adopted on the General Consent Report,2020-06-10,true,auto_ok,sonnet-agent,enrich.v3.md,true,
2020-06-10:20-0865,2020-06-10,2020-06-10,regular,P.-20,66,general,Chief Academic Officer,20-0865,https://ousd.legistar.com/gateway.aspx?M=L&ID=49453,"Addendum No. 1, Memorandum of Understanding - Bay Area Community Resources - Summer Learning Program - Madison Park Academy Upper Campus","Approval by the Board of Education of Addendum No. 1, Memorandum of Understanding (MOU) between the District and Bay Area Community Resources, San Rafael, CA, for the latter to offer grade 6-8, 19 programming days during Summer 2020, Monday through Friday, every school day, from 12:00 p.m. to 3 p.m., as described in the Scope of Work, incorporated herein by reference as though fully set forth, at Madison Park Academy - Upper Campus - Summer School Hub, for the period of August 1, 2019 through July 31, 2020, in the additional amount of $12,350.00, increasing the MOU not to exceed amount from $211,617.00 to $223,967.00. All other terms and conditions of the MOU remain in full force and effect.",Agreement or Contract,Chief Academic Officer,000624,v-000624,21st Century Community Learning Centers Supplemental Grant,"Adds $12,350 to Bay Area Community Resources's summer program at Madison Park Academy Upper Campus","This addendum to a memorandum of understanding (MOU) adds $12,350.00 for Bay Area Community Resources to run summer 2020 programming for grades 6-8 at Madison Park Academy Upper Campus, raising the cap from $211,617 to $223,967. It covers 19 program days, weekdays from 12 to 3 p.m. Funding comes from a 21st Century Community Learning Centers supplemental grant.",After-school & summer programs,amendment,Bay Area Community Resources,organization,Madison Park Academy Upper Campus,expense,not_to_exceed,12350,,,211617,223967,true,2019-08-01,2020-07-31,raises_existing_contract,,,Adopted on the General Consent Report,2020-06-10,true,auto_ok,sonnet-agent,enrich.v3.md,true,
2020-06-10:20-0866,2020-06-10,2020-06-10,regular,P.-21,67,general,Chief Academic Officer,20-0866,https://ousd.legistar.com/gateway.aspx?M=L&ID=49454,"Addendum No. 1, Memorandum of Understanding - Bay Area Community Resources - Summer Learning Program - Life Academy","Approval by the Board of Education of Addendum No. 1, Memorandum of Understanding (MOU) between the District and Bay Area Community Resources, San Rafael, CA, for the latter to offer grade 6-8, 19 programming days during Summer 2020, Monday through Friday, every school day, from 12:00 p.m. to 3 p.m., as described in the Scope of Work, incorporated herein by reference as though fully set forth, at Life Academy Summer School Hub, for the period of August 1, 2019 through July 31, 2020, in the additional amount of $12,350.00, increasing the MOU not to exceed amount from $217,392.00 to $229,742.00.  All other terms and conditions of the MOU remain in full force and effect.",Agreement or Contract,Chief Academic Officer,000624,v-000624,21st Century Community Learning Centers Supplemental Grant,"Adds $12,350 to Bay Area Community Resources's summer program at Life Academy","This addendum to a memorandum of understanding (MOU) adds $12,350.00 for Bay Area Community Resources to run summer 2020 programming for grades 6-8 at Life Academy, raising the cap from $217,392 to $229,742. It covers 19 program days, weekdays from 12 to 3 p.m. Funding comes from a 21st Century Community Learning Centers supplemental grant.",After-school & summer programs,amendment,Bay Area Community Resources,organization,Life Academy,expense,not_to_exceed,12350,,,217392,229742,true,2019-08-01,2020-07-31,raises_existing_contract,,,Adopted on the General Consent Report,2020-06-10,true,auto_ok,sonnet-agent,enrich.v3.md,true,
2020-06-10:20-0867,2020-06-10,2020-06-10,regular,P.-22,68,general,Chief Academic Officer,20-0867,https://ousd.legistar.com/gateway.aspx?M=L&ID=49455,"Addendum No. 1, Memorandum of Understanding - Love, Learn, Success - Summer Learning Program - Global Family Elementary School","Approval by the Board of Education of Addendum No. 1, Memorandum of Understanding (MOU) between the District and Love, Learn, Success, Vallejo, CA, for the latter to offer grade K-5, 19 programming days during Summer 2020, Monday through Friday, every school day, from 12:00 p.m. to 3 p.m., as described in the Scope of Work, incorporated herein by reference as though fully set forth, at Global Family Elementary School Summer School Hub, for the period of August 1, 2019 through July 31, 2020, in the additional amount of $22,230.00, increasing the MOU not to exceed amount from $111,380.00 to $133,610.00.  All other terms and conditions of the MOU remain in full force and effect.",Agreement or Contract,Chief Academic Officer,002651,v-002651,21st Century Community Learning Centers Supplemental Grant,"Adds $22,230 to Love, Learn, Success's summer program at Global Family Elementary School","This addendum to a memorandum of understanding (MOU) adds $22,230.00 for Love, Learn, Success to run summer 2020 programming for grades K-5 at Global Family Elementary School, raising the cap from $111,380 to $133,610. It covers 19 program days, weekdays from 12 to 3 p.m. Funding comes from a 21st Century Community Learning Centers supplemental grant.",After-school & summer programs,amendment,"Love, Learn, Success",organization,Global Family Elementary School,expense,not_to_exceed,22230,,,111380,133610,true,2019-08-01,2020-07-31,raises_existing_contract,,,Adopted on the General Consent Report,2020-06-10,true,auto_ok,sonnet-agent,enrich.v3.md,true,
2020-06-10:20-0868,2020-06-10,2020-06-10,regular,P.-23,69,general,Chief Academic Officer,20-0868,https://ousd.legistar.com/gateway.aspx?M=L&ID=49456,"Addendum No. 1, Memorandum of Understanding - Safe Passages - Summer Learning Program - Coliseum College Preparatory Academy","Approval by the Board of Education of Addendum No. 1, Memorandum of Understanding (MOU) between the District and Safe Passages, Oakland, CA, for the latter to offer grade 6-8, 19 programming days during Summer 2020, Monday through Friday, every school day, from 12:00 p.m. to 3 p.m., as described in the Scope of Work, incorporated herein by reference as though fully set forth, at Coliseum College Preparatory Academy Summer School Hub, for the period of August 1, 2019 through July 31, 2020, in the additional amount of $17,290.00, increasing the MOU not to exceed amount from $154,714.00 to $172, 004.00.  All other terms and conditions of the MOU remain in full force and effect.",Agreement or Contract,Chief Academic Officer,003729,v-003729,21st Century Community Learning Centers Supplemental Grant,"Adds $17,290 to Safe Passages's summer program at Coliseum College Preparatory Academy","This addendum to a memorandum of understanding (MOU) adds $17,290.00 for Safe Passages to run summer 2020 programming for grades 6-8 at Coliseum College Preparatory Academy, raising the cap from $154,714 to $172,004. It covers 19 program days, weekdays from 12 to 3 p.m. Funding comes from a 21st Century Community Learning Centers supplemental grant.",After-school & summer programs,amendment,Safe Passages,organization,Coliseum College Preparatory Academy,expense,not_to_exceed,17290,,,154714,172004,true,2019-08-01,2020-07-31,raises_existing_contract,,,Adopted on the General Consent Report,2020-06-10,true,auto_ok,sonnet-agent,enrich.v3.md,true,
2020-06-10:20-0869,2020-06-10,2020-06-10,regular,P.-24,70,general,Chief Academic Officer,20-0869,https://ousd.legistar.com/gateway.aspx?M=L&ID=49457,"Addendum No. 1, Memorandum of Understanding - Safe Passages - Summer Learning Program - United for Success Academy","Approval by the Board of Education of Addendum No. 1, Memorandum of Understanding (MOU) between the District and Safe Passages, Oakland, CA, for the latter to offer grade 6-8, 19 programming days during Summer 2020, Monday through Friday, every school day, from 12:00 p.m. to 3 p.m., as described in the Scope of Work, incorporated herein by reference as though fully set forth, at United for Success Academy Summer School Hub, for the period of August 1, 2019 through July 31, 2020, in the additional amount of $22,230.00, increasing the MOU not to exceed amount from $191,062.00 to $213,292.00.  All other terms and conditions of the MOU remain in full force and effect.",Agreement or Contract,Chief Academic Officer,003729,v-003729,21st Century Community Learning Centers Supplemental Grant,"Adds $22,230 to Safe Passages's summer program at United for Success Academy","This addendum to a memorandum of understanding (MOU) adds $22,230.00 for Safe Passages to run summer 2020 programming for grades 6-8 at United for Success Academy, raising the cap from $191,062 to $213,292. It covers 19 program days, weekdays from 12 to 3 p.m. Funding comes from a 21st Century Community Learning Centers supplemental grant.",After-school & summer programs,amendment,Safe Passages,organization,United for Success Academy,expense,not_to_exceed,22230,,,191062,213292,true,2019-08-01,2020-07-31,raises_existing_contract,,,Adopted on the General Consent Report,2020-06-10,true,auto_ok,sonnet-agent,enrich.v3.md,true,
2020-06-10:20-0870,2020-06-10,2020-06-10,regular,P.-25,71,general,Chief Academic Officer,20-0870,https://ousd.legistar.com/gateway.aspx?M=L&ID=49458,"Addendum No. 1, Memorandum of Understanding - Safe Passages - Summer Learning Program - Fruitvale Elementary School","Approval by the Board of Education of Addendum No. 1, Memorandum of Understanding (MOU) between the District and Safe Passages, Oakland, CA, for the latter to offer grade K-5, 19 programming days during Summer 2020, Monday through Friday, every school day, from 12:00 p.m. to 3 p.m., as described in the Scope of Work, incorporated herein by reference as though fully set forth, at Fruitvale Elementary School Summer School Hub, for the period of August 1, 2019 through July 31, 2020, in the additional amount of $27,170.00, increasing the MOU not to exceed amount from $110,323.00 to $137,493.00.  All other terms and conditions of the MOU remain in full force and effect.",Agreement or Contract,Chief Academic Officer,003729,v-003729,21st Century Community Learning Centers Supplemental Grant,"Adds $27,170 to Safe Passages's summer program at Fruitvale Elementary School","This addendum to a memorandum of understanding (MOU) adds $27,170.00 for Safe Passages to run summer 2020 programming for grades K-5 at Fruitvale Elementary School, raising the cap from $110,323 to $137,493. It covers 19 program days, weekdays from 12 to 3 p.m. Funding comes from a 21st Century Community Learning Centers supplemental grant.",After-school & summer programs,amendment,Safe Passages,organization,Fruitvale Elementary School,expense,not_to_exceed,27170,,,110323,137493,true,2019-08-01,2020-07-31,raises_existing_contract,,,Adopted on the General Consent Report,2020-06-10,true,auto_ok,sonnet-agent,enrich.v3.md,true,
2020-06-10:20-0871,2020-06-10,2020-06-10,regular,P.-26,72,general,Chief Academic Officer,20-0871,https://ousd.legistar.com/gateway.aspx?M=L&ID=49459,Professional Services Contract - Edventure More - Summer Learning Program - Piedmont Avenue Elementary School,"Ratification by the Board of Education of Professional Services Contract between the District and Edventure More, San Leandro CA, for the latter to work in partnership with regular summer school program to expand and enhance summer enrichment and support services for students; collaborate with the summer school site to provide virtual enrichment opportunities to include: physical activity, and support services, enabling students to participate in distance learning summer program; program activities based on youth development quality standards; work collaboratively with the District Summer and After School Programs Offices; conduct outreach for summer student recruitment, communicate with families regularly over the summer, fulfill OUSD grant reporting requirements including submission of summer attendance records, and maintain communication with the OUSD Summer and After School units to review Progress on summer program goals; comply with 21st CCLC grant requirements for the Summer Learning Program at Piedmont Avenue Elementary School Summer Hub, for the period of May 27, 2020 through July 31, 2020, in an amount not to exceed $43,225.00 and COVID Amendment.",Agreement or Contract,Chief Academic Officer,001534,v-001534,21st Century Community Learning Centers Supplemental Grant,"Ratifies Edventure More summer program at Piedmont Avenue Elementary, up to $43,225","The district is approving Edventure More to run a summer learning program at Piedmont Avenue Elementary School, up to $43,225. It will offer virtual enrichment, physical activity and support services alongside the regular summer school. The work began May 27, 2020, before the board's approval, and is funded by a 21st Century Community Learning Centers supplemental grant.",After-school & summer programs,new_agreement,Edventure More,organization,Piedmont Avenue Elementary School,expense,not_to_exceed,43225,,,,,true,2020-05-27,2020-07-31,after_work_began,,,Adopted on the General Consent Report,2020-06-10,true,auto_ok,sonnet-agent,enrich.v3.md,true,
2020-06-10:20-0872,2020-06-10,2020-06-10,regular,P.-27,73,general,Chief Academic Officer,20-0872,https://ousd.legistar.com/gateway.aspx?M=L&ID=49460,Professional Services Contract - Lincoln - Summer Learning Program - West Oakland Middle School,"Ratification by the Board of Education of Professional Services Contract between the District and Lincoln, Oakland, CA, for the latter to work in partnership with regular summer school program to expand and enhance summer enrichment and support services for students; collaborate with the summer school site to provide virtual enrichment opportunities to include: physical activity, and support services, enabling students to participate in distance learning summer program; program activities based on youth development quality standards; work collaboratively with the District Summer and After School Programs Offices; conduct outreach for summer student recruitment, communicate with families regularly over the summer, fulfill OUSD grant reporting requirements including submission of summer attendance records, and maintain communication with the OUSD Summer and After School units to review Progress on summer program goals; comply with 21st CCLC grant requirements for the Summer Learning Program at West Oakland Middle School Summer Hub, for the period of May 27, 2020 through July 31, 2020, in an amount not to exceed $37,700.00 and COVID Amendment.",Agreement or Contract,Chief Academic Officer,002590,v-002590,21st Century Community Learning Centers Supplemental Grant,"Ratifies Lincoln summer program at West Oakland Middle School, up to $37,700","The district is approving Lincoln to run a summer learning program at West Oakland Middle School, up to $37,700. It will offer virtual enrichment, physical activity and support services alongside the regular summer school. The work began May 27, 2020, before the board's approval, and is funded by a 21st Century Community Learning Centers supplemental grant.",After-school & summer programs,new_agreement,Lincoln,organization,West Oakland Middle School,expense,not_to_exceed,37700,,,,,true,2020-05-27,2020-07-31,after_work_began,,,Adopted on the General Consent Report,2020-06-10,true,auto_ok,sonnet-agent,enrich.v3.md,true,
2020-06-10:20-0873,2020-06-10,2020-06-10,regular,P.-28,74,general,Chief Academic Officer,20-0873,https://ousd.legistar.com/gateway.aspx?M=L&ID=49461,Professional Services Contract - Nexplore USA - Summer Learning Program - Burckhalter Elementary School,"Ratification by the Board of Education of Professional Services Contract between the District and Nexplore USA, Aventura, FL, for the latter to work in partnership with regular summer school program to expand and enhance summer enrichment and support services for students; collaborate with the summer school site to provide virtual enrichment opportunities to include: physical activity, and support services, enabling students to participate in distance learning summer program; program activities based on youth development quality standards; work collaboratively with the District Summer and After School Programs Offices; conduct outreach for summer student recruitment, communicate with families regularly over the summer, fulfill OUSD grant reporting requirements including submission of summer attendance records, and maintain communication with the OUSD Summer and After School units to review Progress on summer program goals; comply with 21st CCLC grant requirements for the Summer Learning Program at Burkhalter Elementary School Summer Hub, for the period of May 27, 2020 through July 31, 2020, in an amount not to exceed $27,170.00 and COVID Amendment.",Agreement or Contract,Chief Academic Officer,005069,v-005069,21st Century Community Learning Centers Supplemental Grant,"Ratifies Nexplore USA summer program at Burckhalter Elementary, up to $27,170","The district is approving Nexplore USA to run a summer learning program at Burckhalter Elementary School, up to $27,170. It will offer virtual enrichment, physical activity and support services alongside the regular summer school. The work began May 27, 2020, before the board's approval, and is funded by a 21st Century Community Learning Centers supplemental grant.",After-school & summer programs,new_agreement,Nexplore USA,organization,Burckhalter Elementary School,expense,not_to_exceed,27170,,,,,true,2020-05-27,2020-07-31,after_work_began,,,Adopted on the General Consent Report,2020-06-10,true,auto_ok,sonnet-agent,enrich.v3.md,true,
2020-06-10:20-0912,2020-06-10,2020-06-10,regular,P.-29,75,general,Chief Academic Officer,20-0912,https://ousd.legistar.com/gateway.aspx?M=L&ID=49500,"Addendum No. 1, Memorandum of Understanding - Oakland Leaf Foundation - Summer Learning Program - Bret Harte Middle School","Approval by the Board of Education of Addendum No. 1, Memorandum of Understanding (MOU) between the District and Oakland Leaf Foundation, Oakland, CA, for the latter to offer grade 6-8, 19 programming days during Summer 2020, Monday through Friday, every school day, from 12:00 p.m. to 3 p.m., as described in the Scope of Work, incorporated herein by reference as though fully set forth, at Bret Harte Middle School Summer School Hub, for the period of August 1, 2019 through July 31, 2020, in the additional amount of $22,230.00, increasing the MOU not to exceed amount from $180,518.00 to $202,740.00.  All other terms and conditions of the MOU remain in full force and effect.",Agreement or Contract,Chief Academic Officer,003138,v-003138,21st Century Community Learning Centers Supplemental Grant,"Adds $22,230 to Oakland Leaf Foundation's summer program at Bret Harte Middle School","This addendum to a memorandum of understanding (MOU) adds $22,230.00 for Oakland Leaf Foundation to run summer 2020 programming for grades 6-8 at Bret Harte Middle School, raising the cap from $180,518 to $202,740. It covers 19 program days, weekdays from 12 to 3 p.m. Funding comes from a 21st Century Community Learning Centers supplemental grant.",After-school & summer programs,amendment,Oakland Leaf Foundation,organization,Bret Harte Middle School,expense,not_to_exceed,22230,,,180518,202740,true,2019-08-01,2020-07-31,raises_existing_contract,,,Adopted on the General Consent Report,2020-06-10,true,auto_ok,sonnet-agent,enrich.v3.md,true,
2020-06-10:20-0931,2020-06-10,2020-06-10,regular,P.-30,76,general,Chief Academic Officer,20-0931,https://ousd.legistar.com/gateway.aspx?M=L&ID=49519,Data Sharing Agreement - i3DigitialPD - High School Linked Learning Department,"Approval by the Board of Education of Data Sharing Agreement between the District and  i3DigitalPD, Henderson, NV, for the latter to access student and staff data, as specified in the Scope of Work, incorporated herein by reference as though fully set forth, as part of the third party evaluation of multi-year programmatic evaluation of the implementation of the online credit recovery program, APEX Learning, via the High School Linked Learning Department, for the period of February 12, 2020 through June 30, 2020, at no cost to the District.",Agreement or Contract,Chief Academic Officer,,v-006356,No Fiscal Impact,Allows i3DigitalPD to use student and staff data to evaluate the APEX credit recovery program,"This data sharing agreement lets i3DigitalPD, a company in Henderson, Nevada, access student and staff data for an outside, multi-year evaluation of the district's APEX Learning online credit recovery program. It runs from February 12 to June 30, 2020, at no cost to the district.",Partnerships & data sharing,mou_or_data_sharing,i3DigitalPD,organization,,no_cost,,,,,,,true,2020-02-12,2020-06-30,after_work_began,,,Adopted on the General Consent Report,2020-06-10,true,auto_ok,sonnet-agent,enrich.v3.md,true,
2020-06-10:20-0938,2020-06-10,2020-06-10,regular,P.-31,77,general,Chief Academic Officer,20-0938,https://ousd.legistar.com/gateway.aspx?M=L&ID=49526,"Amendment No. 2, Memorandum of Understanding - Ujimaa Foundation - After School Program - Burckhalter Elementary School","Approval by the Board of Education of Amendment No. 2, Memorandum of Understanding (MOU) between the District and Ujimaa Foundation, Oakland, CA, altering the latter’s Scope of Work, to provide services in a manner consistent with local shelter-in-place orders as outlined in attached COVID Amendment, incorporated herein by reference as though fully set forth, for the After School Program at Burkhalter Elementary School, for the period of August 1, 2019 through July 31, 2020, at a cost not to exceed $111,382.00 (no increased cost).  All other terms and conditions of the MOU remain in full force and effect.",Agreement or Contract,Chief Academic Officer,004421,v-004421,No Fiscal Impact,Revises Ujimaa Foundation after-school deal at Burckhalter Elementary School for COVID; no added cost,"Changes the district's agreement (a memorandum of understanding) with Ujimaa Foundation to run the after-school program at Burckhalter Elementary School, so services fit local COVID-19 shelter-in-place orders. This is Amendment No. 2. The agreement period (Aug. 1, 2019 to July 31, 2020) and the not-to-exceed amount of $111,382 stay the same, with no increased cost.",After-school & summer programs,amendment,Ujimaa Foundation,organization,Burckhalter Elementary School,no_cost,,,,,,,true,2019-08-01,2020-07-31,,,,Adopted on the General Consent Report,2020-06-10,true,auto_ok,sonnet-agent,enrich.v3.md,true,
2020-06-10:20-0939,2020-06-10,2020-06-10,regular,P.-32,78,general,Chief Academic Officer,20-0939,https://ousd.legistar.com/gateway.aspx?M=L&ID=49527,"Amendment No. 2, Memorandum of Understanding - Ujimaa Foundation - After School Program - Carl Munck Elementary School","Approval by the Board of Education of Amendment No. 2, Memorandum of Understanding (MOU) between the District and Ujimaa Foundation, Oakland, CA, altering the latter Scope of Work, to provide services in a manner consistent with local shelter-in-place orders as outlined in attached COVID Amendment, incorporated herein by reference as though fully set forth, for the After School Program at Carl Munck Elementary School, for the period of August 1, 2019 through July 31, 2020, at a cost not to exceed $42,130.00 (no increased cost).  All other terms and conditions of the MOU remain in full force and effect.",Agreement or Contract,Chief Academic Officer,004421,v-004421,No Fiscal Impact,Revises Ujimaa Foundation after-school deal at Carl Munck Elementary School for COVID; no added cost,"Changes the district's agreement (a memorandum of understanding) with Ujimaa Foundation to run the after-school program at Carl Munck Elementary School, so services fit local COVID-19 shelter-in-place orders. This is Amendment No. 2. The agreement period (Aug. 1, 2019 to July 31, 2020) and the not-to-exceed amount of $42,130 stay the same, with no increased cost.",After-school & summer programs,amendment,Ujimaa Foundation,organization,Carl Munck Elementary School,no_cost,,,,,,,true,2019-08-01,2020-07-31,,,,Adopted on the General Consent Report,2020-06-10,true,auto_ok,sonnet-agent,enrich.v3.md,true,
2020-06-10:20-0940,2020-06-10,2020-06-10,regular,P.-33,79,general,Chief Academic Officer,20-0940,https://ousd.legistar.com/gateway.aspx?M=L&ID=49528,"Amendment No. 2, Memorandum of Understanding - East Bay Asian Youth Center - After School Program - Bella Vista Elementary School","Approval by the Board of Education of Amendment No. 2, Memorandum of Understanding (MOU) between the District and East Bay Asian Youth Center, Oakland, CA, altering the latter  Scope of Work, to provide services in a manner consistent with local shelter-in-place orders as outlined in attached COVID Amendment, incorporated herein by reference as though fully set forth, for the After School Program at Bella Vista Elementary School, for the period of August 1, 2019 through July 31, 2020, at a cost not to exceed $111,434.00 (no increased cost).  All other terms and conditions of the MOU remain in full force and effect.",Agreement or Contract,Chief Academic Officer,001474,v-001474,No Fiscal Impact,Revises East Bay Asian Youth Center after-school deal at Bella Vista Elementary School; no added cost,"Changes the district's agreement (a memorandum of understanding) with East Bay Asian Youth Center to run the after-school program at Bella Vista Elementary School, so services fit local COVID-19 shelter-in-place orders. This is Amendment No. 2. The agreement period (Aug. 1, 2019 to July 31, 2020) and the not-to-exceed amount of $111,434 stay the same, with no increased cost.",After-school & summer programs,amendment,East Bay Asian Youth Center,organization,Bella Vista Elementary School,no_cost,,,,,,,true,2019-08-01,2020-07-31,,,,Adopted on the General Consent Report,2020-06-10,true,auto_ok,sonnet-agent,enrich.v3.md,true,
2020-06-10:20-0941,2020-06-10,2020-06-10,regular,P.-34,80,general,Chief Academic Officer,20-0941,https://ousd.legistar.com/gateway.aspx?M=L&ID=49529,"Amendment No. 2, Memorandum of Understanding - East Bay Asian Youth Center - After School Program - Cleveland Elementary School","Approval by the Board of Education of Amendment No. 2, Memorandum of Understanding (MOU) between the District and East Bay Asian Youth Center, Oakland, CA, altering the latter Scope of Work, to provide services in a manner consistent with local shelter-in-place orders as outlined in attached COVID Amendment, incorporated herein by reference as though fully set forth, for the After School Program at Cleveland Elementary School, for the period of August 1, 2019 through July 31, 2020, at a cost not to exceed S111,434.00 (no increased cost).  All other terms and conditions of the MOU remain in full force and effect.",Agreement or Contract,Chief Academic Officer,001474,v-001474,No Fiscal Impact,Revises East Bay Asian Youth Center after-school deal at Cleveland Elementary School for COVID; no added cost,"Changes the district's agreement (a memorandum of understanding) with East Bay Asian Youth Center to run the after-school program at Cleveland Elementary School, so services fit local COVID-19 shelter-in-place orders. This is Amendment No. 2. The agreement period (Aug. 1, 2019 to July 31, 2020) and the not-to-exceed amount of $111,434 stay the same, with no increased cost.",After-school & summer programs,amendment,East Bay Asian Youth Center,organization,Cleveland Elementary School,no_cost,,,,,,,true,2019-08-01,2020-07-31,,,,Adopted on the General Consent Report,2020-06-10,true,auto_ok,sonnet-agent,enrich.v3.md,true,
2020-06-10:20-0943,2020-06-10,2020-06-10,regular,P.-35,81,general,Chief Academic Officer,20-0943,https://ousd.legistar.com/gateway.aspx?M=L&ID=49531,"Amendment No. 2, Memorandum of Understanding - East Bay Asian Youth Center - After School Program - Edna Brewer Middle School","Approval by the Board of Education of Amendment No. 2, Memorandum of Understanding (MOU) between the District and East Bay Asian Youth Center, Oakland, CA, altering the latter Scope of Work, to provide services in a manner consistent with local shelter-in-place orders as outlined in attached COVID Amendment, incorporated herein by reference as though fully set forth, for the After School Program at Edna Brewer Middle School, for the period of August 1, 2019 through July 31, 2020, at a cost not to exceed $149,579.00 (no increased cost).  All other terms and conditions of the MOU remain in full force and effect.",Agreement or Contract,Chief Academic Officer,001474,v-001474,No Fiscal Impact,Revises East Bay Asian Youth Center after-school deal at Edna Brewer Middle School for COVID; no added cost,"Changes the district's agreement (a memorandum of understanding) with East Bay Asian Youth Center to run the after-school program at Edna Brewer Middle School, so services fit local COVID-19 shelter-in-place orders. This is Amendment No. 2. The agreement period (Aug. 1, 2019 to July 31, 2020) and the not-to-exceed amount of $149,579 stay the same, with no increased cost.",After-school & summer programs,amendment,East Bay Asian Youth Center,organization,Edna Brewer Middle School,no_cost,,,,,,,true,2019-08-01,2020-07-31,,,,Adopted on the General Consent Report,2020-06-10,true,auto_ok,sonnet-agent,enrich.v3.md,true,
2020-06-10:20-0944,2020-06-10,2020-06-10,regular,P.-36,82,general,Chief Academic Officer,20-0944,https://ousd.legistar.com/gateway.aspx?M=L&ID=49532,"Amendment No. 2, Memorandum of Understanding - East Bay Asian Youth Center - After School Program - Franklin Elementary School","Approval by the Board of Education of Amendment No. 2, Memorandum of Understanding (MOU) between the District and East Bay Asian Youth Center, Oakland, CA, altering the latter’s Scope of Work, to provide services in a manner consistent with local shelter-in-place orders as outlined in attached COVID Amendment, incorporated herein by reference as though fully set forth, for the After School Program at Franklin Elementary School, for the period of August 1, 2019 through July 31, 2020, at a cost not to exceed $158,124.00 (no increased cost).  All other terms and conditions of the MOU remain in full force and effect.",Agreement or Contract,Chief Academic Officer,001474,v-001474,No Fiscal Impact,Revises East Bay Asian Youth Center after-school deal at Franklin Elementary School for COVID; no added cost,"Changes the district's agreement (a memorandum of understanding) with East Bay Asian Youth Center to run the after-school program at Franklin Elementary School, so services fit local COVID-19 shelter-in-place orders. This is Amendment No. 2. The agreement period (Aug. 1, 2019 to July 31, 2020) and the not-to-exceed amount of $158,124 stay the same, with no increased cost.",After-school & summer programs,amendment,East Bay Asian Youth Center,organization,Franklin Elementary School,no_cost,,,,,,,true,2019-08-01,2020-07-31,,,,Adopted on the General Consent Report,2020-06-10,true,auto_ok,sonnet-agent,enrich.v3.md,true,
2020-06-10:20-0946,2020-06-10,2020-06-10,regular,P.-37,83,general,Chief Academic Officer,20-0946,https://ousd.legistar.com/gateway.aspx?M=L&ID=49534,"Amendment No. 2, Memorandum of Understanding - East Bay Asian Youth Center - After School Program - Garfield Elementary School","Approval by the Board of Education of Amendment No. 2, Memorandum of Understanding (MOU) between the District and East Bay Asian Youth Center, Oakland, CA, altering the latter’s Scope of Work, to provide services in a manner consistent with local shelter-in-place orders as outlined in attached COVID Amendment, incorporated herein by reference as though fully set forth, for the After School Program at Garfield Elementary School, for the period of August 1, 2019 through July 31, 2020, at a cost not to exceed $225,640.00 (no increased cost).  All other terms and conditions of the MOU remain in full force and effect.",Agreement or Contract,Chief Academic Officer,001474,v-001474,No Fiscal Impact,Revises East Bay Asian Youth Center after-school deal at Garfield Elementary School for COVID; no added cost,"Changes the district's agreement (a memorandum of understanding) with East Bay Asian Youth Center to run the after-school program at Garfield Elementary School, so services fit local COVID-19 shelter-in-place orders. This is Amendment No. 2. The agreement period (Aug. 1, 2019 to July 31, 2020) and the not-to-exceed amount of $225,640 stay the same, with no increased cost.",After-school & summer programs,amendment,East Bay Asian Youth Center,organization,Garfield Elementary School,no_cost,,,,,,,true,2019-08-01,2020-07-31,,,,Adopted on the General Consent Report,2020-06-10,true,auto_ok,sonnet-agent,enrich.v3.md,true,
2020-06-10:20-0947,2020-06-10,2020-06-10,regular,P.-38,84,general,Chief Academic Officer,20-0947,https://ousd.legistar.com/gateway.aspx?M=L&ID=49535,"Amendment No. 2, Memorandum of Understanding - East Bay Asian Youth Center - After School Program - Lincoln Elementary School","Approval by the Board of Education of Amendment No. 2, Memorandum of Understanding (MOU) between the District and East Bay Asian Youth Center, Oakland, CA, altering the latter’s Scope of Work, to provide services in a manner consistent with local shelter-in-place orders as outlined in attached COVID Amendment, incorporated herein by reference as though fully set forth, for the After School Program at Lincoln Elementary School, for the period of August 1, 2019 through July 31, 2020, at a cost not to exceed $202,105.00 (no increased cost).  All other terms and conditions of the MOU remain in full force and effect.",Agreement or Contract,Chief Academic Officer,001474,v-001474,No Fiscal Impact,Revises East Bay Asian Youth Center after-school deal at Lincoln Elementary School for COVID; no added cost,"Changes the district's agreement (a memorandum of understanding) with East Bay Asian Youth Center to run the after-school program at Lincoln Elementary School, so services fit local COVID-19 shelter-in-place orders. This is Amendment No. 2. The agreement period (Aug. 1, 2019 to July 31, 2020) and the not-to-exceed amount of $202,105 stay the same, with no increased cost.",After-school & summer programs,amendment,East Bay Asian Youth Center,organization,Lincoln Elementary School,no_cost,,,,,,,true,2019-08-01,2020-07-31,,,,Adopted on the General Consent Report,2020-06-10,true,auto_ok,sonnet-agent,enrich.v3.md,true,
2020-06-10:20-0948,2020-06-10,2020-06-10,regular,P.-39,85,general,Chief Academic Officer,20-0948,https://ousd.legistar.com/gateway.aspx?M=L&ID=49536,"Amendment No. 2, Memorandum of Understanding - East Bay Asian Youth Center - After School Program - Manzanita Community Elementary School","Approval by the Board of Education of Amendment No. 2, Memorandum of Understanding (MOU) between the District and East Bay Asian Youth Center, Oakland, CA, altering the latter’s Scope of Work, to provide services in a manner consistent with local shelter-in-place orders as outlined in attached COVID Amendment, incorporated herein by reference as though fully set forth, for the After School Program at Manzanita Community Elementary School, for the period of August 1, 2019 through July 31, 2020, at a cost not to exceed $111,434.00 (no increased cost).  All other terms and conditions of the MOU remain in full force and effect.",Agreement or Contract,Chief Academic Officer,001474,v-001474,No Fiscal Impact,Revises East Bay Asian Youth Center after-school deal at Manzanita Community Elementary School; no added cost,"Changes the district's agreement (a memorandum of understanding) with East Bay Asian Youth Center to run the after-school program at Manzanita Community Elementary School, so services fit local COVID-19 shelter-in-place orders. This is Amendment No. 2. The agreement period (Aug. 1, 2019 to July 31, 2020) and the not-to-exceed amount of $111,434 stay the same, with no increased cost.",After-school & summer programs,amendment,East Bay Asian Youth Center,organization,Manzanita Community Elementary School,no_cost,,,,,,,true,2019-08-01,2020-07-31,,,,Adopted on the General Consent Report,2020-06-10,true,auto_ok,sonnet-agent,enrich.v3.md,true,
2020-06-10:20-0949,2020-06-10,2020-06-10,regular,P.-40,86,general,Chief Academic Officer,20-0949,https://ousd.legistar.com/gateway.aspx?M=L&ID=49537,"Amendment No. 2, Memorandum of Understanding - East Bay Asian Youth Center - After School Program - Manzanita SEED Elementary School","Approval by the Board of Education of Amendment No. 2, Memorandum of Understanding (MOU) between the District and East Bay Asian Youth Center, Oakland, CA, altering the latter Scope of Work, to provide services in a manner consistent with local shelter-in-place orders as outlined in attached COVID Amendment, incorporated herein by reference as though fully set forth, for the After School Program at Manzanita SEED Elementary School, for the period of August 1, 2019 through July 31, 2020, at a cost not to exceed $111,434.00 (no increased cost).  All other terms and conditions of the MOU remain in full force and effect.",Agreement or Contract,Chief Academic Officer,001474,v-001474,No Fiscal Impact,Revises East Bay Asian Youth Center after-school deal at Manzanita SEED Elementary School; no added cost,"Changes the district's agreement (a memorandum of understanding) with East Bay Asian Youth Center to run the after-school program at Manzanita SEED Elementary School, so services fit local COVID-19 shelter-in-place orders. This is Amendment No. 2. The agreement period (Aug. 1, 2019 to July 31, 2020) and the not-to-exceed amount of $111,434 stay the same, with no increased cost.",After-school & summer programs,amendment,East Bay Asian Youth Center,organization,Manzanita SEED Elementary School,no_cost,,,,,,,true,2019-08-01,2020-07-31,,,,Adopted on the General Consent Report,2020-06-10,true,auto_ok,sonnet-agent,enrich.v3.md,true,
2020-06-10:20-0950,2020-06-10,2020-06-10,regular,P.-41,87,general,Chief Academic Officer,20-0950,https://ousd.legistar.com/gateway.aspx?M=L&ID=49538,"Amendment No. 1, Memorandum of Understanding - East Bay Asian Youth Center - After School Program - Oakland High School","Approval by the Board of Education of Amendment No. 1, Memorandum of Understanding (MOU) between the District and East Bay Asian Youth Center, Oakland, CA, altering the latter’s Scope of Work, to provide services in a manner consistent with local shelter-in-place orders as outlined in attached COVID Amendment, incorporated herein by reference as though fully set forth, for the After School Program at Oakland High School, for the period of August 1, 2019 through July 31, 2020, at a cost not to exceed $178,126.00 (no increased cost).  All other terms and conditions of the MOU remain in full force and effect.",Agreement or Contract,Chief Academic Officer,001474,v-001474,No Fiscal Impact,Revises East Bay Asian Youth Center after-school deal at Oakland High School for COVID; no added cost,"Changes the district's agreement (a memorandum of understanding) with East Bay Asian Youth Center to run the after-school program at Oakland High School, so services fit local COVID-19 shelter-in-place orders. This is Amendment No. 1. The agreement period (Aug. 1, 2019 to July 31, 2020) and the not-to-exceed amount of $178,126 stay the same, with no increased cost.",After-school & summer programs,amendment,East Bay Asian Youth Center,organization,Oakland High School,no_cost,,,,,,,true,2019-08-01,2020-07-31,,,,Adopted on the General Consent Report,2020-06-10,true,auto_ok,sonnet-agent,enrich.v3.md,true,
2020-06-10:20-0951,2020-06-10,2020-06-10,regular,P.-42,88,general,Chief Academic Officer,20-0951,https://ousd.legistar.com/gateway.aspx?M=L&ID=49539,"Amendment No. 1, Memorandum of Understanding - East Bay Asian Youth Center - After School Program - MetWest High School","Approval by the Board of Education of Amendment No. 1, Memorandum of Understanding (MOU) between the District and East Bay Asian Youth Center, Oakland, CA, altering the latter’s Scope of Work, to provide services in a manner consistent with local shelter-in-place orders as outlined in attached COVID Amendment, incorporated herein by reference as though fully set forth, for the After School Program at MetWest High School, for the period of August 1, 2019 through July 31, 2020, at a cost not to exceed $184,837.00 (no increased cost).  All other terms and conditions of the MOU remain in full force and effect.",Agreement or Contract,Chief Academic Officer,001474,v-001474,No Fiscal Impact,Revises East Bay Asian Youth Center after-school deal at MetWest High School for COVID; no added cost,"Changes the district's agreement (a memorandum of understanding) with East Bay Asian Youth Center to run the after-school program at MetWest High School, so services fit local COVID-19 shelter-in-place orders. This is Amendment No. 1. The agreement period (Aug. 1, 2019 to July 31, 2020) and the not-to-exceed amount of $184,837 stay the same, with no increased cost.",After-school & summer programs,amendment,East Bay Asian Youth Center,organization,MetWest High School,no_cost,,,,,,,true,2019-08-01,2020-07-31,,,,Adopted on the General Consent Report,2020-06-10,true,auto_ok,sonnet-agent,enrich.v3.md,true,
2020-06-10:20-0952,2020-06-10,2020-06-10,regular,P.-43,89,general,Chief Academic Officer,20-0952,https://ousd.legistar.com/gateway.aspx?M=L&ID=49540,"Amendment No. 1, Memorandum of Understanding - East Bay Asian Youth Center - After School Program - Oakland International High School","Approval by the Board of Education of Amendment No. 1, Memorandum of Understanding (MOU) between the District and East Bay Asian Youth Center, Oakland, CA, altering the latter’s Scope of Work, to provide services in a manner consistent with local shelter-in-place orders as outlined in attached COVID Amendment, incorporated herein by reference as though fully set forth, for the After School Program at Oakland International High School, for the period of August 1, 2019 through July 31, 2020, at a cost not to exceed $172,537.00 (no increased cost).  All other terms and conditions of the MOU remain in full force and effect.",Agreement or Contract,Chief Academic Officer,001474,v-001474,No Fiscal Impact,Revises East Bay Asian Youth Center after-school deal at Oakland International High School; no added cost,"Changes the district's agreement (a memorandum of understanding) with East Bay Asian Youth Center to run the after-school program at Oakland International High School, so services fit local COVID-19 shelter-in-place orders. This is Amendment No. 1. The agreement period (Aug. 1, 2019 to July 31, 2020) and the not-to-exceed amount of $172,537 stay the same, with no increased cost.",After-school & summer programs,amendment,East Bay Asian Youth Center,organization,Oakland International High School,no_cost,,,,,,,true,2019-08-01,2020-07-31,,,,Adopted on the General Consent Report,2020-06-10,true,auto_ok,sonnet-agent,enrich.v3.md,true,
2020-06-10:20-0953,2020-06-10,2020-06-10,regular,P.-44,90,general,Chief Academic Officer,20-0953,https://ousd.legistar.com/gateway.aspx?M=L&ID=49541,"Amendment No. 3, Memorandum of Understanding - East Bay Asian Youth Center - After School Program - Roosevelt Middle School","Approval by the Board of Education of Amendment No. 3, Memorandum of Understanding (MOU) between the District and East Bay Asian Youth Center, Oakland, CA, altering with the latter’s Scope of Work, to provide services in a manner consistent with local shelter-in-place orders as outlined in attached COVID Amendment, incorporated herein by reference as though fully set forth, for the After School Program at Roosevelt Middle School, for the period of August 1, 2019 through July 31, 2020, at a cost not to exceed $394,019.00 (no increased cost).  All other terms and conditions of the MOU remain in full force and effect.",Agreement or Contract,Chief Academic Officer,001474,v-001474,No Fiscal Impact,Revises East Bay Asian Youth Center after-school deal at Roosevelt Middle School for COVID; no added cost,"Changes the district's agreement (a memorandum of understanding) with East Bay Asian Youth Center to run the after-school program at Roosevelt Middle School, so services fit local COVID-19 shelter-in-place orders. This is Amendment No. 3. The agreement period (Aug. 1, 2019 to July 31, 2020) and the not-to-exceed amount of $394,019 stay the same, with no increased cost.",After-school & summer programs,amendment,East Bay Asian Youth Center,organization,Roosevelt Middle School,no_cost,,,,,,,true,2019-08-01,2020-07-31,,,,Adopted on the General Consent Report,2020-06-10,true,auto_ok,sonnet-agent,enrich.v3.md,true,
2020-06-10:20-0954,2020-06-10,2020-06-10,regular,P.-45,91,general,Chief Academic Officer,20-0954,https://ousd.legistar.com/gateway.aspx?M=L&ID=49542,"Amendment No. 2, Memorandum of Understanding - East Bay Asian Youth Center - After School Program - Urban Promise Academy","Approval by the Board of Education of Amendment No. 2, Memorandum of Understanding (MOU) between the District and East Bay Asian Youth Center, Oakland, CA, altering the latter’s Scope of Work, to provide services in a manner consistent with local shelter-in-place orders as outlined in attached COVID Amendment, incorporated herein by reference as though fully set forth, for the After School Program at Urban Promise Academy, for the period of August 1, 2019 through July 31, 2020, at a cost not to exceed $137,983.00 (no increased cost).  All other terms and conditions of the MOU remain in full force and effect.",Agreement or Contract,Chief Academic Officer,001474,v-001474,No Fiscal Impact,Revises East Bay Asian Youth Center after-school deal at Urban Promise Academy for COVID; no added cost,"Changes the district's agreement (a memorandum of understanding) with East Bay Asian Youth Center to run the after-school program at Urban Promise Academy, so services fit local COVID-19 shelter-in-place orders. This is Amendment No. 2. The agreement period (Aug. 1, 2019 to July 31, 2020) and the not-to-exceed amount of $137,983 stay the same, with no increased cost.",After-school & summer programs,amendment,East Bay Asian Youth Center,organization,Urban Promise Academy,no_cost,,,,,,,true,2019-08-01,2020-07-31,,,,Adopted on the General Consent Report,2020-06-10,true,auto_ok,sonnet-agent,enrich.v3.md,true,
2020-06-10:20-0955,2020-06-10,2020-06-10,regular,P.-46,92,general,Chief Academic Officer,20-0955,https://ousd.legistar.com/gateway.aspx?M=L&ID=49543,"Amendment No. 2, Memorandum of Understanding - Citizen Schools - After School Program - Westlake Middle School","Approval by the Board of Education of Amendment No. 2, Memorandum of Understanding (MOU) between the District and Citizens Schools, Redwood City, CA, altering the latter’s Scope of Work, to provide services in a manner consistent with local shelter-in-place orders as outlined in attached COVID Amendment, incorporated herein by reference as though fully set forth, for the After School Program at Westlake Middle School, for the period of August 1, 2019 through July 31, 2020, at a cost not to exceed $134,463.00 (no increased cost).  All other terms and conditions of the MOU remain in full force and effect.",Agreement or Contract,Chief Academic Officer,001075,v-001075,No Fiscal Impact,"Adjusts Citizen Schools's after-school program at Westlake Middle School for COVID rules, no added cost","Changes the district's agreement (a memorandum of understanding) with Citizen Schools to run the after-school program at Westlake Middle School, so services fit local COVID-19 shelter-in-place orders. This is Amendment No. 2. The agreement period (Aug. 1, 2019 to July 31, 2020) and the not-to-exceed amount of $134,463 stay the same, with no increased cost.",After-school & summer programs,amendment,Citizen Schools,organization,Westlake Middle School,no_cost,,,,,,,true,2019-08-01,2020-07-31,,,,Adopted on the General Consent Report,2020-06-10,true,auto_ok,sonnet-agent,enrich.v3.md,true,
2020-06-10:20-0956,2020-06-10,2020-06-10,regular,P.-47,93,general,Chief Academic Officer,20-0956,https://ousd.legistar.com/gateway.aspx?M=L&ID=49544,"Amendment No. 1, Memorandum of Understanding - Citizen Schools - After School Program - Greenleaf Elementary School","Approval by the Board of Education of Amendment No. 1, Memorandum of Understanding (MOU) between the District and Citizens Schools, Redwood City, CA, altering the latter’s Scope of Work, to provide services in a manner consistent with local shelter-in-place orders as outlined in attached COVID Amendment, incorporated herein by reference as though fully set forth, for the After School Program at Greenleaf Elementary School,  for the period of August 1, 2019 through July 31, 2020, at a cost not to exceed $109,252.00 (no increased cost).  All other terms and conditions of the MOU remain in full force and effect.",Agreement or Contract,Chief Academic Officer,,v-001075,No Fiscal Impact,"Adjusts Citizen Schools's after-school program at Greenleaf Elementary School for COVID rules, no added cost","Changes the district's agreement (a memorandum of understanding) with Citizen Schools to run the after-school program at Greenleaf Elementary School, so services fit local COVID-19 shelter-in-place orders. This is Amendment No. 1. The agreement period (Aug. 1, 2019 to July 31, 2020) and the not-to-exceed amount of $109,252 stay the same, with no increased cost.",After-school & summer programs,amendment,Citizen Schools,organization,Greenleaf Elementary School,no_cost,,,,,,,true,2019-08-01,2020-07-31,,,,Adopted on the General Consent Report,2020-06-10,true,auto_ok,sonnet-agent,enrich.v3.md,true,
2020-06-10:20-0957,2020-06-10,2020-06-10,regular,P.-48,94,general,Chief Academic Officer,20-0957,https://ousd.legistar.com/gateway.aspx?M=L&ID=49545,"Amendment No. 1, Memorandum of Understanding - Safe Passages - After School Program - Coliseum College Preparatory Academy","Approval by the Board of Education of Amendment No. 1, Memorandum of Understanding (MOU) between the District and Safe Passages, Oakland, CA, altering the latter’s Scope of Work, to provide services in a manner consistent with local shelter-in-place orders as outlined in attached COVID Amendment, incorporated herein by reference as though fully set forth, for the After School Program at Coliseum College Preparatory Academy, for the period of August 1, 2019 through July 31, 2020, at a cost not to exceed $226,564.00 (no increased cost).  All other terms and conditions of the MOU remain in full force and effect.",Agreement or Contract,Chief Academic Officer,003729,v-003729,No Fiscal Impact,Revises Safe Passages after-school deal at Coliseum College Preparatory Academy for COVID; no added cost,"Changes the district's agreement (a memorandum of understanding) with Safe Passages to run the after-school program at Coliseum College Preparatory Academy, so services fit local COVID-19 shelter-in-place orders. This is Amendment No. 1. The agreement period (Aug. 1, 2019 to July 31, 2020) and the not-to-exceed amount of $226,564 stay the same, with no increased cost.",After-school & summer programs,amendment,Safe Passages,organization,Coliseum College Preparatory Academy,no_cost,,,,,,,true,2019-08-01,2020-07-31,,,,Adopted on the General Consent Report,2020-06-10,true,auto_ok,sonnet-agent,enrich.v3.md,true,
2020-06-10:20-0958,2020-06-10,2020-06-10,regular,P.-49,95,general,Chief Academic Officer,20-0958,https://ousd.legistar.com/gateway.aspx?M=L&ID=49546,"Amendment No. 2, Memorandum of Understanding - Higher Ground Neighborhood Development Corp. - After School Program - East Oakland Pride Elementary School","Approval by the Board of Education of Amendment No. 2, Memorandum of Understanding (MOU) between the District and Higher Ground Neighborhood Development Corporation, Oakland, CA, altering the latter’s Scope of Work, to provide services in a manner consistent with local shelter-in-place orders as outlined in attached COVID Amendment, incorporated herein by reference as though fully set forth, for the After School Program at East Oakland Pride Elementary School,  for the period of August 1, 2019 through July 31, 2020, at a cost not to exceed $111,382.00 (no increased cost).  All other terms and conditions of the MOU remain in full force and effect.",Agreement or Contract,Chief Academic Officer,002078,v-002078,No Fiscal Impact,Revises Higher Ground after-school deal at East Oakland Pride Elementary School for COVID; no added cost,"Changes the district's agreement (a memorandum of understanding) with Higher Ground Neighborhood Development Corporation to run the after-school program at East Oakland Pride Elementary School, so services fit local COVID-19 shelter-in-place orders. This is Amendment No. 2. The agreement period (Aug. 1, 2019 to July 31, 2020) and the not-to-exceed amount of $111,382 stay the same, with no increased cost.",After-school & summer programs,amendment,Higher Ground Neighborhood Development Corporation,organization,East Oakland Pride Elementary School,no_cost,,,,,,,true,2019-08-01,2020-07-31,,,,Adopted on the General Consent Report,2020-06-10,true,auto_ok,sonnet-agent,enrich.v3.md,true,
2020-06-10:20-0987,2020-06-10,2020-06-10,regular,P.-50,96,general,Chief Academic Officer,20-0987,https://ousd.legistar.com/gateway.aspx?M=L&ID=49575,"Amendment No. 2, Memorandum of Understanding - Higher Ground Neighborhood Development Corporation - After School Program - Parker Elementary School","Approval by the Board of Education of Amendment No. 2, Memorandum of Understanding (MOU) between the District and Higher Ground Neighborhood Development Corporation, Oakland, CA, altering the latter Scope of Work, to provide services in a manner consistent with local shelter-in-place orders as outlined in attached COVID Amendment, incorporated herein by reference as though fully set forth, for the After School Program at Parker Elementary School, for the period of August 1, 2019 through July 31, 2020, at a cost not to exceed $149,579.00 (no increased cost).  All other terms and conditions of the MOU remain in full force and effect.",Agreement or Contract,Chief Academic Officer,002078,v-002078,No Fiscal Impact,"Adjusts Higher Ground's after-school program at Parker Elementary School for COVID rules, no added cost","Changes the district's agreement (a memorandum of understanding) with Higher Ground Neighborhood Development Corporation to run the after-school program at Parker Elementary School, so services fit local COVID-19 shelter-in-place orders. This is Amendment No. 2. The agreement period (Aug. 1, 2019 to July 31, 2020) and the not-to-exceed amount of $149,579 stay the same, with no increased cost.",After-school & summer programs,amendment,Higher Ground Neighborhood Development Corporation,organization,Parker Elementary School,no_cost,,,,,,,true,2019-08-01,2020-07-31,,,,Adopted on the General Consent Report,2020-06-10,true,auto_ok,sonnet-agent,enrich.v3.md,true,
2020-06-10:20-0988,2020-06-10,2020-06-10,regular,P.-51,97,general,Chief Academic Officer,20-0988,https://ousd.legistar.com/gateway.aspx?M=L&ID=49576,"Amendment No. 1, Memorandum of Understanding - Youth Together - After School Program - Skyline High School","Approval by the Board of Education of Amendment No. 1, Memorandum of Understanding (MOU) between the District and Youth Together, Oakland, CA, altering the latter’s Scope of Work, to provide services in a manner consistent with local shelter-in-place orders as outlined in attached COVID Amendment, incorporated herein by reference as though fully set forth, for the After School Program at Skyline High School,  for the period of August 1, 2019 through July 31, 2020, at a cost not to exceed $219,964.00 (no increased cost).  All other terms and conditions of the MOU remain in full force and effect.",Agreement or Contract,Chief Academic Officer,004737,v-004737,No Fiscal Impact,"Adjusts Youth Together's after-school program at Skyline High School for COVID rules, no added cost","Changes the district's agreement (a memorandum of understanding) with Youth Together to run the after-school program at Skyline High School, so services fit local COVID-19 shelter-in-place orders. This is Amendment No. 1. The agreement period (Aug. 1, 2019 to July 31, 2020) and the not-to-exceed amount of $219,964 stay the same, with no increased cost.",After-school & summer programs,amendment,Youth Together,organization,Skyline High School,no_cost,,,,,,,true,2019-08-01,2020-07-31,,,,Adopted on the General Consent Report,2020-06-10,true,auto_ok,sonnet-agent,enrich.v3.md,true,
2020-06-10:20-0989,2020-06-10,2020-06-10,regular,P.-52,98,general,Chief Academic Officer,20-0989,https://ousd.legistar.com/gateway.aspx?M=L&ID=49577,"Amendment No. 2, Memorandum of Understanding - YMCA of the East Bay - After School Program - Piedmont Avenue Elementary School","Approval by the Board of Education of Amendment No. 2, Memorandum of Understanding (MOU) between the District and YMCA of the East Bay, Oakland, CA, altering the latter’s Scope of Work, to provide services in a manner consistent with local shelter-in-place orders as outlined in attached COVID Amendment, incorporated herein by reference as though fully set forth, for the After School Program at Piedmont Avenue Elementary School,  for the period of August 1, 2019 through July 31, 2020, at a cost not to exceed $108,882.00 (no increased cost).  All other terms and conditions of the MOU remain in full force and effect.",Agreement or Contract,Chief Academic Officer,004722,v-004722,No Fiscal Impact,Revises YMCA of the East Bay after-school deal at Piedmont Avenue Elementary School for COVID; no added cost,"Changes the district's agreement (a memorandum of understanding) with YMCA of the East Bay to run the after-school program at Piedmont Avenue Elementary School, so services fit local COVID-19 shelter-in-place orders. This is Amendment No. 2. The agreement period (Aug. 1, 2019 to July 31, 2020) and the not-to-exceed amount of $108,882 stay the same, with no increased cost.",After-school & summer programs,amendment,YMCA of the East Bay,organization,Piedmont Avenue Elementary School,no_cost,,,,,,,true,2019-08-01,2020-07-31,,,,Adopted on the General Consent Report,2020-06-10,true,auto_ok,sonnet-agent,enrich.v3.md,true,
2020-06-10:20-0992,2020-06-10,2020-06-10,regular,P.-53,99,general,Chief Academic Officer,20-0992,https://ousd.legistar.com/gateway.aspx?M=L&ID=49580,"Amendment No. 2, Memorandum of Understanding - YMCA of the East Bay - After School Program - Reach Academy","Approval by the Board of Education of Amendment No. 2, Memorandum of Understanding (MOU) between the District and YMCA of the East Bay, Oakland, CA, altering the latter’s Scope of Work, to provide services in a manner consistent with local shelter-in-place orders as outlined in attached COVID Amendment, incorporated herein by reference as though fully set forth, for the After School Program at Reach Academy,  for the period of August 1, 2019 through July 31, 2020, at a cost not to exceed $95,926.00 (no increased cost).  All other terms and conditions of the MOU remain in full force and effect.",Agreement or Contract,Chief Academic Officer,004722,v-004722,No Fiscal Impact,"Adjusts YMCA of the East Bay's after-school program at Reach Academy for COVID rules, no added cost","Changes the district's agreement (a memorandum of understanding) with YMCA of the East Bay to run the after-school program at Reach Academy, so services fit local COVID-19 shelter-in-place orders. This is Amendment No. 2. The agreement period (Aug. 1, 2019 to July 31, 2020) and the not-to-exceed amount of $95,926 stay the same, with no increased cost.",After-school & summer programs,amendment,YMCA of the East Bay,organization,Reach Academy,no_cost,,,,,,,true,2019-08-01,2020-07-31,,,,Adopted on the General Consent Report,2020-06-10,true,auto_ok,sonnet-agent,enrich.v3.md,true,
2020-06-10:20-0993,2020-06-10,2020-06-10,regular,P.-54,100,general,Chief Academic Officer,20-0993,https://ousd.legistar.com/gateway.aspx?M=L&ID=49581,"Amendment No. 1, Professional Services Contract - Luis A Lopez Lara - Community Schools and Student Services Department","Ratification by the Board of Education of Amendment No. 1, Professional Services Contract between the District and Luis A Lopez Lara, Oakland, CA, for the latter to virtually provide an additional 114 hours of
Alcohol, Tobacco & Other Drugs (ATOD) awareness sessions for students violating OUSD tobacco/drug free policies, cessation and strengths-based life skills and behavior coaching at Madison Park Academy 6-12 school site in coordination with the site's COST and administrative team and school site staff, for the period of October 09, 2019 through May 29, 2020, in the additional amount of $4,000.00, increasing the Contract not to exceed amount from $4,480.00 to $8,480.00 and COVID Amendment, via the Community Schools and Student Services Department.  All other terms and conditions of the Contract remain in full force and effect.",Agreement or Contract,Chief Academic Officer,002632,v-002632,Tupe - Prop 56,"Adds $4,000 for virtual tobacco and drug awareness coaching at Madison Park Academy","Adds 114 hours of online alcohol, tobacco and other drugs awareness sessions and life-skills coaching for Madison Park Academy 6-12 students who violate the district's tobacco and drug-free policies. The contract limit rises from $4,480 to $8,480, and the change also covers a COVID-19 amendment. The service period is Oct. 9, 2019 to May 29, 2020.","Student health, support & family services",amendment,Luis A Lopez Lara,individual,Madison Park Academy 6-12,expense,not_to_exceed,4000,,,4480,8480,true,2019-10-09,2020-05-29,after_work_began; raises_existing_contract; large_increase,,,Adopted on the General Consent Report,2020-06-10,true,auto_ok,sonnet-agent,enrich.v3.md,true,
2020-06-10:20-0994,2020-06-10,2020-06-10,regular,P.-55,101,general,Chief Academic Officer,20-0994,https://ousd.legistar.com/gateway.aspx?M=L&ID=49582,"Amendment No. 1, Professional Services Contract - Felicita Pedroza - Community Schools and Student Services Department","Ratification by the Board of Education of Amendment No. 1 of a Professional Services Contract between the District and Felicita Pedroza, Oakland, CA, for the latter to provide an additional 200 hours to support and lead LGBTQ youth at risk for substance abuse, in support for each other, and provide virtual drug awareness sessions for students violating District tobacco/drug free policies, cessation and strengths-based life skills and behavior coaching with students from Skyline and Castlemont High Schools in coordination with the site's COST and administrative team and school site staff, for the period of October 28, 2019 through May 29, 2020, in the additional amount of $8,400.00, increasing the Contract not to exceed amount from $12,000.00 $20,400.00 and COVID Amendment, via the Community Schools and Student Services Department. All other terms and conditions of the Agreement remain in full force and effect.",Agreement or Contract,Chief Academic Officer,006327,v-006327,Tupe - Prop 56; Healthy Oakland Teens,"Adds $8,400 for virtual drug awareness and LGBTQ youth support at Skyline and Castlemont","Adds 200 hours for a contractor to lead peer support for LGBTQ youth at risk for substance abuse and to run virtual drug awareness sessions and life-skills coaching for students at Skyline and Castlemont High Schools. The contract limit rises from $12,000 to $20,400, and the change also covers a COVID-19 amendment. The service period is Oct. 28, 2019 to May 29, 2020.","Student health, support & family services",amendment,Felicita Pedroza,individual,Skyline High School; Castlemont High School,expense,not_to_exceed,8400,,,12000,20400,true,2019-10-28,2020-05-29,after_work_began; raises_existing_contract; large_increase,,,Adopted on the General Consent Report,2020-06-10,true,auto_ok,sonnet-agent,enrich.v3.md,true,
2020-06-10:20-1003,2020-06-10,2020-06-10,regular,P.-56,102,general,Chief Academic Officer,20-1003,https://ousd.legistar.com/gateway.aspx?M=L&ID=49591,"Amendment No. 1, Memorandum of Understanding - Oakland Leaf Foundation - After School Program - EnCompass Academy","Approval by the Board of Education of Amendment No. 2, Memorandum of Understanding (MOU) between the District and Oakland Leaf Foundation, Oakland, CA, altering the latter’s Scope of Work, to provide services in a manner consistent with local shelter-in-place orders as outlined in attached COVID Amendment, incorporated herein by reference as though fully set forth, for the After School Program at Encompass Academy, for the period of August 1, 2019 through July 31, 2020, at a cost not to exceed $96,589.00 (no increased cost). All other terms and conditions of the MOU remain in full force and effect.",Agreement or Contract,Chief Academic Officer,003138,v-003138,No Fiscal Impact,"Adjusts Oakland Leaf Foundation's after-school program at EnCompass Academy for COVID rules, no added cost","Changes the district's agreement (a memorandum of understanding) with Oakland Leaf Foundation to run the after-school program at EnCompass Academy, so services fit local COVID-19 shelter-in-place orders. This is Amendment No. 2. The agreement period (Aug. 1, 2019 to July 31, 2020) and the not-to-exceed amount of $96,589 stay the same, with no increased cost.",After-school & summer programs,amendment,Oakland Leaf Foundation,organization,EnCompass Academy,no_cost,,,,,,,true,2019-08-01,2020-07-31,,,,Adopted on the General Consent Report,2020-06-10,true,auto_ok,sonnet-agent,enrich.v3.md,true,
2020-06-10:20-1004,2020-06-10,2020-06-10,regular,P.-57,103,general,Chief Academic Officer,20-1004,https://ousd.legistar.com/gateway.aspx?M=L&ID=49592,"Amendment No. 2, Memorandum of Understanding - Oakland Leaf Foundation - After School Program - International Community School","Approval by the Board of Education of Amendment No. 2, Memorandum of Understanding (MOU) between the District and Oakland Leaf Foundation, Oakland, CA, altering the latter’s Scope of Work, to provide services in a manner consistent with local shelter-in-place orders as outlined in attached COVID Amendment, incorporated herein by reference as though fully set forth, for the After School Program at International Community School, for the period of August 1, 2019 through July 31, 2020, at a cost not to exceed $105,404.00 (no increased cost). All other terms and conditions of the MOU remain in full force and effect.",Agreement or Contract,Chief Academic Officer,003138,v-003138,No Fiscal Impact,Revises Oakland Leaf Foundation after-school deal at International Community School for COVID; no added cost,"Changes the district's agreement (a memorandum of understanding) with Oakland Leaf Foundation to run the after-school program at International Community School, so services fit local COVID-19 shelter-in-place orders. This is Amendment No. 2. The agreement period (Aug. 1, 2019 to July 31, 2020) and the not-to-exceed amount of $105,404 stay the same, with no increased cost.",After-school & summer programs,amendment,Oakland Leaf Foundation,organization,International Community School,no_cost,,,,,,,true,2019-08-01,2020-07-31,,,,Adopted on the General Consent Report,2020-06-10,true,auto_ok,sonnet-agent,enrich.v3.md,true,
2020-06-10:20-1005,2020-06-10,2020-06-10,regular,P.-58,104,general,Chief Academic Officer,20-1005,https://ousd.legistar.com/gateway.aspx?M=L&ID=49593,"Amendment No. 2, Memorandum of Understanding - Oakland Leaf Foundation - After School Program - Think College Now Elementary School","Approval by the Board of Education of Amendment No. 2, Memorandum of Understanding (MOU) between the District and Oakland Leaf Foundation, Oakland, CA, altering the latter’s Scope of Work, to provide services in a manner consistent with local shelter-in-place orders as outlined in attached COVID Amendment, incorporated herein by reference as though fully set forth, for the After School Program at Think College Now Elementary School,  for the period of August 1, 2019 through July 31, 2020, at a cost not to exceed $105,404.00 (no increased cost).  All other terms and conditions of the MOU remain in full force and effect.",Agreement or Contract,Chief Academic Officer,003138,v-003138,No Fiscal Impact,Revises Oakland Leaf Foundation after-school deal at Think College Now Elementary School; no added cost,"Changes the district's agreement (a memorandum of understanding) with Oakland Leaf Foundation to run the after-school program at Think College Now Elementary School, so services fit local COVID-19 shelter-in-place orders. This is Amendment No. 2. The agreement period (Aug. 1, 2019 to July 31, 2020) and the not-to-exceed amount of $105,404 stay the same, with no increased cost.",After-school & summer programs,amendment,Oakland Leaf Foundation,organization,Think College Now Elementary School,no_cost,,,,,,,true,2019-08-01,2020-07-31,,,,Adopted on the General Consent Report,2020-06-10,true,auto_ok,sonnet-agent,enrich.v3.md,true,
2020-06-10:20-1006,2020-06-10,2020-06-10,regular,P.-59,105,general,Chief Academic Officer,20-1006,https://ousd.legistar.com/gateway.aspx?M=L&ID=49594,"Amendment No. 2, Memorandum of Understanding - Health Initiatives for Youth - After School Program - McClymonds High School","Approval by the Board of Education of Amendment No. 2, Memorandum of Understanding (MOU) between the District and Health Initiatives for Youth, San Francisco, CA, altering the latter’s Scope of Work, to provide services in a manner consistent with local shelter-in-place orders as outlined in attached COVID Amendment, incorporated herein by reference as though fully set forth, for the After School Program at McClymonds High School,  for the period of August 1, 2019 through July 31, 2020, at a cost not to exceed $148,169.00 (no increased cost).  All other terms and conditions of the MOU remain in full force and effect.",Agreement or Contract,Chief Academic Officer,,v-005868,No Fiscal Impact,Revises Health Initiatives for Youth after-school deal at McClymonds High School for COVID; no added cost,"Changes the district's agreement (a memorandum of understanding) with Health Initiatives for Youth to run the after-school program at McClymonds High School, so services fit local COVID-19 shelter-in-place orders. This is Amendment No. 2. The agreement period (Aug. 1, 2019 to July 31, 2020) and the not-to-exceed amount of $148,169 stay the same, with no increased cost.",After-school & summer programs,amendment,Health Initiatives for Youth,organization,McClymonds High School,no_cost,,,,,,,true,2019-08-01,2020-07-31,,,,Adopted on the General Consent Report,2020-06-10,true,auto_ok,sonnet-agent,enrich.v3.md,true,
2020-06-10:20-1038,2020-06-10,2020-06-10,regular,P.-60,106,general,Chief Academic Officer,20-1038,https://ousd.legistar.com/gateway.aspx?M=L&ID=49626,"Amendment No. 1, Professional Services Contract - John Shurtz - Castlemont High School","Ratification by the Board of Education of Amendment No. 1, Professional Services Contract between the District and John Shurtz, Oakland, CA, for the latter to meet and coordinate with art and drama department to plan and execute stage designs for the school’s drama production; execute designs and return stage components to art teachers for creative rendering; manage tools and materials in set design and development; coordinate with other staff as needed to facilitate stage installation, at Castlemont High School, for the period of August 14, 2019 through June 1, 2020, in the additional amount of $675.00, increasing the Contract not to exceed amount from $7,875.00 to $8,550.00 and COVID Amendment.  All other terms and conditions of the Contract remain in full force and effect.",Agreement or Contract,Chief Academic Officer,005415,v-005415,Measure N,Adds $675 for a stage design contractor for Castlemont High School's drama production,"Adds $675 to a contract for stage design work with the art and drama departments at Castlemont High School, including planning designs, building stage components and managing tools and materials. The contract limit rises from $7,875 to $8,550, and the change also covers a COVID-19 amendment. The service period is Aug. 14, 2019 to June 1, 2020.",Classroom & academic programs,amendment,John Shurtz,individual,Castlemont High School,expense,not_to_exceed,675,,,7875,8550,true,2019-08-14,2020-06-01,after_work_began; raises_existing_contract,,,Adopted on the General Consent Report,2020-06-10,true,auto_ok,sonnet-agent,enrich.v3.md,true,
2020-06-10:20-1050,2020-06-10,2020-06-10,regular,P.-61,107,general,Chief Academic Officer,20-1050,https://ousd.legistar.com/gateway.aspx?M=L&ID=49638,"Amendment No. 1, Professional Services Contract - Max Cadji - Castlemont High School","Ratification by the Board of Education of Amendment No. 1 of a Professional Services Contract between the District and Max Cadji, Oakland, CA, for the latter to provide 56 additional hours to manage farm by sowing beds, preparing soil to develop additional beds for Spring; prepare all material and supplies for seasonal planting for the next two months; harvest current crops and break down beds; support food distribution and additional coordination of  farm as  food production source to support community during COVID-19 response, for the period of August 8, 2019 through June 8, 2020, in the additional amount of $1,680.00, at Castlemont High School, increasing the Contract not to exceed amount from $20,000.00 to $21,680.00 and COVID Amendment.  All other terms and conditions of the Contract remain in full force and effect.",Agreement or Contract,Chief Academic Officer,005464,v-005464,Green California Partnership Academy Grant,"Adds $1,680 for 56 more hours of farm work at Castlemont High, raising the contract to $21,680","The board is ratifying (approving after the fact) a change to a contract with a farm contractor at Castlemont High School. It pays for 56 more hours of bed planting, harvesting and soil work, plus help turning the farm into a food source for the community during the COVID-19 response. The limit rises from $20,000 to $21,680 for August 8, 2019 through June 8, 2020.",Classroom & academic programs,amendment,Max Cadji,individual,Castlemont High School,expense,not_to_exceed,1680,,,20000,21680,true,2019-08-08,2020-06-08,after_work_began; raises_existing_contract,,,Adopted on the General Consent Report,2020-06-10,true,auto_ok,sonnet-agent,enrich.v3.md,true,
2020-06-10:20-1067,2020-06-10,2020-06-10,regular,P.-62,108,general,Chief Academic Officer,20-1067,https://ousd.legistar.com/gateway.aspx?M=L&ID=49655,Professional Services Contract - Safe Passages - Laurel Elementary School,"Approval by the Board of Education of a Professional Services Contract between the District and Safe Passages, Oakland, CA, for the latter to provide 360 hours of case management and other social work services for students at Laurel Elementary School, for the period of January 20, 2020 through May 22, 2020, in an amount not to exceed $10,000.00 and COVID Amendment.",Agreement or Contract,Chief Academic Officer,003729,v-003729,Donations,"Pays Safe Passages up to $10,000 for case management and social work at Laurel Elementary","Safe Passages will provide 360 hours of case management and other social work services for students at Laurel Elementary School. The contract covers January 20, 2020 through May 22, 2020, and it also includes a COVID amendment. The service period ended before the board vote.","Student health, support & family services",new_agreement,Safe Passages,organization,Laurel Elementary School,expense,not_to_exceed,10000,,,,,true,2020-01-20,2020-05-22,after_work_began,,,Adopted on the General Consent Report,2020-06-10,true,auto_ok,sonnet-agent,enrich.v3.md,true,
2020-06-10:20-1102,2020-06-10,2020-06-10,regular,P.-63,109,general,Chief Academic Officer,20-1102,https://ousd.legistar.com/gateway.aspx?M=L&ID=49690,Professional Services Contract - Asha Nidumolu - Life Academy,"Ratification by the Board of Education of a Professional Services Contract between the District and Asha Nidumolu, Santa Cruz, CA, for the latter to work closely with Life Academy teachers to establish pathways aligned curriculum for Humanities 9 to include units planned using the Common Core and Career Technical Education standards and the Understanding By Design framework; formative and summative assessments that support in illuminating student mastery of the standards for Life Academy, for the period of January 13, 2020 through March 6, 2020, in an amount not to exceed $1,500.00 and COVID Amendment.",Agreement or Contract,Chief Academic Officer,006593,v-006593,Measure N,"Ratifies up to $1,500 for a consultant to build Humanities 9 curriculum at Life Academy","A consultant worked with Life Academy teachers to build a Humanities 9 course with units based on the Common Core and Career Technical Education standards, plus tests of student mastery. The contract ran January 13, 2020 through March 6, 2020 and includes a COVID amendment. The board is ratifying (approving after the fact) the contract, which is paid from Measure N funds.",Classroom & academic programs,new_agreement,Asha Nidumolu,individual,Life Academy,expense,not_to_exceed,1500,,,,,true,2020-01-13,2020-03-06,after_work_began,,,Adopted on the General Consent Report,2020-06-10,true,auto_ok,sonnet-agent,enrich.v3.md,true,
2020-06-10:20-1103,2020-06-10,2020-06-10,regular,P.-64,110,general,Chief Academic Officer,20-1103,https://ousd.legistar.com/gateway.aspx?M=L&ID=49691,Professional Services Contract - Montana Miller - Life Academy,"Ratification by the Board of Education of a Professional Services Contract between the District and Montana Miller, Berkeley, CA, for the latter to establish pathways aligned curriculum for Geometry and Statistics including units plan using the Common Core and CTE Standards and the Understanding By Design framework and formative and summative assessments that support in illuminating student mastery of the standards that extend beyond the Illustrative Mathematics curriculum at Life Academy, for the period of February 18, 2020 through March 10, 2020, in an amount not to exceed $1,475.00 and COVID Amendment.",Agreement or Contract,Chief Academic Officer,006615,v-006615,Measure N,"Ratifies up to $1,475 for a consultant to build Geometry and Statistics curriculum at Life Academy","A consultant created Geometry and Statistics course units for Life Academy, based on the Common Core and Career Technical Education standards, plus tests of student mastery that go beyond the district's Illustrative Mathematics curriculum. The contract ran February 18, 2020 through March 10, 2020 and includes a COVID amendment. The board is ratifying (approving after the fact) the contract, which is paid from Measure N funds.",Classroom & academic programs,new_agreement,Montana Miller,individual,Life Academy,expense,not_to_exceed,1475,,,,,true,2020-02-18,2020-03-10,after_work_began,,,Adopted on the General Consent Report,2020-06-10,true,auto_ok,sonnet-agent,enrich.v3.md,true,
2020-06-10:20-1104,2020-06-10,2020-06-10,regular,P.-65,111,general,Chief Academic Officer,20-1104,https://ousd.legistar.com/gateway.aspx?M=L&ID=49692,Professional Services Contract - Hilary Yamtich - Life Academy,"Ratification by the Board of Education of a Professional Services Contract between the District and Hilary Yamtich, Alameda, CA, for the latter to establish pathways aligned curriculum for Algebra 1 and 2 including units planned using the Common Core and CTE standards and the Understanding By Design framework and also include formative and summative assessments that support in illuminating student mastery of the standards that extend beyond the Illustrative Mathematics curriculum at Life Academy, for the period of February 4, 2020 through March 6, 2020, in an amount not to exceed $2,000.00 and the COVID Amendment.",Agreement or Contract,Chief Academic Officer,006608,v-006608,Measure N,"Ratifies up to $2,000 for a consultant to build Algebra 1 and 2 curriculum at Life Academy","A consultant created Algebra 1 and 2 course units for Life Academy, based on the Common Core and Career Technical Education standards, plus tests of student mastery that go beyond the district's Illustrative Mathematics curriculum. The contract ran February 4, 2020 through March 6, 2020 and includes a COVID amendment. The board is ratifying (approving after the fact) the contract, which is paid from Measure N funds.",Classroom & academic programs,new_agreement,Hilary Yamtich,individual,Life Academy,expense,not_to_exceed,2000,,,,,true,2020-02-04,2020-03-06,after_work_began,,,Adopted on the General Consent Report,2020-06-10,true,auto_ok,sonnet-agent,enrich.v3.md,true,
2020-06-10:20-1105,2020-06-10,2020-06-10,regular,P.-66,112,general,Chief Academic Officer,20-1105,https://ousd.legistar.com/gateway.aspx?M=L&ID=49693,Grant Award - Walter and Elise Haas Fund - High School Linked Learning Office,"Acceptance by the Board of Education of a Grant Award from the Walter and Elise Haas Fund, San Francisco, CA, in the amount of $100,000.00, a project support grant to District to train and coach 100 career pathway teachers in trauma-informed care to provide integrated mental health supports to Oakland youth due to the impact of COVID-19, the the High School Linked Learning Office, for the period of May 1, 2020 through June 30, 2021, pursuant to the terms and conditions thereof, if any.",Agreement or Contract,Chief Academic Officer,,n-walter-and-elise-haas-fund,Walter and Elise Haas Fund,"Accepts a $100,000 Walter and Elise Haas Fund grant to train 100 career pathway teachers in trauma care","The Walter and Elise Haas Fund is giving the district $100,000 to train and coach 100 career pathway teachers in trauma-informed care. The goal is to provide mental health supports to Oakland youth affected by COVID-19. The grant runs through the High School Linked Learning Office from May 1, 2020 through June 30, 2021.","Student health, support & family services",grant_or_funding_in,Walter and Elise Haas Fund,organization,,revenue,fixed,100000,,,,,true,2020-05-01,2021-06-30,after_work_began; multi_year,,,Adopted on the General Consent Report,2020-06-10,true,auto_ok,sonnet-agent,enrich.v3.md,true,
2020-06-10:20-1106,2020-06-10,2020-06-10,regular,P.-67,113,general,Chief Academic Officer,20-1106,https://ousd.legistar.com/gateway.aspx?M=L&ID=49694,Professional Services Contract - Street Academy Foundation - Linked Learning Department,"Approval by the Board of Education of a Professional Services Contract between the District and Street Academy Foundation, Oakland, CA, for the latter to develop Career Technical Education curriculum for distance learning, via Linked Learning Department, for the period of June 1, 2020 through June 30, 2020, in an amount not to exceed $2,000.00 and COVID Amendment.",Agreement or Contract,Chief Academic Officer,004105,v-004105,Voc & Applied Secondary&adult,"Pays Street Academy Foundation up to $2,000 to develop career education curriculum for distance learning","Street Academy Foundation will develop Career Technical Education curriculum for distance learning for the Linked Learning Department. The contract covers June 1, 2020 through June 30, 2020 and includes a COVID amendment.",Classroom & academic programs,new_agreement,Street Academy Foundation,organization,,expense,not_to_exceed,2000,,,,,true,2020-06-01,2020-06-30,after_work_began,,,Adopted on the General Consent Report,2020-06-10,true,auto_ok,sonnet-agent,enrich.v3.md,true,
2020-06-10:20-1107,2020-06-10,2020-06-10,regular,P.-68,114,general,Chief Academic Officer,20-1107,https://ousd.legistar.com/gateway.aspx?M=L&ID=49695,Grant Agreement - Project Lead the Way - Oakland High School - High School Linked Learning Office,"Approval by the Board of Education of a Grant Agreement between District and Project Lead the Way, Inc., Indianapolis, IN, accepting Grant Award from latter in the amount of $10,000.00, to support and offset the costs associated with the Project Lead The Way Engineering Program at Oakland High School, for the period of February 13, 2020 through May 31, 2021, pursuant to the terms and conditions thereof, if any.",Agreement or Contract,Chief Academic Officer,,n-project-lead-way,California Department of Education,"Accepts a $10,000 Project Lead the Way grant for the engineering program at Oakland High","Project Lead the Way, Inc. is giving the district $10,000 to support and offset the costs of its Project Lead the Way Engineering Program at Oakland High School. The grant period is February 13, 2020 through May 31, 2021.",Classroom & academic programs,grant_or_funding_in,"Project Lead the Way, Inc.",organization,Oakland High School,revenue,fixed,10000,,,,,true,2020-02-13,2021-05-31,after_work_began; multi_year,,,Adopted on the General Consent Report,2020-06-10,true,auto_ok,sonnet-agent,enrich.v3.md,true,
2020-06-10:20-1117,2020-06-10,2020-06-10,regular,P.-69,115,general,Chief Academic Officer,20-1117,https://ousd.legistar.com/gateway.aspx?M=L&ID=49705,"Grant Agreement - Project Lead The Way, Inc. - Madison Park Academy (6-12) - High School Linked Learning Office","Approval by the Board of Education of a Grant Agreement between District and Project Lead the Way, Inc., Indianapolis, IN, accepting Grant Award from latter in the amount of $20,000.00, to support and offset the costs associated with the Project Lead the Way Gateway Program at Madison Park Academy (6-12), for the period of February 13, 2020 through May 31, 2022, pursuant to the terms and conditions thereof, if any.",Agreement or Contract,Chief Academic Officer,,n-project-lead-way,Project Lead The Way Grant,"Accepts a $20,000 Project Lead the Way grant for the Gateway program at Madison Park Academy","Project Lead the Way, Inc. is giving the district $20,000 to support and offset the costs of its Project Lead the Way Gateway Program at Madison Park Academy (6-12). The grant period is February 13, 2020 through May 31, 2022.",Classroom & academic programs,grant_or_funding_in,"Project Lead the Way, Inc.",organization,Madison Park Academy (6-12),revenue,fixed,20000,,,,,true,2020-02-13,2022-05-31,after_work_began; multi_year,,,Adopted on the General Consent Report,2020-06-10,true,auto_ok,sonnet-agent,enrich.v3.md,true,
2020-06-10:20-1051,2020-06-10,2020-06-10,regular,P.-70,116,general,Chief Academic Officer,20-1051,https://ousd.legistar.com/gateway.aspx?M=L&ID=49639,Letter Agreement - District and Refugee Transitions - English Language Learner and Multilingual Achievement Office,"Approval by the Board of Education of a Letter Agreement between Refugee Transitions (RT) and Oakland Unified School District’s Refugee and Newcomer Program (RNP) to work together for the Newcomer Community Engagement Program (NCEP). If awarded, RNP will receive $21,600.00 of Oakland Fund for Children and Youth (OFCY) funds, as described in Agreement, for the term of July 2019 through June 2020.",Application,Chief Academic Officer,,v-003563,Oakland Fund for Children and Youth (via Refugee Transitions),"Partners with Refugee Transitions on a newcomer program; district could receive $21,600 in city youth funds","This letter agreement sets up a partnership between Refugee Transitions and the district's Refugee and Newcomer Program for the Newcomer Community Engagement Program. If the application is awarded, the district's program would receive $21,600 of Oakland Fund for Children and Youth (OFCY) money. The term is July 2019 through June 2020.","Student health, support & family services",grant_or_funding_in,Refugee Transitions,organization,,revenue,fixed,21600,,,,,true,2019-07-01,2020-06-30,after_work_began,,,Adopted on the General Consent Report,2020-06-10,true,auto_ok,sonnet-agent,enrich.v3.md,true,
2020-06-10:20-1039,2020-06-10,2020-06-10,regular,P.-71,118,general,Superintendent of Schools,20-1039,https://ousd.legistar.com/gateway.aspx?M=L&ID=49627,Proposition 39 Facility Use Agreement - Unity Middle School - (Rudsdale Campus) - 2020-2021 School Year,"Approval by the Board of Education of the Proposition 39 Facilities Use Agreement between the District and Unity Middle School, a Charter School, for use of classrooms at former Rudsdale Campus, 1180 70th Ave., Oakland, CA 94621, for the period June 29, 2020 through June 30, 2021, with anticipated revenue to the District of $56,281.42.",Agreement or Contract,Superintendent,,n-unity-middle-school,,"Leases classrooms at the former Rudsdale campus to Unity Middle School charter, bringing in $56,281","Under a Proposition 39 facilities use agreement, the district will let Unity Middle School, a charter school, use classrooms at the former Rudsdale Campus on 70th Ave. The district expects to receive $56,281.42 in revenue. The period is June 29, 2020 through June 30, 2021.",Governance & board business,new_agreement,Unity Middle School,organization,Unity Middle School; Rudsdale Campus,revenue,fixed,56281.42,,,,,true,2020-06-29,2021-06-30,,,,Adopted on the General Consent Report,2020-06-10,true,auto_ok,sonnet-agent,enrich.v3.md,true,
2020-06-10:20-1040,2020-06-10,2020-06-10,regular,P.-72,119,general,Superintendent of Schools,20-1040,https://ousd.legistar.com/gateway.aspx?M=L&ID=49628,"Charter School Facilities Program Memorandum of Understanding – Aspire Berkeley Maynard Academy, District, State of California - State Allocation Board and California School Finance Authority","Approval by the Board of Education of Charter School Facilities Program Memorandum of Understanding between Aspire Public Schools on behalf of Aspire Berkley Maynard Academy, District, and the State of California on behalf of the State Allocation Board and California School Finance Authority, for Proposition 51 School Construction Grant, for the former, pursuant to terms and conditions thereof, with no direct cost to the District.",Agreement or Contract,Superintendent,,n-aspire-public-schools,,Signs a no-cost state construction grant agreement for Aspire Berkley Maynard Academy,"This memorandum of understanding (MOU) links Aspire Public Schools, the district and two state agencies for a Proposition 51 school construction grant that goes to Aspire's school. The district pays nothing directly.",Partnerships & data sharing,mou_or_data_sharing,Aspire Public Schools,organization,Aspire Berkley Maynard Academy,no_cost,,,,,,,true,,,,,,Adopted on the General Consent Report,2020-06-10,true,auto_ok,sonnet-agent,enrich.v3.md,true,
2020-06-10:20-1158,2020-06-10,2020-06-10,regular,P.-73,121,general,Board of Education,20-1158,https://ousd.legistar.com/gateway.aspx?M=L&ID=49746,"Minutes - Board of Education - Regular (Virtual) Meeting - May 13, 2020","Ratification by the Board of Education of its Regular (Virtual) Meeting Minutes of May 13, 2020, prepared by Staff shortly after said Meeting.","Minutes, Board of Education",Board of Education,,,,"Approves the minutes of the board's May 13, 2020 virtual regular meeting","The board is ratifying the minutes of its Regular (Virtual) Meeting held May 13, 2020, which staff prepared shortly after the meeting. There is no cost.",Governance & board business,other,,,,no_cost,,,,,,,true,,,after_work_began,,,Adopted on the General Consent Report,2020-06-10,true,auto_ok,sonnet-agent,enrich.v3.md,true,
2020-06-10:20-1017,2020-06-10,2020-06-10,regular,P1.-1,123,bonds,,20-1017,https://ousd.legistar.com/gateway.aspx?M=L&ID=49605,"Amendment No. 3, Independent Consultant Agreement for Inspector of Record (“IOR”) Inspection Services for the Fruitvale Elementary School Fire and Intrusion Alarm Replacement Project – Anthonio, Inc.","Approval by the Board of Education of Amendment No. 3, Independent Consultant Agreement for Inspector of Record (IOR) services between the District and Anthonio, Inc., Oakland CA, for the latter to provide additional inspection, testing and inspector of record services at an additional cost not to exceed $10,000.00, increasing the not to exceed amount of the Agreement from $50,160.00 to $60,160.00; extending time of the Agreement from July 7, 2018 through April 30, 2020 to August 1, 2020, authorize the President and Secretary of the Board to sign said Amendment, for the Fruitvale Elementary School Fire and Intrusion Alarm Replacement Project. All other terms and conditions of the Agreement remain in full force and effect.",Agreement or Contract,"Deputy Chief, Facilities Planning and Management",,v-000453,Fund 21 - Measure B,"Adds $10,000 and extends Anthonio's inspection work on Fruitvale Elementary alarm project to Aug. 2020","This is the third amendment to a contract with Anthonio, Inc. for an Inspector of Record, who inspects and tests work on the Fruitvale Elementary School Fire and Intrusion Alarm Replacement Project. It adds $10,000, raising the limit from $50,160 to $60,160, and extends the end date from April 30, 2020 to August 1, 2020. The work is paid from Measure B bond funds.",School buildings & construction,amendment,"Anthonio, Inc.",organization,Fruitvale Elementary School,expense,not_to_exceed,10000,,,50160,60160,true,2018-07-07,2020-08-01,after_work_began; raises_existing_contract; multi_year,,,Adopted on the General Consent Report,2020-06-10,true,auto_ok,sonnet-agent,enrich.v3.md,true,
2020-06-10:20-1026,2020-06-10,2020-06-10,regular,P1.-2,124,bonds,,20-1026,https://ousd.legistar.com/gateway.aspx?M=L&ID=49614,General Services Agreement - Madison Park Academy Expansion Project - Urban Design Consulting Engineers - Division of Facilities Planning and Management,"Approval by the Board of Education of General Services Agreement between District and Urban Design Consulting Engineers, Oakland, CA, for the latter to provide Strom Water Pollution Prevention Plan (SWPPP) support Services, as described in the Scope of Work (Exhibit “A”), incorporated herein by reference as though fully set forth, for the Madison Park Academy Expansion Project, in the amount of $12,880.00, which includes a contingency fee of $1,680.00, as the selected consultant, with work scheduled to commence on June 4, 2020, and scheduled to last through December 31, 2020, and authorizing the President and Secretary of the Board to sign the Agreement for same with said consultant.",Agreement or Contract,"Deputy Chief, Facilities Planning and Management",004455,v-004455,Fund 21 - Measure J,"Hires Urban Design Consulting Engineers for $12,880 in stormwater pollution planning at Madison Park Academy","Urban Design Consulting Engineers will provide support for the Storm Water Pollution Prevention Plan (SWPPP) for the Madison Park Academy Expansion Project. The $12,880 includes a $1,680 contingency fee. Work is scheduled from June 4, 2020 through December 31, 2020, and is paid from Measure J bond funds.",School buildings & construction,new_agreement,Urban Design Consulting Engineers,organization,Madison Park Academy,expense,fixed,12880,,,,,true,2020-06-04,2020-12-31,after_work_began,,,Adopted on the General Consent Report,2020-06-10,true,auto_ok,sonnet-agent,enrich.v3.md,true,
2020-06-10:20-1029,2020-06-10,2020-06-10,regular,P1.-3,125,bonds,,20-1029,https://ousd.legistar.com/gateway.aspx?M=L&ID=49617,General Services Agreement – Jensen Hughes – Claremont Middle School New Multipurpose Building Project - Division of Facilities Planning and Management,"Approval by the Board of Education of General Services Agreement between the District and Jensen Hughes (“Consultant”), for the latter to review construction Documents, including fire and intrusion alarm construction drawings, datasheets and specifications, for compliance with the applicable California Building and Fire Codes, Division of the State Architect (DSA) Guidelines, NFPA 72 - National Fire Alarm and Signaling Code requirements, and District Fire and Intrusion Alarm Standards and related services, as described in Exhibit “A” of Agreement, incorporated herein by reference as though fully set forth, in an amount not to exceed $28,000.00, which includes a not-to-exceed contingency of $6,200, with work scheduled to commence on June 11, 2020, and scheduled to last through December 31, 2023, and authorizing the President and Secretary of the Board to sign the Agreement for same with said Consultant.",Agreement or Contract,"Deputy Chief, Facilities Planning and Management",002281,v-002281,Fund 21 - Measure B,"Hires Jensen Hughes for up to $28,000 to check fire alarm plans for the Claremont Middle School building","Jensen Hughes will review construction drawings and specifications for the fire and intrusion alarm system in the new multipurpose building at Claremont Middle School. The review checks them against California building and fire codes, Division of the State Architect (DSA) guidelines and district standards. The limit of $28,000 includes a $6,200 contingency, and work runs June 11, 2020 through December 31, 2023.",School buildings & construction,new_agreement,Jensen Hughes,organization,Claremont Middle School,expense,not_to_exceed,28000,,,,,true,2020-06-11,2023-12-31,multi_year,,,Adopted on the General Consent Report,2020-06-10,true,auto_ok,sonnet-agent,enrich.v3.md,true,
2020-06-10:20-1061,2020-06-10,2020-06-10,regular,P1.-4,126,bonds,,20-1061,https://ousd.legistar.com/gateway.aspx?M=L&ID=49649,"General Services Agreement - KW Engineering, Inc. - Madison Park Academy Expansion Project - Division of Facilities Planning and Management","Approval by the Board of Education of a General Services Agreement between the District and KW Engineering, Inc., Oakland, CA, for the latter to provide review and deployment of design documents for commissioning work that ensures all systems and controls operate and communicate properly to save operational costs, including more specifically, those services stated in attached Exhibit “A” of the Agreement, incorporated herein by reference as though fully set forth, for the Madison Park Academy Expansion Project, in the amount of $39,224.40, which includes a contingency fee of $1,324.40, as the selected consultant, and authorizing the President and Secretary of the Board to sign the Agreement for same with said consultant with work scheduled to commence on October 1, 2020, and scheduled to last through December 31, 2020, pursuant to the Agreement.",Agreement or Contract,"Deputy Chief, Facilities Planning and Management",002457,v-002451,Fund 21 - Measure B,"Hires KW Engineering for $39,224 to review building systems design at Madison Park Academy","KW Engineering will review and deploy design documents for commissioning work, which makes sure building systems and controls operate and communicate properly to save operating costs. It is for the Madison Park Academy Expansion Project. The $39,224.40 includes a $1,324.40 contingency, and work is scheduled October 1, 2020 through December 31, 2020.",School buildings & construction,new_agreement,"KW Engineering, Inc.",organization,Madison Park Academy,expense,fixed,39224.4,,,,,true,2020-10-01,2020-12-31,,,,Adopted on the General Consent Report,2020-06-10,true,auto_ok,sonnet-agent,enrich.v3.md,true,
2020-06-10:20-1075,2020-06-10,2020-06-10,regular,P1.-5,127,bonds,,20-1075,https://ousd.legistar.com/gateway.aspx?M=L&ID=49663,"Amendment No. 1, Independent Consultant Agreement for Professional Services – Colland Jang Architecture – Facilities Planning & Management Projects - Division of Facilities Planning and Management","Approval by the Board of Education of Amendment No.1, Independent Consultant Agreement for Professional Services between the District and Colland Jang Architecture, Oakland, CA, for the latter to provide continued project management services in connection to on-going projects, drafting RFQ/Ps documents, evaluating proposals, making selection recommendation; adding one cost estimator and one project manager, for Facilities Planning & Management Projects, in an additional amount of $573,781.00, increasing Agreement not to exceed amount from $576,103.00 to $1,149,884.00, extending the term of the Agreement from July 1, 2019 through June 30, 2020 to June 30, 2021, and authorizing the President and Secretary of the Board to sign the Amendment for same with said Consultant. All other terms and conditions of the Agreement remain in full force and effect.",Agreement or Contract,"Deputy Chief, Facilities Planning and Management",004780,v-004780,Fund 21 - Measure J,"Adds $573,781 to keep Colland Jang Architecture's project management support through June 2021","This first amendment keeps Colland Jang Architecture providing project management for ongoing facilities projects, such as drafting requests for proposals and evaluating bids. It adds a cost estimator and a project manager. It adds $573,781, raising the limit from $576,103 to $1,149,884, and extends the end date from June 30, 2020 to June 30, 2021.",School buildings & construction,amendment,Colland Jang Architecture,organization,,expense,not_to_exceed,573781,,,576103,1149884,true,2019-07-01,2021-06-30,raises_existing_contract; large_increase; multi_year,,,Adopted on the General Consent Report,2020-06-10,true,auto_ok,sonnet-agent,enrich.v3.md,true,
2020-06-10:20-1079,2020-06-10,2020-06-10,regular,P1.-6,128,bonds,,20-1079,https://ousd.legistar.com/gateway.aspx?M=L&ID=49667,"Amendment No. 1, Independent Consultant Agreement for Professional Services – Cordoba Corporation, Inc. - Division of Facilities Planning and Management","Approval by the Board of Education of Amendment No.1, Independent Consultant  Agreement for Professional Services between the District and Cordoba Corporation, San Francisco, CA, for the latter to provide continued Construction Management Services … for Facilities Planning & Management Projects, in an additional amount of $2,009,435.00, increasing Agreement not to exceed amount from $4,118,572.00 to $6,128,007.00, extending time of Agreement from July 1, 2018 through June 30, 2020 to June 30, 2021, and authorizing the President and Secretary of the Board to sign the Amendment for same with said Consultant.  All other terms and conditions of the Agreement remain in full force and effect.",Agreement or Contract,"Deputy Chief, Facilities Planning and Management",001201,v-001201,Fund 21 - Measure J,Adds $2.01M to keep Cordoba Corporation's construction management through June 2021,"This first amendment keeps Cordoba Corporation providing construction management services for district facilities projects. It adds $2,009,435, raising the limit from $4,118,572 to $6,128,007, and extends the end date from June 30, 2020 to June 30, 2021. The work is paid from Measure J bond funds.",School buildings & construction,amendment,Cordoba Corporation,organization,,expense,not_to_exceed,2009435,,,4118572,6128007,true,2018-07-01,2021-06-30,raises_existing_contract; multi_year,,,Adopted on the General Consent Report,2020-06-10,true,auto_ok,sonnet-agent,enrich.v3.md,true,
2020-06-10:20-1108,2020-06-10,2020-06-10,regular,P1.-7,129,bonds,,20-1108,https://ousd.legistar.com/gateway.aspx?M=L&ID=49696,"Amendment No. 1, Independent Consultant Agreement for Professional Services - Cumming Management Group, Inc. – Facilities Planning & Management Project - Division of Facilities Planning and Management","Approval by the Board of Education of Amendment No.1, Independent Consultant Agreement for Professional Services between the District and Cumming Management Group, Inc., Sunnyvale, CA, for the latter to provide continued Construction Management Services for Measure J Bond Program for the District, in an additional amount of $1,090,600.00, increasing Agreement not to exceed amount from $2,024,705.00 to $3,115,305.00, extending term from August 23, 2019 through June 30, 2020 to June 30, 2021, and authorizing the President and Secretary of the Board to sign the Amendment for same with said Consultant. All other terms and conditions of the Agreement remain in full force and effect.",Agreement or Contract,"Deputy Chief, Facilities Planning and Management",001259,v-001259,Fund 21 - Measure J,Adds $1.09M to keep Cumming Management Group's Measure J construction management through June 2021,"This first amendment keeps Cumming Management Group providing construction management for the district's Measure J bond program. It adds $1,090,600, raising the limit from $2,024,705 to $3,115,305, and extends the end date from June 30, 2020 to June 30, 2021.",School buildings & construction,amendment,"Cumming Management Group, Inc.",organization,,expense,not_to_exceed,1090600,,,2024705,3115305,true,2019-08-23,2021-06-30,raises_existing_contract; large_increase; multi_year,,,Adopted on the General Consent Report,2020-06-10,true,auto_ok,sonnet-agent,enrich.v3.md,true,
2020-06-10:20-1109,2020-06-10,2020-06-10,regular,P1.-8,130,bonds,,20-1109,https://ousd.legistar.com/gateway.aspx?M=L&ID=49697,"Amendment No. 1, Independent Consultant Agreement for Professional Services - School Facility Consultants - Facilities Planning & Management Project - Division of Facilities Planning and Management","Approval by the Board of Education of Amendment No.1, Independent Consultant Agreement for Professional Services between the District and School Facility Consultants, Sacramento, CA, for the latter to continue to provide and assist the District with on an ongoing basis to determine and acquire State funding eligibility for new school construction, the modernization of existing school facilities and joint-use projects under the School Facility Program, assist the District with the preparation and submittal of California Department of Education and State Allocation Board applications, and related services, as described in proposal dated April 27, 2020, attached hereto as “Exhibit “A”, incorporated herein by reference as though fully set forth, in an additional amount of $190,000.00, increasing Agreement not to exceed amount from $190,000.00 to $380,000.00, extending the term of the Agreement from July 1, 2019 through June 30, 2020 to June 30, 2021, and  authorizing the President and Secretary of the Board to sign the Amendment for same with said Consultant. All other terms and conditions of the Agreement remain in full force and effect.",Agreement or Contract,"Deputy Chief, Facilities Planning and Management",003812,v-003812,Fund 21 - Measure J,"Adds $190,000 to keep School Facility Consultants helping win state construction funding through June 2021","This first amendment keeps School Facility Consultants helping the district find and apply for state funding for new school construction, modernization and joint-use projects. It adds $190,000, raising the limit from $190,000 to $380,000, and extends the end date from June 30, 2020 to June 30, 2021.",School buildings & construction,amendment,School Facility Consultants,organization,,expense,not_to_exceed,190000,,,190000,380000,true,2019-07-01,2021-06-30,raises_existing_contract; large_increase; multi_year,,,Adopted on the General Consent Report,2020-06-10,true,auto_ok,sonnet-agent,enrich.v3.md,true,
2020-06-10:20-0933,2020-06-10,2020-06-10,regular,P2.-1,132,general,,20-0933,https://ousd.legistar.com/gateway.aspx?M=L&ID=49521,"Amendment No. 2, Memorandum of Understanding - Girls Inc. of Alameda County - After School Program - Acorn Woodland Elementary School","Approval by the Board of Education of Amendment No. 2, Memorandum of Understanding (MOU) between the District and Girls Inc. of Alameda County, Oakland, CA, altering with the latter the Scope of Work, to provide services in a manner consistent with local shelter-in-place orders as outlined in attached COVID Amendment, incorporated herein by reference as though fully set forth, for the After School Program at Acorn Woodland Elementary School, for the period of August 1, 2019 through July 31, 2020, at a cost not to exceed $105,379.00 (no increased cost).  All other terms and conditions of the MOU remain in full force and effect.",Agreement or Contract,Chief Academic Officer,001841,v-001841,No Fiscal Impact,"Changes Girls Inc.'s after-school services at Acorn Woodland Elementary for shelter-in-place, at no added cost","This second amendment to a memorandum of understanding (MOU) with Girls Inc. of Alameda County changes the scope of work so after-school services fit local shelter-in-place orders. The cost stays at no more than $105,379, with no increase. The period is August 1, 2019 through July 31, 2020.",After-school & summer programs,amendment,Girls Inc. of Alameda County,organization,Acorn Woodland Elementary School,no_cost,,,,,,,true,2019-08-01,2020-07-31,,,,Adopted on the General Consent Report,2020-06-10,true,auto_ok,sonnet-agent,enrich.v3.md,true,
2020-06-10:20-0934,2020-06-10,2020-06-10,regular,P2.-2,133,general,,20-0934,https://ousd.legistar.com/gateway.aspx?M=L&ID=49522,"Amendment No. 2, Memorandum of Understanding - Girls Inc. of Alameda County - After School Program - Allendale Elementary School","Approval by the Board of Education of Amendment No. 2, Memorandum of Understanding (MOU) between the District and Girls Inc. of Alameda County, Oakland, CA, altering with the latter the Scope of Work, to provide services in a manner consistent with local shelter-in-place orders as outlined in attached COVID Amendment, incorporated herein by reference as though fully set forth, for the After School Program at Allendale Elementary School, for the period of August 1, 2019 through July 31, 2020, at a cost not to exceed $110,336.00 (no increased cost).  All other terms and conditions of the MOU remain in full force and effect.",Agreement or Contract,Chief Academic Officer,001841,v-001841,No Fiscal Impact,"Changes Girls Inc.'s after-school services at Allendale Elementary for shelter-in-place, at no added cost","This second amendment to a memorandum of understanding (MOU) with Girls Inc. of Alameda County changes the scope of work so after-school services fit local shelter-in-place orders. The cost stays at no more than $110,336, with no increase. The period is August 1, 2019 through July 31, 2020.",After-school & summer programs,amendment,Girls Inc. of Alameda County,organization,Allendale Elementary School,no_cost,,,,,,,true,2019-08-01,2020-07-31,,,,Adopted on the General Consent Report,2020-06-10,true,auto_ok,sonnet-agent,enrich.v3.md,true,
2020-06-10:20-0935,2020-06-10,2020-06-10,regular,P2.-3,134,general,,20-0935,https://ousd.legistar.com/gateway.aspx?M=L&ID=49523,"Amendment No. 2, Memorandum of Understanding - Girls Inc. of Alameda County - After School Program - Bridges Academy","Approval by the Board of Education of Amendment No. 2, Memorandum of Understanding (MOU) between the District and Girls Inc. of Alameda County, Oakland, CA, altering with the latter the Scope of Work, to provide services in a manner consistent with local shelter-in-place orders as outlined in attached COVID Amendment, incorporated herein by reference as though fully set forth, for the After School Program at Bridges Academy, for the period of August 1, 2019 through July 31, 2020, at a cost not to exceed $99,478.00 (no increased cost).  All other terms and conditions of the MOU remain in full force and effect.",Agreement or Contract,Chief Academic Officer,001841,v-001841,No Fiscal Impact,"Changes Girls Inc.'s after-school services at Bridges Academy for shelter-in-place, at no added cost","This second amendment to a memorandum of understanding (MOU) with Girls Inc. of Alameda County changes the scope of work so after-school services fit local shelter-in-place orders. The cost stays at no more than $99,478, with no increase. The period is August 1, 2019 through July 31, 2020.",After-school & summer programs,amendment,Girls Inc. of Alameda County,organization,Bridges Academy,no_cost,,,,,,,true,2019-08-01,2020-07-31,,,,Adopted on the General Consent Report,2020-06-10,true,auto_ok,sonnet-agent,enrich.v3.md,true,
2020-06-10:20-0936,2020-06-10,2020-06-10,regular,P2.-4,135,general,,20-0936,https://ousd.legistar.com/gateway.aspx?M=L&ID=49524,"Amendment No. 2, Memorandum of Understanding - Girls Inc. of Alameda County - After School Program - Horace Mann Elementary School","Approval by the Board of Education of Amendment No. 2, Memorandum of Understanding (MOU) between the District and Girls Inc. of Alameda County, Oakland, CA, altering with the latter the Scope of Work, to provide services in a manner consistent with local shelter-in-place orders as outlined in attached COVID Amendment, incorporated herein by reference as though fully set forth, for the After School Program at Horace Mann Elementary School, for the period of August 1, 2019 through July 31, 2020, at a cost not to exceed $111,434.00 (no increased cost).  All other terms and conditions of the MOU remain in full force and effect.",Agreement or Contract,Chief Academic Officer,001841,v-001841,No Fiscal Impact,"Changes Girls Inc.'s after-school services at Horace Mann Elementary for shelter-in-place, at no added cost","This second amendment to a memorandum of understanding (MOU) with Girls Inc. of Alameda County changes the scope of work so after-school services fit local shelter-in-place orders. The cost stays at no more than $111,434, with no increase. The period is August 1, 2019 through July 31, 2020.",After-school & summer programs,amendment,Girls Inc. of Alameda County,organization,Horace Mann Elementary School,no_cost,,,,,,,true,2019-08-01,2020-07-31,,,,Adopted on the General Consent Report,2020-06-10,true,auto_ok,sonnet-agent,enrich.v3.md,true,
2020-06-10:20-0937,2020-06-10,2020-06-10,regular,P2.-5,136,general,,20-0937,https://ousd.legistar.com/gateway.aspx?M=L&ID=49525,"Amendment No. 2, Memorandum of Understanding - Girls Inc. of Alameda County - After School Program - LaEscuelita School","Approval by the Board of Education of Amendment No. 2, Memorandum of Understanding (MOU) between the District and Girls Inc. of Alameda County, Oakland, CA, altering with the latter the Scope of Work, to provide services in a manner consistent with local shelter-in-place orders as outlined in attached COVID Amendment, incorporated herein by reference as though fully set forth, for the After School Program at LaEscuelita School, for the period of August 1, 2019 through July 31, 2020, at a cost not to exceed $149,579.00 (no increased cost).  All other terms and conditions of the MOU remain in full force and effect.",Agreement or Contract,Chief Academic Officer,001841,v-001841,No Fiscal Impact,"Changes Girls Inc.'s after-school services at LaEscuelita School for shelter-in-place, at no added cost","This second amendment to a memorandum of understanding (MOU) with Girls Inc. of Alameda County changes the scope of work so after-school services fit local shelter-in-place orders. The cost stays at no more than $149,579, with no increase. The period is August 1, 2019 through July 31, 2020.",After-school & summer programs,amendment,Girls Inc. of Alameda County,organization,LaEscuelita School,no_cost,,,,,,,true,2019-08-01,2020-07-31,,,,Adopted on the General Consent Report,2020-06-10,true,auto_ok,sonnet-agent,enrich.v3.md,true,
