item_id,meeting_key,meeting_date,meeting_kind,agenda_number,agenda_sequence,consent_section,group,file_number,legistar_url,title,official_text,matter_type,presenter,vendor_number,vendor_key,funding_source,headline,summary,category,subcategory,action_type,vendor_name,vendor_kind,schools,money_direction,amount_type,amount,amount_range_low,amount_range_high,prior_total,new_total,amount_verified,term_start,term_end,flags,source_issue,pulled_from_consent,outcome_action,outcome_date,adopted,review_status,model_id,prompt_version,counts_toward_totals,duplicate_of
2020-06-24:20-1181,2020-06-24,2020-06-24,regular,P.-1,45,general,"Chief, Systems and Services Officer",20-1181,https://ousd.legistar.com/gateway.aspx?M=L&ID=49769,Worker's Compensation Coverage and Excess Property and Liability Coverage - Premium Payment - Fiscal Year 2020-2021 - Risk Management Department,"Approval by the Board of Education of payment of membership contributions (premium), Fiscal Year 2020-2021, for Excess Workers’ Compensation Coverage, procured from CSAC Excess Insurance Authority, a Joint Powers Authority (JPA”), through Alliant Insurance Services, Inc., Newport Beach, CA (Broker), in the amount of $605,000.00 and for Excess Property and Liability Coverage through Northern California ReLiEF JPA, managed by Keenan & Associates, Torrance, CA (Broker), in the amount of $2,995,719.00, respectively.",Agreement or Contract,Chief Systems and Services Officer,,n-csac-excess-insurance-authority-northern-california-relief-jpa,,"Pays 2020-21 insurance premiums: $605,000 for workers' comp coverage, $2,995,719 for property and liability","The district pays membership premiums for the 2020-21 fiscal year for two kinds of excess insurance. $605,000 goes to CSAC Excess Insurance Authority (a Joint Powers Authority, or JPA) for excess workers' compensation coverage, and $2,995,719 goes to Northern California ReLiEF JPA for excess property and liability coverage. Each is arranged through an insurance broker. The text states no combined total.","Legal, compliance & risk",,other,CSAC Excess Insurance Authority; Northern California ReLiEF JPA,organization,,expense,fixed,2995719,,,,,true,2020-07-01,2021-06-30,,,,Adopted on the General Consent Report,2020-06-24,true,auto_ok,sonnet-agent,enrich.v5.md,true,
2020-06-24:20-1279,2020-06-24,2020-06-24,regular,P.-2,46,general,"Chief, Systems and Services Officer",20-1279,https://ousd.legistar.com/gateway.aspx?M=L&ID=49867,Catastrophic Accident Insurance for Students – Premium Payment - Fiscal Year 2020-2021 - Risk Management Department,"Approval by the Board of Education of payment of premium, Fiscal Year 2020-2021, for Catastrophic Accident Insurance for Students, underwritten by ACE American Insurance Company (a CHUBB Company), to Meyers-Stevens & Toohey & Company, Inc., Mission Viejo, CA (Broker), as follows for:
CLASS I COVERAGE - Interscholastic Athletics
Class I covers all interscholastic and noncompeting participants 
COST: 2536 participants x $3.91 = $9,915.76; and

CLASS II COVERAGE - Student Activities
Class II covers all students enrolled in school//District.
COST: 35,938 participants x $1.20 = $43,125.60.",Agreement or Contract,Chief Systems and Services Officer,,n-meyers-stevens-and-toohey-and,,"Pays catastrophic student accident insurance premiums: $9,915.76 for athletics, $43,125.60 for all students","The district pays premiums for the 2020-21 fiscal year for catastrophic accident insurance for students, underwritten by ACE American Insurance Company and placed through a broker. Class I covers students in interscholastic athletics for $9,915.76, and Class II covers all students enrolled in the district for $43,125.60. The text states no combined total.","Legal, compliance & risk",,other,"Meyers-Stevens & Toohey & Company, Inc.",organization,,expense,fixed,43125.6,,,,,true,2020-07-01,2021-06-30,,,,Adopted on the General Consent Report,2020-06-24,true,auto_ok,sonnet-agent,enrich.v5.md,true,
2020-06-24:20-1280,2020-06-24,2020-06-24,regular,P.-3,47,general,"Chief, Systems and Services Officer",20-1280,https://ousd.legistar.com/gateway.aspx?M=L&ID=49868,Blanket Student Accident Insurance - Premium Payment - Fiscal Year 2020-2021 - Risk Management Department,"Approval by the Board of Education of payment of premium, Fiscal Year 2020-2021, for Blanket Student Accident Insurance, Policy No. SDA N04206563, underwritten by ACE American Insurance Company, to Myers-Stevens & Toohey & Company, Inc., Mission Viejo, CA, (Broker) as follows for:
SCHOOL-TIME ACCIDENT-ONLY COVERAGE covers all enrolled students for injuries caused by covered 
Accidents occurring:
• On School premises during the hours and on days when the School's regular classes are in session, 
including one hour immediately before and one hour immediately after regular classes, while 
continuously on the School premises;
• While participating in or attending School-sponsored and directly supervised School Activities 
including interscholastic athletic activities;
•  While traveling directly and without interruption to or from residence and School for regular 
attendance; or School and off campus site to participate in School-sponsored and directly 
supervised School Activities, provided such travel is arranged by and is at the direction of the 
School; and while traveling in School Vehicles at any time.
•  All enrolled students within the district obtain access to the following Voluntary plans: 
Student Accident and Sickness Plan, Full-Time 24/7 Accident Plan, Dental Accident Plan, and the 
Pharmacy SmartCard,
not to exceed a cumulative cost of $76,613.00.",Agreement or Contract,Chief Systems and Services Officer,,n-myers-stevens-and-toohey-and,,"Pays up to $76,613 for 2020-21 blanket student accident insurance through Myers-Stevens & Toohey","The district pays the premium for blanket student accident insurance for the 2020-21 fiscal year, underwritten by ACE American Insurance Company and placed through a broker. It covers all enrolled students for accidents at school, at school activities and on direct travel to and from school, and gives students access to optional voluntary plans. The total is capped at $76,613.","Legal, compliance & risk",,other,"Myers-Stevens & Toohey & Company, Inc.",organization,,expense,not_to_exceed,76613,,,,,true,2020-07-01,2021-06-30,,,,Adopted on the General Consent Report,2020-06-24,true,auto_ok,sonnet-agent,enrich.v5.md,true,
2020-06-24:20-1291,2020-06-24,2020-06-24,regular,P.-4,48,general,"Chief, Systems and Services Officer",20-1291,https://ousd.legistar.com/gateway.aspx?M=L&ID=49879,"California Student Data Privacy Agreement - TalkingPoint's, Inc. - Technology Services Department","Approval by the Board of Education of a California Student Data Privacy Agreement by and between the TalkingPoints, Inc., (“Provider”) and the District (“LEA”), via it Health Services Department, describing the mutual duties and responsibilities to protect student data transmitted to Provider from LEA pursuant to the Service Agreement, including compliance with all applicable statutes, including the FERPA, PPRA, COPPA, SOPIPA, AB 1584, and other applicable California State laws, all as may be amended from time to time, for the term of the duration of the Service Agreement or so long as the Provider maintains any Student Data.",Agreement or Contract,Chief Systems and Services Officer,,v-004181,,"Approves a student data privacy agreement with TalkingPoints, Inc. at no stated cost","The district approves a California Student Data Privacy Agreement with TalkingPoints, Inc. that sets out each side's duties to protect student data the district shares with the company under its service agreement. It follows state and federal student privacy laws and lasts as long as the service agreement or as long as the company holds student data. The text states no dollar amount.",Partnerships & data sharing,,mou_or_data_sharing,"TalkingPoints, Inc.",organization,,no_cost,,,,,,,true,,,source_issue,"The title names the Technology Services Department, but the action text says the agreement is through the Health Services Department.",,Adopted on the General Consent Report,2020-06-24,true,auto_ok,sonnet-agent,enrich.v5.md,true,
2020-06-24:20-1293,2020-06-24,2020-06-24,regular,P.-5,49,general,"Chief, Systems and Services Officer",20-1293,https://ousd.legistar.com/gateway.aspx?M=L&ID=49881,"Master License Agreement - Common Networks, Inc. - Technology Services Department","Approval by the Board of Education of a Master License Agreement between District (“Licensor”) and Common Networks Inc. (“Licensee”), San Francisco, CA, pursuant to the terms and conditions stated herein, for the latter to utilized the rooftops of District (school) sites to host its radio equipment, to provide wireless internet service to adjacent neighborhoods, subject to execution of individual Site License Agreement (the latter hereby delegated to the Chief Technology Officer), for the initial period of June 25, 2020 to June 24, 2023, with a one year automatic renewal option, not to exceed a cumulative term of ten years, with estimated initial annual revenue to the District of between $80,000.00 to $110,000.00, and zero cost to the District.",Agreement or Contract,Chief Systems and Services Officer,,n-common-networks,,"Licenses school rooftops to Common Networks for wireless internet; district expects $80,000 to $110,000 a year","The district approves a master license agreement letting Common Networks, Inc. place radio equipment on school rooftops to provide wireless internet to nearby neighborhoods, with each site covered by its own license agreement that the Chief Technology Officer may sign. The first term runs June 25, 2020 to June 24, 2023, with one-year automatic renewals up to ten years in all. The district expects initial revenue of $80,000 to $110,000 a year and no cost to the district.",Governance & board business,,new_agreement,"Common Networks, Inc.",organization,,revenue,per_year,110000,80000,110000,,,true,2020-06-25,2023-06-24,yearly_cap; no_total_stated; multi_year,,,Adopted on the General Consent Report,2020-06-24,true,auto_ok,sonnet-agent,enrich.v5.md,true,
2020-06-24:20-1310,2020-06-24,2020-06-24,regular,P.-6,50,general,"Chief, Systems and Services Officer",20-1310,https://ousd.legistar.com/gateway.aspx?M=L&ID=49898,"District ""Piggybacking"" - Exhibit ""E"" - California Student Data Privacy Agreement - By and Between Pleasanton Unified School District and Zoom, Inc. - Technology Services Department","Approval by the Board of Education of District’s “Piggybacking” onto Exhibit “E” of the  California Student Data Privacy Agreement by and between Pleasanton Unified School District (“LEA”) and Zoom, Inc., (“Provider”), via OUSD District’s Technology Services Department, describing the mutual duties and responsibilities to protect student data transmitted to Provider from LEA pursuant to the Service Agreement, including compliance with all applicable statutes, including the FERPA, PPRA, COPPA, SOPIPA, AB 1584, and other applicable California State laws, all as may be amended from time to time, for the term of the duration of the Service Agreement or so long as the Provider maintains any Student Data.",Agreement or Contract,Chief Systems and Services Officer,,n-zoom,,Approves the district joining Pleasanton Unified's student data privacy agreement with Zoom,"The district approves joining (""piggybacking"" onto) an existing California Student Data Privacy Agreement between Pleasanton Unified School District and Zoom, Inc. It sets out each side's duties to protect student data sent to Zoom under the service agreement and lasts as long as that agreement or as long as Zoom holds student data. The text states no dollar amount.",Partnerships & data sharing,,mou_or_data_sharing,"Zoom, Inc.",organization,,no_cost,,,,,,,true,,,,,,Adopted on the General Consent Report,2020-06-24,true,auto_ok,sonnet-agent,enrich.v5.md,true,
2020-06-24:20-1206,2020-06-24,2020-06-24,regular,P.-7,52,general,Chief Business Officer,20-1206,https://ousd.legistar.com/gateway.aspx?M=L&ID=49794,District Financial Accounts - Change of Signatories - Chief Business Officer,"Adoption by Board of Education of Resolution Nos. 1920-0247 through 1920-0256 - Providing for Authorized Signatories, named, on District Financial Accounts as stated therein:
Legistar File No.	Resolution No.	Title of OUSD Account	
 20-1206	 1920-0247	Verified Signatories for Funds Deposited With or in the Custody or Care of Alameda County Superintendent of Schools	
20-1206	1920-0248	Cafeteria Account	
20-1206	1920-0249	Oakland Fresh Produce Market	
20-1206	1920-0250	Children’s Center Clearing Account	
20-1206	1920-0251	Revolving Fund Account	
20-1206	1920-0252	Payroll Direct Deposit Account	
20-1206	1920-0253	Payroll Tax and Deposit Account	
20-1206	1920-0254	Workers’ Compensation Account	
20-1206	1920-0255	Local Agency Investment funds	
20-1206	1920-0256	Business Investment Account",Resolution,Chief Financial Officer,,,,Adopts ten resolutions updating who may sign for district financial accounts,"The Board adopts Resolution Nos. 1920-0247 through 1920-0256 naming the authorized signatories on ten district accounts, including the cafeteria, revolving fund, payroll, workers' compensation and investment accounts. The names are in the resolutions, not in the item text. The text states no dollar amount.","Budget, finance & payments",,resolution_or_policy,,,,no_cost,,,,,,,true,,,,,,Adopted on the General Consent Report,2020-06-24,true,auto_ok,sonnet-agent,enrich.v5.md,true,
2020-06-24:20-1159,2020-06-24,2020-06-24,regular,P.-8,53,general,Chief Business Officer,20-1159,https://ousd.legistar.com/gateway.aspx?M=L&ID=49747,Request for Allowance of Attendance Due to Emergency Conditions - District - School Year 2019-2020,"Approval by the Board of Resolution No. 1920-0243 - Submission of a “Request for Allowance of Attendance Due to Emergency Conditions” California Department of Education Form J-13A and Affidavit of Governing Board Members to Regain Student Average Daily Attendance Due to Schools Closure and Material Decrease In Attendance, for reasons specified.",Resolution,Chief Financial Officer,,,,Asks the state to allow attendance credit for school days lost to the 2019-20 closure emergency,The Board adopts a resolution to submit a California Department of Education request (Form J-13A) and a board member affidavit asking to regain student average daily attendance lost because of school closures and a sharp drop in attendance. The text gives no dollar amount.,"Budget, finance & payments",,resolution_or_policy,,,,no_cost,,,,,,,true,,,,,,Adopted on the General Consent Report,2020-06-24,true,auto_ok,sonnet-agent,enrich.v5.md,true,
2020-06-24:20-1290,2020-06-24,2020-06-24,regular,P.-9,54,general,Chief Business Officer,20-1290,https://ousd.legistar.com/gateway.aspx?M=L&ID=49878,Utilization of Monterey County Office of Education (MCOE)/CalSAVE Bid No. 530067 Technology Catalog Bid 2019 awarded to CDW-Government LLC - Procurement Department,"Approval by the Board finding that it is in the best interest of the District to utilize the Monterey County Office of Education (MCOE)/CalSAVE Bid No. 530067 Technology Catalog Bid 2019 awarded to CDW-Government LLC, with an expiration of December 31, 2022, for Computer Supplies.
Board approval of the CalSAVE Stretch Agreement between Oakland Unified School District and CDW-Government LLC to utilize the Monterey County Office of Education (MCOE)/CalSA VE Bid No. 530067 Technology Catalog Bid 2019 for Computer Supplies, effective June 24, 2019 through December 31, 2022.",Agreement or Contract,Superintendent,,v-000998,,"Buys computer supplies from CDW-Government through another county's bid, skipping the district's own bid","The Board finds it is in the district's best interest to buy computer supplies through a Monterey County Office of Education bid (CalSAVE Bid No. 530067) awarded to CDW-Government LLC, and approves a CalSAVE Stretch Agreement for it. The district is buying through another agency's existing contract instead of running its own bid. The agreement is stated to run from June 24, 2019 through December 31, 2022. The text states no dollar amount.",Technology,,cooperative_purchase,CDW-Government LLC,organization,,expense,,,,,,,true,2019-06-24,2022-12-31,after_work_began; no_competitive_bid; source_issue; multi_year,"The agreement's effective date is stated as June 24, 2019, a year before the June 24, 2020 meeting, so the start of the term is unclear.",,Adopted on the General Consent Report,2020-06-24,true,auto_ok,sonnet-agent,enrich.v5.md,true,
2020-06-24:20-1388,2020-06-24,2020-06-24,regular,P.-10,55,general,Chief Business Officer,20-1388,https://ousd.legistar.com/gateway.aspx?M=L&ID=49975,"Master Software as Service Agreement - SchoolMint, Inc. - School Finder Software - Student Enrollment Office","Approval by the Board of Education of Master Software as a Service Agreement between District and SchoolMint, San Francisco, CA, for the latter to provide hosting, maintenance, upgrades and associated support for the School Finder District Choice (Apply and Lottery) and Registration products including a two-way data exchange between Aeries and SchoolMint, for the period July 1, 2020 to June 30, 2021, in an amount not to exceed $198,500.00.",Agreement or Contract,Chief Systems and Services Officer,,n-schoolmint,,"Pays SchoolMint up to $198,500 for school enrollment application, lottery and registration software in 2020-21","The district signs a software-as-a-service agreement with SchoolMint for hosting, maintenance, upgrades and support of its School Finder products for choice applications, the lottery and registration, including a data exchange with the Aeries student system. It runs July 1, 2020 to June 30, 2021 and costs no more than $198,500.",Technology,,new_agreement,SchoolMint,organization,,expense,not_to_exceed,198500,,,,,true,2020-07-01,2021-06-30,,,,Adopted on the General Consent Report,2020-06-24,true,auto_ok,sonnet-agent,enrich.v5.md,true,
2020-06-24:20-0735,2020-06-24,2020-06-24,regular,P.-11,57,general,"Deputy Chief, Facilities Planning and Management",20-0735,https://ousd.legistar.com/gateway.aspx?M=L&ID=49323,"Amendment No.1, Donation Agreement for Development, Implementation and Maintenance of A Campus Greening Project - Rose Foundation - Coliseum College Preparatory Academy - Division of Facilities Planning and Management","Approval by the Board of Education of Amendment No. 1, Donation Agreement between the District and Rose Foundation, Oakland, CA, granting an extension of term - from February 1, 2018 through May 1, 2020 to May 1, 2022, for the latter to provide continued gardening services, for the Coliseum College Preparatory Academy Project, and authorizing the President and Secretary of the Board to sign the Amendment for same with said Consultant. All other terms and conditions of the Donation Agreement remain in full force and effect",Agreement or Contract,"Deputy Chief, Facilities Planning and Management",,n-rose-foundation,,Extends Rose Foundation's Coliseum College Prep campus greening donation agreement to May 2022,"The district amends its donation agreement with the Rose Foundation so the foundation can keep providing gardening services for the campus greening project at Coliseum College Preparatory Academy. The change only extends the end date from May 1, 2020 to May 1, 2022. No dollar amount is stated, and all other terms stay the same.",School buildings & construction,,amendment,Rose Foundation,organization,Coliseum College Preparatory Academy,no_cost,,,,,,,true,2018-02-01,2022-05-01,after_work_began; multi_year; time_extension_only,,,Adopted on the General Consent Report,2020-06-24,true,auto_ok,sonnet-agent,enrich.v5.md,true,
2020-06-24:20-1204,2020-06-24,2020-06-24,regular,P.-12,58,general,"Deputy Chief, Facilities Planning and Management",20-1204,https://ousd.legistar.com/gateway.aspx?M=L&ID=49792,Agreement Between Owner and Contractor - Competitively Bid – Bay Construction Company – Oakland Technical High School Grandstand Renovation Project – Division of Facilities Planning & Management,"Approval by the Board of Education of Agreement Between Owner and Contractor - Competitively Bid - by and between District and Bay Construction Company (“Contractor”), Oakland, CA, for the latter to provide installation services of replacement wooden planking with aluminum planking and aluminum mid-aside handrails on both of the football grandstands required by Code, for the Oakland Technical High School Grandstand Renovation Project, in the amount of $350,000.00, with a contingency of $10,000.00, as the lowest responsive and responsible bidder, and rejecting all other bids if any, and authorizing the President and Secretary of the Board to sign the Agreement for same with said bidder with work scheduled to commence on June 25, 2020, and scheduled to last for One Hundred Twenty (120) Calendar days, concluding October 23, 2020, pursuant to the Agreement.",Agreement or Contract,"Deputy Chief, Facilities Planning and Management",0000642,v-000642,Fund 14 Deferred Maintenance Account,"Awards Bay Construction $350,000 to replace Oakland Tech grandstand planking and handrails","The district hires Bay Construction Company, the lowest responsive bidder after competitive bidding, to replace wooden planking with aluminum planking and add aluminum handrails on both football grandstands at Oakland Technical High School, as code requires. The contract is $350,000 with a separate $10,000 contingency. Work is scheduled from June 25 to October 23, 2020.",School buildings & construction,,bid_award,Bay Construction Company,organization,Oakland Technical High School,expense,fixed,350000,,,,,true,2020-06-25,2020-10-23,,,,Adopted on the General Consent Report,2020-06-24,true,auto_ok,sonnet-agent,enrich.v5.md,true,
2020-06-24:20-1267,2020-06-24,2020-06-24,regular,P.-13,59,general,"Deputy Chief, Facilities Planning and Management",20-1267,https://ousd.legistar.com/gateway.aspx?M=L&ID=49855,Agreement Between Owner and Contractor - Competitively Bid – Bay Construction Company – Skyline High School Grandstand Renovation Project – Division of Facilities Planning & Management,"Approval by the Board of Education of Agreement Between Owner and Contractor - Competitively Bid - by and between District and Bay Construction Company (“Contractor”), Oakland, CA, for the latter to provide installation services of replacing wooden planking with aluminum planking and aluminum mid-aside handrails on both of the football grandstands required by code, for the Skyline High School Grandstand Renovation Project, in the amount of $279,000.00, with a contingency of $10,000.00, as the lowest responsive and responsible bidder, and rejecting all other bids if any, and authorizing the President and Secretary of the Board to sign the Agreement for same with said bidder with work scheduled to commence on June 25, 2020, and scheduled to last for One Hundred Twenty (120) Calendar days, concluding October 23, 2020, pursuant to the Agreement.",Agreement or Contract,"Deputy Chief, Facilities Planning and Management",000642,v-000642,Fund 14 Deferred Maintenance Account,"Awards Bay Construction $279,000 to replace Skyline High grandstand planking and handrails","The district hires Bay Construction Company, the lowest responsive bidder after competitive bidding, to replace wooden planking with aluminum planking and add aluminum handrails on both football grandstands at Skyline High School, as code requires. The contract is $279,000 with a separate $10,000 contingency. Work is scheduled from June 25 to October 23, 2020.",School buildings & construction,,bid_award,Bay Construction Company,organization,Skyline High School,expense,fixed,279000,,,,,true,2020-06-25,2020-10-23,,,,Adopted on the General Consent Report,2020-06-24,true,auto_ok,sonnet-agent,enrich.v5.md,true,
2020-06-24:20-1307,2020-06-24,2020-06-24,regular,P.-14,60,general,"Deputy Chief, Facilities Planning and Management",20-1307,https://ousd.legistar.com/gateway.aspx?M=L&ID=49895,"Amendment No. 1, Agreement for General Services – FM3 Research – Facilities Planning & Management Project - Division of Facilities Planning and Management","Approval by the Board of Education of Amendment No.1, Agreement for General Services between the District and FM3 Research, (Fairbank, Maslin, Maullin, Metz and Associates), Oakland, CA, for the latter to continue to provide consulting services for survey research, general obligation bond, public opinion analysis to help policy-makers make sound decisions, communication strategy consulting services, for the Facilities Planning & Management Project, in an additional amount of $33,000.00, increasing Agreement not to exceed amount from $33,000.00 to $66,000.00, and extending term of Agreement from August 29, 2019 through June 30, 2020 to June 30, 2021, pursuant to the Amendment.  All other terms and conditions of the Agreement remain in full force and effect.",Agreement or Contract,"Deputy Chief, Facilities Planning and Management",005403,v-005403,Fund 40 Special Reserve Fund for Capital Outlay Projects,"Adds $33,000 to keep FM3 Research's bond survey and public opinion work through June 2021","The district amends its agreement with FM3 Research for survey research, general obligation bond public opinion analysis and communication strategy consulting for the Facilities Planning & Management project. The added $33,000 raises the cap from $33,000 to $66,000, and the end date moves from June 30, 2020 to June 30, 2021.","Budget, finance & payments",,amendment,"FM3 Research (Fairbank, Maslin, Maullin, Metz and Associates)",organization,,expense,not_to_exceed,33000,,,33000,66000,true,2019-08-29,2021-06-30,raises_existing_contract; large_increase; multi_year,,,Adopted on the General Consent Report,2020-06-24,true,auto_ok,sonnet-agent,enrich.v5.md,true,
2020-06-24:20-1383,2020-06-24,2020-06-24,regular,P.-15,61,general,"Deputy Chief, Facilities Planning and Management",20-1383,https://ousd.legistar.com/gateway.aspx?M=L&ID=49970,"General Services Agreement - Waste Management of Alameda County, Inc. - Buildings and Grounds Department","Approval by the Board of Education of General Services Agreement between District and Waste Management of Alameda County, Inc., for solid waste handling, recycling, and composting services, at  the  rates  indicated  for multi-bin  collection  of  solid  waste, organics and recycling roll off services and other services as more specifically described in Exhibit B, including as applicable, and up to a maximum amount not to exceed Three Million Two Hundred Fifty Thousand  Dollars ($3,250,000.00) annually, with two one year options to extend the Agreement upon written agreement of the Parties.",Agreement or Contract,"Deputy Chief, Facilities Planning and Management",004560,v-004561,General Purpose,"Hires Waste Management for trash, recycling and compost service, up to $3,250,000 a year","The district signs a general services agreement with Waste Management of Alameda County, Inc. for solid waste, recycling and composting collection, including roll-off services, at the rates in the agreement's Exhibit B. Spending is capped at $3,250,000 per year, and there are two one-year options to extend if both sides agree in writing.","Food, transportation & operations",,new_agreement,"Waste Management of Alameda County, Inc.",organization,,expense,per_year,3250000,,,,,true,,,yearly_cap,,,Adopted on the General Consent Report,2020-06-24,true,auto_ok,sonnet-agent,enrich.v5.md,true,
2020-06-24:20-1224,2020-06-24,2020-06-24,regular,P.-16,63,general,"Deputy Chief, Talent",20-1224,https://ousd.legistar.com/gateway.aspx?M=L&ID=49812,Personnel Report No. 1920-0011 - Talent / Human Resources Department,Approval by the Board of Education of Personnel Report No. 1920-0011.,Personnel Report,"Deputy Chief, Talent",,,,Approves Personnel Report No. 1920-0011 from the Talent/Human Resources Department,The Board approves a personnel report from the Talent/Human Resources Department. The official text does not list what the report contains or give any dollar amounts.,Staff & hiring,,personnel,,,,expense,,,,,,,true,,,,,,Adopted on the General Consent Report,2020-06-24,true,auto_ok,sonnet-agent,enrich.v5.md,true,
2020-06-24:20-1220,2020-06-24,2020-06-24,regular,P.-17,64,general,"Deputy Chief, Talent",20-1220,https://ousd.legistar.com/gateway.aspx?M=L&ID=49808,Professional Services Contract - Jennifer Bloom - Talent/Human Resource Department,"Ratification by the Board of Education of a Professional Services Contract between the District and Jennifer Bloom, Oakland, CA, for the latter to provide support to the District’s New Teacher Support & Development Team to ensure all early career teachers have strong mentorship from a more veteran teacher at their school site, in particular, supporting the development of a cohort of lead mentors, who will support and monitor the quality of new teacher mentoring at school sites; provide consultation and support as District’s Induction Program undergoes Accreditation Review from the Commission on Teacher Credentialing, with a focus on the creation of an advisory committee, enhanced school leader engagement, and an improved process for mentor application, selection, and quality; and serve as a thought partner as the District considers the implications for new teacher support and mentoring in the context of distance/virtual learning, via Talent /Human Resources Department, for the period of March 1, 2020 through June 30, 2020, in an amount not to exceed $46,200.00.",Agreement or Contract,"Deputy Chief, Talent",,v-006667,,"Ratifies a $46,200 contract for a consultant supporting new-teacher mentoring and induction accreditation","The Board ratifies a professional services contract with an individual consultant who supports the new teacher support team, helps build a group of lead mentors, advises as the district's teacher induction program goes through accreditation review, and helps plan mentoring for distance learning. The contract covers March 1 to June 30, 2020 and is capped at $46,200. The work began before this approval.",Staff & hiring,,new_agreement,Jennifer Bloom,individual,,expense,not_to_exceed,46200,,,,,true,2020-03-01,2020-06-30,after_work_began,,,Adopted on the General Consent Report,2020-06-24,true,auto_ok,sonnet-agent,enrich.v5.md,true,
2020-06-24:20-1376,2020-06-24,2020-06-24,regular,P.-18,65,general,"Deputy Chief, Talent",20-1376,https://ousd.legistar.com/gateway.aspx?M=L&ID=49963,"Creation/Revision of Job Description – Job Description – Nutrition Services, Buildings and Grounds, Linked Learning, Academic Instructional Innovation, Transportation and Warehouse, Tech Services, Office of Equity, Early Childhood Education Department, A","Adoption by the Board of Education of Resolution No. 1920-2037 - Approval of Creation/Revision of Job Description - Nutrition Services, Buildings and Grounds, Linked Learning, Academic Instructional Innovation, Transportation and Warehouse, Tech Services, Office of Equity, Early Childhood Education Departments; Community School and Student Services Police Services/Operations and Talent/Human Resources Department, As Specified:

Specialist, Nutrition Services Good Food Purchasing and Inventory; Plumbers Helper; Specialist, Career Transitions; Coordinator, Outdoors Environmental; Senior Manager, Supply Chain and Logistics; Coordinator, Education at the Center; Coordinator, Physical Education; Program Manager, School Gardens and Living Schoolyards; Culture and Climate Ambassador; Equipment Mechanic; Production Assistant; Production Cook; Sanitation/Utility Technician, Lead; Student Information Systems Specialist I; Student Information Systems Specialist II; Student Information Systems Specialist III; Student Information Systems Specialist IV; Specialist, District Family Engagement; Specialist, Target Student Group Intervention; Specialist, Student Engagement; Early Literacy Reading Tutor; and Coordinator, Health Services; Partner, Schools; Partner, Central; and Specialist, Employee Support",Resolution,"Deputy Chief, Talent",,,,Approves new or revised job descriptions for more than 20 district positions,"The Board adopts Resolution No. 1920-2037 creating or revising job descriptions for more than 20 positions across Nutrition Services, Buildings and Grounds, Linked Learning, Technology, Equity, Early Childhood Education, Police Services and Talent/Human Resources, among others. Examples include a plumber's helper, a production cook, student information systems specialists and a school gardens program manager. The text gives no dollar amount.",Staff & hiring,,resolution_or_policy,,,,no_cost,,,,,,,true,,,,,,Adopted on the General Consent Report,2020-06-24,true,auto_ok,sonnet-agent,enrich.v5.md,true,
2020-06-24:20-1382,2020-06-24,2020-06-24,regular,P.-19,66,general,"Deputy Chief, Talent",20-1382,https://ousd.legistar.com/gateway.aspx?M=L&ID=49969,Amendment of Layoffs/Additions/Net of Classified Positions for Fiscal Year 2020-2021,"Adoption by the Board of Education of Resolution No. 1920-2026B - Amendment of Layoffs/Additions/Net of Classified Positions for Fiscal Year 2020-2021 (“Resolution”), which provides for the reduction or layoff of classified positions, and reinstatement, increase, or creation of authorized classified positions based on lack of funds and/or program need as reflected through the Budget Development process for 2020-2021.",Resolution,"Deputy Chief, Talent",,,,"Amends the 2020-21 classified staff layoffs, reinstatements and new positions resolution","The Board adopts Resolution No. 1920-2026B, which amends the list of classified (non-teaching) positions to be cut, brought back, increased or created for 2020-21. The text says the changes reflect lack of funds or program need as shown in the 2020-21 budget process. It gives no dollar amount.",Staff & hiring,,resolution_or_policy,,,,no_cost,,,,,,,true,2020-07-01,2021-06-30,,,,Adopted on the General Consent Report,2020-06-24,true,auto_ok,sonnet-agent,enrich.v5.md,true,
2020-06-24:20-0467,2020-06-24,2020-06-24,regular,P.-20,68,general,Chief Academic Officer,20-0467,https://ousd.legistar.com/gateway.aspx?M=L&ID=49057,"Non-Public, Nonsectarian School/Agency Services Master Contract(s) – Orion Academy - 2020-2021 School Year - Special Education Program","Approval by the Board of Education of Special Education Services Non-Public, Nonsectarian School/Agency Services Master Contract between the District and Orion Academy, Moraga, CA, for the latter to provide services to pupils as specified in Section 1 of Contract, for the period July 1, 2020 through June 30, 2021 in an amount not to exceed $80,000.00.",Agreement or Contract,Chief Academic Officer,,n-orion-academy,Special Education,"Pays Orion Academy up to $80,000 for nonpublic school services for special education students in 2020-21","The district signs a master contract with Orion Academy, a nonpublic, nonsectarian school in Moraga, to provide services to special education students as set out in the contract. It runs July 1, 2020 to June 30, 2021 and costs no more than $80,000.",Special education,Nonpublic schools & agencies,new_agreement,Orion Academy,organization,,expense,not_to_exceed,80000,,,,,true,2020-07-01,2021-06-30,,,,Adopted on the General Consent Report,2020-06-24,true,auto_ok,sonnet-agent,enrich.v5.md,true,
2020-06-24:20-0516,2020-06-24,2020-06-24,regular,P.-21,69,general,Chief Academic Officer,20-0516,https://ousd.legistar.com/gateway.aspx?M=L&ID=49106,Agreement and COVID Amendment - Advancement Via Individual Determination (AVID) - High School Network Office,"Approval by the Board of Education of AVID College Readiness System Services and Products Agreement and COVID Amendment by and between District and AVID Center, San Diego, CA, for payment to the latter of AVID membership fees for McClymonds High School, Montera Middle School, Oakland High School, United for Success Academy, and Westlake Middle School, via the High School Network Office, for the period of July 1, 2019 through June 30, 2020, in the amount of $2629.00, for each school, not to exceed a cumulative amount of $13,145.00",Agreement or Contract,Chief Academic Officer,,v-005355,Central Office Supplemental Funding,"Pays AVID Center up to $13,145 in 2019-20 membership fees for five schools' college-readiness programs","The district approves an AVID College Readiness System agreement and a COVID amendment to pay AVID Center membership fees for McClymonds High, Montera Middle, Oakland High, United for Success Academy and Westlake Middle. The fee is $2,629 per school, capped at $13,145 in all, for July 1, 2019 to June 30, 2020.",Classroom & academic programs,,new_agreement,AVID Center,organization,McClymonds High School; Montera Middle School; Oakland High School; United for Success Academy; Westlake Middle School,expense,not_to_exceed,13145,,,,,true,2019-07-01,2020-06-30,after_work_began,,,Adopted on the General Consent Report,2020-06-24,true,auto_ok,sonnet-agent,enrich.v5.md,true,
2020-06-24:20-0821,2020-06-24,2020-06-24,regular,P.-22,70,general,Chief Academic Officer,20-0821,https://ousd.legistar.com/gateway.aspx?M=L&ID=49409,Professional Services Contract and COVID Amendment - East Bay Consortium - Castlemont High School,"Approval by the Board of Education of a Professional Services Contract and COVID Amendment between the District and East Bay Consortium, Oakland, CA, for the latter to a establish a College and Career Information Center to provide information and college advising services related to college admission, financial aid and other topics associated with pursuing and accessing higher education, as described in the Scope of Work, incorporated herein by reference as though fully set forth, at Castlemont High School, for the period of September 1, 2019 through May 29, 2020, in an amount not to exceed $27,500.00.",Agreement or Contract,Chief Academic Officer,001478,v-001478,General Purpose-unrestricted,"Pays East Bay Consortium up to $27,500 for a college and career center at Castlemont High","The district approves a professional services contract and a COVID-related amendment with East Bay Consortium to set up a College and Career Information Center at Castlemont High School, with college advising on admission, financial aid and related topics. The contract period, September 1, 2019 to May 29, 2020, began and ended before this approval, and the cap is $27,500.",Classroom & academic programs,,new_agreement,East Bay Consortium,organization,Castlemont High School,expense,not_to_exceed,27500,,,,,true,2019-09-01,2020-05-29,after_work_began,,,Adopted on the General Consent Report,2020-06-24,true,auto_ok,sonnet-agent,enrich.v5.md,true,
2020-06-24:20-0945,2020-06-24,2020-06-24,regular,P.-23,71,general,Chief Academic Officer,20-0945,https://ousd.legistar.com/gateway.aspx?M=L&ID=49533,"Amendment No. 2, Memorandum of Understanding - East Bay Asian Youth Center - After School Program - Frick Impact Academy","Approval by the Board of Education of Amendment No. 2, Memorandum of Understanding (MOU) between the District and East Bay Asian Youth Center, Oakland, CA, altering with the latter the Scope of Work, to provide services in a manner consistent with local shelter-in-place orders as outlined in attached COVID Amendment, incorporated herein by reference as though fully set forth, for the After School Program at Frick Impact Academy, for the period of August 1, 2019 through July 31, 2020, at a cost not to exceed $122,894.00 (no increased cost).  All other terms and conditions of the MOU remain in full force and effect.",Agreement or Contract,Chief Academic Officer,001474,v-001474,No Fiscal Impact,"Adjusts East Bay Asian Youth Center's Frick Impact Academy after-school deal for COVID, no added cost","The district amends its memorandum of understanding (MOU) with East Bay Asian Youth Center so services at Frick Impact Academy's After School Program can continue in a way that fits local shelter-in-place orders, through a COVID amendment. The cost stays capped at $122,894 for August 1, 2019 to July 31, 2020, with no increase. All other terms stay the same.",After-school & summer programs,,amendment,East Bay Asian Youth Center,organization,Frick Impact Academy,no_cost,,,,,,122894,true,2019-08-01,2020-07-31,,,,Adopted on the General Consent Report,2020-06-24,true,auto_ok,sonnet-agent,enrich.v5.md,true,
2020-06-24:20-0986,2020-06-24,2020-06-24,regular,P.-24,72,general,Chief Academic Officer,20-0986,https://ousd.legistar.com/gateway.aspx?M=L&ID=49574,"Amendment No. 2, Memorandum of Understanding - Higher Ground Neighborhood Development Corp. - After School Program - New Highland Academy","Approval by the Board of Education of Amendment No. 2, Memorandum of Understanding (MOU) between the District and Higher Ground Neighborhood Development Corporation, Oakland, CA, altering with the latter the Scope of Work, to provide services in a manner consistent with local shelter-in-place orders as outlined in attached COVID Amendment, incorporated herein by reference as though fully set forth, for the After School Program at New Highland Academy, for the period of August 1, 2019 through July 31, 2020, at a cost not to exceed $111,382.00 (no increased cost).  All other terms and conditions of the MOU remain in full force and effect.
.",Agreement or Contract,Chief Academic Officer,002078,v-002078,No Fiscal Impact,"Adjusts Higher Ground's New Highland Academy after-school deal for COVID, no added cost","The district amends its memorandum of understanding (MOU) with Higher Ground Neighborhood Development Corporation so services at New Highland Academy's After School Program can continue in a way that fits local shelter-in-place orders, through a COVID amendment. The cost stays capped at $111,382 for August 1, 2019 to July 31, 2020, with no increase. All other terms stay the same.",After-school & summer programs,,amendment,Higher Ground Neighborhood Development Corporation,organization,New Highland Academy,no_cost,,,,,,111382,true,2019-08-01,2020-07-31,,,,Adopted on the General Consent Report,2020-06-24,true,auto_ok,sonnet-agent,enrich.v5.md,true,
2020-06-24:20-0995,2020-06-24,2020-06-24,regular,P.-25,73,general,Chief Academic Officer,20-0995,https://ousd.legistar.com/gateway.aspx?M=L&ID=49583,"Amendment No. 2, Memorandum of Understanding - YMCA of the East Bay - After School Program - West Oakland Middle School","Approval by the Board of Education of Amendment No. 2, Memorandum of Understanding (MOU) between the District and YMCA of the East Bay, Oakland, CA, altering with the latter the Scope of Work, to provide services in a manner consistent with local shelter-in-place orders as outlined in attached COVID Amendment, incorporated herein by reference as though fully set forth, for the After School Program at West Oakland Middle School, for the period of August 1, 2019 through July 31, 2020, at a cost not to exceed $91,759.00 (no increased cost).  All other terms and conditions of the MOU remain in full force and effect.",Agreement or Contract,Chief Academic Officer,004722,v-004722,No Fiscal Impact,"Adjusts YMCA of the East Bay's West Oakland Middle School after-school deal for COVID, no added cost","The district amends its memorandum of understanding (MOU) with YMCA of the East Bay so services at West Oakland Middle School's After School Program can continue in a way that fits local shelter-in-place orders, through a COVID amendment. The cost stays capped at $91,759 for August 1, 2019 to July 31, 2020, with no increase. All other terms stay the same.",After-school & summer programs,,amendment,YMCA of the East Bay,organization,West Oakland Middle School,no_cost,,,,,,91759,true,2019-08-01,2020-07-31,,,,Adopted on the General Consent Report,2020-06-24,true,auto_ok,sonnet-agent,enrich.v5.md,true,
2020-06-24:20-0996,2020-06-24,2020-06-24,regular,P.-26,74,general,Chief Academic Officer,20-0996,https://ousd.legistar.com/gateway.aspx?M=L&ID=49584,Professional Services Contract - Springboard Collaborative - After School Reading and Summer Learning Programs - Community Schools and Student Services Department,"Approval by the Board of Education of Professional Services Contract between the District and Springboard Collaborative, San Francisco, CA, for the latter to provide intervention services in a virtual/distance learning format to include 4-week summer programs and afterschool reading programs that combines targeted reading instruction, family workshops, teacher coaching, and incentives to achieve lasting results in literacy, as described in the Scope of Work, incorporated herein by reference as though fully set forth, via the Community Schools and Student Services Department, for the term May 15, 2020 through May 31, 2021, in an amount not to exceed $369,750.00.",Agreement or Contract,Chief Academic Officer,004039,v-004039,Title I; School Improvement Grant,"Pays Springboard Collaborative up to $369,750 for virtual summer and after-school reading programs","The district hires Springboard Collaborative to provide virtual reading intervention, including 4-week summer programs and after-school reading programs with targeted instruction, family workshops, teacher coaching and incentives. It runs May 15, 2020 to May 31, 2021 through the Community Schools and Student Services Department and costs no more than $369,750.",After-school & summer programs,,new_agreement,Springboard Collaborative,organization,,expense,not_to_exceed,369750,,,,,true,2020-05-15,2021-05-31,after_work_began,,,,,,auto_ok,sonnet-agent,enrich.v5.md,true,
2020-06-24:20-1031,2020-06-24,2020-06-24,regular,P.-27,75,general,Chief Academic Officer,20-1031,https://ousd.legistar.com/gateway.aspx?M=L&ID=49619,Memorandum of Understanding - Bay Area Community Resources - After School Program - Ralph J. Bunche Academy,"Approval by the Board of Education of Memorandum of Understanding between the District and Bay Area Community Resources, San Rafael, CA, for the latter to serve as lead agency for program coordination, math intervention, homework support, student supervision and a variety of enrichment services, as described in the MOU, for Ralph J. Bunche Academy’s comprehensive After School Program, for the period of July 1, 2020 through June 30, 2021, in an amount not to exceed $95,488.00.",Agreement or Contract,Chief Academic Officer,000624,v-000624,21st Century High School After School Safety and Enrichment for Teens (ASSETs) Grant,"Pays Bay Area Community Resources up to $95,488 for Ralph J. Bunche Academy's after-school program","The district signs a memorandum of understanding (MOU) with Bay Area Community Resources to lead program coordination, math intervention, homework support, student supervision and enrichment for Ralph J. Bunche Academy's After School Program. It runs July 1, 2020 to June 30, 2021 and costs no more than $95,488.",After-school & summer programs,,new_agreement,Bay Area Community Resources,organization,Ralph J. Bunche Academy,expense,not_to_exceed,95488,,,,,true,2020-07-01,2021-06-30,,,,Adopted on the General Consent Report,2020-06-24,true,auto_ok,sonnet-agent,enrich.v5.md,true,
2020-06-24:20-1033,2020-06-24,2020-06-24,regular,P.-28,76,general,Chief Academic Officer,20-1033,https://ousd.legistar.com/gateway.aspx?M=L&ID=49621,Memorandum of Understanding - Safe Passages - After School Program - Coliseum College Preparatory Academy,"Approval by the Board of Education of Memorandum of Understanding between the District and Safe Passages, Oakland, CA, for the latter to serve as lead agency for program coordination, math intervention, homework support, student supervision and a variety of enrichment services, as described in the MOU, for Coliseum College Preparatory Academy’s comprehensive After School Program, for the period of July 1, 2020 through June 30, 2021, in an amount not to exceed $223,659.00.",Agreement or Contract,Chief Academic Officer,003729,v-003729,21st Century High School After School Enrichment and Safety for Teens (ASSETs) Grant,"Pays Safe Passages up to $223,659 for Coliseum College Preparatory Academy's after-school program","The district signs a memorandum of understanding (MOU) with Safe Passages to lead program coordination, math intervention, homework support, student supervision and enrichment for Coliseum College Preparatory Academy's After School Program. It runs July 1, 2020 to June 30, 2021 and costs no more than $223,659.",After-school & summer programs,,new_agreement,Safe Passages,organization,Coliseum College Preparatory Academy,expense,not_to_exceed,223659,,,,,true,2020-07-01,2021-06-30,,,,Adopted on the General Consent Report,2020-06-24,true,auto_ok,sonnet-agent,enrich.v5.md,true,
2020-06-24:20-1034,2020-06-24,2020-06-24,regular,P.-29,77,general,Chief Academic Officer,20-1034,https://ousd.legistar.com/gateway.aspx?M=L&ID=49622,Memorandum of Understanding - Safe Passages - After School Program - Coliseum College Preparatory Academy,"Approval by the Board of Education of Memorandum of Understanding between the District and Safe Passages, Oakland, CA, for the latter to serve as lead agency for program coordination, math intervention, homework support, student supervision and a variety of enrichment services, as described in the MOU, for Coliseum College Preparatory Academy’s comprehensive After School Program, for the period of August 1, 2020 through July 31, 2021, in an amount not to exceed $158,920.00.",Agreement or Contract,Chief Academic Officer,003729,v-003729,After School Education and Safety (ASES) Grant,"Pays Safe Passages up to $158,920 for Coliseum College Preparatory Academy's after-school program","The district signs a memorandum of understanding (MOU) with Safe Passages to lead program coordination, math intervention, homework support, student supervision and enrichment for Coliseum College Preparatory Academy's After School Program. It runs August 1, 2020 to July 31, 2021 and costs no more than $158,920.",After-school & summer programs,,new_agreement,Safe Passages,organization,Coliseum College Preparatory Academy,expense,not_to_exceed,158920,,,,,true,2020-08-01,2021-07-31,,,,Adopted on the General Consent Report,2020-06-24,true,auto_ok,sonnet-agent,enrich.v5.md,true,
2020-06-24:20-1052,2020-06-24,2020-06-24,regular,P.-30,78,general,Chief Academic Officer,20-1052,https://ousd.legistar.com/gateway.aspx?M=L&ID=49640,Memorandum of Understanding - Bay Area Community Resources - After School Program - Community United Elementary School,"Approval by the Board of Education of Memorandum of Understanding between the District and Bay Area Community Resources, San Rafael, CA, for the latter to serve as lead agency for program coordination, math intervention, homework support, student supervision and a variety of enrichment services, as described in the MOU, for Community United Elementary School’s comprehensive After School Program, for the period of August 1, 2020 through July 31, 2021, in an amount not to exceed $111,269.00.",Agreement or Contract,Chief Academic Officer,000624,v-000624,After School Education and Safety (ASES) Grant,"Pays Bay Area Community Resources up to $111,269 for Community United Elementary School's after-school program","The district signs a memorandum of understanding (MOU) with Bay Area Community Resources to lead program coordination, math intervention, homework support, student supervision and enrichment for Community United Elementary School's After School Program. It runs August 1, 2020 to July 31, 2021 and costs no more than $111,269.",After-school & summer programs,,new_agreement,Bay Area Community Resources,organization,Community United Elementary School,expense,not_to_exceed,111269,,,,,true,2020-08-01,2021-07-31,,,,Adopted on the General Consent Report,2020-06-24,true,auto_ok,sonnet-agent,enrich.v5.md,true,
2020-06-24:20-1053,2020-06-24,2020-06-24,regular,P.-31,79,general,Chief Academic Officer,20-1053,https://ousd.legistar.com/gateway.aspx?M=L&ID=49641,Memorandum of Understanding - Bay Area Community Resources - After School Program - Elmhurst United Middle School,"Approval by the Board of Education of Memorandum of Understanding between the District and Bay Area Community Resources, San Rafael, CA, for the latter to serve as lead agency for program coordination, math intervention, homework support, student supervision and a variety of enrichment services, as described in the MOU, for Elmhurst United Middle School’s comprehensive After School Program, for the period of August 1, 2020 through July 31, 2021, in an amount not to exceed $185,442.00.",Agreement or Contract,Chief Academic Officer,000624,v-000624,After School Education and Safety (ASES) Grant; 21st Century Community Learning Centers Grant,"Pays Bay Area Community Resources up to $185,442 for after-school care at Elmhurst United Middle School","The district would pay Bay Area Community Resources up to $185,442 to lead the after-school program at Elmhurst United Middle School. The work covers program coordination, math help, homework support, student supervision and enrichment activities. This memorandum of understanding (MOU) runs from August 1, 2020 through July 31, 2021 and is funded by the After School Education and Safety (ASES) Grant; 21st Century Community Learning Centers Grant.",After-school & summer programs,,new_agreement,Bay Area Community Resources,organization,Elmhurst United Middle School,expense,not_to_exceed,185442,,,,,true,2020-08-01,2021-07-31,,,,Adopted on the General Consent Report,2020-06-24,true,auto_ok,sonnet-agent,enrich.v5.md,true,
2020-06-24:20-1054,2020-06-24,2020-06-24,regular,P.-32,80,general,Chief Academic Officer,20-1054,https://ousd.legistar.com/gateway.aspx?M=L&ID=49642,Memorandum of Understanding - Bay Area Community Resources - After School Program - Emerson Elementary School,"Approval by the Board of Education of Memorandum of Understanding between the District and Bay Area Community Resources, San Rafael, CA, for the latter to serve as lead agency for program coordination, math intervention, homework support, student supervision and a variety of enrichment services, as described in the MOU, for Emerson Elementary School’s comprehensive After School Program, for the period of August 1, 2020 through July 31, 2021, in an amount not to exceed $111,269.00.",Agreement or Contract,Chief Academic Officer,000624,v-000624,After School Education and Safety (ASES) Grant,"Pays Bay Area Community Resources up to $111,269 to run the after-school program at Emerson Elementary School","The district would pay Bay Area Community Resources up to $111,269 to lead the after-school program at Emerson Elementary School. The work covers program coordination, math help, homework support, student supervision and enrichment activities. This memorandum of understanding (MOU) runs from August 1, 2020 through July 31, 2021 and is funded by the After School Education and Safety (ASES) Grant.",After-school & summer programs,,new_agreement,Bay Area Community Resources,organization,Emerson Elementary School,expense,not_to_exceed,111269,,,,,true,2020-08-01,2021-07-31,,,,Adopted on the General Consent Report,2020-06-24,true,auto_ok,sonnet-agent,enrich.v5.md,true,
2020-06-24:20-1055,2020-06-24,2020-06-24,regular,P.-33,81,general,Chief Academic Officer,20-1055,https://ousd.legistar.com/gateway.aspx?M=L&ID=49643,Memorandum of Understanding - Bay Area Community Resources - After School Program - Esperanza Elementary School,"Approval by the Board of Education of Memorandum of Understanding between the District and Bay Area Community Resources, San Rafael, CA, for the latter to serve as lead agency for program coordination, math intervention, homework support, student supervision and a variety of enrichment services, as described in the MOU, for Esperanza Elementary School’s comprehensive After School Program, for the period of August 1, 2020 through July 31, 2021, in an amount not to exceed $103,853.00.",Agreement or Contract,Chief Academic Officer,000624,v-000624,After School Education and Safety (ASES) Grant,"Pays Bay Area Community Resources up to $103,853 for after-school care at Esperanza Elementary School","The district would pay Bay Area Community Resources up to $103,853 to lead the after-school program at Esperanza Elementary School. The work covers program coordination, math help, homework support, student supervision and enrichment activities. This memorandum of understanding (MOU) runs from August 1, 2020 through July 31, 2021 and is funded by the After School Education and Safety (ASES) Grant.",After-school & summer programs,,new_agreement,Bay Area Community Resources,organization,Esperanza Elementary School,expense,not_to_exceed,103853,,,,,true,2020-08-01,2021-07-31,,,,Adopted on the General Consent Report,2020-06-24,true,auto_ok,sonnet-agent,enrich.v5.md,true,
2020-06-24:20-1056,2020-06-24,2020-06-24,regular,P.-34,82,general,Chief Academic Officer,20-1056,https://ousd.legistar.com/gateway.aspx?M=L&ID=49644,Memorandum of Understanding - Bay Area Community Resources - After School Program - Fremont High School,"Approval by the Board of Education of Memorandum of Understanding between the District and Bay Area Community Resources, San Rafael, CA, for the latter to serve as lead agency for program coordination, math intervention, homework support, student supervision and a variety of enrichment services, as described in the MOU, for Fremont High School’s comprehensive After School Program, for the period of July 1, 2020 through June 30, 2021, in an amount not to exceed $177,840.00.",Agreement or Contract,Chief Academic Officer,000624,v-000624,21st Century High School After School Safety and Enrichment for Teems (ASSETs) Grant,"Pays Bay Area Community Resources up to $177,840 to run the after-school program at Fremont High School","The district would pay Bay Area Community Resources up to $177,840 to lead the after-school program at Fremont High School. The work covers program coordination, math help, homework support, student supervision and enrichment activities. This memorandum of understanding (MOU) runs from July 1, 2020 through June 30, 2021 and is funded by the 21st Century High School After School Safety and Enrichment for Teens (ASSETs) Grant.",After-school & summer programs,,new_agreement,Bay Area Community Resources,organization,Fremont High School,expense,not_to_exceed,177840,,,,,true,2020-07-01,2021-06-30,,,,Adopted on the General Consent Report,2020-06-24,true,auto_ok,sonnet-agent,enrich.v5.md,true,
2020-06-24:20-1058,2020-06-24,2020-06-24,regular,P.-35,83,general,Chief Academic Officer,20-1058,https://ousd.legistar.com/gateway.aspx?M=L&ID=49646,Memorandum of Understanding - Bay Area Community Resources - After School Program - Futures Elementary School,"Approval by the Board of Education of Memorandum of Understanding between the District and Bay Area Community Resources, San Rafael, CA, for the latter to serve as lead agency for program coordination, math intervention, homework support, student supervision and a variety of enrichment services, as described in the MOU, for Futures Elementary School’s comprehensive After School Program, for the period of August 1, 2020 through July 31, 2021, in an amount not to exceed $120,792.00.",Agreement or Contract,Chief Academic Officer,000624,v-000624,After School Education and Safety (ASES) Grant; After School Education and Safety (ASES) Kids Code Grant,"Pays Bay Area Community Resources up to $120,792 to run the after-school program at Futures Elementary School","The district would pay Bay Area Community Resources up to $120,792 to lead the after-school program at Futures Elementary School. The work covers program coordination, math help, homework support, student supervision and enrichment activities. This memorandum of understanding (MOU) runs from August 1, 2020 through July 31, 2021 and is funded by the After School Education and Safety (ASES) Grant; After School Education and Safety (ASES) Kids Code Grant.",After-school & summer programs,,new_agreement,Bay Area Community Resources,organization,Futures Elementary School,expense,not_to_exceed,120792,,,,,true,2020-08-01,2021-07-31,,,,Adopted on the General Consent Report,2020-06-24,true,auto_ok,sonnet-agent,enrich.v5.md,true,
2020-06-24:20-1064,2020-06-24,2020-06-24,regular,P.-36,84,general,Chief Academic Officer,20-1064,https://ousd.legistar.com/gateway.aspx?M=L&ID=49652,"Agreement - East Bay Municipal Utility District - Exploring College, Career, and Community Options (ECCCO) - Summer Internship Programs - High School Linked Learning Office","Approval by the Board of Education of an Agreement between the District and East Bay Municipal Utility District, Oakland, CA, for the latter to host an Exploring College, Career and Community Options (ECCCO) Summer Internship Program for up to ten (10) high school students participating (virtually) in internship opportunities at various facilities, offices and maintenance yards of EBMUD, via the High School Linked Learning Office, for the period of June 1, 2020 through September 15, 2020, at no cost to the District.",Agreement or Contract,Chief Academic Officer,,n-east-bay-municipal-utility-district,No Fiscal Impact,Hosts up to 10 high school students in virtual summer internships with EBMUD at no cost,"East Bay Municipal Utility District (EBMUD) would host a virtual summer internship program for up to ten high school students through the district's High School Linked Learning Office. The internships cover EBMUD's facilities, offices and maintenance yards. The program runs June 1 through September 15, 2020, and costs the district nothing.",After-school & summer programs,,mou_or_data_sharing,East Bay Municipal Utility District,organization,,no_cost,,,,,,,true,2020-06-01,2020-09-15,after_work_began,,,Adopted on the General Consent Report,2020-06-24,true,auto_ok,sonnet-agent,enrich.v5.md,true,
2020-06-24:20-1080,2020-06-24,2020-06-24,regular,P.-37,85,general,Chief Academic Officer,20-1080,https://ousd.legistar.com/gateway.aspx?M=L&ID=49668,Memorandum of Understanding - Bay Area Community Resources - After School Program - Glenview Elementary School,"Approval by the Board of Education of Memorandum of Understanding between the District and Bay Area Community Resources, San Rafael, CA, for the latter to serve as lead agency for program coordination, math intervention, homework support, student supervision and a variety of enrichment services, as described in the MOU, for Glenview Elementary School’s comprehensive After School Program, for the period of August 1, 2020 through July 31, 2021, in an amount not to exceed $106,289.00.",Agreement or Contract,Chief Academic Officer,000624,v-000624,After School Education and Safety (ASES) Grant,"Pays Bay Area Community Resources up to $106,289 to run the after-school program at Glenview Elementary School","The district would pay Bay Area Community Resources up to $106,289 to lead the after-school program at Glenview Elementary School. The work covers program coordination, math help, homework support, student supervision and enrichment activities. This memorandum of understanding (MOU) runs from August 1, 2020 through July 31, 2021 and is funded by the After School Education and Safety (ASES) Grant.",After-school & summer programs,,new_agreement,Bay Area Community Resources,organization,Glenview Elementary School,expense,not_to_exceed,106289,,,,,true,2020-08-01,2021-07-31,,,,Adopted on the General Consent Report,2020-06-24,true,auto_ok,sonnet-agent,enrich.v5.md,true,
2020-06-24:20-1081,2020-06-24,2020-06-24,regular,P.-38,86,general,Chief Academic Officer,20-1081,https://ousd.legistar.com/gateway.aspx?M=L&ID=49669,Memorandum of Understanding - Bay Area Community Resources - After School Program - Global Family Elementary School,"Approval by the Board of Education of Memorandum of Understanding between the District and Bay Area Community Resources, San Rafael, CA, for the latter to serve as lead agency for program coordination, math intervention, homework support, student supervision and a variety of enrichment services, as described in the MOU, for Global Family Elementary School’s comprehensive After School Program, for the period of August 1, 2020 through July 31, 2021, in an amount not to exceed $120,792.00.",Agreement or Contract,Chief Academic Officer,000624,v-000624,After School Education and Safety (ASES) Grant; After School Education and Safety (ASES) Kids Code Grant,"Pays Bay Area Community Resources up to $120,792 for after-school care at Global Family Elementary School","The district would pay Bay Area Community Resources up to $120,792 to lead the after-school program at Global Family Elementary School. The work covers program coordination, math help, homework support, student supervision and enrichment activities. This memorandum of understanding (MOU) runs from August 1, 2020 through July 31, 2021 and is funded by the After School Education and Safety (ASES) Grant; After School Education and Safety (ASES) Kids Code Grant.",After-school & summer programs,,new_agreement,Bay Area Community Resources,organization,Global Family Elementary School,expense,not_to_exceed,120792,,,,,true,2020-08-01,2021-07-31,,,,Adopted on the General Consent Report,2020-06-24,true,auto_ok,sonnet-agent,enrich.v5.md,true,
2020-06-24:20-1082,2020-06-24,2020-06-24,regular,P.-39,87,general,Chief Academic Officer,20-1082,https://ousd.legistar.com/gateway.aspx?M=L&ID=49670,Memorandum of Understanding - Bay Area Community Resources - After School Program - Grass Valley Elementary School,"Approval by the Board of Education of Memorandum of Understanding between the District and Bay Area Community Resources, San Rafael, CA, for the latter to serve as lead agency for program coordination, math intervention, homework support, student supervision and a variety of enrichment services, as described in the MOU, for Grass Valley Elementary School’s comprehensive After School Program, for the period of August 1, 2020 through July 31, 2021, in an amount not to exceed $111,269.00.",Agreement or Contract,Chief Academic Officer,000624,v-000624,After School Education and Safety (ASES) Grant,"Pays Bay Area Community Resources up to $111,269 for after-school care at Grass Valley Elementary School","The district would pay Bay Area Community Resources up to $111,269 to lead the after-school program at Grass Valley Elementary School. The work covers program coordination, math help, homework support, student supervision and enrichment activities. This memorandum of understanding (MOU) runs from August 1, 2020 through July 31, 2021 and is funded by the After School Education and Safety (ASES) Grant.",After-school & summer programs,,new_agreement,Bay Area Community Resources,organization,Grass Valley Elementary School,expense,not_to_exceed,111269,,,,,true,2020-08-01,2021-07-31,,,,Adopted on the General Consent Report,2020-06-24,true,auto_ok,sonnet-agent,enrich.v5.md,true,
2020-06-24:20-1083,2020-06-24,2020-06-24,regular,P.-40,88,general,Chief Academic Officer,20-1083,https://ousd.legistar.com/gateway.aspx?M=L&ID=49671,Memorandum of Understanding - Bay Area Community Resources - After School Program - Greenleaf Elementary School,"Approval by the Board of Education of Memorandum of Understanding between the District and Bay Area Community Resources, San Rafael, CA, for the latter to serve as lead agency for program coordination, math intervention, homework support, student supervision and a variety of enrichment services, as described in the MOU, for Greenleaf Elementary School’s comprehensive After School Program, for the period of August 1, 2020 through July 31, 2021, in an amount not to exceed $104,072.00.",Agreement or Contract,Chief Academic Officer,000624,v-000624,After School Education and Safety (ASES) Grant,"Pays Bay Area Community Resources up to $104,072 for after-school care at Greenleaf Elementary School","The district would pay Bay Area Community Resources up to $104,072 to lead the after-school program at Greenleaf Elementary School. The work covers program coordination, math help, homework support, student supervision and enrichment activities. This memorandum of understanding (MOU) runs from August 1, 2020 through July 31, 2021 and is funded by the After School Education and Safety (ASES) Grant.",After-school & summer programs,,new_agreement,Bay Area Community Resources,organization,Greenleaf Elementary School,expense,not_to_exceed,104072,,,,,true,2020-08-01,2021-07-31,,,,Adopted on the General Consent Report,2020-06-24,true,auto_ok,sonnet-agent,enrich.v5.md,true,
2020-06-24:20-1091,2020-06-24,2020-06-24,regular,P.-41,89,general,Chief Academic Officer,20-1091,https://ousd.legistar.com/gateway.aspx?M=L&ID=49679,Memorandum of Understanding - Bay Area Community Resources - After School Program - Hoover Elementary School,"Approval by the Board of Education of Memorandum of Understanding between the District and Bay Area Community Resources, San Rafael, CA, for the latter to serve as lead agency for program coordination, math intervention, homework support, student supervision and a variety of enrichment services, as described in the MOU, for Hoover Elementary School’s comprehensive After School Program, for the period of August 1, 2020 through July 31, 2021, in an amount not to exceed $152,008.00.",Agreement or Contract,Chief Academic Officer,000624,v-000624,After School Education and Safety (ASES) Grant; 21st Century Community Learning Centers Grant,"Pays Bay Area Community Resources up to $152,008 to run the after-school program at Hoover Elementary School","The district would pay Bay Area Community Resources up to $152,008 to lead the after-school program at Hoover Elementary School. The work covers program coordination, math help, homework support, student supervision and enrichment activities. This memorandum of understanding (MOU) runs from August 1, 2020 through July 31, 2021 and is funded by the After School Education and Safety (ASES) Grant; 21st Century Community Learning Centers Grant.",After-school & summer programs,,new_agreement,Bay Area Community Resources,organization,Hoover Elementary School,expense,not_to_exceed,152008,,,,,true,2020-08-01,2021-07-31,,,,Adopted on the General Consent Report,2020-06-24,true,auto_ok,sonnet-agent,enrich.v5.md,true,
2020-06-24:20-1094,2020-06-24,2020-06-24,regular,P.-42,90,general,Chief Academic Officer,20-1094,https://ousd.legistar.com/gateway.aspx?M=L&ID=49682,Memorandum of Understanding (No Cost) and COVID Amendment - Leading Educators - Academics and Instructional Innovation Department,"Ratification by the Board of Education of a Memorandum of Understanding (No Cost) and COVID Amendment between the District and Leading Educators, New Orleans, LA, for the latter to provide support for District to develop it’s 3-year English Language Arts curriculum strategy and implementation Plan including curriculum selection process; professional learning design; 3-year budget; funder outreach and engagement; change management and stakeholder engagement; central office alignment plan; and self-assessment of District and school conditions that support implementation, via the Academics and Instructional Innovation Department, for the period of March 1, 2020 through June 30, 2020, at no cost to the Distriict.",Agreement or Contract,Chief Academic Officer,,n-leading-educators,No Fiscal Impact,Ratifies a no-cost deal with Leading Educators to plan a 3-year English curriculum strategy,"Leading Educators would help the district plan its 3-year English Language Arts curriculum, including how to choose a curriculum, teacher training, a 3-year budget, funder outreach and a self-check of school conditions. This no-cost memorandum of understanding (MOU) and its COVID amendment cover March 1 through June 30, 2020, so the board is approving it after the work period began.",Classroom & academic programs,,mou_or_data_sharing,Leading Educators,organization,,no_cost,,,,,,,true,2020-03-01,2020-06-30,after_work_began,,,Adopted on the General Consent Report,2020-06-24,true,auto_ok,sonnet-agent,enrich.v5.md,true,
2020-06-24:20-1095,2020-06-24,2020-06-24,regular,P.-43,91,general,Chief Academic Officer,20-1095,https://ousd.legistar.com/gateway.aspx?M=L&ID=49683,Memorandum of Understanding - Bay Area Community Resources - After School Program - Fred T. Korematsu Discovery Academy,"Approval by the Board of Education of Memorandum of Understanding between the District and Bay Area Community Resources, San Rafael, CA, for the latter to serve as lead agency for program coordination, math intervention, homework support, student supervision and a variety of enrichment services, as described in the MOU, for Fred T. Korematsu Discovery Academy’s comprehensive After School Program, for the period of August 1, 2020 through July 31, 2021, in an amount not to exceed $104,997.00.",Agreement or Contract,Chief Academic Officer,000624,v-000624,After School Education and Safety (ASES) Grant,"Pays Bay Area Community Resources up to $104,997 for after-school care at Fred T. Korematsu Discovery Academy","The district would pay Bay Area Community Resources up to $104,997 to lead the after-school program at Fred T. Korematsu Discovery Academy. The work covers program coordination, math help, homework support, student supervision and enrichment activities. This memorandum of understanding (MOU) runs from August 1, 2020 through July 31, 2021 and is funded by the After School Education and Safety (ASES) Grant.",After-school & summer programs,,new_agreement,Bay Area Community Resources,organization,Fred T. Korematsu Discovery Academy,expense,not_to_exceed,104997,,,,,true,2020-08-01,2021-07-31,,,,Adopted on the General Consent Report,2020-06-24,true,auto_ok,sonnet-agent,enrich.v5.md,true,
2020-06-24:20-1096,2020-06-24,2020-06-24,regular,P.-44,92,general,Chief Academic Officer,20-1096,https://ousd.legistar.com/gateway.aspx?M=L&ID=49684,After School Template for High School - Memorandum of Understanding - Bay Area Community Resources - Life Academy,"Approval by the Board of Education of Memorandum of Understanding between the District and Bay Area Community Resources, San Rafael, CA, for the latter to serve as lead agency for program coordination, math intervention, homework support, student supervision and a variety of enrichment services, as described in the MOU, for Life Academy’s comprehensive After School Program, for the period of July 1, 2020 through June 30, 2021, in an amount not to exceed $215,643.00.",Agreement or Contract,Chief Academic Officer,000624,v-000624,21st Century High School After School Safety and Enrichment for Teens (ASSETs) Grant,"Pays Bay Area Community Resources up to $215,643 to run the after-school program at Life Academy","The district would pay Bay Area Community Resources up to $215,643 to lead the after-school program at Life Academy. The work covers program coordination, math help, homework support, student supervision and enrichment activities. This memorandum of understanding (MOU) runs from July 1, 2020 through June 30, 2021 and is funded by the 21st Century High School After School Safety and Enrichment for Teens (ASSETs) Grant.",After-school & summer programs,,new_agreement,Bay Area Community Resources,organization,Life Academy,expense,not_to_exceed,215643,,,,,true,2020-07-01,2021-06-30,,,,Adopted on the General Consent Report,2020-06-24,true,auto_ok,sonnet-agent,enrich.v5.md,true,
2020-06-24:20-1125,2020-06-24,2020-06-24,regular,P.-45,93,general,Chief Academic Officer,20-1125,https://ousd.legistar.com/gateway.aspx?M=L&ID=49713,Memorandum of Understanding - East Bay Asian Youth Center - After School Program - Bella Vista Elementary School,"Approval by the Board of Education of Memorandum of Understanding between the District and East Bay Asian Youth Center, Oakland, CA, for the latter to serve as lead agency for program coordination, math intervention, homework support, student supervision and a variety of enrichment services, as described in the MOU, for Bella Vista Elementary School’s comprehensive After School Program, for the period of August 1, 2020 through July 31, 2021, in an amount not to exceed $111,269.00.",Agreement or Contract,Chief Academic Officer,001474,v-001474,After School Education and Safety (ASES) Grant,"Pays East Bay Asian Youth Center up to $111,269 for after-school care at Bella Vista Elementary School","The district would pay East Bay Asian Youth Center up to $111,269 to lead the after-school program at Bella Vista Elementary School. The work covers program coordination, math help, homework support, student supervision and enrichment activities. This memorandum of understanding (MOU) runs from August 1, 2020 through July 31, 2021 and is funded by the After School Education and Safety (ASES) Grant.",After-school & summer programs,,new_agreement,East Bay Asian Youth Center,organization,Bella Vista Elementary School,expense,not_to_exceed,111269,,,,,true,2020-08-01,2021-07-31,,,,Adopted on the General Consent Report,2020-06-24,true,auto_ok,sonnet-agent,enrich.v5.md,true,
2020-06-24:20-1126,2020-06-24,2020-06-24,regular,P.-46,94,general,Chief Academic Officer,20-1126,https://ousd.legistar.com/gateway.aspx?M=L&ID=49714,Grant Agreement - City of Oakland - Violence Prevention - Community Schools and Student Services Department,"Approval by the Board of Education of the Grant Agreement between City of Oakland and the District, with latter accepting $100,000.00 in City of Oakland Measure Z (Public Safety and Services Violence Prevention Act), to manage and oversee the implementation of Oakland Unite Program, support for justice involved youth, as described in the Scope of Work, incorporated herein as though fully set forth, for the period July 1, 2019 through June 30, 2020, subject to the terms and conditions thereof.",Agreement or Contract,Chief Academic Officer,,n-city-of-oakland,City of Oakland Measure Z Grant,"Accepts $100,000 from the City of Oakland to run violence prevention and justice-involved youth support","The district would accept $100,000 from the City of Oakland's Measure Z violence prevention funds to manage and oversee the Oakland Unite Program, which supports justice-involved youth. The grant covers July 1, 2019 through June 30, 2020.","Student health, support & family services",,grant_or_funding_in,City of Oakland,organization,,revenue,fixed,100000,,,,,true,2019-07-01,2020-06-30,after_work_began,,,Adopted on the General Consent Report,2020-06-24,true,auto_ok,sonnet-agent,enrich.v5.md,true,
2020-06-24:20-1128,2020-06-24,2020-06-24,regular,P.-47,95,general,Chief Academic Officer,20-1128,https://ousd.legistar.com/gateway.aspx?M=L&ID=49716,Grant Application - District’s Learning Communities for School Success Program 2020-23 Cohort 4 Grant Application - California Department of Education - Community Schools and Student Services Department,"Approval by the Board of Education of District’s Learning Communities for School Success Program 2020-23 Cohort 4 Grant Application to the California Department of Education seeking funding in the amount of $$1,996,300.48, for implementation of Multi-Tiered Systems of Support structures, strengthening Attendance & Discipline Support Services, and expanding Whole School Restorative Justice at District middle schools and high schools, for the period July 1, 2020 through June 30, 2023, and if granted, in whole or in part, authorization of acceptance of same, pursuant to terms and conditions thereof.",Application,Chief Academic Officer,,n-california-department-of-education,Learning Communities for School Success Program,"Applies for a $1.996M state grant for student support, attendance and restorative justice","The district would apply to the California Department of Education for about $1,996,300 over three years. The money would go toward student support systems, attendance and discipline support, and restorative justice at district middle and high schools. If the grant is awarded in whole or in part, the board would also authorize accepting it.","Student health, support & family services",,grant_or_funding_in,California Department of Education,organization,,revenue,fixed,1996300.48,,,,,true,2020-07-01,2023-06-30,grant_application; multi_year,,,Adopted on the General Consent Report,2020-06-24,true,auto_ok,sonnet-agent,enrich.v5.md,true,
2020-06-24:20-1138,2020-06-24,2020-06-24,regular,P.-48,96,general,Chief Academic Officer,20-1138,https://ousd.legistar.com/gateway.aspx?M=L&ID=49726,Memorandum of Understanding - Oakland Leaf Foundation - After School Program - Bret Harte Middle School,"Approval by the Board of Education of Memorandum of Understanding between the District and Oakland Leaf Foundation, Oakland, CA, for the latter to serve as lead agency for program coordination, math intervention, homework support, student supervision and a variety of enrichment services, as described in the MOU, for Bret Harte Middle School’s comprehensive After School Program, for the period of August 1, 2020 through July 31, 2021, in an amount not to exceed $180,734.00.",Agreement or Contract,Chief Academic Officer,003138,v-003138,After School Education and Safety (ASES) Grant; 21st Century Community Learning Centers Grant,"Pays Oakland Leaf Foundation up to $180,734 to run the after-school program at Bret Harte Middle School","The district would pay Oakland Leaf Foundation up to $180,734 to lead the after-school program at Bret Harte Middle School. The work covers program coordination, math help, homework support, student supervision and enrichment activities. This memorandum of understanding (MOU) runs from August 1, 2020 through July 31, 2021 and is funded by the After School Education and Safety (ASES) Grant; 21st Century Community Learning Centers Grant.",After-school & summer programs,,new_agreement,Oakland Leaf Foundation,organization,Bret Harte Middle School,expense,not_to_exceed,180734,,,,,true,2020-08-01,2021-07-31,,,,Adopted on the General Consent Report,2020-06-24,true,auto_ok,sonnet-agent,enrich.v5.md,true,
2020-06-24:20-1153,2020-06-24,2020-06-24,regular,P.-49,97,general,Chief Academic Officer,20-1153,https://ousd.legistar.com/gateway.aspx?M=L&ID=49741,Memorandum of Understanding - East Bay Asian Youth Center - After School Program - Cleveland Elementary School,"Approval by the Board of Education of Memorandum of Understanding between the District and East Bay Asian Youth Center, Oakland, CA, for the latter to serve as lead agency for program coordination, math intervention, homework support, student supervision and a variety of enrichment services, as described in the MOU, for Cleveland Elementary School’s comprehensive After School Program, for the period of August 1, 2020 through July 31, 2021, in an amount not to exceed $111,269.00.",Agreement or Contract,Chief Academic Officer,001474,v-001474,After School Education and Safety (ASES) Grant,"Pays East Bay Asian Youth Center up to $111,269 to run the after-school program at Cleveland Elementary School","The district would pay East Bay Asian Youth Center up to $111,269 to lead the after-school program at Cleveland Elementary School. The work covers program coordination, math help, homework support, student supervision and enrichment activities. This memorandum of understanding (MOU) runs from August 1, 2020 through July 31, 2021 and is funded by the After School Education and Safety (ASES) Grant.",After-school & summer programs,,new_agreement,East Bay Asian Youth Center,organization,Cleveland Elementary School,expense,not_to_exceed,111269,,,,,true,2020-08-01,2021-07-31,,,,Adopted on the General Consent Report,2020-06-24,true,auto_ok,sonnet-agent,enrich.v5.md,true,
2020-06-24:20-1156,2020-06-24,2020-06-24,regular,P.-50,98,general,Chief Academic Officer,20-1156,https://ousd.legistar.com/gateway.aspx?M=L&ID=49744,Memorandum of Understanding - Youth Together - After School Program - Skyline High School,"Approval by the Board of Education of Memorandum of Understanding between the District and Youth Together, Oakland, CA, for the latter to serve as lead agency for program coordination, math intervention, homework support, student supervision and a variety of enrichment services, as described in the MOU, for Skyline High School’s comprehensive After School Program, for the period of July 1, 2020 through June 30, 2021, in an amount not to exceed $213,361.00.",Agreement or Contract,Chief Academic Officer,004737,v-004737,21st Century High School After School Safety and Enrichment for Teens (ASSETs) Grant,"Pays Youth Together up to $213,361 to run the after-school program at Skyline High School","The district would pay Youth Together up to $213,361 to lead the after-school program at Skyline High School. The work covers program coordination, math help, homework support, student supervision and enrichment activities. This memorandum of understanding (MOU) runs from July 1, 2020 through June 30, 2021 and is funded by the 21st Century High School After School Safety and Enrichment for Teens (ASSETs) Grant.",After-school & summer programs,,new_agreement,Youth Together,organization,Skyline High School,expense,not_to_exceed,213361,,,,,true,2020-07-01,2021-06-30,,,,Adopted on the General Consent Report,2020-06-24,true,auto_ok,sonnet-agent,enrich.v5.md,true,
2020-06-24:20-1157,2020-06-24,2020-06-24,regular,P.-51,99,general,Chief Academic Officer,20-1157,https://ousd.legistar.com/gateway.aspx?M=L&ID=49745,Memorandum of Understanding - East Bay Agency for Children - After School Program - Rise Community School,"Approval by the Board of Education of Memorandum of Understanding between the District and East Bay Agency for Children, Oakland, CA, for the latter to serve as lead agency for program coordination, math intervention, homework support, student supervision and a variety of enrichment services, as described in the MOU, for Rise Community School’s comprehensive After School Program, for the period of August 1, 2020 through July 31, 2021, in an amount not to exceed $117,232.00.",Agreement or Contract,Chief Academic Officer,001473,v-001473,After School Education and Safety (ASES) Grant; After School Education and Safety (ASES) Kids Code Grant,"Pays East Bay Agency for Children up to $117,232 to run the after-school program at Rise Community School","The district would pay East Bay Agency for Children up to $117,232 to lead the after-school program at Rise Community School. The work covers program coordination, math help, homework support, student supervision and enrichment activities. This memorandum of understanding (MOU) runs from August 1, 2020 through July 31, 2021 and is funded by the After School Education and Safety (ASES) Grant; After School Education and Safety (ASES) Kids Code Grant.",After-school & summer programs,,new_agreement,East Bay Agency for Children,organization,Rise Community School,expense,not_to_exceed,117232,,,,,true,2020-08-01,2021-07-31,,,,Adopted on the General Consent Report,2020-06-24,true,auto_ok,sonnet-agent,enrich.v5.md,true,
2020-06-24:20-1160,2020-06-24,2020-06-24,regular,P.-52,100,general,Chief Academic Officer,20-1160,https://ousd.legistar.com/gateway.aspx?M=L&ID=49748,Memorandum of Understanding - East Bay Asian Youth Center - After School Program - Edna Brewer Middle School,"Approval by the Board of Education of Memorandum of Understanding between the District and East Bay Asian Youth Center, Oakland, CA, for the latter to serve as lead agency for program coordination, math intervention, homework support, student supervision and a variety of enrichment services, as described in the MOU, for Edna Brewer Middle School’s comprehensive After School Program, for the period of August 1, 2020 through July 31, 2021, in an amount not to exceed $146,897.00.",Agreement or Contract,Chief Academic Officer,001474,v-001474,After School Education and Safety (ASES) Grant,"Pays East Bay Asian Youth Center up to $146,897 to run the after-school program at Edna Brewer Middle School","The district would pay East Bay Asian Youth Center up to $146,897 to lead the after-school program at Edna Brewer Middle School. The work covers program coordination, math help, homework support, student supervision and enrichment activities. This memorandum of understanding (MOU) runs from August 1, 2020 through July 31, 2021 and is funded by the After School Education and Safety (ASES) Grant.",After-school & summer programs,,new_agreement,East Bay Asian Youth Center,organization,Edna Brewer Middle School,expense,not_to_exceed,146897,,,,,true,2020-08-01,2021-07-31,,,,Adopted on the General Consent Report,2020-06-24,true,auto_ok,sonnet-agent,enrich.v5.md,true,
2020-06-24:20-1161,2020-06-24,2020-06-24,regular,P.-53,101,general,Chief Academic Officer,20-1161,https://ousd.legistar.com/gateway.aspx?M=L&ID=49749,Memorandum of Understanding - East Bay Asian Youth Center - After School Program - Franklin Elementary School,"Approval by the Board of Education of Memorandum of Understanding between the District and East Bay Asian Youth Center, Oakland, CA, for the latter to serve as lead agency for program coordination, math intervention, homework support, student supervision and a variety of enrichment services, as described in the MOU, for Franklin Elementary School’s comprehensive After School Program, for the period of August 1, 2020 through July 31, 2021, in an amount not to exceed $157,937.00.",Agreement or Contract,Chief Academic Officer,001474,v-001474,After School Education and Safety (ASES) Grant,"Pays East Bay Asian Youth Center up to $157,937 to run the after-school program at Franklin Elementary School","The district would pay East Bay Asian Youth Center up to $157,937 to lead the after-school program at Franklin Elementary School. The work covers program coordination, math help, homework support, student supervision and enrichment activities. This memorandum of understanding (MOU) runs from August 1, 2020 through July 31, 2021 and is funded by the After School Education and Safety (ASES) Grant.",After-school & summer programs,,new_agreement,East Bay Asian Youth Center,organization,Franklin Elementary School,expense,not_to_exceed,157937,,,,,true,2020-08-01,2021-07-31,,,,Adopted on the General Consent Report,2020-06-24,true,auto_ok,sonnet-agent,enrich.v5.md,true,
2020-06-24:20-1162,2020-06-24,2020-06-24,regular,P.-54,102,general,Chief Academic Officer,20-1162,https://ousd.legistar.com/gateway.aspx?M=L&ID=49750,"Amendment No. 1, Professional Services Contract - Ashley Flores - High School Linked Learning Department","Ratification by the Board of Education of Amendment No. 1, Professional Services Contract between the District and Ashley Flores, Oakland, CA, for the latter to provide additional of service to manage a larger caseload at Oakland International and Oakland High School; train the Alternative Education staff person who supports students with attendance and graduation, for the period of April 20, 2020 through June 30, 2020, in the additional amount of $10,000.00, increasing the Contract not to exceed amount from $10,000.00 to to $20,000.00.  All other terms and conditions of the Agreement remain in full force and effect.",Agreement or Contract,Chief Academic Officer,006218,v-006218,K12 Strong Workforce Grant,"Ratifies a $10,000 increase, to $20,000, for a contractor serving two Oakland high schools","The district would add $10,000 to a professional services contract with Ashley Flores, raising the limit from $10,000 to $20,000. The added work covers a larger caseload at Oakland International and Oakland High School and training for the staff person who supports attendance and graduation in Alternative Education. The extra work period is April 20 through June 30, 2020, so it began before the board's approval.",Classroom & academic programs,,amendment,Ashley Flores,individual,Oakland International High School; Oakland High School,expense,not_to_exceed,10000,,,10000,20000,true,2020-04-20,2020-06-30,after_work_began; raises_existing_contract; large_increase,,,Adopted on the General Consent Report,2020-06-24,true,auto_ok,sonnet-agent,enrich.v5.md,true,
2020-06-24:20-1164,2020-06-24,2020-06-24,regular,P.-55,103,general,Chief Academic Officer,20-1164,https://ousd.legistar.com/gateway.aspx?M=L&ID=49752,Memorandum of Understanding - Safe Passages - After School Program - Laurel Elementary School,"Approval by the Board of Education of Memorandum of Understanding between the District and Safe Passages, Oakland, CA, for the latter to serve as lead agency for program coordination, math intervention, homework support, student supervision and a variety of enrichment services, as described in the MOU, for Laurel Elementary School’s comprehensive After School Program, for the period of August 1, 2020 through July 31, 2021, in an amount not to exceed $111,269.00.",Agreement or Contract,Chief Academic Officer,003729,v-003729,After School Education and Safety (ASES) Grant,"Pays Safe Passages up to $111,269 to run the after-school program at Laurel Elementary School","The district would pay Safe Passages up to $111,269 to lead the after-school program at Laurel Elementary School. The work covers program coordination, math help, homework support, student supervision and enrichment activities. This memorandum of understanding (MOU) runs from August 1, 2020 through July 31, 2021 and is funded by the After School Education and Safety (ASES) Grant.",After-school & summer programs,,new_agreement,Safe Passages,organization,Laurel Elementary School,expense,not_to_exceed,111269,,,,,true,2020-08-01,2021-07-31,,,,Adopted on the General Consent Report,2020-06-24,true,auto_ok,sonnet-agent,enrich.v5.md,true,
2020-06-24:20-1166,2020-06-24,2020-06-24,regular,P.-56,104,general,Chief Academic Officer,20-1166,https://ousd.legistar.com/gateway.aspx?M=L&ID=49754,Memorandum of Understanding - East Bay Asian Youth Center - After School Program - Oakland High School,"Approval by the Board of Education of Memorandum of Understanding between the District and East Bay Asian Youth Center, Oakland, CA, for the latter to serve as lead agency for program coordination, math intervention, homework support, student supervision and a variety of enrichment services, as described in the MOU, for Oakland High School’s comprehensive After School Program, for the period of July 1, 2020 through June 30, 2021, in an amount not to exceed $191,784.00.",Agreement or Contract,Chief Academic Officer,001474,v-001474,21st Century High School After School Safety and Enrichment for Teens (ASSETs) Grant,"Pays East Bay Asian Youth Center up to $191,784 to run the after-school program at Oakland High School","The district would pay East Bay Asian Youth Center up to $191,784 to lead the after-school program at Oakland High School. The work covers program coordination, math help, homework support, student supervision and enrichment activities. This memorandum of understanding (MOU) runs from July 1, 2020 through June 30, 2021 and is funded by the 21st Century High School After School Safety and Enrichment for Teens (ASSETs) Grant.",After-school & summer programs,,new_agreement,East Bay Asian Youth Center,organization,Oakland High School,expense,not_to_exceed,191784,,,,,true,2020-07-01,2021-06-30,,,,Adopted on the General Consent Report,2020-06-24,true,auto_ok,sonnet-agent,enrich.v5.md,true,
2020-06-24:20-1168,2020-06-24,2020-06-24,regular,P.-57,105,general,Chief Academic Officer,20-1168,https://ousd.legistar.com/gateway.aspx?M=L&ID=49756,Memorandum of Understanding - East Bay Agency for Children - After School Program - Peralta Elementary School,"Approval by the Board of Education of Memorandum of Understanding between the District and East Bay Agency for Children, Oakland, CA, for the latter to serve as lead agency for program coordination, math intervention, homework support, student supervision and a variety of enrichment services, as described in the MOU, for Peralta Elementary School’s comprehensive After School Program, for the period of August 1, 2020 through July 31, 2021, in an amount not to exceed $114,382.00.",Agreement or Contract,Chief Academic Officer,001473,v-001473,After School Education and Safety (ASES) Grant,"Pays East Bay Agency for Children up to $114,382 to run the after-school program at Peralta Elementary School","The district would pay East Bay Agency for Children up to $114,382 to lead the after-school program at Peralta Elementary School. The work covers program coordination, math help, homework support, student supervision and enrichment activities. This memorandum of understanding (MOU) runs from August 1, 2020 through July 31, 2021 and is funded by the After School Education and Safety (ASES) Grant.",After-school & summer programs,,new_agreement,East Bay Agency for Children,organization,Peralta Elementary School,expense,not_to_exceed,114382,,,,,true,2020-08-01,2021-07-31,,,,Adopted on the General Consent Report,2020-06-24,true,auto_ok,sonnet-agent,enrich.v5.md,true,
2020-06-24:20-1190,2020-06-24,2020-06-24,regular,P.-58,106,general,Chief Academic Officer,20-1190,https://ousd.legistar.com/gateway.aspx?M=L&ID=49778,Memorandum of Understanding - East Bay Asian Youth Center - After School Program - Oakland International High School,"Approval by the Board of Education of Memorandum of Understanding between the District and East Bay Asian Youth Center, Oakland, CA, for the latter to serve as lead agency for program coordination, math intervention, homework support, student supervision and a variety of enrichment services, as described in the MOU, for Oakland International High School’s comprehensive After School Program, for the period of July 1, 2020 through June 30, 2021, in an amount not to exceed $166,863.00.",Agreement or Contract,Chief Academic Officer,001474,v-001474,21st Century High School After School Safety and Enrichment for Teens (ASSETs) Grant,"Pays East Bay Asian Youth Center up to $166,863 for after-school care at Oakland International High School","The district would pay East Bay Asian Youth Center up to $166,863 to lead the after-school program at Oakland International High School. The work covers program coordination, math help, homework support, student supervision and enrichment activities. This memorandum of understanding (MOU) runs from July 1, 2020 through June 30, 2021 and is funded by the 21st Century High School After School Safety and Enrichment for Teens (ASSETs) Grant.",After-school & summer programs,,new_agreement,East Bay Asian Youth Center,organization,Oakland International High School,expense,not_to_exceed,166863,,,,,true,2020-07-01,2021-06-30,,,,Adopted on the General Consent Report,2020-06-24,true,auto_ok,sonnet-agent,enrich.v5.md,true,
2020-06-24:20-1191,2020-06-24,2020-06-24,regular,P.-59,107,general,Chief Academic Officer,20-1191,https://ousd.legistar.com/gateway.aspx?M=L&ID=49779,Memorandum of Understanding - Bay Area Community Resources - After School Program - Prescott Elementary School,"Approval by the Board of Education of Memorandum of Understanding between the District and Bay Area Community Resources, San Rafael, CA, for the latter to serve as lead agency for program coordination, math intervention, homework support, student supervision and a variety of enrichment services, as described in the MOU, for Prescott Elementary School’s comprehensive After School Program, for the period of August 1, 2020 through July 31, 2021, in an amount not to exceed $110,282.00.",Agreement or Contract,Chief Academic Officer,000624,v-000624,After School Education and Safety (ASES) Grant,"Pays Bay Area Community Resources up to $110,282 to run the after-school program at Prescott Elementary School","The district would pay Bay Area Community Resources up to $110,282 to lead the after-school program at Prescott Elementary School. The work covers program coordination, math help, homework support, student supervision and enrichment activities. This memorandum of understanding (MOU) runs from August 1, 2020 through July 31, 2021 and is funded by the After School Education and Safety (ASES) Grant.",After-school & summer programs,,new_agreement,Bay Area Community Resources,organization,Prescott Elementary School,expense,not_to_exceed,110282,,,,,true,2020-08-01,2021-07-31,,,,Adopted on the General Consent Report,2020-06-24,true,auto_ok,sonnet-agent,enrich.v5.md,true,
2020-06-24:20-1192,2020-06-24,2020-06-24,regular,P.-60,108,general,Chief Academic Officer,20-1192,https://ousd.legistar.com/gateway.aspx?M=L&ID=49780,Memorandum of Understanding - Oakland Leaf Foundation - After School Program - EnCompass Academy,"Approval by the Board of Education of Memorandum of Understanding between the District and Oakland Leaf Foundation, Oakland, CA, for the latter to serve as lead agency for program coordination, math intervention, homework support, student supervision and a variety of enrichment services, as described in the MOU, for EnCompass Academy’s comprehensive After School Program, for the period of August 1, 2020 through July 31, 2021, in an amount not to exceed $104,998.00.",Agreement or Contract,Chief Academic Officer,003138,v-003138,After School Education and Safety (ASES) Grant,"Pays Oakland Leaf Foundation up to $104,998 to run the after-school program at EnCompass Academy","The district would pay Oakland Leaf Foundation up to $104,998 to lead the after-school program at EnCompass Academy. The work covers program coordination, math help, homework support, student supervision and enrichment activities. This memorandum of understanding (MOU) runs from August 1, 2020 through July 31, 2021 and is funded by the After School Education and Safety (ASES) Grant.",After-school & summer programs,,new_agreement,Oakland Leaf Foundation,organization,EnCompass Academy,expense,not_to_exceed,104998,,,,,true,2020-08-01,2021-07-31,,,,Adopted on the General Consent Report,2020-06-24,true,auto_ok,sonnet-agent,enrich.v5.md,true,
2020-06-24:20-1193,2020-06-24,2020-06-24,regular,P.-61,109,general,Chief Academic Officer,20-1193,https://ousd.legistar.com/gateway.aspx?M=L&ID=49781,Memorandum of Understanding - Citizen Schools - After School Program - Greenleaf Elementary School,"Approval by the Board of Education of Memorandum of Understanding between the District and Citizen Schools, Redwood City, CA, for the latter to serve as lead agency for program coordination, math intervention, homework support, student supervision and a variety of enrichment services, as described in the MOU, for Greenleaf Elementary School’s comprehensive After School Program, for the period of August 1, 2020 through July 31, 2021, in an amount not to exceed $106,169.00.",Agreement or Contract,Chief Academic Officer,001075,v-001075,21st Century Community Learning Centers,"Pays Citizen Schools up to $106,169 for an after-school program","The district would pay Citizen Schools of Redwood City, CA up to $106,169 to serve as lead agency for the after-school program at program coordination, math intervention, homework support, student supervision and a variety of enrichment services, as described in the MOU, for Greenleaf Elementary School. The memorandum of understanding (MOU) covers program coordination, math intervention, homework support, student supervision and enrichment services for the period August 1, 2020 through July 31, 2021.",After-school & summer programs,,new_agreement,Citizen Schools,organization,"program coordination, math intervention, homework support, student supervision and a variety of enrichment services, as described in the MOU, for Greenleaf Elementary School",expense,not_to_exceed,106169,,,,,true,2020-08-01,2021-07-31,,,,Adopted on the General Consent Report,2020-06-24,true,auto_ok,sonnet-agent,enrich.v5.md,true,
2020-06-24:20-1198,2020-06-24,2020-06-24,regular,P.-62,110,general,Chief Academic Officer,20-1198,https://ousd.legistar.com/gateway.aspx?M=L&ID=49786,"Memorandum of Understanding - Love, Learn, Success - After School Program - Melrose Leadership Academy","Approval by the Board of Education of Memorandum of Understanding between the District and Love, Learn, Success, Vallejo, CA, for the latter to serve as lead agency for program coordination, math intervention, homework support, student supervision and a variety of enrichment services, as described in the MOU, for Melrose Leadership Academy’s comprehensive After School Program, for the period of August 1, 2020 through July 31, 2021, in an amount not to exceed $108,121.00.",Agreement or Contract,Chief Academic Officer,004421,v-004421,After School Education and Safety (ASES) Grant,"Pays Love, Learn, Success up to $108,121 for an after-school program","The district would pay Love, Learn, Success of Vallejo, CA up to $108,121 to serve as lead agency for the after-school program at program coordination, math intervention, homework support, student supervision and a variety of enrichment services, as described in the MOU, for Melrose Leadership Academy. The memorandum of understanding (MOU) covers program coordination, math intervention, homework support, student supervision and enrichment services for the period August 1, 2020 through July 31, 2021.",After-school & summer programs,,new_agreement,"Love, Learn, Success",organization,"program coordination, math intervention, homework support, student supervision and a variety of enrichment services, as described in the MOU, for Melrose Leadership Academy",expense,not_to_exceed,108121,,,,,true,2020-08-01,2021-07-31,,,,Adopted on the General Consent Report,2020-06-24,true,auto_ok,sonnet-agent,enrich.v5.md,true,
2020-06-24:20-1199,2020-06-24,2020-06-24,regular,P.-63,111,general,Chief Academic Officer,20-1199,https://ousd.legistar.com/gateway.aspx?M=L&ID=49787,Memorandum of Understanding - East Bay Agency for Children - After School Program - Sequoia Elementary School,"Approval by the Board of Education of Memorandum of Understanding between the District and East Bay Agency for Children, Oakland, CA, for the latter to serve as lead agency for program coordination, math intervention, homework support, student supervision and a variety of enrichment services, as described in the MOU, for Sequoia Elementary School’s comprehensive After School Program, for the period of August 1, 2020 through July 31, 2021, in an amount not to exceed $111,892.00.",Agreement or Contract,Chief Academic Officer,001473,v-001473,After School Education and Safety (ASES) Grant,"Pays East Bay Agency for Children up to $111,892 for an after-school program","The district would pay East Bay Agency for Children of Oakland, CA up to $111,892 to serve as lead agency for the after-school program at program coordination, math intervention, homework support, student supervision and a variety of enrichment services, as described in the MOU, for Sequoia Elementary School. The memorandum of understanding (MOU) covers program coordination, math intervention, homework support, student supervision and enrichment services for the period August 1, 2020 through July 31, 2021.",After-school & summer programs,,new_agreement,East Bay Agency for Children,organization,"program coordination, math intervention, homework support, student supervision and a variety of enrichment services, as described in the MOU, for Sequoia Elementary School",expense,not_to_exceed,111892,,,,,true,2020-08-01,2021-07-31,,,,Adopted on the General Consent Report,2020-06-24,true,auto_ok,sonnet-agent,enrich.v5.md,true,
2020-06-24:20-1200,2020-06-24,2020-06-24,regular,P.-64,112,general,Chief Academic Officer,20-1200,https://ousd.legistar.com/gateway.aspx?M=L&ID=49788,Memorandum of Understanding - East Bay Asian Youth Center - After School Program - MetWest High School,"Approval by the Board of Education of Memorandum of Understanding between the District and East Bay Asian Youth Center, Oakland, CA, for the latter to serve as lead agency for program coordination, math intervention, homework support, student supervision and a variety of enrichment services, as described in the MOU, for MetWest High School’s comprehensive After School Program, for the period of July 1, 2020 through June 30, 2021, in an amount not to exceed $190,680.00.",Agreement or Contract,Chief Academic Officer,001474,v-001474,21st Century High School After School Safety and Enrichment for Teens (ASSETs) Grant,"Pays East Bay Asian Youth Center up to $190,680 for an after-school program","The district would pay East Bay Asian Youth Center of Oakland, CA up to $190,680 to serve as lead agency for the after-school program at program coordination, math intervention, homework support, student supervision and a variety of enrichment services, as described in the MOU, for MetWest High School. The memorandum of understanding (MOU) covers program coordination, math intervention, homework support, student supervision and enrichment services for the period July 1, 2020 through June 30, 2021.",After-school & summer programs,,new_agreement,East Bay Asian Youth Center,organization,"program coordination, math intervention, homework support, student supervision and a variety of enrichment services, as described in the MOU, for MetWest High School",expense,not_to_exceed,190680,,,,,true,2020-07-01,2021-06-30,,,,Adopted on the General Consent Report,2020-06-24,true,auto_ok,sonnet-agent,enrich.v5.md,true,
2020-06-24:20-1201,2020-06-24,2020-06-24,regular,P.-65,113,general,Chief Academic Officer,20-1201,https://ousd.legistar.com/gateway.aspx?M=L&ID=49789,Memorandum of Understanding - Bay Area Community Resources - After School Program - Howard Elementary School,"Approval by the Board of Education of Memorandum of Understanding between the District and Bay Area Community Resources, San Rafael, CA, for the latter to serve as lead agency for program coordination, math intervention, homework support, student supervision and a variety of enrichment services, as described in the MOU, for Howard Elementary School’s comprehensive After School Program, for the period of August 1, 2020 through July 31, 2021, in an amount not to exceed $111,269.00.",Agreement or Contract,Chief Academic Officer,000624,v-000624,After School Education and Safety (ASES) Grant,"Pays Bay Area Community Resources up to $111,269 for an after-school program","The district would pay Bay Area Community Resources of San Rafael, CA up to $111,269 to serve as lead agency for the after-school program at program coordination, math intervention, homework support, student supervision and a variety of enrichment services, as described in the MOU, for Howard Elementary School. The memorandum of understanding (MOU) covers program coordination, math intervention, homework support, student supervision and enrichment services for the period August 1, 2020 through July 31, 2021.",After-school & summer programs,,new_agreement,Bay Area Community Resources,organization,"program coordination, math intervention, homework support, student supervision and a variety of enrichment services, as described in the MOU, for Howard Elementary School",expense,not_to_exceed,111269,,,,,true,2020-08-01,2021-07-31,,,,Adopted on the General Consent Report,2020-06-24,true,auto_ok,sonnet-agent,enrich.v5.md,true,
2020-06-24:20-1202,2020-06-24,2020-06-24,regular,P.-66,114,general,Chief Academic Officer,20-1202,https://ousd.legistar.com/gateway.aspx?M=L&ID=49790,Memorandum of Understanding - Safe Passages - After School Program - United for Success Academy,"Approval by the Board of Education of Memorandum of Understanding between the District and Bay Area Community Resources, San Rafael, CA, for the latter to serve as lead agency for program coordination, math intervention, homework support, student supervision and a variety of enrichment services, as described in the MOU, for United for Success Academy’s comprehensive After School Program, for the period of August 1, 2020 through July 31, 2021, in an amount not to exceed $192,343.00.",Agreement or Contract,Chief Academic Officer,003729,v-003729,After School Education and Safety (ASES) Grant; 21st Century Community Learning Centers Grant,"Pays Bay Area Community Resources up to $192,343 for an after-school program","The district would pay Bay Area Community Resources of San Rafael, CA up to $192,343 to serve as lead agency for the after-school program at program coordination, math intervention, homework support, student supervision and a variety of enrichment services, as described in the MOU, for United for Success Academy. The memorandum of understanding (MOU) covers program coordination, math intervention, homework support, student supervision and enrichment services for the period August 1, 2020 through July 31, 2021.",After-school & summer programs,,new_agreement,Bay Area Community Resources,organization,"program coordination, math intervention, homework support, student supervision and a variety of enrichment services, as described in the MOU, for United for Success Academy",expense,not_to_exceed,192343,,,,,true,2020-08-01,2021-07-31,source_issue,"The title names Safe Passages, but the action text names Bay Area Community Resources as the contracting party and lead agency.",,Adopted on the General Consent Report,2020-06-24,true,auto_ok,sonnet-agent,enrich.v5.md,true,
2020-06-24:20-1205,2020-06-24,2020-06-24,regular,P.-67,115,general,Chief Academic Officer,20-1205,https://ousd.legistar.com/gateway.aspx?M=L&ID=49793,Memorandum of Understanding - Oakland Leaf Foundation - After School Program - International Community School,"Approval by the Board of Education of Memorandum of Understanding between the District and Oakland Leaf Foundation, Oakland, CA, for the latter to serve as lead agency for program coordination, math intervention, homework support, student supervision and a variety of enrichment services, as described in the MOU, for International Community School’s comprehensive After School Program, for the period of August 1, 2020 through July 31, 2021, in an amount not to exceed $104,997.00.",Agreement or Contract,Chief Academic Officer,003138,v-003138,After School Education and Safety (ASES) Grant,"Pays Oakland Leaf Foundation up to $104,997 for an after-school program","The district would pay Oakland Leaf Foundation of Oakland, CA up to $104,997 to serve as lead agency for the after-school program at program coordination, math intervention, homework support, student supervision and a variety of enrichment services, as described in the MOU, for International Community School. The memorandum of understanding (MOU) covers program coordination, math intervention, homework support, student supervision and enrichment services for the period August 1, 2020 through July 31, 2021.",After-school & summer programs,,new_agreement,Oakland Leaf Foundation,organization,"program coordination, math intervention, homework support, student supervision and a variety of enrichment services, as described in the MOU, for International Community School",expense,not_to_exceed,104997,,,,,true,2020-08-01,2021-07-31,,,,Adopted on the General Consent Report,2020-06-24,true,auto_ok,sonnet-agent,enrich.v5.md,true,
2020-06-24:20-1208,2020-06-24,2020-06-24,regular,P.-68,116,general,Chief Academic Officer,20-1208,https://ousd.legistar.com/gateway.aspx?M=L&ID=49796,Memorandum of Understanding - East Bay Asian Youth Center - After School Program - Frick Impact Academy,"Approval by the Board of Education of Memorandum of Understanding between the District and East Bay Asian Youth Center, Oakland, CA, for the latter to serve as lead agency for program coordination, math intervention, homework support, student supervision and a variety of enrichment services, as described in the MOU, for Frick Impact Academy’s comprehensive After School Program, for the period of August 1, 2020 through July 31, 2021, in an amount not to exceed $125,985.00.",Agreement or Contract,Chief Academic Officer,001474,v-001474,After School Education and Safety (ASES) Grant; After School Education and Safety (ASES) Kids Code Grant,"Pays East Bay Asian Youth Center up to $125,985 for an after-school program","The district would pay East Bay Asian Youth Center of Oakland, CA up to $125,985 to serve as lead agency for the after-school program at program coordination, math intervention, homework support, student supervision and a variety of enrichment services, as described in the MOU, for Frick Impact Academy. The memorandum of understanding (MOU) covers program coordination, math intervention, homework support, student supervision and enrichment services for the period August 1, 2020 through July 31, 2021.",After-school & summer programs,,new_agreement,East Bay Asian Youth Center,organization,"program coordination, math intervention, homework support, student supervision and a variety of enrichment services, as described in the MOU, for Frick Impact Academy",expense,not_to_exceed,125985,,,,,true,2020-08-01,2021-07-31,,,,Adopted on the General Consent Report,2020-06-24,true,auto_ok,sonnet-agent,enrich.v5.md,true,
2020-06-24:20-1209,2020-06-24,2020-06-24,regular,P.-69,117,general,Chief Academic Officer,20-1209,https://ousd.legistar.com/gateway.aspx?M=L&ID=49797,"Memorandum of Understanding - Bay Area Community Resources - After School Program - Madison Park Academy, Upper Campus","Approval by the Board of Education of Memorandum of Understanding between the District and Bay Area Community Resources, San Rafael, CA, for the latter to serve as lead agency for program coordination, math intervention, homework support, student supervision and a variety of enrichment services, as described in the MOU, for Madison Park Academy Upper Campus’ comprehensive After School Program, for the period of August 1, 2020 through July 31, 2021, in an amount not to exceed $207,795.00.",Agreement or Contract,Chief Academic Officer,000624,v-000624,After School Education and Safety (ASES) Grant; After School Education and Safety (ASES) Kids Code Grant; 21st Century Community Learning Centers Grant,"Pays Bay Area Community Resources up to $207,795 for an after-school program","The district would pay Bay Area Community Resources of San Rafael, CA up to $207,795 to serve as lead agency for the after-school program at program coordination, math intervention, homework support, student supervision and a variety of enrichment services, as described in the MOU, for Madison Park Academy Upper Campus. The memorandum of understanding (MOU) covers program coordination, math intervention, homework support, student supervision and enrichment services for the period August 1, 2020 through July 31, 2021.",After-school & summer programs,,new_agreement,Bay Area Community Resources,organization,"program coordination, math intervention, homework support, student supervision and a variety of enrichment services, as described in the MOU, for Madison Park Academy Upper Campus",expense,not_to_exceed,207795,,,,,true,2020-08-01,2021-07-31,,,,Adopted on the General Consent Report,2020-06-24,true,auto_ok,sonnet-agent,enrich.v5.md,true,
2020-06-24:20-1210,2020-06-24,2020-06-24,regular,P.-70,118,general,Chief Academic Officer,20-1210,https://ousd.legistar.com/gateway.aspx?M=L&ID=49798,Memorandum of Understanding - Ujimaa Foundation - After School Program - Burckhalter Elementary School,"Approval by the Board of Education of Memorandum of Understanding between the District and Ujimaa Foundation, Oakland, CA, for the latter to serve as lead agency for program coordination, math intervention, homework support, student supervision and a variety of enrichment services, as described in the MOU, for Burckhalter Elementary School’s comprehensive After School Program, for the period of August 1, 2020 through July 31, 2021, in an amount not to exceed $99,765.00.",Agreement or Contract,Chief Academic Officer,004421,v-004421,After School Education and Safety (ASES) Grant,"Pays Ujimaa Foundation up to $99,765 for an after-school program","The district would pay Ujimaa Foundation of Oakland, CA up to $99,765 to serve as lead agency for the after-school program at program coordination, math intervention, homework support, student supervision and a variety of enrichment services, as described in the MOU, for Burckhalter Elementary School. The memorandum of understanding (MOU) covers program coordination, math intervention, homework support, student supervision and enrichment services for the period August 1, 2020 through July 31, 2021.",After-school & summer programs,,new_agreement,Ujimaa Foundation,organization,"program coordination, math intervention, homework support, student supervision and a variety of enrichment services, as described in the MOU, for Burckhalter Elementary School",expense,not_to_exceed,99765,,,,,true,2020-08-01,2021-07-31,,,,Adopted on the General Consent Report,2020-06-24,true,auto_ok,sonnet-agent,enrich.v5.md,true,
2020-06-24:20-1212,2020-06-24,2020-06-24,regular,P.-71,119,general,Chief Academic Officer,20-1212,https://ousd.legistar.com/gateway.aspx?M=L&ID=49800,Memorandum of Understanding - Bay Area Community Resources - After School Program - Madison Park Academy Primary Campus,"Approval by the Board of Education of Memorandum of Understanding between the District and Bay Area Community Resources, San Rafael, CA, for the latter to serve as lead agency for program coordination, math intervention, homework support, student supervision and a variety of enrichment services, as described in the MOU, for Madison Park Academy Primary Campus’ comprehensive After School Program, for the period of August 1, 2020 through July 31, 2021, in an amount not to exceed $111,269.00.",Agreement or Contract,Chief Academic Officer,000624,v-000624,After School Education and Safety (ASES) Grant,"Pays Bay Area Community Resources up to $111,269 for an after-school program","The district would pay Bay Area Community Resources of San Rafael, CA up to $111,269 to serve as lead agency for the after-school program at program coordination, math intervention, homework support, student supervision and a variety of enrichment services, as described in the MOU, for Madison Park Academy Primary Campus. The memorandum of understanding (MOU) covers program coordination, math intervention, homework support, student supervision and enrichment services for the period August 1, 2020 through July 31, 2021.",After-school & summer programs,,new_agreement,Bay Area Community Resources,organization,"program coordination, math intervention, homework support, student supervision and a variety of enrichment services, as described in the MOU, for Madison Park Academy Primary Campus",expense,not_to_exceed,111269,,,,,true,2020-08-01,2021-07-31,,,,Adopted on the General Consent Report,2020-06-24,true,auto_ok,sonnet-agent,enrich.v5.md,true,
2020-06-24:20-1213,2020-06-24,2020-06-24,regular,P.-72,120,general,Chief Academic Officer,20-1213,https://ousd.legistar.com/gateway.aspx?M=L&ID=49801,Memorandum of Understanding - East Bay AsianYouth Center - After School Program - Manzanita SEED Elementary School,"Approval by the Board of Education of Memorandum of Understanding between the District and East Bay Asian Youth Center, Oakland, CA, for the latter to serve as lead agency for program coordination, math intervention, homework support, student supervision and a variety of enrichment services, as described in the MOU, for Manzanita SEED Elementary School’s comprehensive After School Program, for the period of August 1, 2020 through July 31, 2021, in an amount not to exceed $111,269.00.",Agreement or Contract,Chief Academic Officer,001474,v-001474,After School Education and Safety (ASES) Grant,"Pays East Bay Asian Youth Center up to $111,269 for an after-school program","The district would pay East Bay Asian Youth Center of Oakland, CA up to $111,269 to serve as lead agency for the after-school program at program coordination, math intervention, homework support, student supervision and a variety of enrichment services, as described in the MOU, for Manzanita SEED Elementary School. The memorandum of understanding (MOU) covers program coordination, math intervention, homework support, student supervision and enrichment services for the period August 1, 2020 through July 31, 2021.",After-school & summer programs,,new_agreement,East Bay Asian Youth Center,organization,"program coordination, math intervention, homework support, student supervision and a variety of enrichment services, as described in the MOU, for Manzanita SEED Elementary School",expense,not_to_exceed,111269,,,,,true,2020-08-01,2021-07-31,,,,Adopted on the General Consent Report,2020-06-24,true,auto_ok,sonnet-agent,enrich.v5.md,true,
2020-06-24:20-1215,2020-06-24,2020-06-24,regular,P.-73,121,general,Chief Academic Officer,20-1215,https://ousd.legistar.com/gateway.aspx?M=L&ID=49803,Memorandum of Understanding - Higher Ground Neighborhood Development Corporation - East Oakland Pride Elementary School,"Approval by the Board of Education of Memorandum of Understanding between the District and Higher Ground Neighborhood Development Corporation, Oakland, CA, for the latter to serve as lead agency for program coordination, math intervention, homework support, student supervision and a variety of enrichment services, as described in the MOU, for East Oakland Pride Elementary School’s comprehensive After School Program, for the period of August 1, 2020 through July 31, 2021, in an amount not to exceed $111,269.00.",Agreement or Contract,Chief Academic Officer,004421,v-004421,After School Education and Safety (ASES) Grant,"Pays Higher Ground Neighborhood Development Corporation up to $111,269 for an after-school program","The district would pay Higher Ground Neighborhood Development Corporation of Oakland, CA up to $111,269 to serve as lead agency for the after-school program at program coordination, math intervention, homework support, student supervision and a variety of enrichment services, as described in the MOU, for East Oakland Pride Elementary School. The memorandum of understanding (MOU) covers program coordination, math intervention, homework support, student supervision and enrichment services for the period August 1, 2020 through July 31, 2021.",After-school & summer programs,,new_agreement,Higher Ground Neighborhood Development Corporation,organization,"program coordination, math intervention, homework support, student supervision and a variety of enrichment services, as described in the MOU, for East Oakland Pride Elementary School",expense,not_to_exceed,111269,,,,,true,2020-08-01,2021-07-31,,,,Adopted on the General Consent Report,2020-06-24,true,auto_ok,sonnet-agent,enrich.v5.md,true,
2020-06-24:20-1217,2020-06-24,2020-06-24,regular,P.-74,122,general,Chief Academic Officer,20-1217,https://ousd.legistar.com/gateway.aspx?M=L&ID=49805,Memorandum of Understanding - East Bay Asian Youth Center - After School Program - Garfield Elementary School,"Approval by the Board of Education of Memorandum of Understanding between the District and East Bay Asian Youth Center, Oakland, CA, for the latter to serve as lead agency for program coordination, math intervention, homework support, student supervision and a variety of enrichment services, as described in the MOU, for Garfield Elementary School’s comprehensive After School Program, for the period of August 1, 2020 through July 31, 2021, in an amount not to exceed $225,423.00.",Agreement or Contract,Chief Academic Officer,001474,v-001474,After School Education and Safety (ASES) Grant,"Pays East Bay Asian Youth Center up to $225,423 for an after-school program","The district would pay East Bay Asian Youth Center of Oakland, CA up to $225,423 to serve as lead agency for the after-school program at program coordination, math intervention, homework support, student supervision and a variety of enrichment services, as described in the MOU, for Garfield Elementary School. The memorandum of understanding (MOU) covers program coordination, math intervention, homework support, student supervision and enrichment services for the period August 1, 2020 through July 31, 2021.",After-school & summer programs,,new_agreement,East Bay Asian Youth Center,organization,"program coordination, math intervention, homework support, student supervision and a variety of enrichment services, as described in the MOU, for Garfield Elementary School",expense,not_to_exceed,225423,,,,,true,2020-08-01,2021-07-31,,,,Adopted on the General Consent Report,2020-06-24,true,auto_ok,sonnet-agent,enrich.v5.md,true,
2020-06-24:20-1218,2020-06-24,2020-06-24,regular,P.-75,123,general,Chief Academic Officer,20-1218,https://ousd.legistar.com/gateway.aspx?M=L&ID=49806,Memorandum of Understanding - East Bay Asian Youth Center - After School Program - Urban Promise Academy,"Approval by the Board of Education of Memorandum of Understanding between the District and East Bay Asian Youth Center, Oakland, CA, for the latter to serve as lead agency for program coordination, math intervention, homework support, student supervision and a variety of enrichment services, as described in the MOU, for Urban Promise Academy’s comprehensive After School Program, for the period of August 1, 2020 through July 31, 2021, in an amount not to exceed $135,306.00.",Agreement or Contract,Chief Academic Officer,001474,v-001474,After School Education and Safety (ASES) Grant,"Pays East Bay Asian Youth Center up to $135,306 for an after-school program","The district would pay East Bay Asian Youth Center of Oakland, CA up to $135,306 to serve as lead agency for the after-school program at program coordination, math intervention, homework support, student supervision and a variety of enrichment services, as described in the MOU, for Urban Promise Academy. The memorandum of understanding (MOU) covers program coordination, math intervention, homework support, student supervision and enrichment services for the period August 1, 2020 through July 31, 2021.",After-school & summer programs,,new_agreement,East Bay Asian Youth Center,organization,"program coordination, math intervention, homework support, student supervision and a variety of enrichment services, as described in the MOU, for Urban Promise Academy",expense,not_to_exceed,135306,,,,,true,2020-08-01,2021-07-31,,,,Adopted on the General Consent Report,2020-06-24,true,auto_ok,sonnet-agent,enrich.v5.md,true,
2020-06-24:20-1221,2020-06-24,2020-06-24,regular,P.-76,124,general,Chief Academic Officer,20-1221,https://ousd.legistar.com/gateway.aspx?M=L&ID=49809,Memorandum of Understanding - East Bay Asian Youth Center - After School Program - Manzanita Community School,"Approval by the Board of Education of Memorandum of Understanding between the District and East Bay Asian Youth Center, Oakland, CA, for the latter to serve as lead agency for program coordination, math intervention, homework support, student supervision and a variety of enrichment services, as described in the MOU, for Manzanita Community School’s comprehensive After School Program, for the period of August 1, 2020 through July 31, 2021, in an amount not to exceed $111,269.00.",Agreement or Contract,Chief Academic Officer,001474,v-001474,After School Education and Safety (ASES) Grant,"Pays East Bay Asian Youth Center up to $111,269 for an after-school program","The district would pay East Bay Asian Youth Center of Oakland, CA up to $111,269 to serve as lead agency for the after-school program at program coordination, math intervention, homework support, student supervision and a variety of enrichment services, as described in the MOU, for Manzanita Community School. The memorandum of understanding (MOU) covers program coordination, math intervention, homework support, student supervision and enrichment services for the period August 1, 2020 through July 31, 2021.",After-school & summer programs,,new_agreement,East Bay Asian Youth Center,organization,"program coordination, math intervention, homework support, student supervision and a variety of enrichment services, as described in the MOU, for Manzanita Community School",expense,not_to_exceed,111269,,,,,true,2020-08-01,2021-07-31,,,,Adopted on the General Consent Report,2020-06-24,true,auto_ok,sonnet-agent,enrich.v5.md,true,
2020-06-24:20-1227,2020-06-24,2020-06-24,regular,P.-77,125,general,Chief Academic Officer,20-1227,https://ousd.legistar.com/gateway.aspx?M=L&ID=49815,Professional Services Contract - Camp Phoenix - Summer Learning Program - Greenleaf Elementary School,"Ratification by the Board of Education of Professional Services Contract between the District and Camp Phoenix, Newark, CA, for the latter to provide daily summer academic support and enrichment to OUSD students who are in need of summer services; collaborate with the summer school site to provide virtual enrichment opportunities to include: physical activity, and support services, 3nabling students to participate in a distance learning summer program; program activities based on youth development quality standards; work collaboratively with the District Summer and After School Programs Offices; conduct outreach for summer student ·recruitment and communicate regularly with families regularly over the summer; fulfill District grant reporting requirements, including submission of summer attendance records; and will maintain communication with the District Summer and After Schools Programs offices to review progress on summer program goals for the Summer Learning Program at Greenleaf Elementary School Hub,  for the period of July 1, 2020 through August 9, 2020, in an amount not to exceed $11,700.00.",Agreement or Contract,Chief Academic Officer,000925,v-000925,21st Century Community Learning Centers Grant,"Ratifies up to $11,700 for Camp Phoenix to run a virtual summer program at Greenleaf Elementary","The board is asked to ratify a contract paying Camp Phoenix of Newark, CA, up to $11,700 to provide daily summer academic support and virtual enrichment for students who need summer services. The vendor will also reach out to families, report attendance and work with the district summer and after-school offices. The contract runs from July 1, 2020 through August 9, 2020.",After-school & summer programs,,new_agreement,Camp Phoenix,organization,Greenleaf Elementary School,expense,not_to_exceed,11700,,,,,true,2020-07-01,2020-08-09,,,,Adopted on the General Consent Report,2020-06-24,true,auto_ok,sonnet-agent,enrich.v5.md,true,
2020-06-24:20-1228,2020-06-24,2020-06-24,regular,P.-78,126,general,Chief Academic Officer,20-1228,https://ousd.legistar.com/gateway.aspx?M=L&ID=49816,Memorandum of Understanding - East Bay Asian Youth Center - After School Program - Roosevelt Middle School,"Approval by the Board of Education of Memorandum of Understanding between the District and East Bay Asian Youth Center, Oakland, CA, for the latter to serve as lead agency for program coordination, math intervention, homework support, student supervision and a variety of enrichment services, as described in the MOU, for Roosevelt Middle School’s comprehensive After School Program, for the period of August 1, 2020 through July 31, 2021, in an amount not to exceed $399,538.00.",Agreement or Contract,Chief Academic Officer,001474,v-001474,After School Education and Safety (ASES) Grant; 21st Century Community Learning Centers Grant,"Pays East Bay Asian Youth Center up to $399,538 for an after-school program","The district would pay East Bay Asian Youth Center of Oakland, CA up to $399,538 to serve as lead agency for the after-school program at program coordination, math intervention, homework support, student supervision and a variety of enrichment services, as described in the MOU, for Roosevelt Middle School. The memorandum of understanding (MOU) covers program coordination, math intervention, homework support, student supervision and enrichment services for the period August 1, 2020 through July 31, 2021.",After-school & summer programs,,new_agreement,East Bay Asian Youth Center,organization,"program coordination, math intervention, homework support, student supervision and a variety of enrichment services, as described in the MOU, for Roosevelt Middle School",expense,not_to_exceed,399538,,,,,true,2020-08-01,2021-07-31,,,,Adopted on the General Consent Report,2020-06-24,true,auto_ok,sonnet-agent,enrich.v5.md,true,
2020-06-24:20-1229,2020-06-24,2020-06-24,regular,P.-79,127,general,Chief Academic Officer,20-1229,https://ousd.legistar.com/gateway.aspx?M=L&ID=49817,Memorandum of Understanding - Bay Area Community Resources - After School Program - Brookfield Elementary School,"Approval by the Board of Education of Memorandum of Understanding between the District and Bay Area Community Resources, San Rafael, CA, for the latter to serve as lead agency for program coordination, math intervention, homework support, student supervision and a variety of enrichment services, as described in the MOU, for Brookfield Elementary School’s comprehensive After School Program, for the period of August 1, 2020 through July 31, 2021, in an amount not to exceed $100,723.00.",Agreement or Contract,Chief Academic Officer,000624,v-000624,After School Education and Safety (ASES) Grant,"Pays Bay Area Community Resources up to $100,723 for an after-school program","The district would pay Bay Area Community Resources of San Rafael, CA up to $100,723 to serve as lead agency for the after-school program at program coordination, math intervention, homework support, student supervision and a variety of enrichment services, as described in the MOU, for Brookfield Elementary School. The memorandum of understanding (MOU) covers program coordination, math intervention, homework support, student supervision and enrichment services for the period August 1, 2020 through July 31, 2021.",After-school & summer programs,,new_agreement,Bay Area Community Resources,organization,"program coordination, math intervention, homework support, student supervision and a variety of enrichment services, as described in the MOU, for Brookfield Elementary School",expense,not_to_exceed,100723,,,,,true,2020-08-01,2021-07-31,,,,Adopted on the General Consent Report,2020-06-24,true,auto_ok,sonnet-agent,enrich.v5.md,true,
2020-06-24:20-1230,2020-06-24,2020-06-24,regular,P.-80,128,general,Chief Academic Officer,20-1230,https://ousd.legistar.com/gateway.aspx?M=L&ID=49818,Memorandum of Understanding - YMCA of the East Bay - After School Program - Reach Academy,"Approval by the Board of Education of Memorandum of Understanding between the District and YMCA of the East Bay, Oakland, CA, for the latter to serve as lead agency for program coordination, math intervention, homework support, student supervision and a variety of enrichment services, as described in the MOU, for Reach Academy’s comprehensive After School Program, for the period of August 1, 2020 through July 31, 2021, in an amount not to exceed $98,725.00.",Agreement or Contract,Chief Academic Officer,004722,v-004722,After School Education and Safety (ASES) Grant,"Pays YMCA of the East Bay up to $98,725 for an after-school program","The district would pay YMCA of the East Bay of Oakland, CA up to $98,725 to serve as lead agency for the after-school program at program coordination, math intervention, homework support, student supervision and a variety of enrichment services, as described in the MOU, for Reach Academy. The memorandum of understanding (MOU) covers program coordination, math intervention, homework support, student supervision and enrichment services for the period August 1, 2020 through July 31, 2021.",After-school & summer programs,,new_agreement,YMCA of the East Bay,organization,"program coordination, math intervention, homework support, student supervision and a variety of enrichment services, as described in the MOU, for Reach Academy",expense,not_to_exceed,98725,,,,,true,2020-08-01,2021-07-31,,,,Adopted on the General Consent Report,2020-06-24,true,auto_ok,sonnet-agent,enrich.v5.md,true,
2020-06-24:20-1232,2020-06-24,2020-06-24,regular,P.-81,129,general,Chief Academic Officer,20-1232,https://ousd.legistar.com/gateway.aspx?M=L&ID=49820,Memorandum of Understanding - Bay Area Community Resources - After School Program - Life Academy,"Approval by the Board of Education of Memorandum of Understanding between the District and Bay Area Community Resources, San Rafael, CA, for the latter to serve as lead agency for program coordination, math intervention, homework support, student supervision and a variety of enrichment services, as described in the MOU, for Life Academy’s comprehensive After School Program, for the period of August 1, 2020 through July 31, 2021, in an amount not to exceed $244,786.00.",Agreement or Contract,Chief Academic Officer,000624,v-000624,After School Education and Safety (ASES) Grant; 21st Century Community Learning Centers Grant,"Pays Bay Area Community Resources up to $244,786 for an after-school program","The district would pay Bay Area Community Resources of San Rafael, CA up to $244,786 to serve as lead agency for the after-school program at program coordination, math intervention, homework support, student supervision and a variety of enrichment services, as described in the MOU, for Life Academy. The memorandum of understanding (MOU) covers program coordination, math intervention, homework support, student supervision and enrichment services for the period August 1, 2020 through July 31, 2021.",After-school & summer programs,,new_agreement,Bay Area Community Resources,organization,"program coordination, math intervention, homework support, student supervision and a variety of enrichment services, as described in the MOU, for Life Academy",expense,not_to_exceed,244786,,,,,true,2020-08-01,2021-07-31,,,,Adopted on the General Consent Report,2020-06-24,true,auto_ok,sonnet-agent,enrich.v5.md,true,
2020-06-24:20-1250,2020-06-24,2020-06-24,regular,P.-82,130,general,Chief Academic Officer,20-1250,https://ousd.legistar.com/gateway.aspx?M=L&ID=49838,Memorandum of Understanding - Bay Area Community Resources - After School Program - Markham Elementary School,"Approval by the Board of Education of Memorandum of Understanding between the District and Bay Area Community Resources, San Rafael, CA, for the latter to serve as lead agency for program coordination, math intervention, homework support, student supervision and a variety of enrichment services, as described in the MOU, for Markham Elementary School’s comprehensive After School Program, for the period of August 1, 2020 through July 31, 2021, in an amount not to exceed $103,871.00.",Agreement or Contract,Chief Academic Officer,000624,v-000624,After School Education and Safety (ASES) Grant; After School Education and Safety (ASES) Kids Code Grant,"Pays Bay Area Community Resources up to $103,871 for an after-school program","The district would pay Bay Area Community Resources of San Rafael, CA up to $103,871 to serve as lead agency for the after-school program at program coordination, math intervention, homework support, student supervision and a variety of enrichment services, as described in the MOU, for Markham Elementary School. The memorandum of understanding (MOU) covers program coordination, math intervention, homework support, student supervision and enrichment services for the period August 1, 2020 through July 31, 2021.",After-school & summer programs,,new_agreement,Bay Area Community Resources,organization,"program coordination, math intervention, homework support, student supervision and a variety of enrichment services, as described in the MOU, for Markham Elementary School",expense,not_to_exceed,103871,,,,,true,2020-08-01,2021-07-31,,,,Adopted on the General Consent Report,2020-06-24,true,auto_ok,sonnet-agent,enrich.v5.md,true,
2020-06-24:20-1251,2020-06-24,2020-06-24,regular,P.-83,131,general,Chief Academic Officer,20-1251,https://ousd.legistar.com/gateway.aspx?M=L&ID=49839,Memorandum of Understanding - Higher Ground Neighborhood Development Corporation - After School Program - Parker Elementary School,"Approval by the Board of Education of Memorandum of Understanding between the District and Higher Ground Neighborhood Development Corporation, Oakland, CA, for the latter to serve as lead agency for program coordination, math intervention, homework support, student supervision and a variety of enrichment services, as described in the MOU, for Parker Elementary School’s comprehensive After School Program, for the period of August 1, 2020 through July 31, 2021, in an amount not to exceed $148,400.00.",Agreement or Contract,Chief Academic Officer,004421,v-004421,After School Education and Safety (ASES) Grant,"Pays Higher Ground Neighborhood Development Corporation up to $148,400 for an after-school program","The district would pay Higher Ground Neighborhood Development Corporation of Oakland, CA up to $148,400 to serve as lead agency for the after-school program at program coordination, math intervention, homework support, student supervision and a variety of enrichment services, as described in the MOU, for Parker Elementary School. The memorandum of understanding (MOU) covers program coordination, math intervention, homework support, student supervision and enrichment services for the period August 1, 2020 through July 31, 2021.",After-school & summer programs,,new_agreement,Higher Ground Neighborhood Development Corporation,organization,"program coordination, math intervention, homework support, student supervision and a variety of enrichment services, as described in the MOU, for Parker Elementary School",expense,not_to_exceed,148400,,,,,true,2020-08-01,2021-07-31,,,,Adopted on the General Consent Report,2020-06-24,true,auto_ok,sonnet-agent,enrich.v5.md,true,
2020-06-24:20-1254,2020-06-24,2020-06-24,regular,P.-84,132,general,Chief Academic Officer,20-1254,https://ousd.legistar.com/gateway.aspx?M=L&ID=49842,Memorandum of Understanding - Ujimaa Foundation - After School Program - Carl Munck Elementary School,"Approval by the Board of Education of Memorandum of Understanding between the District and Ujimaa Foundation, Oakland, CA, for the latter to serve as lead agency for program coordination, math intervention, homework support, student supervision and a variety of enrichment services, as described in the MOU, for Carl Munck Elementary School’s comprehensive After School Program, for the period of August 1, 2020 through July 31, 2021, in an amount not to exceed $47,209.00.",Agreement or Contract,Chief Academic Officer,004421,v-004421,After School Education and Safety (ASES) Grant,"Pays Ujimaa Foundation up to $47,209 for an after-school program","The district would pay Ujimaa Foundation of Oakland, CA up to $47,209 to serve as lead agency for the after-school program at program coordination, math intervention, homework support, student supervision and a variety of enrichment services, as described in the MOU, for Carl Munck Elementary School. The memorandum of understanding (MOU) covers program coordination, math intervention, homework support, student supervision and enrichment services for the period August 1, 2020 through July 31, 2021.",After-school & summer programs,,new_agreement,Ujimaa Foundation,organization,"program coordination, math intervention, homework support, student supervision and a variety of enrichment services, as described in the MOU, for Carl Munck Elementary School",expense,not_to_exceed,47209,,,,,true,2020-08-01,2021-07-31,,,,Adopted on the General Consent Report,2020-06-24,true,auto_ok,sonnet-agent,enrich.v5.md,true,
2020-06-24:20-1263,2020-06-24,2020-06-24,regular,P.-85,133,general,Chief Academic Officer,20-1263,https://ousd.legistar.com/gateway.aspx?M=L&ID=49851,Professional Services Contract - Truce Media LCA - High School Network Office,"Ratification by the Board of Education of a Professional Services Contract between the District and Truce Media LCA, Denver, CO, for the latter to create and live stream a virtual graduation ceremony for 14 High schools for the High School Network, as described in the Scope of Work, incorporated herein by reference as though fully set forth, via High School Network Office, for the period of May 8, 2020 through June 30, 2020, in an amount not to exceed $47,420.00.",Agreement or Contract,Chief Academic Officer,006653,v-006653,Central Office Supplemental Fund,"Ratifies up to $47,420 for Truce Media to stream virtual graduations for 14 high schools","The board is asked to ratify a contract paying Truce Media LCA of Denver, CO, up to $47,420 to create and live stream a virtual graduation ceremony for 14 high schools. The contract period began May 8, 2020 and ends June 30, 2020, so the work started before the board vote.",Classroom & academic programs,,new_agreement,Truce Media LCA,organization,,expense,not_to_exceed,47420,,,,,true,2020-05-08,2020-06-30,after_work_began,,,Adopted on the General Consent Report,2020-06-24,true,auto_ok,sonnet-agent,enrich.v5.md,true,
2020-06-24:20-1268,2020-06-24,2020-06-24,regular,P.-86,134,general,Chief Academic Officer,20-1268,https://ousd.legistar.com/gateway.aspx?M=L&ID=49856,Memorandum of Understanding - East Bay Agency for Children - After School Program - New Highland Academy,"Approval by the Board of Education of Memorandum of Understanding between the District and East Bay Agency for Children, Oakland, CA, for the latter to serve as lead agency for program coordination, math intervention, homework support, student supervision and a variety of enrichment services, as described in the MOU, for New Highland Academy’s comprehensive After School Program, for the period of August 1, 2020 through July 31, 2021, in an amount not to exceed $111,269.00.",Agreement or Contract,Chief Academic Officer,001473,v-001473,After School Education and Safety (ASES) Grant,"Pays East Bay Agency for Children up to $111,269 for an after-school program","The district would pay East Bay Agency for Children of Oakland, CA up to $111,269 to serve as lead agency for the after-school program at program coordination, math intervention, homework support, student supervision and a variety of enrichment services, as described in the MOU, for New Highland Academy. The memorandum of understanding (MOU) covers program coordination, math intervention, homework support, student supervision and enrichment services for the period August 1, 2020 through July 31, 2021.",After-school & summer programs,,new_agreement,East Bay Agency for Children,organization,"program coordination, math intervention, homework support, student supervision and a variety of enrichment services, as described in the MOU, for New Highland Academy",expense,not_to_exceed,111269,,,,,true,2020-08-01,2021-07-31,,,,Adopted on the General Consent Report,2020-06-24,true,auto_ok,sonnet-agent,enrich.v5.md,true,
2020-06-24:20-1302,2020-06-24,2020-06-24,regular,P.-87,135,general,Chief Academic Officer,20-1302,https://ousd.legistar.com/gateway.aspx?M=L&ID=49890,"COVID Amendment – NonPublic, Nonsectarian School/Agency Services Master Contract – Resolution No. 1920-0151 – Named Contractor - Special Education Department","Adoption by the Board of Education of COVID Amendment by and between District and
§	La Cheim School, Inc., El Sobrante, CA; and
§	Star Academy, San Rafael, CA
amending Non-Public School/Agency Master Contract Resolution No. 1920-0151, (Legislative File Id No. 19-1716, Enactment No 19-1376, adopted September 11, 2019), in part, pertaining only to the Contract with named vendor, necessary in light of the COVID-19 Pandemic and the shelter-in-place order issued by the Alameda County Public Health Officer, and/or other authorities within and without California, modifying, among other provisions, the Scope of Work, enabling the vendor to provide the services described in the original Contract - Scope of Work - by any means that are consistent with COVID-19-related local, state, and federal orders (including providing the services virtually), as long as the District agrees in writing and adding a requirement for more information to be provided in an Invoice, and authoring no additional costs for said services. All other terms and conditions of the Contract remain in full force and effect.",Agreement or Contract,Chief Academic Officer,,n-la-cheim-school-star-academy,No Fiscal Impact,Lets two nonpublic special-education schools serve students virtually at no added cost,"This amends the district’s master contract with nonpublic schools and agencies for two named vendors, La Cheim School and Star Academy. Because of the COVID-19 pandemic, they may deliver services by any means allowed under health orders, including virtually, if the district agrees in writing, and invoices must include more information. There is no additional cost, and all other contract terms stay the same.",Special education,Nonpublic schools & agencies,amendment,"La Cheim School, Inc.; Star Academy",organization,,no_cost,,,,,,,true,,,,,,Adopted on the General Consent Report,2020-06-24,true,auto_ok,sonnet-agent,enrich.v5.md,true,
2020-06-24:20-1272,2020-06-24,2020-06-24,regular,P.-88,136,general,Chief Academic Officer,20-1272,https://ousd.legistar.com/gateway.aspx?M=L&ID=49860,Grant Award - California Department of Education - Career Technical Education Incentive Grant - High Schools Linked Learning Department,"Acceptance by the Board of Education of a Career Technical Education (CTE) Initiative Grant Award from the California Department of Education, for the District to support CTE Programming through Linked Learning Pathways across high schools (AO-400), CDE Grant Number: 19-25437-61259-00, in the amount of $1,320,845.00, for purpose described in the attachment, for the period of July 1, 2019 through December 31, 2021, pursuant to the terms and conditions thereof.",Application,Chief Academic Officer,,n-california-department-of-education,"California Department of Education, Career Technical Education Incentive Grant",Accepts $1.32M from the state for career technical education pathways in high schools,"The district would accept a $1,320,845 Career Technical Education (CTE) grant from the California Department of Education. The money supports CTE programs through Linked Learning pathways across high schools. The grant period runs from July 1, 2019 through December 31, 2021.",Classroom & academic programs,,grant_or_funding_in,California Department of Education,organization,,revenue,fixed,1320845,,,,,true,2019-07-01,2021-12-31,after_work_began; multi_year,,,Adopted on the General Consent Report,2020-06-24,true,auto_ok,sonnet-agent,enrich.v5.md,true,
2020-06-24:20-1281,2020-06-24,2020-06-24,regular,P.-89,137,general,Chief Academic Officer,20-1281,https://ousd.legistar.com/gateway.aspx?M=L&ID=49869,Grant Award - California Department of Education - California Partnership Academies (CPA) Program - Oakland High School Public Health and Policy Academy - High School Linked Learning Office,"Acceptance by the Board of Education of a California Partnership Academies (CPA) Program: Career Technical Education Initiative Grant Award from the California Department of Education, for the Oakland High School Public Health and Policy Academy (11032), CDE Grant Number: 19-25220-61259-02, in the amount of $81,000.00, for purpose described in the attachment, for the period of July 1, 2019 through June 30, 2021, pursuant to the terms and conditions thereof.",Application,Chief Academic Officer,,n-california-department-of-education,"California Department of Education, Career Technical Education Initiative Grant","Accepts $81,000 from the state for the Oakland High School Public Health and Policy Academy","The district would accept an $81,000 California Partnership Academies grant from the California Department of Education for the Oakland High School Public Health and Policy Academy, a career technical education program. The grant period runs from July 1, 2019 through June 30, 2021.",Classroom & academic programs,,grant_or_funding_in,California Department of Education,organization,Oakland High School,revenue,fixed,81000,,,,,true,2019-07-01,2021-06-30,after_work_began; multi_year,,,Adopted on the General Consent Report,2020-06-24,true,auto_ok,sonnet-agent,enrich.v5.md,true,
2020-06-24:20-1282,2020-06-24,2020-06-24,regular,P.-90,138,general,Chief Academic Officer,20-1282,https://ousd.legistar.com/gateway.aspx?M=L&ID=49870,Grant Award - California Department of Education - California Partnership Academies (CPA) Program - Oakland High School Law and Public Service Academy - High School Linked Learning Office,"Acceptance by the Board of Education of a California Partnership Academies (CPA) Program: Career Technical Education Initiative Grant Award from the California Department of Education, for the Oakland High School Law and Public Service Academy (8021), CDE Grant Number: 19-25220-61259-01, in the amount of $81,000.00, for purpose described in the attachment, for the period of July 1, 2019 through June 30, 2021, pursuant to the terms and conditions thereof.",Application,Chief Academic Officer,,n-california-department-of-education,California Department of Education,"Accepts $81,000 from the state for the Oakland High School Law and Public Service Academy","The district would accept an $81,000 California Partnership Academies grant from the California Department of Education for the Oakland High School Law and Public Service Academy, a career technical education program. The grant period runs from July 1, 2019 through June 30, 2021.",Classroom & academic programs,,grant_or_funding_in,California Department of Education,organization,Oakland High School,revenue,fixed,81000,,,,,true,2019-07-01,2021-06-30,after_work_began; multi_year,,,Adopted on the General Consent Report,2020-06-24,true,auto_ok,sonnet-agent,enrich.v5.md,true,
2020-06-24:20-1283,2020-06-24,2020-06-24,regular,P.-91,139,general,Chief Academic Officer,20-1283,https://ousd.legistar.com/gateway.aspx?M=L&ID=49871,Grant Award - California Department of Education - California Partnership Academies (CPA) Program - Oakland International High School Multimedia Communications Academy - High School Linked Learning Office,"Acceptance by the Board of Education of a California Partnership Academies (CPA) Program: Career Technical Education Initiative Grant Award from the California Department of Education, for the Oakland International High School Multimedia Communications Academy (9062), CDE Grant Number: 19-25220-61259-03, in the amount of $81,000.00, for purpose described in the attachment, for the period of July 1, 2019 through June 30, 2021, pursuant to the terms and conditions thereof.",Application,Chief Academic Officer,,n-california-department-of-education,"California Department of Education, Career Technical Education Initiative Grant","Accepts $81,000 state grant for Oakland International High School's Multimedia Communications Academy","The Board accepts a $81,000 California Department of Education grant under the California Partnership Academies program, which supports career technical education in a school-based academy. The money goes to the Multimedia Communications Academy at Oakland International High School. The grant covers July 1, 2019 through June 30, 2021.",Classroom & academic programs,,grant_or_funding_in,California Department of Education,organization,Oakland International High School,revenue,fixed,81000,,,,,true,2019-07-01,2021-06-30,after_work_began; multi_year,,,Adopted on the General Consent Report,2020-06-24,true,auto_ok,sonnet-agent,enrich.v5.md,true,
2020-06-24:20-1286,2020-06-24,2020-06-24,regular,P.-92,140,general,Chief Academic Officer,20-1286,https://ousd.legistar.com/gateway.aspx?M=L&ID=49874,Grant Award - California Department of Education - California Partnership Academies (CPA) Program - Oakland Technical High School Fashion Academy - High School Linked Learning Office,"Acceptance by the Board of Education of a California Partnership Academies (CPA) Program: Career Technical Education Initiative Grant Award from the California Department of Education, for the Oakland Technical High School Fashion Academy (9061), CDE Grant Number: 19-25220-61259-04, in the amount of $81,000.00, for purpose described in the attachment, for the period of July 1, 2019 through June 30, 2021, pursuant to the terms and conditions thereof.",Application,Chief Academic Officer,,n-california-department-of-education,"California Department of Education, Career Technical Education Initiatives Grant","Accepts $81,000 state grant for Oakland Technical High School's Fashion Academy","The Board accepts a $81,000 California Department of Education grant under the California Partnership Academies program, which supports career technical education in a school-based academy. The money goes to the Fashion Academy at Oakland Technical High School. The grant covers July 1, 2019 through June 30, 2021.",Classroom & academic programs,,grant_or_funding_in,California Department of Education,organization,Oakland Technical High School,revenue,fixed,81000,,,,,true,2019-07-01,2021-06-30,after_work_began; multi_year,,,Adopted on the General Consent Report,2020-06-24,true,auto_ok,sonnet-agent,enrich.v5.md,true,
2020-06-24:20-1287,2020-06-24,2020-06-24,regular,P.-93,141,general,Chief Academic Officer,20-1287,https://ousd.legistar.com/gateway.aspx?M=L&ID=49875,Grant Award - California Department of Education - California Partnership Academies (CPA) Program - Skyline High School Computer Science and Technology Academy - High School Linked Learning Office,"Acceptance by the Board of Education of a California Partnership Academies (CPA) Program: Career Technical Education Initiative Grant Award from the California Department of Education, for the Skyline High School Computer Science and Technology Academy (8033), CDE Grant Number: 19-25220-61259-05, in the amount of $81,000.00, for purpose described in the attachment, for the period of July 1, 2019 through June 30, 2021, pursuant to the terms and conditions thereof.",Application,Chief Academic Officer,,n-california-department-of-education,"California Department of Education, Career Technical Education Initiative Grant","Accepts $81,000 state grant for Skyline High School's Computer Science and Technology Academy","The Board accepts a $81,000 California Department of Education grant under the California Partnership Academies program, which supports career technical education in a school-based academy. The money goes to the Computer Science and Technology Academy at Skyline High School. The grant covers July 1, 2019 through June 30, 2021.",Classroom & academic programs,,grant_or_funding_in,California Department of Education,organization,Skyline High School,revenue,fixed,81000,,,,,true,2019-07-01,2021-06-30,after_work_began; multi_year,,,Adopted on the General Consent Report,2020-06-24,true,auto_ok,sonnet-agent,enrich.v5.md,true,
2020-06-24:20-1294,2020-06-24,2020-06-24,regular,P.-94,142,general,Chief Academic Officer,20-1294,https://ousd.legistar.com/gateway.aspx?M=L&ID=49882,Grant Award - California Department of Education - California Partnership Academies (CPA) Program - Fremont High School College Preparatory and Architecture Academy - High School Linked Learning Office,"Acceptance by the Board of Education of a California Partnership Academies (CPA) Program: Career Technical Education Initiative Grant Award from the California Department of Education, for the Fremont High School College Preparatory and Architecture Academy (0065), CDE Grant Number: 18-23181-61259-01, in the amount of $75,600.00, for purpose described in the attachment, for the period of July 1, 2018 through August 31, 2020, pursuant to the terms and conditions thereof.",Application,Chief Academic Officer,,n-california-department-of-education,"California Department of Education, California Partnership Academies Program Grant","Accepts $75,600 state grant for Fremont High School's College Preparatory and Architecture Academy","The Board accepts a $75,600 California Department of Education grant under the California Partnership Academies program, which supports career technical education in a school-based academy. The money goes to the College Preparatory and Architecture Academy at Fremont High School. The grant covers July 1, 2018 through August 31, 2020.",Classroom & academic programs,,grant_or_funding_in,California Department of Education,organization,Fremont High School,revenue,fixed,75600,,,,,true,2018-07-01,2020-08-31,after_work_began; multi_year,,,Adopted on the General Consent Report,2020-06-24,true,auto_ok,sonnet-agent,enrich.v5.md,true,
2020-06-24:20-1295,2020-06-24,2020-06-24,regular,P.-95,143,general,Chief Academic Officer,20-1295,https://ousd.legistar.com/gateway.aspx?M=L&ID=49883,Grant Award - California Department of Education - California Partnership Academies (CPA) Program - Oakland Technical High School Computer Communication and Repair Academy - High School Linked Learning Office,"Acceptance by the Board of Education of a California Partnership Academies (CPA) Program: Career Technical Education Initiative Grant Award from the California Department of Education, for the Oakland Technical High School Computer Communication and Repair Academy (0138), CDE Grant Number: 18-23181-61259-06, in the amount of $75,600.00, for purpose described in the attachment, for the period of July 1, 2018 through August 31, 2020, pursuant to the terms and conditions thereof.",Application,Chief Academic Officer,,n-california-department-of-education,"California Department of Education, California Partnership Academies Program Grant","Accepts $75,600 state grant for Oakland Technical High School's Computer Communication and Repair Academy","The Board accepts a $75,600 California Department of Education grant under the California Partnership Academies program, which supports career technical education in a school-based academy. The money goes to the Computer Communication and Repair Academy at Oakland Technical High School. The grant covers July 1, 2018 through August 31, 2020.",Classroom & academic programs,,grant_or_funding_in,California Department of Education,organization,Oakland Technical High School,revenue,fixed,75600,,,,,true,2018-07-01,2020-08-31,after_work_began; multi_year,,,Adopted on the General Consent Report,2020-06-24,true,auto_ok,sonnet-agent,enrich.v5.md,true,
2020-06-24:20-1296,2020-06-24,2020-06-24,regular,P.-96,144,general,Chief Academic Officer,20-1296,https://ousd.legistar.com/gateway.aspx?M=L&ID=49884,Grant Award - California Department of Education - California Partnership Academies (CPA) Program - Oakland High School Environmental Science Academy - High School Linked Learning Office,"Acceptance by the Board of Education of a California Partnership Academies (CPA) Program: Career Technical Education Initiative Grant Award from the California Department of Education, for the Oakland High School Environmental Science Academy (0137), CDE Grant Number: 18-23181-61259-04, in the amount of $75,600.00, for purpose described in the attachment, for the period of July 1, 2018 through August 31, 2020, pursuant to the terms and conditions thereof.",Application,Chief Academic Officer,,n-california-department-of-education,"California Department of Education, Career Technical Education Initiative Grant","Accepts $75,600 state grant for Oakland High School's Environmental Science Academy","The Board accepts a $75,600 California Department of Education grant under the California Partnership Academies program, which supports career technical education in a school-based academy. The money goes to the Environmental Science Academy at Oakland High School. The grant covers July 1, 2018 through August 31, 2020.",Classroom & academic programs,,grant_or_funding_in,California Department of Education,organization,Oakland High School,revenue,fixed,75600,,,,,true,2018-07-01,2020-08-31,after_work_began; multi_year,,,Adopted on the General Consent Report,2020-06-24,true,auto_ok,sonnet-agent,enrich.v5.md,true,
2020-06-24:20-1297,2020-06-24,2020-06-24,regular,P.-97,145,general,Chief Academic Officer,20-1297,https://ousd.legistar.com/gateway.aspx?M=L&ID=49885,Grant Award - California Department of Education - California Partnership Academies (CPA) Program - Life Academy Health and Bioscience Academy - High School Linked Learning Office,"Acceptance by the Board of Education of a California Partnership Academies (CPA) Program: Career Technical Education Initiative Grant Award from the California Department of Education, for the Life Academy Health and Bioscience Academy (0067), CDE Grant Number: 18-23181-61259-03, in the amount of $75,600.00, for purpose described in the attachment, for the period of July 1, 2018 through August 31, 2020, pursuant to the terms and conditions thereof.",Application,Chief Academic Officer,,n-california-department-of-education,"California Department of Education, Career Technical Education Initiative Grant","Accepts $75,600 state grant for Life Academy's Health and Bioscience Academy","The Board accepts a $75,600 California Department of Education grant under the California Partnership Academies program, which supports career technical education in a school-based academy. The money goes to the Health and Bioscience Academy at Life Academy. The grant covers July 1, 2018 through August 31, 2020.",Classroom & academic programs,,grant_or_funding_in,California Department of Education,organization,Life Academy,revenue,fixed,75600,,,,,true,2018-07-01,2020-08-31,after_work_began; multi_year,,,Adopted on the General Consent Report,2020-06-24,true,auto_ok,sonnet-agent,enrich.v5.md,true,
2020-06-24:20-1298,2020-06-24,2020-06-24,regular,P.-98,146,general,Chief Academic Officer,20-1298,https://ousd.legistar.com/gateway.aspx?M=L&ID=49886,Grant Award - California Department of Education - California Partnership Academies (CPA) Program - Oakland Technical High School Health and Bioscience Academy - High School Linked Learning Office,"Acceptance by the Board of Education of a California Partnership Academies (CPA) Program: Career Technical Education Initiative Grant Award from the California Department of Education, for the Oakland Technical High School Health and Biotechnology Academy (0139), CDE Grant Number: 18-23181-61259-07, in the amount of $75,600.00, for purpose described in the attachment, for the period of July 1, 2018 through August 31, 2020, pursuant to the terms and conditions thereof.",Application,Chief Academic Officer,,n-california-department-of-education,"California Department of Education, Career Technical Education Initiative Grant","Accepts $75,600 state grant for Oakland Technical High School's Health and Biotechnology Academy","The Board accepts a $75,600 California Department of Education grant under the California Partnership Academies program, which supports career technical education in a school-based academy. The money goes to the Health and Biotechnology Academy at Oakland Technical High School. The grant covers July 1, 2018 through August 31, 2020.",Classroom & academic programs,,grant_or_funding_in,California Department of Education,organization,Oakland Technical High School,revenue,fixed,75600,,,,,true,2018-07-01,2020-08-31,after_work_began; multi_year,,,Adopted on the General Consent Report,2020-06-24,true,auto_ok,sonnet-agent,enrich.v5.md,true,
2020-06-24:20-1299,2020-06-24,2020-06-24,regular,P.-99,147,general,Chief Academic Officer,20-1299,https://ousd.legistar.com/gateway.aspx?M=L&ID=49887,Grant Award - California Department of Education - California Partnership Academies (CPA) Program - Skyline High School Skyline Education Academy - High School Linked Learning Office,"Acceptance by the Board of Education of a California Partnership Academies (CPA) Program: Career Technical Education Initiative Grant Award from the California Department of Education, for the support Skyline High School Skyline Education Academy (0456), CDE Grant Number: 18-23181-61259-08, in the amount of $75,600.00, for purpose described in the attachment, for the period of July 1, 2018 through August 31, 2020, pursuant to the terms and conditions thereof.",Application,Chief Academic Officer,,n-california-department-of-education,"California Department of Education, Career Technical Education Initiative Grant","Accepts $75,600 state grant for Skyline High School's Skyline Education Academy","The Board accepts a $75,600 California Department of Education grant under the California Partnership Academies program, which supports career technical education in a school-based academy. The money goes to the Skyline Education Academy at Skyline High School. The grant covers July 1, 2018 through August 31, 2020.",Classroom & academic programs,,grant_or_funding_in,California Department of Education,organization,Skyline High School,revenue,fixed,75600,,,,,true,2018-07-01,2020-08-31,after_work_began; multi_year,,,Adopted on the General Consent Report,2020-06-24,true,auto_ok,sonnet-agent,enrich.v5.md,true,
2020-06-24:20-1300,2020-06-24,2020-06-24,regular,P.-100,148,general,Chief Academic Officer,20-1300,https://ousd.legistar.com/gateway.aspx?M=L&ID=49888,Grant Award - California Department of Education - California Partnership Academies (CPA) Program - Fremont High School The Media Academy - High School Linked Learning Office,"Acceptance by the Board of Education of a California Partnership Academies (CPA) Program: Career Technical Education Initiative Grant Award from the California Department of Education, for the Fremont High School The Media Academy (0066), CDE Grant Number: 18-23181-61259-02, in the amount of $75,600.00, for purpose described in the attachment, for the period of July 1, 2018 through August 31, 2020, pursuant to the terms and conditions thereof.",Application,Chief Academic Officer,,n-california-department-of-education,"California Department of Education, Career Technical Education Initiative Grant","Accepts $75,600 state grant for Fremont High School's The Media Academy","The Board accepts a $75,600 California Department of Education grant under the California Partnership Academies program, which supports career technical education in a school-based academy. The money goes to the The Media Academy at Fremont High School. The grant covers July 1, 2018 through August 31, 2020.",Classroom & academic programs,,grant_or_funding_in,California Department of Education,organization,Fremont High School,revenue,fixed,75600,,,,,true,2018-07-01,2020-08-31,after_work_began; multi_year,,,Adopted on the General Consent Report,2020-06-24,true,auto_ok,sonnet-agent,enrich.v5.md,true,
2020-06-24:20-1301,2020-06-24,2020-06-24,regular,P.-101,149,general,Chief Academic Officer,20-1301,https://ousd.legistar.com/gateway.aspx?M=L&ID=49889,Grant Award - California Department of Education - California Partnership Academies (CPA) Program - Oakland High School Visual Arts Academy - High School Linked Learning Office,"Acceptance by the Board of Education of a California Partnership Academies (CPA) Program: Career Technical Education Initiative Grant Award from the California Department of Education, for Oakland High School Visual Arts Academy (0136), CDE Grant Number: 18-23181-61259-05, in the amount of $75,600.00, for purpose described in the attachment, for the period of July 1, 2018 through August 31, 2020, pursuant to the terms and conditions thereof.",Application,Chief Academic Officer,,n-california-department-of-education,"California Department of Education, Career Technical Education Initiative Grant","Accepts $75,600 state grant for Oakland High School's Visual Arts Academy","The Board accepts a $75,600 California Department of Education grant under the California Partnership Academies program, which supports career technical education in a school-based academy. The money goes to the Visual Arts Academy at Oakland High School. The grant covers July 1, 2018 through August 31, 2020.",Classroom & academic programs,,grant_or_funding_in,California Department of Education,organization,Oakland High School,revenue,fixed,75600,,,,,true,2018-07-01,2020-08-31,after_work_began; multi_year,,,Adopted on the General Consent Report,2020-06-24,true,auto_ok,sonnet-agent,enrich.v5.md,true,
2020-06-24:20-1244,2020-06-24,2020-06-24,regular,P.-102,150,general,Chief Academic Officer,20-1244,https://ousd.legistar.com/gateway.aspx?M=L&ID=49832,2019-2020 School Plan for Student Achievement (SPSA) - Greenleaf Elementary School,Approval by the Board of Education of the 2019-2020 School Plan for Student Achievement (SPSA) for Greenleaf Elementary School.,School Plan for Student Achievement,Chief Academic Officer,,,No Fiscal Impact,Approves Greenleaf Elementary School's 2019-20 School Plan for Student Achievement,The Board approves the 2019-2020 School Plan for Student Achievement for Greenleaf Elementary School. This yearly plan sets the school's goals and how it will work toward them. The item states no dollar amount.,School plans,,school_plan,,,Greenleaf Elementary School,no_cost,,,,,,,true,2019-07-01,2020-06-30,after_work_began,,,Adopted on the General Consent Report,2020-06-24,true,auto_ok,sonnet-agent,enrich.v5.md,true,
2020-06-24:19-1305,2020-06-24,2020-06-24,regular,P.-103,151,general,Chief Academic Officer,19-1305,https://ousd.legistar.com/gateway.aspx?M=L&ID=47232,2019-2020 School Plan for Student Achievement (SPSA) - Glenview Elementary School,Approval by the Board of Education of the 2019-2020 School Plan for Student Achievement for Glenview Elementary School.,School Plan for Student Achievement,Chief Academic Officer,,,,Approves Glenview Elementary School's 2019-20 School Plan for Student Achievement,The Board approves the 2019-2020 School Plan for Student Achievement for Glenview Elementary School. This yearly plan sets the school's goals and how it will work toward them. The item states no dollar amount.,School plans,,school_plan,,,Glenview Elementary School,no_cost,,,,,,,true,2019-07-01,2020-06-30,after_work_began,,,Adopted on the General Consent Report,2020-06-24,true,auto_ok,sonnet-agent,enrich.v5.md,true,
2020-06-24:20-1246,2020-06-24,2020-06-24,regular,P.-104,152,general,Chief Academic Officer,20-1246,https://ousd.legistar.com/gateway.aspx?M=L&ID=49834,2019-2020 School Plan for Student Achievement (SPSA) - Joaquin Miller Elementary School,Approval by the Board of Education of the 2019-2020 School Plan for Student Achievement (SPSA) for Joaquin Miller Elementary School.,School Plan for Student Achievement,Chief Academic Officer,,,No Fiscal Impact,Approves Joaquin Miller Elementary School's 2019-20 School Plan for Student Achievement,The Board approves the 2019-2020 School Plan for Student Achievement for Joaquin Miller Elementary School. This yearly plan sets the school's goals and how it will work toward them. The item states no dollar amount.,School plans,,school_plan,,,Joaquin Miller Elementary School,no_cost,,,,,,,true,2019-07-01,2020-06-30,after_work_began,,,Adopted on the General Consent Report,2020-06-24,true,auto_ok,sonnet-agent,enrich.v5.md,true,
2020-06-24:20-1247,2020-06-24,2020-06-24,regular,P.-105,153,general,Chief Academic Officer,20-1247,https://ousd.legistar.com/gateway.aspx?M=L&ID=49835,2019-2020 School Plan for Student Achievement (SPSA) - Sequoia Elementary School,Approval by the Board of Education of the 2019-2020 School Plan for Student Achievement (SPSA) for Sequoia Elementary School.,School Plan for Student Achievement,Chief Academic Officer,,,No Fiscal Impact,Approves Sequoia Elementary School's 2019-20 School Plan for Student Achievement,The Board approves the 2019-2020 School Plan for Student Achievement for Sequoia Elementary School. This yearly plan sets the school's goals and how it will work toward them. The item states no dollar amount.,School plans,,school_plan,,,Sequoia Elementary School,no_cost,,,,,,,true,2019-07-01,2020-06-30,after_work_began,,,Adopted on the General Consent Report,2020-06-24,true,auto_ok,sonnet-agent,enrich.v5.md,true,
2020-06-24:20-1248,2020-06-24,2020-06-24,regular,P.-106,154,general,Chief Academic Officer,20-1248,https://ousd.legistar.com/gateway.aspx?M=L&ID=49836,2019-2020 School Plan for Student Achievement (SPSA) - Acorn Woodland Elementary School,Approval by the Board of Education of the 2019-2020 School Plan for Student Achievement (SPSA) for Acorn Woodland Elementary School.,School Plan for Student Achievement,Chief Academic Officer,,,No Fiscal Impact,Approves Acorn Woodland Elementary School's 2019-20 School Plan for Student Achievement,The Board approves the 2019-2020 School Plan for Student Achievement for Acorn Woodland Elementary School. This yearly plan sets the school's goals and how it will work toward them. The item states no dollar amount.,School plans,,school_plan,,,Acorn Woodland Elementary School,no_cost,,,,,,,true,2019-07-01,2020-06-30,after_work_began,,,Adopted on the General Consent Report,2020-06-24,true,auto_ok,sonnet-agent,enrich.v5.md,true,
2020-06-24:20-1249,2020-06-24,2020-06-24,regular,P.-107,155,general,Chief Academic Officer,20-1249,https://ousd.legistar.com/gateway.aspx?M=L&ID=49837,2019-2020 School Plan for Student Achievement (SPSA) - Kaiser Elementary School,Approval by the Board of Education of the 2019-2020 School Plan for Student Achievement (SPSA) for Kaiser Elementary School.,School Plan for Student Achievement,Chief Academic Officer,,,No Fiscal Impact,Approves Kaiser Elementary School's 2019-20 School Plan for Student Achievement,The Board approves the 2019-2020 School Plan for Student Achievement for Kaiser Elementary School. This yearly plan sets the school's goals and how it will work toward them. The item states no dollar amount.,School plans,,school_plan,,,Kaiser Elementary School,no_cost,,,,,,,true,2019-07-01,2020-06-30,after_work_began,,,Adopted on the General Consent Report,2020-06-24,true,auto_ok,sonnet-agent,enrich.v5.md,true,
2020-06-24:20-1328,2020-06-24,2020-06-24,regular,P.-108,156,general,Chief Academic Officer,20-1328,https://ousd.legistar.com/gateway.aspx?M=L&ID=49916,"Services Agreement - New Leaders, Inc. - 3-Year Strategy - Oakland Unified School District","Approval by the Board of Education of a Services Agreement between the District and  New Leaders, Oakland, CA, for the latter to strengthening the skills and capacity of school leaders to advance student achievement, as described in the Scope of Work - Exhibit A - Leadership Networks: An Innovative, Three-Year Strategy for Driving and Sustaining Gains in Oakland Unified School District (SY 2019-20 to SY2021-22) dated August 21, 2019, attached hereto and incorporated herein by reference as though fully set forth, for the period of August 1, 2019 through June 30, 2022; with an amount not to exceed $90,000.00 payable for School Year 2019-2020.",Agreement or Contract,Chief Academic Officer,,v-003058,Title 2 Funding,"Pays New Leaders up to $90,000 in 2019-20 to build school leaders' skills","The district hires New Leaders of Oakland, CA to strengthen the skills and capacity of school leaders, under a three-year plan covering 2019-20 through 2021-22. The agreement runs August 1, 2019 through June 30, 2022. The text states a payment limit of $90,000 for the 2019-2020 school year only.",Classroom & academic programs,,new_agreement,New Leaders,organization,,expense,not_to_exceed,90000,,,,,true,2019-08-01,2022-06-30,after_work_began; multi_year,,,Adopted on the General Consent Report,2020-06-24,true,auto_ok,sonnet-agent,enrich.v5.md,true,
2020-06-24:20-1340,2020-06-24,2020-06-24,regular,P.-109,157,general,Chief Academic Officer,20-1340,https://ousd.legistar.com/gateway.aspx?M=L&ID=49928,"Amendment No. 1, Professional Services Contract - Oakland Public Education Fund - High School Linked Learning Office","Approval by the Board of Education of Amendment No. 1, Professional Services Contract between the District and Oakland Public Education Fund, Oakland, CA, for the latter to issue additional stipends, drawn from these contract dollars, for District student interns enrolled in the pathway-based summer career preparation program, “ECCCO” (Exploring College, Career, and Community Options, via Linked Learning Department,  in the additional amount of $75,970.00, increasing the not to exceed amount of the Contract from $200,000.00 to $275,970.00 and extending the term of June 1, 2020 through June 30, 2020 to August 7, 2020. All other terms and conditions of the Contract remain in full force and effect.",Agreement or Contract,Chief Academic Officer,,v-003143,Oakland Soda Tax Funds and Project Labor Agreement Funds,"Adds $75,970 for Oakland Public Education Fund summer student intern stipends","This amendment adds $75,970 to the contract with the Oakland Public Education Fund, raising the limit from $200,000 to $275,970. The money pays additional stipends to district student interns in the summer career preparation program called ECCCO (Exploring College, Career, and Community Options). It also extends the contract end date from June 30, 2020 to August 7, 2020.",After-school & summer programs,,amendment,Oakland Public Education Fund,organization,,expense,not_to_exceed,75970,,,200000,275970,true,2020-06-01,2020-08-07,raises_existing_contract,,,Adopted on the General Consent Report,2020-06-24,true,auto_ok,sonnet-agent,enrich.v5.md,true,
2020-06-24:20-1341,2020-06-24,2020-06-24,regular,P.-110,158,general,Chief Academic Officer,20-1341,https://ousd.legistar.com/gateway.aspx?M=L&ID=49929,"Non-Public, Nonsectarian School/Agency Services Master Contract(s) – Raskob Day School - 2020-2021 School Year - Special Education Program","Approval by the Board of Education of Special Education Services Non-Public, Nonsectarian School/Agency Services Master Contract between the District and Raskob Day School, Oakland, CA, for the latter to provide services to pupils as specified in Section 1 of Contract, for the period July 1, 2020 through June 30, 2021 in an amount not to exceed $50,000.00.",Agreement or Contract,Chief Academic Officer,,n-raskob-day-school,Special Education,"Contracts with Raskob Day School for up to $50,000 in 2020-21 special education services","The district signs its yearly master contract with Raskob Day School in Oakland, a nonpublic school, to serve students in special education. The district may pay up to $50,000 for the period July 1, 2020 through June 30, 2021. The services are those listed in Section 1 of the contract.",Special education,Nonpublic schools & agencies,new_agreement,Raskob Day School,organization,,expense,not_to_exceed,50000,,,,,true,2020-07-01,2021-06-30,,,,Adopted on the General Consent Report,2020-06-24,true,auto_ok,sonnet-agent,enrich.v5.md,true,
2020-06-24:20-1338,2020-06-24,2020-06-24,regular,P.-111,159,general,Chief Academic Officer,20-1338,https://ousd.legistar.com/gateway.aspx?M=L&ID=49926,2019-20 School Plan for Student Achievement (SPSA) - Community Day School,Approval of the 2019-2020 School Plan for Student Achievement (SPSA) for Community Day School.,Agreement or Contract,Chief Academic Officer,,,No Fiscal Impact,Approves Community Day School's 2019-20 School Plan for Student Achievement,The Board approves the 2019-2020 School Plan for Student Achievement for Community Day School. This yearly plan sets the school's goals and how it will work toward them. The item states no dollar amount.,School plans,,school_plan,,,Community Day School,no_cost,,,,,,,true,2019-07-01,2020-06-30,after_work_began,,,Adopted on the General Consent Report,2020-06-24,true,auto_ok,sonnet-agent,enrich.v5.md,true,
2020-06-24:20-1358,2020-06-24,2020-06-24,regular,P.-112,160,general,Chief Academic Officer,20-1358,https://ousd.legistar.com/gateway.aspx?M=L&ID=49945,Grant Application - District's SELPA - Workability 1 2020-21 Renewal Application - California Department of Education - Programs for Exceptional Children,"Approval by the Board of Education of District’s SELPA 2020-21 Workability 1 Renewal Application to the California Department of Education seeking funding in the amount of $318,420.00 to provide resources and personnel support to integrate work-readiness skills in the curriculum, conduct career/vocational assessments, offer pre-vocational training workshops and develop employment opportunities for students enrolled in Programs for Exceptional Children, for the period July 1, 2020 through June 30, 2021 and if granted, in whole or in part, authorization of acceptance of same, pursuant to terms and conditions thereof.",Application,Chief Academic Officer,,n-california-department-of-education,,"Applies for $318,420 in state Workability 1 funds for job-readiness help for students with disabilities","The Board approves the district's Special Education Local Plan Area (SELPA) application to the California Department of Education for $318,420 for 2020-21. The money would support work-readiness skills in the curriculum, career and vocational assessments, pre-job training workshops and employment opportunities for students in special education. If the grant is awarded in whole or in part, the item also authorizes the district to accept it.",Special education,"Legal, compliance & policy",grant_or_funding_in,California Department of Education,organization,,revenue,fixed,318420,,,,,true,2020-07-01,2021-06-30,grant_application,,,Adopted on the General Consent Report,2020-06-24,true,auto_ok,sonnet-agent,enrich.v5.md,true,
2020-06-24:20-0352,2020-06-24,2020-06-24,regular,P.-113,161,general,Chief Academic Officer,20-0352,https://ousd.legistar.com/gateway.aspx?M=L&ID=48942,SELPA Local Plan Update - IDEA Part C to Part B Transition - Special Education Department,Approval by the Board of Education of Resolution No. 1920-0231 - Adopting and Complying With Requirements for Specific Resolutions that are Necessary for the Special Education Local Plan Area’s (“SELPA”) Policy Regarding Serving Eligible Students from Birth to Age Three and Supporting Their Transition to Preschool.,Resolution,Chief Academic Officer,,,No Fiscal Impact,Adopts special education resolution on services for children from birth to age three,Resolution No. 1920-0231 adopts the Special Education Local Plan Area (SELPA) policy on serving eligible children from birth to age three and supporting their move to preschool. It meets a requirement for specific resolutions. The item states no dollar amount.,Special education,"Legal, compliance & policy",resolution_or_policy,,,,no_cost,,,,,,,true,,,,,,Adopted on the General Consent Report,2020-06-24,true,auto_ok,sonnet-agent,enrich.v5.md,true,
2020-06-24:20-1065,2020-06-24,2020-06-24,regular,P.-114,162,general,Chief Academic Officer,20-1065,https://ousd.legistar.com/gateway.aspx?M=L&ID=49653,SELPA Local Plan Update - Students with Disabilities Attending Private School - Special Education Department,Approval by the Board of Education of Resolution No. 1920-0232 - Adopting and Complying With Requirements for Specific Resolutions that are Necessary for the Special Education Local Plan Area’s (“SELPA”) Policy Regarding Reserving Federal Special Education Funds to Serve Oakland Residents Attending Private Schools.,Resolution,Chief Academic Officer,,,No Fiscal Impact,Adopts special education resolution reserving federal funds for Oakland students in private schools,Resolution No. 1920-0232 adopts the Special Education Local Plan Area (SELPA) policy on reserving federal special education funds to serve Oakland residents who attend private schools. It meets a requirement for specific resolutions. The item states no dollar amount.,Special education,"Legal, compliance & policy",resolution_or_policy,,,,no_cost,,,,,,,true,,,,,,Adopted on the General Consent Report,2020-06-24,true,auto_ok,sonnet-agent,enrich.v5.md,true,
2020-06-24:20-1066,2020-06-24,2020-06-24,regular,P.-115,163,general,Chief Academic Officer,20-1066,https://ousd.legistar.com/gateway.aspx?M=L&ID=49654,SELPA Local Plan Update - Transition and Agency Agreements - Special Education Department,Approval by the Board of Education of Resolution No. 1920-0233 - Adopting and Complying With Requirements for Specific Resolutions that are Necessary for the Special Education Local Plan Area’s (“SELPA”) Policy Regarding Interagency Coordination to Ensure Students with Disabilities Have Access to Transition and Related Services.,Resolution,Chief Academic Officer,,,No Fiscal Impact,Adopts special education resolution on coordinating transition services with other agencies,Resolution No. 1920-0233 adopts the Special Education Local Plan Area (SELPA) policy on coordinating with other agencies so students with disabilities can get transition and related services. It meets a requirement for specific resolutions. The item states no dollar amount.,Special education,"Legal, compliance & policy",resolution_or_policy,,,,no_cost,,,,,,,true,,,,,,Adopted on the General Consent Report,2020-06-24,true,auto_ok,sonnet-agent,enrich.v5.md,true,
2020-06-24:20-1068,2020-06-24,2020-06-24,regular,P.-116,164,general,Chief Academic Officer,20-1068,https://ousd.legistar.com/gateway.aspx?M=L&ID=49656,SELPA Local Plan Update - Instructional Materials for Students with Visual Impairments - Special Education Department,Approval by the Board of Education of Resolution No. 1920-0234 - Adopting and Complying With Requirements for Specific Resolutions that are Necessary for the Special Education Local Plan Area’s (“SELPA”) Policy Regarding the Provision of Instructional Materials For Students With Visual Impairments.,Resolution,Chief Academic Officer,,,No Fiscal Impact,Adopts special education resolution on materials for students with visual impairments,Resolution No. 1920-0234 adopts the Special Education Local Plan Area (SELPA) policy on providing instructional materials to students with visual impairments. It meets a requirement for specific resolutions. The item states no dollar amount.,Special education,"Legal, compliance & policy",resolution_or_policy,,,,no_cost,,,,,,,true,,,,,,Adopted on the General Consent Report,2020-06-24,true,auto_ok,sonnet-agent,enrich.v5.md,true,
2020-06-24:20-1069,2020-06-24,2020-06-24,regular,P.-117,165,general,Chief Academic Officer,20-1069,https://ousd.legistar.com/gateway.aspx?M=L&ID=49657,SELPA Local Plan Update - Individualized Education Program (IEP) Placements Into Nonpublic School - Special Education Department,Approval by the Board of Education of Resolution No. 1920-0235 - Adopting and Complying With Requirements for Specific Resolutions that are Necessary for the Special Education Local Plan Area’s (“SELPA”) Policy Regarding Accountability for Monitoring the Progress of Students Placed at Nonpublic Schools.,Resolution,Chief Academic Officer,,,No Fiscal Impact,Adopts special education resolution on monitoring students placed in nonpublic schools,Resolution No. 1920-0235 adopts the Special Education Local Plan Area (SELPA) policy on monitoring the progress of students placed at nonpublic schools. It meets a requirement for specific resolutions. The item states no dollar amount.,Special education,"Legal, compliance & policy",resolution_or_policy,,,,no_cost,,,,,,,true,,,,,,Adopted on the General Consent Report,2020-06-24,true,auto_ok,sonnet-agent,enrich.v5.md,true,
2020-06-24:20-1070,2020-06-24,2020-06-24,regular,P.-118,166,general,Chief Academic Officer,20-1070,https://ousd.legistar.com/gateway.aspx?M=L&ID=49658,SELPA Local Plan Update - Participation of Students with Disabilities in State and District Assessments - Special Education Department,Approval by the Board of Education of Resolution No. 1920-0236 - Adopting and Complying With Requirements for Specific Resolutions that are Necessary for the Special Education Local Plan Area’s (“SELPA”) Policy Regarding Participation in State and District-wide Assessments.,Resolution,Chief Academic Officer,,,No Fiscal Impact,Adopts special education resolution on students with disabilities in state and district tests,Resolution No. 1920-0236 adopts the Special Education Local Plan Area (SELPA) policy on how students with disabilities take part in state and district-wide assessments. It meets a requirement for specific resolutions. The item states no dollar amount.,Special education,"Legal, compliance & policy",resolution_or_policy,,,,no_cost,,,,,,,true,,,,,,Adopted on the General Consent Report,2020-06-24,true,auto_ok,sonnet-agent,enrich.v5.md,true,
2020-06-24:20-1071,2020-06-24,2020-06-24,regular,P.-119,167,general,Chief Academic Officer,20-1071,https://ousd.legistar.com/gateway.aspx?M=L&ID=49659,SELPA Local Plan Update - Local Education Agency (LEA) Supports for Implementation of the SELPA Local Plan - Special Education Department,Approval by the Board of Education of Resolution No. 1920-0237 - Adopting and Complying With Requirements for Specific Resolutions that are Necessary for the Special Education Local Plan Area’s (“SELPA”) Policy Regarding Governance Bodies and Administrative Support to Implement the Local Plan.,Resolution,Chief Academic Officer,,,No Fiscal Impact,Adopts special education resolution on governance and support for the local plan,Resolution No. 1920-0237 adopts the Special Education Local Plan Area (SELPA) policy on governance bodies and administrative support to carry out the local plan. It meets a requirement for specific resolutions. The item states no dollar amount.,Special education,"Legal, compliance & policy",resolution_or_policy,,,,no_cost,,,,,,,true,,,,,,Adopted on the General Consent Report,2020-06-24,true,auto_ok,sonnet-agent,enrich.v5.md,true,
2020-06-24:20-1072,2020-06-24,2020-06-24,regular,P.-120,168,general,Chief Academic Officer,20-1072,https://ousd.legistar.com/gateway.aspx?M=L&ID=49660,SELPA Local Plan Update - Use of Federal Funds for Students with Disabilities - Special Education Department,Approval by the Board of Education of Resolution No. 1920-0238 - Adopting and Complying With Requirements for Specific Resolutions that are Necessary for the Special Education Local Plan Area’s (“SELPA”) Policy Regarding the Use of Federal Funds for Students with Disabilities.,Resolution,Chief Academic Officer,,,No Fiscal Impact,Adopts special education resolution on using federal funds for students with disabilities,Resolution No. 1920-0238 adopts the Special Education Local Plan Area (SELPA) policy on how federal funds are used for students with disabilities. It meets a requirement for specific resolutions. The item states no dollar amount.,Special education,"Legal, compliance & policy",resolution_or_policy,,,,no_cost,,,,,,,true,,,,,,Adopted on the General Consent Report,2020-06-24,true,auto_ok,sonnet-agent,enrich.v5.md,true,
2020-06-24:20-1073,2020-06-24,2020-06-24,regular,P.-121,169,general,Chief Academic Officer,20-1073,https://ousd.legistar.com/gateway.aspx?M=L&ID=49661,SELPA Local Plan Update - Disproportionality In Special Education - Special Education Department,Approval by the Board of Education of Resolution No. 1920-0239 - Adopting and Complying With Requirements for Specific Resolutions that are Necessary for the Special Education Local Plan Area’s (“SELPA”) Policies Designed to Prevent the Inappropriate Over-identification or Disproportionality of Students with Disabilities.,Resolution,Chief Academic Officer,,,No Fiscal Impact,Adopts a resolution on preventing over-identification of students with disabilities in special education,"The Board adopts a resolution on the countywide special education plan area's policies meant to prevent students with disabilities from being identified too often, or unevenly across groups. The item has no fiscal impact.",Special education,"Legal, compliance & policy",resolution_or_policy,,,,no_cost,,,,,,,true,,,,,,Adopted on the General Consent Report,2020-06-24,true,auto_ok,sonnet-agent,enrich.v5.md,true,
2020-06-24:20-1327,2020-06-24,2020-06-24,regular,P.-122,171,general,General Counsel,20-1327,https://ousd.legistar.com/gateway.aspx?M=L&ID=49915,"Class Action Settlement Award - State of California ex rel. OnTheGo Wireless, LLC v. Cellco Partnership dlbla Verizon Wireless, et al., Sacramento County Superior Court Case No. 34-2012-00 127517","Acceptance by the Board of Education of a Class Action Settlement Award for the District in the amount $2,505.97, an increase of $276.54, from the preliminary accepted award of $2,229.43 (Legislative File No. 20-0136, Enactment No. 20-0221, February 12, 2020), in the matter of State California ex rel. OnlheGo Wireless, LLC v. Cellco Partnership dlbla Verizon Wireless, et al., Sacramento County Superior Court Case No. 34-2012-00 127517, pursuant to the terms and conditions thereof.",Agreement or Contract,General Counsel,,n-cellco-partnership-verizon-wireless,,"Accepts a $2,505.97 class action settlement award, up $276.54 from the earlier award","The district accepts a payment from a class action lawsuit settlement involving Verizon Wireless. The award rises from the $2,229.43 the Board accepted in February 2020 to $2,505.97, an increase of $276.54.","Legal, compliance & risk",,other,Cellco Partnership dba Verizon Wireless,organization,,revenue,fixed,276.54,,,2229.43,2505.97,true,,,,,,Adopted on the General Consent Report,2020-06-24,true,auto_ok,sonnet-agent,enrich.v5.md,true,
2020-06-24:20-1345,2020-06-24,2020-06-24,regular,P.-123,172,general,General Counsel,20-1345,https://ousd.legistar.com/gateway.aspx?M=L&ID=49933,"Amendment No. 1, Memorandum of Understanding and Engagement Policy - Lozano Smith, Attorneys at Law - General Counsel","Approval by the Board of Education of Amendment No. 1, Memorandum of Understanding and Engagement Policy (MOUEP) between District and Lozano Smith, Walnut Creek, CA, for the latter to provide additional legal services to the District on an as needed basis, in an additional amount of $150,000.00, not to exceed $450,000.00 for the 2019-20 Fiscal Year. All other terms and conditions of the MOUEP remain in full force and effect.",Agreement or Contract,General Counsel,005396,v-005396,General Purpose,"Adds $150,000 for more legal services from Lozano Smith, for a $450,000 limit this year","The law firm Lozano Smith gets $150,000 more to provide legal services as needed, raising its limit for the 2019-20 fiscal year to $450,000. The original agreement is a memorandum of understanding and engagement policy, which is a paid services agreement. All other terms stay the same.","Legal, compliance & risk",,amendment,Lozano Smith,organization,,expense,not_to_exceed,150000,,,,450000,true,2019-07-01,2020-06-30,,,,Adopted on the General Consent Report,2020-06-24,true,auto_ok,sonnet-agent,enrich.v5.md,true,
2020-06-24:20-1385,2020-06-24,2020-06-24,regular,P.-124,173,general,General Counsel,20-1385,https://ousd.legistar.com/gateway.aspx?M=L&ID=49972,K-12 Academic (School Year) Calendar - 2020-2021 (Revised),"Approval by the Board of Education of the District’s K-12 Academic (School Year) Calendar for 2020-2021 (Revised)  to include Oakland Educator Wellness Day ( May 10, 2021), a non-duty day for 10 month school site employees, and marking period dates.",Motion,General Counsel,,,,"Revises the 2020-21 school calendar to add an Oakland Educator Wellness Day on May 10, 2021","The Board approves a revised 2020-21 school-year calendar. It adds an Oakland Educator Wellness Day on May 10, 2021, a non-duty day for 10-month school site employees, and sets marking period dates.",Governance & board business,,other,,,,no_cost,,,,,,,true,2020-07-01,2021-06-30,,,,Adopted on the General Consent Report,2020-06-24,true,auto_ok,sonnet-agent,enrich.v5.md,true,
2020-06-24:20-1187,2020-06-24,2020-06-24,regular,P.-125,175,general,Superintendent of Schools,20-1187,https://ousd.legistar.com/gateway.aspx?M=L&ID=49775,Proposition 39 Facilities Use Agreement - LPS Oakland R&D - Office of Charter Schools,"Approval by the Board of Education of the Proposition 39 Facilities Use Agreement between the District and LPS Oakland R&D, a Charter School, for use of classrooms at Castlemont Campus, 8601 MacArthur Blvd., Oakland, CA 94621, for the 2020-2021 school year with annual revenue to the district of $206,645.14.",Agreement or Contract,Superintendent,,n-lps-oakland-r-and-d,,"Approves a $206,645.14 yearly facilities agreement with charter school LPS Oakland R&D at Castlemont","The district lets LPS Oakland R&D, a charter school, use classrooms at the Castlemont Campus for the 2020-21 school year under Proposition 39, a state law on charter school facilities. The district receives $206,645.14 in annual revenue.",Governance & board business,,new_agreement,LPS Oakland R&D,organization,Castlemont Campus,revenue,per_year,206645.14,,,,,true,2020-07-01,2021-06-30,yearly_cap,,,Adopted on the General Consent Report,2020-06-24,true,auto_ok,sonnet-agent,enrich.v5.md,true,
2020-06-24:20-1188,2020-06-24,2020-06-24,regular,P.-126,176,general,Superintendent of Schools,20-1188,https://ousd.legistar.com/gateway.aspx?M=L&ID=49776,In-Lieu of Proposition 39 Facilities Use Agreement - East Bay Innovation Academy - Office of Charter Schools,"Approval by the Board of Education of the In Lieu of Proposition 39 Facilities Use Agreement between the District and East Bay Innovation Academy, a Charter School, at the Marshall Campus, specified in the Agreement, at 3400 Malcolm Ave, Oakland, CA 94605, for a one-year term, for the period July 1, 2020 through June 30, 2021, with anticipated revenue of $135,494.32.",Agreement or Contract,Superintendent,,n-east-bay-innovation-academy,,"Approves a facilities agreement with East Bay Innovation Academy at Marshall for $135,494.32 in revenue","The district provides space at the Marshall Campus to East Bay Innovation Academy, a charter school, for one year, July 1, 2020 through June 30, 2021. This is an in-lieu-of-Proposition 39 agreement, and the district expects $135,494.32 in revenue.",Governance & board business,,new_agreement,East Bay Innovation Academy,organization,Marshall Campus,revenue,fixed,135494.32,,,,,true,2020-07-01,2021-06-30,,,,Adopted on the General Consent Report,2020-06-24,true,auto_ok,sonnet-agent,enrich.v5.md,true,
2020-06-24:20-1288,2020-06-24,2020-06-24,regular,P.-127,177,general,Superintendent of Schools,20-1288,https://ousd.legistar.com/gateway.aspx?M=L&ID=49876,"Data Sharing Agreement - Regents of the University of California - California Policy Labs at UC Berkeley and UCLA Campuses - Research, Assessment & Data Department","Approval by the Board of Education of a Data Sharing Agreement By and Between the Regents of the University of California, acting on Behalf of The California Policy Lab at Its UCLA and UC Berkeley Campuses and the Oakland Unified School District, to conduct a series of analyses intended to support the Enrollment Workgroup that convened in March 2020 as a result of District’s Citywide Plan, for a period of ten years from the effective date of the Agreement, pursuant to the terms and conditions thereof, at no cost to the District.",Agreement or Contract,Superintendent,,n-regents-of-university-of-california-california-policy-lab,,"Approves a no-cost, ten-year data sharing agreement with the California Policy Lab at UC campuses",The district agrees to share data with the California Policy Lab at UCLA and UC Berkeley. Researchers will run analyses to support the Enrollment Workgroup that formed in March 2020 as part of the district's Citywide Plan. The agreement lasts ten years and costs the district nothing.,Partnerships & data sharing,,mou_or_data_sharing,Regents of the University of California (California Policy Lab),organization,,no_cost,,,,,,,true,,,multi_year,,,Adopted on the General Consent Report,2020-06-24,true,auto_ok,sonnet-agent,enrich.v5.md,true,
2020-06-24:20-1285,2020-06-24,2020-06-24,regular,P.-128,178,general,Superintendent of Schools,20-1285,https://ousd.legistar.com/gateway.aspx?M=L&ID=49873,In Lieu of Proposition 39 Facilities Use Agreement - Francophone Charter School - Office of Charter Schools,"Approval by the Board of Education of the Proposition 39 Facilities Use Agreement between the District and Francophone, a Charter School, for use of classrooms at Toler Heights Campus, 9736 Lawlor Street, Oakland, CA 94605, for the 2020-2021 School Year, with annual revenue to the District of $43,260.00",Agreement or Contract,Superintendent,,n-francophone-charter-school,,"Approves a Proposition 39 facilities agreement with Francophone charter school for $43,260 a year","The district lets Francophone, a charter school, use classrooms at the Toler Heights Campus for the 2020-21 school year under Proposition 39, a state law on charter school facilities. The district receives $43,260.00 in annual revenue.",Governance & board business,,new_agreement,Francophone Charter School,organization,Toler Heights Campus,revenue,per_year,43260,,,,,true,2020-07-01,2021-06-30,yearly_cap,,,Adopted on the General Consent Report,2020-06-24,true,auto_ok,sonnet-agent,enrich.v5.md,true,
2020-06-24:20-1289,2020-06-24,2020-06-24,regular,P.-129,179,general,Superintendent of Schools,20-1289,https://ousd.legistar.com/gateway.aspx?M=L&ID=49877,Proposition 39 Facilities Use Agreement - Urban Montessori Charter School - Charter School Office,"Approval of a Facilities Use Agreement (“FUA”)for Urban Montessori at the Tilden/John Swett Campus, 4551 Steele St, Oakland, CA 94619 and is conditional on the termination of the existing FUA with Roses in Concrete Charter School for the school site by July 1. If the existing FUA with Roses in Concrete is not terminated by July 1, this FUA is for Urban Montessori at the Santa Fe Campus. This agreement is for one year, from July 1, 2020 to June 30, 2021 with an estimated annual income of $146,708.00 to the District.",Agreement or Contract,Superintendent,,n-urban-montessori-charter-school,,"Approves a facilities agreement with Urban Montessori at Tilden/John Swett for about $146,708 a year","Urban Montessori Charter School would use the Tilden/John Swett Campus for one year, July 1, 2020 to June 30, 2021, if the existing agreement with Roses in Concrete is ended by July 1. If not, it uses the Santa Fe Campus instead. The district expects about $146,708.00 in annual income.",Governance & board business,,new_agreement,Urban Montessori Charter School,organization,Tilden/John Swett Campus; Santa Fe Campus,revenue,per_year,146708,,,,,true,2020-07-01,2021-06-30,yearly_cap,,,Adopted on the General Consent Report,2020-06-24,true,auto_ok,sonnet-agent,enrich.v5.md,true,
2020-06-24:20-1359,2020-06-24,2020-06-24,regular,P.-130,181,general,Board of Education,20-1359,https://ousd.legistar.com/gateway.aspx?M=L&ID=49946,"Reappointment (In Part) - Members, Measures A, B, and J Independent Citizens School Facilities Bond Oversight Committee - Board of Education","Ratification by the Board of Education of President of Board’s reappointment of statutorily and Board Bylaw 9131 eligible individuals named herein to the Measures A, B, and J Independent Citizens’ School Facilities Bond Oversight Committee: Renee Swayne (3rd Term), Andrew Nelsen (2nd Term), Andre Spearman (2nd Term), Tina Longfield (2nd Term), and Saleem Shakir-Gilmore (3rd Term), each, for term ending June 10, 2022.",Appointment,Board of Education,,,,"Reappoints five members of the Measures A, B and J school facilities bond oversight committee","The Board ratifies the Board President's reappointment of five eligible members to the committee that oversees school facilities bond spending (Measures A, B and J). Each term ends June 10, 2022.",Governance & board business,,other,,,,no_cost,,,,,,,true,,2022-06-10,after_work_began,,,Adopted on the General Consent Report,2020-06-24,true,auto_ok,sonnet-agent,enrich.v5.md,true,
2020-06-24:20-1353,2020-06-24,2020-06-24,regular,P.-131,182,general,Board of Education,20-1353,https://ousd.legistar.com/gateway.aspx?M=L&ID=43965,Oakland Unified School District - Board of Education - 2020-2021 Governance Handbook,Adoption by the Board of Education of its 2020-2021 Governance Handbook.,Motion,Board of Education,,,,Adopts the Board of Education's 2020-21 Governance Handbook,The Board adopts its governance handbook for the 2020-21 school year. The item lists no cost.,Governance & board business,,resolution_or_policy,,,,no_cost,,,,,,,true,2020-07-01,2021-06-30,,,,Adopted on the General Consent Report,2020-06-24,true,auto_ok,sonnet-agent,enrich.v5.md,true,
2020-06-24:20-1390,2020-06-24,2020-06-24,regular,P.-132,183,general,Board of Education,20-1390,https://ousd.legistar.com/gateway.aspx?M=L&ID=49977,2020 California School Boards Association (CSBA) Delegate Assembly Runoff Election - Subregion 7-B (Alameda County),"Adoption by Board of Resolution No. 1920-0209A - Determining and Instructing the Secretary of the Governing Board To Cast Ballot As Instructed for Up one Candidate in the California School Board Association (CSBA) 2020 Delegate Assembly Sub-Region 7-B (Alameda County) Runoff Election and Timely Return Ballot To CSBA electronically or by U.S. Mail on or before August 11, 2020.",Resolution,Board of Education,,,,Directs how the Board casts its ballot in the 2020 CSBA Delegate Assembly runoff election,"The Board adopts a resolution telling the Board Secretary how to vote in the 2020 California School Boards Association (CSBA) Delegate Assembly runoff for Sub-Region 7-B (Alameda County). The ballot must be returned by August 11, 2020.",Governance & board business,,resolution_or_policy,,,,no_cost,,,,,,,true,,2020-08-11,,,,Adopted on the General Consent Report,2020-06-24,true,auto_ok,sonnet-agent,enrich.v5.md,true,
2020-06-24:20-1320,2020-06-24,2020-06-24,regular,P.-133,185,general,"Facilities Committee - June 12, 2020 - Gary Yee, Chairperson",20-1320,https://ousd.legistar.com/gateway.aspx?M=L&ID=49908,Asset Management and Real Property Services Firms - Facilities Department,"Adoption by the Board of Education, upon recommendation of its Facilities Committee, of Resolution No. 1920-0259 - Designating Five Firms as Qualified for Specific Asset Management and Real Property Services: DCG Strategies, Inc., Schimmel Project Management; Dominic Dutra, 3D Strategies, Inc.; Heafey Commercial; and Devine and Gong, Inc., as a qualified pool of providers to ensure appropriate disposition of District sites identified during the 2019-2020 7-11 Committee process that may not be needed for educational and support purposes.",Resolution,Board of Education,,,,Names five firms as a pool for asset management and real property services on unneeded district sites,The Board adopts a resolution naming five firms as qualified providers of asset management and real property services. They would help the district handle sites identified in the 2019-20 7-11 Committee process (a district review of sites) that may not be needed for education. No dollar amount is stated.,Governance & board business,,resolution_or_policy,,,,no_cost,,,,,,,true,,,,,,Adopted on the General Consent Report,2020-06-24,true,auto_ok,sonnet-agent,enrich.v5.md,true,
2020-06-24:20-1264,2020-06-24,2020-06-24,regular,P.-134,187,general,"Budget and Finance Committee - June 18, 2020 - James Harris, Chairperson",20-1264,https://ousd.legistar.com/gateway.aspx?M=L&ID=49852,Temporary Transfer of Funds - $30 million with the County of Alameda Treasury - FY 2020-21,"Approval by the Board of Education, upon recommendation of the Budget and Finance Committee, of Resolution No. 1920-0258 - Requesting Temporary Transfer of Funds In An Amount Not To Exceed $30 Million Dollars From The Alameda County Treasury Due To Fluctuation In District Revenue And Receipts For Fiscal Year 2020-2021.",Resolution,Board of Education,,,,Requests a temporary transfer of up to $30 million from the Alameda County Treasury for 2020-21,The Board adopts a resolution asking the Alameda County Treasury for a temporary transfer of funds of no more than $30 million for fiscal year 2020-21. The text says the request is due to ups and downs in district revenue and receipts.,"Budget, finance & payments",,resolution_or_policy,,,,no_cost,,,,,,,true,2020-07-01,2021-06-30,,,,Adopted on the General Consent Report,2020-06-24,true,auto_ok,sonnet-agent,enrich.v5.md,true,
2020-06-24:20-1360,2020-06-24,2020-06-24,regular,P.-135,189,general,Measure G1 - Districtwide Teacher Retention and Middle School Improvement Act Oversight Commission - Allocations - FY 2020-21,20-1360,https://ousd.legistar.com/gateway.aspx?M=L&ID=49947,Measure G1 - Districtwide Teacher Retention and Middle School Improvement Act Oversight Commission - Recommendations - 2020-2021 District Middle Schools and Charter Middle Schools Grant Applications and Education Spending Plans (Awards),"Adoption by the Board of Education of Resolution No. 1920-0261 - Measure G1 - Districtwide Teacher Retention and Middle School Improvement Act Oversight Commission - Recommendations - 2020-2021 District Middle Schools and Charter Middle Schools Grant Applications and Education Spending Plans (Awards) in the cumulative amount of $3,916,012.00.",Appropriation,Board of Education,,,,"Adopts Measure G1 middle school grants and education spending plans totaling $3,916,012 for 2020-21","The Board adopts a resolution approving 2020-21 Measure G1 grant awards and education spending plans for district and charter middle schools, as recommended by the Measure G1 oversight commission. The cumulative amount is $3,916,012.00.","Budget, finance & payments",,resolution_or_policy,,,,expense,cumulative,3916012,,,,,true,2020-07-01,2021-06-30,budget_allocation,,,Adopted on the General Consent Report,2020-06-24,true,auto_ok,sonnet-agent,enrich.v5.md,true,
2020-06-24:20-1063,2020-06-24,2020-06-24,regular,P.-136,191,general,Measure N - College and Career Readiness Commission - Allocations - FY 2020-21,20-1063,https://ousd.legistar.com/gateway.aspx?M=L&ID=49651,Measure N - College and Career Readiness Commission - Education Plans and Budgets for District and Charter Schools - 2020-2021 School Year,"Adoption by the Board of Education of Resolution No. 1920-0240 - Measure N - College and Career Readiness Commission - Education Plans and Budgets for District and Charter Schools - 2020-2021 School Year in the cumulative amount of $10,484,139.00.",Motion,Board of Education,,,,"Adopts Measure N college and career education plans and budgets totaling $10,484,139 for 2020-21","The Board adopts a resolution approving 2020-21 education plans and budgets for district and charter schools under Measure N, as recommended by the College and Career Readiness Commission. The cumulative amount is $10,484,139.00.","Budget, finance & payments",,resolution_or_policy,,,,expense,cumulative,10484139,,,,,true,2020-07-01,2021-06-30,budget_allocation,,,Adopted on the General Consent Report,2020-06-24,true,auto_ok,sonnet-agent,enrich.v5.md,true,
2020-06-24:20-1074,2020-06-24,2020-06-24,regular,P1.-1,193,bonds,,20-1074,https://ousd.legistar.com/gateway.aspx?M=L&ID=49662,"Amendment No. 1, Independent Consultant Agreement for Professional Services - Lowe Consulting Group, Inc. – Facilities Planning & Management Project - Division of Facilities Planning and Management","Approval by the Board of Education of Amendment No.1, Independent Consultant  Agreement for Professional Services between the District and  Lowe Consulting Group, Inc., Oakland CA, for the latter to continue to provide project labor agreement services focusing on hiring of local residents and ensures union representation, assist the District in monitoring prevailing wages, collaboration with local pre-apprentice programs and District contractors, describing the amended services as a part of attached Exhibit A, for the Facilities Planning & Management Project, in an additional amount of $180,000.00 increasing Agreement not to exceed amount from $180,000.00 to $360,000.00, extending the term of the Agreement from July 1, 2019 through June 30, 2020 to June 30, 2021, and authorizing the President and Secretary of the Board to sign the Amendment for same with said Consultant. All other terms and conditions of the Agreement remain in full force and effect.",Agreement or Contract,"Deputy Chief, Facilities Planning and Management",006139,v-006139,Fund 21 Measure J,"Adds $180,000 and a year to Lowe Consulting's facilities labor-agreement contract","Lowe Consulting Group continues to provide project labor agreement services, such as local hiring, union representation and monitoring prevailing wages. The district adds $180,000.00 to the agreement, raising its limit from $180,000.00 to $360,000.00, and extends the term to June 30, 2021. Paid from Measure J bond funds.",School buildings & construction,,amendment,Lowe Consulting Group,organization,,expense,not_to_exceed,180000,,,180000,360000,true,2019-07-01,2021-06-30,raises_existing_contract; large_increase; multi_year,,,Adopted on the General Consent Report,2020-06-24,true,auto_ok,sonnet-agent,enrich.v5.md,true,
2020-06-24:20-1078,2020-06-24,2020-06-24,regular,P1.-2,194,bonds,,20-1078,https://ousd.legistar.com/gateway.aspx?M=L&ID=49666,"Amendment No. 1, Independent Consultant Agreement for Professional Services - L. Luster & Associates, Inc. – Facilities Planning & Management Project - Division of Facilities Planning and Management","Approval by the Board of Education of Amendment No.1, Independent Consultant  Agreement for Professional Services between the District and  L. Luster & Associates, Inc., Oakland CA, for the latter to continue to provide Contract and Labor Compliance services, provide direct services to the projects in monitoring the team’s activities and progress, provide community outreach, stakeholder coordination and meeting facilitation, as described in scope of services dated May 1, 2019, attached as a part of Exhibit A, for the Facilities Planning & Management Project, in an additional amount of $349,437.00, increasing Agreement not to exceed amount from $349,437.00 to $698,874.00, extending the term from July 1, 2019 through June 30, 2020 to June 30, 2021 and authorizing the President and Secretary of the Board to sign the Amendment for same with said Consultant. All other terms and conditions of the Agreement remain in full force and effect.",Agreement or Contract,"Deputy Chief, Facilities Planning and Management",005883,v-005883,Fund 21 Measure J,"Adds $349,437 and a year to L. Luster & Associates' facilities compliance contract","L. Luster & Associates continues to provide contract and labor compliance, community outreach and meeting facilitation for facilities projects. The district adds $349,437.00 to the agreement, raising its limit from $349,437.00 to $698,874.00, and extends the term to June 30, 2021. Paid from Measure J bond funds.",School buildings & construction,,amendment,L. Luster & Associates,organization,,expense,not_to_exceed,349437,,,349437,698874,true,2019-07-01,2021-06-30,raises_existing_contract; large_increase; multi_year,,,Adopted on the General Consent Report,2020-06-24,true,auto_ok,sonnet-agent,enrich.v5.md,true,
2020-06-24:20-1119,2020-06-24,2020-06-24,regular,P1.-3,195,bonds,,20-1119,https://ousd.legistar.com/gateway.aspx?M=L&ID=49707,"Amendment No. 1, Independent Consultant Agreement for Professional Services –Layas Partnership – Facilities Planning & Management Project - Division of Facilities Planning and Management","Approval by the Board of Education of Amendment No.1, Independent Consultant Agreement for Professional Services between the District and Layas Partnership, Oakland CA, for the latter to 
continue to provide project management services consistent with the District’s procedures and policies, to provide construction management services primarily for those projects still active and initiated under the current contract; include any additional scope of work requested by the District, including a  proposal letter describing the amended services is attached as a part of Exhibit A, for the Facilities Planning & Management Project, in an additional amount of $207,480.00, increasing Agreement not to exceed amount from $208,320.00 to $415,800.00, extending the term of the Agreement from June 1, 2019 through June 30, 2020 to June 30, 2021 and authorizing the President and Secretary of the Board to sign the Amendment for same with said Consultant. All other terms and conditions of the Agreement remain in full force and effect.",Agreement or Contract,"Deputy Chief, Facilities Planning and Management",002513,v-002513,Fund 21 Measure J,"Adds $207,480 and a year to Layas Partnership's facilities project management contract","Layas Partnership continues to provide project management and construction management for active facilities projects. The district adds $207,480.00 to the agreement, raising its limit from $208,320.00 to $415,800.00, and extends the term to June 30, 2021. Paid from Measure J bond funds.",School buildings & construction,,amendment,Layas Partnership,organization,,expense,not_to_exceed,207480,,,208320,415800,true,2019-06-01,2021-06-30,raises_existing_contract; large_increase; multi_year,,,Adopted on the General Consent Report,2020-06-24,true,auto_ok,sonnet-agent,enrich.v5.md,true,
2020-06-24:20-1120,2020-06-24,2020-06-24,regular,P1.-4,196,bonds,,20-1120,https://ousd.legistar.com/gateway.aspx?M=L&ID=49708,"Amendment No. 1, Independent Consultant Agreement for Professional Services – Well Put Together – Facilities Planning & Management - Division of Facilities Planning and Management","Approval by the Board of Education of Amendment No.1, Independent Consultant Agreement for Professional Services between the District with Well Put Together, Oakland CA, for the latter to continue to provide Project Management Services, including coordinating activities of goals or objectives for the District projects, as described in proposal dated April 1,2020 attached to this Amendment, as a part of Exhibit A, for the Facilities Planning & Management Project, in an additional amount of $187,200.00, increasing Agreement not to exceed amount from $302,400.00 to $489,600.00, extending the term of the agreement of July 1, 2019 through June 30, 2020 to June 30, 2021, authorizing the President and Secretary of the Board to sign the Amendment for same with said Consultant. All other terms and conditions of the Agreement remain in full force and effect.",Agreement or Contract,"Deputy Chief, Facilities Planning and Management",005124,v-005124,Fund 21 Measure J,"Adds $187,200 and a year to Well Put Together's facilities project management contract","Well Put Together continues to provide project management services for district facilities projects. The district adds $187,200.00 to the agreement, raising its limit from $302,400.00 to $489,600.00, and extends the term to June 30, 2021. Paid from Measure J bond funds.",School buildings & construction,,amendment,Well Put Together,organization,,expense,not_to_exceed,187200,,,302400,489600,true,2019-07-01,2021-06-30,raises_existing_contract; large_increase; multi_year,,,Adopted on the General Consent Report,2020-06-24,true,auto_ok,sonnet-agent,enrich.v5.md,true,
2020-06-24:20-1127,2020-06-24,2020-06-24,regular,P1.-5,197,bonds,,20-1127,https://ousd.legistar.com/gateway.aspx?M=L&ID=49715,"Amendment No. 1, Independent Consultant Agreement for Professional Services –KDI Consultants, Inc.– Fremont New Construction Project - Division of Facilities Planning and Management","Approval by the Board of Education of Amendment No.1, Independent Consultant  Agreement for Professional Services between the District and KDI Consultants, Inc.,  Oakland, CA, for the latter to 
provide additional monitoring work, preparing reports on a daily basis to Document Control, attend weekly job meetings, special meetings with CM, AOR & EOR, as described in the Proposal dated April 29, 2020 attached to this amendment, as part of Exhibit A, for the Fremont High School New Construction Project, in an additional amount of $368,500.00, with a contingency of $33,500.00, increasing Agreement not to exceed amount from $1,000,000.00 to $1,368,500.00, extending the term from February 20, 2018 through August 20, 2020 to February 28, 2021, and authorizing the President and Secretary of the Board to sign the Amendment for same with said Consultant. All other terms and conditions of the Agreement remain in full force and effect",Agreement or Contract,"Deputy Chief, Facilities Planning and Management",002377,v-002377,Fund 21 Measure J,"Adds $368,500 for more monitoring work by KDI Consultants on the Fremont High School rebuild","KDI Consultants provides added monitoring work on the Fremont High School New Construction Project, including daily reports and weekly job meetings. The district adds $368,500.00, with a $33,500.00 contingency, raising the limit from $1,000,000.00 to $1,368,500.00, and extends the term to February 28, 2021. Paid from Measure J bond funds.",School buildings & construction,,amendment,"KDI Consultants, Inc.",organization,Fremont High School,expense,not_to_exceed,368500,,,1000000,1368500,true,2018-02-20,2021-02-28,raises_existing_contract; multi_year,,,Adopted on the General Consent Report,2020-06-24,true,auto_ok,sonnet-agent,enrich.v5.md,true,
2020-06-24:20-1225,2020-06-24,2020-06-24,regular,P1.-6,198,bonds,,20-1225,https://ousd.legistar.com/gateway.aspx?M=L&ID=49813,General Services Agreement - Competitively Bid – Cole Administration Move Relocation Project – Nor-Cal Moving Services- Facilities Planning & Management,"Approval by the Board of Education of General Services Agreement - Competitively Bid - between District and Nor-Cal Moving Services (“Consultant”), Hayward, Ca, for the latter to provide moving services to relocate Special Education Department on the Cole Campus to new location,  for the Cole Administration Move Relocation Project, in the amount of $27,800.00, which includes a contingency of $8,000.00, as the lowest responsive and responsible bidder, and rejecting all other bids if any, and authorizing the President and Secretary of the Board to sign the Agreement for same with said bidder, with a term of 60 days, from June 25, 2020, through August 24, 2020.",Agreement or Contract,"Deputy Chief, Facilities Planning and Management",003098,v-003098,Fund 21 Measure J,"Pays Nor-Cal Moving Services up to $27,800 to relocate the Special Education Department at Cole","Nor-Cal Moving Services was the lowest responsive bidder to move the Special Education Department on the Cole Campus to a new location. The amount of $27,800.00 includes an $8,000.00 contingency. The 60-day term runs June 25 to August 24, 2020. Paid from Measure J bond funds.","Food, transportation & operations",,bid_award,Nor-Cal Moving Services,organization,Cole Campus,expense,fixed,27800,,,,,true,2020-06-25,2020-08-24,,,,Adopted on the General Consent Report,2020-06-24,true,auto_ok,sonnet-agent,enrich.v5.md,true,
2020-06-24:20-1270,2020-06-24,2020-06-24,regular,P1.-7,199,bonds,,20-1270,https://ousd.legistar.com/gateway.aspx?M=L&ID=49858,"Change Order No. 1, Construction Contract – Digital Design Communications – Video Surveillance Maintenance (30) Sites Project - Division of Facilities Planning and Management","Approval by the Board of Education of Change Order No 1, Between Owner and Contractor, i.e., District and Digital Design Communications, Oakland, CA, for the latter to replace the existing switches with new jumper switches for installed surveillance cameras, as described in said Change Order, known as the Video Surveillance Maintenance (30) Sites Project, in the additional amount of $35,526.00, increasing the Contract not to exceed amount from $860,218.00 to $903,744.00, and extending the term of May 9, 2019 through September 9, 2019, by an additional 479 calendar days, and authorizing the President and Secretary of the Board to sign the Change Order for same with said contractor.",Agreement or Contract,"Deputy Chief, Facilities Planning and Management",001380,v-001380,Fund 21 Measure J,"Adds $35,526 to the Digital Design Communications video surveillance maintenance contract","A change order has Digital Design Communications replace existing switches with new jumper switches for installed surveillance cameras in the Video Surveillance Maintenance (30) Sites Project. It adds $35,526.00 and extends the term by 479 calendar days. Paid from Measure J bond funds.",School buildings & construction,,change_order,Digital Design Communications,organization,,expense,not_to_exceed,35526,,,860218,903744,true,2019-05-09,2019-09-09,raises_existing_contract,,,Adopted on the General Consent Report,2020-06-24,true,auto_ok,sonnet-agent,enrich.v5.md,true,
2020-06-24:20-1339,2020-06-24,2020-06-24,regular,P1.-8,200,bonds,,20-1339,https://ousd.legistar.com/gateway.aspx?M=L&ID=49927,Agreement Between Owner and Contractor - Competitively Bid – Rook Electric – Madison Park Academy Video Surveillance Project – Division of Facilities Planning & Management,"Approval by the Board of Education of Agreement Between Owner and Contractor - Competitively Bid -  i.e., District and Rook Electric (“Contractor”), Oakland, CA, for the latter to provide installation of (22) new cameras and program the (20) existing cameras into the Milestone software, for the Madison Park Academy Video Surveillance Project, in the amount of $75,800.00, which includes a $10,000.00 contingency, as the lowest responsive and responsible bidder, and rejecting all other bids if any, and authorizing the President and Secretary of the Board to sign the Agreement for same with said bidder with work scheduled to commence on June 25, 2020, and scheduled to be completed by August 14, 2020, a term of Sixty (60) Calendar Days.",Agreement or Contract,"Deputy Chief, Facilities Planning and Management",003677,v-003677,Fund 21 Measure J,"Pays Rook Electric up to $75,800 to install cameras at Madison Park Academy","Rook Electric was the lowest responsive bidder to install 22 new security cameras and connect 20 existing cameras to the Milestone software at Madison Park Academy. The amount includes a $10,000.00 contingency. Work runs June 25 to August 14, 2020. Paid from Measure J bond funds.",School buildings & construction,,bid_award,Rook Electric,organization,Madison Park Academy,expense,fixed,75800,,,,,true,2020-06-25,2020-08-14,,,,Adopted on the General Consent Report,2020-06-24,true,auto_ok,sonnet-agent,enrich.v5.md,true,
2020-06-24:20-1317,2020-06-24,2020-06-24,regular,P1.-9,201,bonds,,20-1317,https://ousd.legistar.com/gateway.aspx?M=L&ID=49905,General Services Agreement - Competitively Bid – Fremont High School Incfements 3 & 4 Furniture Project – Metro Contract Group- Facilities Planning & Management,"Approval by the Board of Education of a General Services Agreement - Competitively Bid - between District and Metro Contract Group (“Consultant”), Oakland, CA, for the latter to provide delivery and furnish furniture for the new Fremont High School Building B and Gymnasium including Fitness Room, a total of 35 classrooms which includes the gym and flex space, science classrooms, skilled trade’s fab lab, digital media, video control, audio control and recording studio, as fully described in the Notice to Bidders and the Fremont High School Building B Furniture Specification Package Addendum #2, dated May 28, 2020, which are attached to this Agreement as Exhibit A, aka as the Fremont High School Increments 3 & 4 Furniture Project, in the amount of $623,807.00, which includes a contingency of $20,000.00, as the lowest responsive and responsible bidder, and rejecting all other bids if any, and authorizing the President and Secretary of the Board to sign the Agreement for same with said bidder with the Agreement commencing on June 25, 2020, and terminating upon completion of the services but no later than October 23, 2020, a term of up to One Hundred Twenty (120) days.",Agreement or Contract,"Deputy Chief, Facilities Planning and Management",002836,v-002836,Fund 21 Measure J,"Pays Metro Contract Group up to $623,807 for furniture for the new Fremont High building and gym","Metro Contract Group was the lowest responsive bidder to deliver furniture for the new Fremont High School Building B and gymnasium, 35 classrooms in all. The amount includes a $20,000.00 contingency. The agreement starts June 25, 2020 and ends no later than October 23, 2020. Paid from Measure J bond funds.","Food, transportation & operations",,bid_award,Metro Contract Group,organization,Fremont High School,expense,fixed,623807,,,,,true,2020-06-25,2020-10-23,,,,Adopted on the General Consent Report,2020-06-24,true,auto_ok,sonnet-agent,enrich.v5.md,true,
2020-06-24:20-1308,2020-06-24,2020-06-24,regular,P1.-10,202,bonds,,20-1308,https://ousd.legistar.com/gateway.aspx?M=L&ID=49896,General Services Agreement - Facilities Planning & Management Project - MKThink - Division of Facilities Planning and Management,"Approval by the Board of Education of General Services Agreement between District and MKThink, Oakland, CA, for the latter to provide continued support to District’s 2019 Facilities Master Plan (FMP); which includes ongoing support and close out the Facilities master plan under an extended timeline, support the District in the project prioritization and asset management planning process, as well as the additional work required to collect, reconcile and manage additional data sources, including cost, condition, lifecycle, and seismic data, including all work described in the June 3, 2020, proposal attached to this Agreement as Exhibit A, for the Facilities Planning & Management Project, in the amount of $194,488.00, which includes a contingency of $16,912.00, as the selected consultant, with work scheduled to commence on June 25, 2020, and conclude December  31, 2020, and authorizing the President and Secretary of the Board to sign the Agreement for same with said consultant.",Agreement or Contract,"Deputy Chief, Facilities Planning and Management",002887,v-002887,Fund 21 Measure J,"Pays MKThink $194,488 for continued support of the district's 2019 Facilities Master Plan","MKThink continues to support the 2019 Facilities Master Plan, including project prioritization and asset management planning, and collects and manages cost, condition, lifecycle and seismic data. The amount includes a $16,912.00 contingency. Work runs June 25 to December 31, 2020. Paid from Measure J bond funds.",School buildings & construction,,new_agreement,MKThink,organization,,expense,fixed,194488,,,,,true,2020-06-25,2020-12-31,,,,Adopted on the General Consent Report,2020-06-24,true,auto_ok,sonnet-agent,enrich.v5.md,true,
2020-06-24:20-1030,2020-06-24,2020-06-24,regular,P2.-1,204,general,,20-1030,https://ousd.legistar.com/gateway.aspx?M=L&ID=49618,Memorandum of Understanding - Girls Inc. of Alameda County - After School Program - Acorn Woodland Elementary School,"Approval by the Board of Education of Memorandum of Understanding between the District and Girls Inc. of Alameda County, Oakland, CA, for the latter to serve as lead agency for program coordination, math intervention, homework support, student supervision and a variety of enrichment services, as described in the MOU, for Acorn Woodland Elementary School’s comprehensive After School Program, for the period of August 1, 2020 through July 31, 2021, in an amount not to exceed $104,997.00.",Agreement or Contract,Chief Academic Officer,001841,v-001841,After School Education and Safety (ASES) Grant,"Pays Girls Inc. up to $104,997 to run the after-school program at Acorn Woodland Elementary School","Girls Inc. of Alameda County would lead the after-school program at Acorn Woodland Elementary School, including program coordination, math help, homework support, student supervision and enrichment. This is a paid memorandum of understanding (MOU) for August 1, 2020 to July 31, 2021, with a limit of $104,997.00. It is funded by the After School Education and Safety (ASES) grant.",After-school & summer programs,,new_agreement,Girls Inc. of Alameda County,organization,Acorn Woodland Elementary School,expense,not_to_exceed,104997,,,,,true,2020-08-01,2021-07-31,,,,Adopted on the General Consent Report,2020-06-24,true,auto_ok,sonnet-agent,enrich.v5.md,true,
2020-06-24:20-1124,2020-06-24,2020-06-24,regular,P2.-2,205,general,,20-1124,https://ousd.legistar.com/gateway.aspx?M=L&ID=49712,Memorandum of Understanding - Girls Inc. of Alameda County - After School Program - Allendale Elementary School,"Approval by the Board of Education of Memorandum of Understanding between the District and Girls Inc. of Alameda County, Oakland, CA, for the latter to serve as lead agency for program coordination, math intervention, homework support, student supervision and a variety of enrichment services, as described in the MOU, for Allendale Elementary School’s comprehensive After School Program, for the period of August 1, 2020 through July 31, 2021, in an amount not to exceed $108,537.00.",Agreement or Contract,Chief Academic Officer,001841,v-001841,After School Education and Safety (ASES) Grant,"Pays Girls Inc. up to $108,537 to run the after-school program at Allendale Elementary School","Girls Inc. of Alameda County would lead the after-school program at Allendale Elementary School, including program coordination, math help, homework support, student supervision and enrichment. This is a paid memorandum of understanding (MOU) for August 1, 2020 to July 31, 2021, with a limit of $108,537.00. It is funded by the After School Education and Safety (ASES) grant.",After-school & summer programs,,new_agreement,Girls Inc. of Alameda County,organization,Allendale Elementary School,expense,not_to_exceed,108537,,,,,true,2020-08-01,2021-07-31,,,,Adopted on the General Consent Report,2020-06-24,true,auto_ok,sonnet-agent,enrich.v5.md,true,
2020-06-24:20-1139,2020-06-24,2020-06-24,regular,P2.-3,206,general,,20-1139,https://ousd.legistar.com/gateway.aspx?M=L&ID=49727,Memorandum of Understanding - Girls Inc. of Alameda County - After School Program - Bridges Academy,"Approval by the Board of Education of Memorandum of Understanding between the District and Girls Inc. of Alameda County, Oakland, CA, for the latter to serve as lead agency for program coordination, math intervention, homework support, student supervision and a variety of enrichment services, as described in the MOU, for Bridges Academy’s comprehensive After School Program, for the period of August 1, 2020 through July 31, 2021, in an amount not to exceed $98,725.00.",Agreement or Contract,Chief Academic Officer,001841,v-001841,After School Education and Safety (ASES) Grant,"Pays Girls Inc. up to $98,725 to run the after-school program at Bridges Academy","Girls Inc. of Alameda County would lead the after-school program at Bridges Academy, including program coordination, math help, homework support, student supervision and enrichment. This is a paid memorandum of understanding (MOU) for August 1, 2020 to July 31, 2021, with a limit of $98,725.00. It is funded by the After School Education and Safety (ASES) grant.",After-school & summer programs,,new_agreement,Girls Inc. of Alameda County,organization,Bridges Academy,expense,not_to_exceed,98725,,,,,true,2020-08-01,2021-07-31,,,,Adopted on the General Consent Report,2020-06-24,true,auto_ok,sonnet-agent,enrich.v5.md,true,
2020-06-24:20-1165,2020-06-24,2020-06-24,regular,P2.-4,207,general,,20-1165,https://ousd.legistar.com/gateway.aspx?M=L&ID=49753,Memorandum of Understanding - Girls Inc. of Alameda County - After School Program - LaEscuelita Elementary School,"Approval by the Board of Education of Memorandum of Understanding between the District and Girls Inc. of Alameda County, Oakland, CA, for the latter to serve as lead agency for program coordination, math intervention, homework support, student supervision and a variety of enrichment services, as described in the MOU, for LaEscuelita Elementary School’s comprehensive After School Program, for the period of August 1, 2020 through July 31, 2021, in an amount not to exceed $146,897.00.",Agreement or Contract,Chief Academic Officer,0018841,v-001841,After School Education and Safety (ASES) Grant,"Pays Girls Inc. up to $146,897 to run the after-school program at LaEscuelita Elementary School","Girls Inc. of Alameda County would lead the after-school program at LaEscuelita Elementary School, including program coordination, math help, homework support, student supervision and enrichment. This is a paid memorandum of understanding (MOU) for August 1, 2020 to July 31, 2021, with a limit of $146,897.00. It is funded by the After School Education and Safety (ASES) grant.",After-school & summer programs,,new_agreement,Girls Inc. of Alameda County,organization,LaEscuelita Elementary School,expense,not_to_exceed,146897,,,,,true,2020-08-01,2021-07-31,,,,Adopted on the General Consent Report,2020-06-24,true,auto_ok,sonnet-agent,enrich.v5.md,true,
2020-06-24:20-1203,2020-06-24,2020-06-24,regular,P2.-5,208,general,,20-1203,https://ousd.legistar.com/gateway.aspx?M=L&ID=49791,Memorandum of Understanding - Girls Inc. of Alameda County - After School Program - Horace Mann Elementary School,"Approval by the Board of Education of Memorandum of Understanding between the District and Girls Inc. of Alameda County, Oakland, CA, for the latter to serve as lead agency for program coordination, math intervention, homework support, student supervision and a variety of enrichment services, as described in the MOU, for Horace Mann Elementary School’s comprehensive After School Program, for the period of August 1, 2020 through July 31, 2021, in an amount not to exceed $111,269.00.",Agreement or Contract,Chief Academic Officer,001841,v-001841,After School Education and Safety (ASES) Grant,"Pays Girls Inc. of Alameda County up to $111,269 to run Horace Mann Elementary's after-school program","The district would pay Girls Inc. of Alameda County, through a memorandum of understanding (MOU), to lead the after-school program at Horace Mann Elementary School. The group would coordinate the program and provide math help, homework support, student supervision and enrichment activities. The agreement runs from August 1, 2020 through July 31, 2021, and the payment is capped at $111,269.",After-school & summer programs,,new_agreement,Girls Inc. of Alameda County,organization,Horace Mann Elementary School,expense,not_to_exceed,111269,,,,,true,2020-08-01,2021-07-31,,,,Adopted on the General Consent Report,2020-06-24,true,auto_ok,sonnet-agent,enrich.v5.md,true,
