item_id,meeting_key,meeting_date,meeting_kind,agenda_number,agenda_sequence,consent_section,group,file_number,legistar_url,title,official_text,matter_type,presenter,vendor_number,vendor_key,funding_source,headline,summary,category,subcategory,action_type,vendor_name,vendor_kind,schools,money_direction,amount_type,amount,amount_range_low,amount_range_high,prior_total,new_total,amount_verified,term_start,term_end,flags,source_issue,pulled_from_consent,outcome_action,outcome_date,adopted,review_status,model_id,prompt_version,counts_toward_totals,duplicate_of
2020-12-09:20-2449,2020-12-09,2020-12-09,regular,V.-1,54,general,"Chief, Systems and Services Officer",20-2449,https://ousd.legistar.com/gateway.aspx?M=L&ID=51031,"Cisco End User Information Form and CDW-G Customer Service Information Form - Cisco Flex License Purchase - District, Cisco and CDW-Government LLC - Technology Services Department","Approval by the Board of Education of the Cisco End User Information Form and CDW-G Customer Service Information Form between District and CDW-Government LLC, Vernon Hills, IL 60061,  utilizing the CalSAVE Stretch Agreement approved under File ID 20-1290 (Enactment # 20-0978), for CDW-Government LLC to provide Cisco Flex licenses for virtual phone systems to facilitate school site and teacher communication with families, via the Technology Services Department, for the period December 15, 2020 through December 14, 2025, for an amount not to exceed $649,532.00 $648.960.00.",Agreement or Contract,Superintendent,000998,v-000998,CARES Act Funding,"Buys Cisco phone licenses from CDW-G for up to $648,960 through an existing contract, 2020-2025","CDW-Government LLC would provide Cisco Flex licenses for virtual phone systems so school sites and teachers can communicate with families. The district is buying through an existing contract (the CalSAVE Stretch Agreement) instead of running its own bid. The five-year term runs December 15, 2020 through December 14, 2025, at up to $648,960.00. The official text also prints an earlier figure of $649,532.00, which the attached memo shows was replaced.",Technology,,cooperative_purchase,CDW-Government LLC,organization,,expense,not_to_exceed,648960,,,,,false,2020-12-15,2025-12-14,no_competitive_bid; source_issue; multi_year,"The official text prints two not-to-exceed amounts, $649,532.00 and a misformatted $648.960.00; the attached memo and vendor order form show the intended amount is $648,960.00.",,Adopted on the General Consent Report,2020-12-09,true,human_reviewed,sonnet-agent,enrich.v5.md,true,
2020-12-09:20-2205,2020-12-09,2020-12-09,regular,V.-2,56,general,Chief Business Officer,20-2205,https://ousd.legistar.com/gateway.aspx?M=L&ID=50787,"Accounts Payable Warrants - Fiscal Year 2020-2021 - As of October 31, 2020","Approval by the Board of Education of Accounts Payable Warrants - i.e., 590 Accounts Payable Consolidated Checks printed - Fiscal Year 2020-2021, in the cumulative Amount of $24,890,082.90, from October 1, 2020 through October 31, 2020, as reflected in Exhibit 1.",Report,Chief Financial Officer,,,,Approves $24.89M in accounts payable checks issued in October 2020,"The Board is approving 590 consolidated accounts payable checks the district printed in October 2020 to pay its bills. The cumulative total for the month is $24,890,082.90, and the individual payments are listed in Exhibit 1 of the report.","Budget, finance & payments",,other,,,,expense,cumulative,24890082.9,,,,,true,2020-10-01,2020-10-31,payment_ratification; after_work_began,,,Adopted on the General Consent Report,2020-12-09,true,auto_ok,sonnet-agent,enrich.v5.md,true,
2020-12-09:20-2206,2020-12-09,2020-12-09,regular,V.-3,57,general,Chief Business Officer,20-2206,https://ousd.legistar.com/gateway.aspx?M=L&ID=50788,"Payroll Warrants and Direct Deposits - Fiscal Year 2020-2021 - As of October 31, 2020","Approval by the Board of Education of Payroll Warrants and Direct Deposits - i.e., 753 Payroll Consolidated Checks printed and 6,280 Direct Deposits made - Fiscal Year 2020-2021, in the cumulative Amount of $18,700,119.55, from October 1, 2020 through October 31, 2020, as reflected in Exhibit 1.",Report,Chief Financial Officer,,,,Approves $18.7M in payroll checks and direct deposits for October 2020,"The Board is approving payroll for October 2020: 753 printed paychecks and 6,280 direct deposits. The cumulative total is $18,700,119.55, and the details are in Exhibit 1 of the report.","Budget, finance & payments",,other,,,,expense,cumulative,18700119.55,,,,,true,2020-10-01,2020-10-31,payment_ratification; after_work_began,,,Adopted on the General Consent Report,2020-12-09,true,auto_ok,sonnet-agent,enrich.v5.md,true,
2020-12-09:20-2181,2020-12-09,2020-12-09,regular,V.-4,59,general,"Deputy Chief, Facilities Planning and Management",20-2181,https://ousd.legistar.com/gateway.aspx?M=L&ID=50763,Agreement Between Owner and Contractor - Competitively Bid – Redgwick Construction Company – Horace Mann Elementary School Retaining Wall & Stairs Replacement Project – Division of Facilities Planning & Management,"Approval by the Board of Education of Agreement Between Owner and Contractor - Competitively Bid - on behalf of the District to Redgwick Construction Company (“Contractor”), Oakland, CA, for the latter to remove approximately 240 LF of concrete wall including stairs leading to playground as shown on plans; install new retaining wall and stairs as shown on plans, for the Horace Mann Elementary School Retaining Wall & Stairs Replacement Project, described in Bid Proposal - Document 00 31 01 - received 1:00 P.M., May 28, 2020, incorporated herein by reference as though fully set forth, in the amount of $297,200.00, which includes a contingency of $20,000.00, as the lowest responsive bidder, and rejecting all other bids, if any, and authorizing the President and Secretary of the Board to sign the Agreement for same with said bidder, with project anticipated to commence on December 10, 2020, and scheduled to last for Ninety (90) days, with an anticipated ending of March 10, 2021.",Agreement or Contract,"Deputy Chief, Facilities Planning and Management",003557,v-003557,Fund 40 Special Reserve Fund for Capital Outlay Projects,"Awards Redgwick Construction $297,200 to replace Horace Mann Elementary's retaining wall and stairs","The district is hiring the lowest responsive bidder, Redgwick Construction Company, to remove about 240 feet of concrete wall and stairs leading to the playground and build a new retaining wall and stairs. The amount includes a $20,000 contingency. Work is expected to start December 10, 2020 and last 90 days, ending around March 10, 2021.",School buildings & construction,,bid_award,Redgwick Construction Company,organization,Horace Mann Elementary School,expense,fixed,297200,,,,,true,2020-12-10,2021-03-10,,,,Adopted on the General Consent Report,2020-12-09,true,auto_ok,sonnet-agent,enrich.v5.md,true,
2020-12-09:20-2325,2020-12-09,2020-12-09,regular,V.-5,60,general,"Deputy Chief, Facilities Planning and Management",20-2325,https://ousd.legistar.com/gateway.aspx?M=L&ID=50907,"Agreement for Pro Bono Design Services - M. Arthur Gensler Jr. & Associates, Inc. (“Gensler”) - Outdoor Learning Program - Laurel Elementary School and Bridges Academy","Ratification by the Board of Education of Agreement for pro bono design services between the District and M. Arthur Gensler Jr. & Associates, Inc. (“Gensler”), Oakland, CA, for the latter to provide pro bono design services for outdoor learning spaces at Laurel Elementary School and Bridges Academy, as described in Agreement, incorporated herein by reference as though full set forth, for the period of September 1, 2020 through October 9, 2020, at no cost to the District.",Agreement or Contract,General Counsel,,n-m-arthur-gensler-jr-and-associates-gensler,,Ratifies Gensler's free design work on outdoor learning spaces at Laurel Elementary and Bridges Academy,"The district is approving an agreement in which the architecture firm Gensler provided design services for outdoor learning spaces at no cost. The work ran from September 1 to October 9, 2020, so the Board is approving it after it began.",School buildings & construction,,new_agreement,"M. Arthur Gensler Jr. & Associates, Inc. (Gensler)",organization,Laurel Elementary School; Bridges Academy,no_cost,,,,,,,true,2020-09-01,2020-10-09,after_work_began,,,Adopted on the General Consent Report,2020-12-09,true,auto_ok,sonnet-agent,enrich.v5.md,true,
2020-12-09:20-2466,2020-12-09,2020-12-09,regular,V.-6,61,general,"Deputy Chief, Facilities Planning and Management",20-2466,https://ousd.legistar.com/gateway.aspx?M=L&ID=51048,"Amendment No. 1, Independent Consultant Agreement - DCG Strategies, Inc. - Division of Facilities, Planning and Management","Approval by the Board of Education of Amendment No. 1, Independent Consultant Agreement between District and DCG Strategies, Inc. (Contractor) for the latter to provide supplemental assessment management and real property services related to the District’s portfolio of properties that might be assigned for assistance with re-use processes, in an additional amount of $64,500.00, increasing Agreement not to exceed amount from $35,500.00 to $100,000.00, extending time of Agreement by 107 additional calendar days, revising the term from August 12, 2020 through March 15, 2021 to June 30 2021. All other terms and conditions of the Agreement remain in full force and effect.",Agreement or Contract,"Deputy Chief, Facilities Planning and Management",,n-dcg-strategies,Fund 40 Special Reserve for Capital Facilities,"Adds $64,500 and extends DCG Strategies' property re-use consulting to $100,000 through June 2021","This amendment adds $64,500 to a consultant agreement, raising the limit from $35,500 to $100,000. DCG Strategies provides assessment management and real property services for district properties that may be assigned for re-use. It also extends the contract by 107 days, with a new end date of June 30, 2021.",Governance & board business,,amendment,"DCG Strategies, Inc.",organization,,expense,not_to_exceed,64500,,,35500,100000,true,2020-08-12,2021-06-30,raises_existing_contract; large_increase,,,Adopted on the General Consent Report,2020-12-09,true,auto_ok,sonnet-agent,enrich.v5.md,true,
2020-12-09:20-0338,2020-12-09,2020-12-09,regular,V.-7,63,general,"Deputy Chief, Talent",20-0338,https://ousd.legistar.com/gateway.aspx?M=L&ID=48928,Personnel Report No. 1920-0007 - Talent/Human Resources Department,Approval by the Board of Education of Personnel Report No. 1920-0007.,Personnel Report,"Deputy Chief, Talent",,,,Approves Personnel Report No. 1920-0007 on staffing actions,"The Board is approving a personnel report, No. 1920-0007, from the Talent/Human Resources Department. The agenda text gives no dollar amount, and the individual staffing actions are in the report itself, not in this text.",Staff & hiring,,personnel,,,,no_cost,,,,,,,true,,,,,,Adopted on the General Consent Report,2020-12-09,true,auto_ok,sonnet-agent,enrich.v5.md,true,
2020-12-09:20-2283,2020-12-09,2020-12-09,regular,V.-8,64,general,"Deputy Chief, Talent",20-2283,https://ousd.legistar.com/gateway.aspx?M=L&ID=50865,Memorandum of Understanding and Interagency Agreement - District and Fresno Pacific University - Intern Partnership and Practica Programs - K-12 Teaching - Talent/Human Resources Department,"Approval by the Board of Education of Memorandum of Understanding and Interagency Agreement by and between the District and Fresno Pacific University (University or FPU), a California nonprofit, private university, for an Intern Partnership Program, Practica Program, and Field Experience-applying to K-12 Teaching, Education Specialist, Educational Therapist, School Counselor, Clinical School Psychologist, Administrative Services, and other Pupil Personnel Services credentials and certifications, as may be specified, for the period of July 1, 2020 through June 30, 2023, pursuant to terms and conditions of the MOU.",Agreement or Contract,"Deputy Chief, Talent",,n-fresno-pacific-university,,Renews Fresno Pacific University partnership for teacher interns and student teaching through 2023,"The district is signing a memorandum of understanding (MOU) with Fresno Pacific University for an intern program, a practica (supervised practice) program and field experience. They apply to teaching, special education, counseling, school psychology and administrative credentials. It runs July 1, 2020 through June 30, 2023, and the text states no dollar amount.",Staff & hiring,,mou_or_data_sharing,Fresno Pacific University,organization,,no_cost,,,,,,,true,2020-07-01,2023-06-30,after_work_began; multi_year,,,Adopted on the General Consent Report,2020-12-09,true,auto_ok,sonnet-agent,enrich.v5.md,true,
2020-12-09:20-2316,2020-12-09,2020-12-09,regular,V.-9,65,general,"Deputy Chief, Talent",20-2316,https://ousd.legistar.com/gateway.aspx?M=L&ID=50898,Revision/Creation of Job Description - Named Positions - Talent/Human Resources Department,"Adoption by the Board of Education of Resolution No. 2021-0066 - Creation or Revision of Job Descriptions - Specialist, LGBTQ Programming; Coordinator, Strategic Resource Planning and Coordinator, Outdoors Environmental.",Resolution,"Deputy Chief, Talent",,,,"Creates or revises three job descriptions: LGBTQ programming, resource planning and outdoor environmental","The Board is adopting a resolution to create or revise job descriptions for three positions: Specialist, LGBTQ Programming; Coordinator, Strategic Resource Planning; and Coordinator, Outdoors Environmental. The text states no dollar amount.",Staff & hiring,,resolution_or_policy,,,,no_cost,,,,,,,true,,,,,,Adopted on the General Consent Report,2020-12-09,true,auto_ok,sonnet-agent,enrich.v5.md,true,
2020-12-09:20-2483,2020-12-09,2020-12-09,regular,V.-10,66,general,"Deputy Chief, Talent",20-2483,https://ousd.legistar.com/gateway.aspx?M=L&ID=51060,Position Additions – Fiscal Year 2020-2021 - Talent/Human Resources Department,"Approval/ratification by the Board of Education of Resolution No. 2021-0093 - Position Additions - Fiscal Year 2020-2021, increasing the 2020-2021 budgeted positions by 51.5 FTE as set forth in Exhibit A.",Resolution,"Deputy Chief, Talent",,,,Adds 51.5 full-time-equivalent positions to the 2020-21 budget,"The Board is adopting a resolution that increases the number of budgeted positions for 2020-2021 by 51.5 full-time equivalents. The specific positions are listed in Exhibit A, and the text states no dollar amount. The Board is approving and ratifying the change.",Staff & hiring,,resolution_or_policy,,,,no_cost,,,,,,,true,2020-07-01,2021-06-30,after_work_began,,,Adopted on the General Consent Report,2020-12-09,true,auto_ok,sonnet-agent,enrich.v5.md,true,
2020-12-09:20-1771,2020-12-09,2020-12-09,regular,V.-11,68,general,Chief Academic Officer,20-1771,https://ousd.legistar.com/gateway.aspx?M=L&ID=50358,"Nonpublic, Nonsectarian School/Agency Services Master Contract(s) – Anova Center for Education - 2020-2021 School Year - Special Education Program","Approval by the Board of Education of Special Education Services Nonpublic, Nonsectarian School/Agency Services Master Contract between the District and Anova Center for Education, Concord, CA, for the latter to provide services to pupils as specified in Section 1 of Contract, for the period July 1, 2020 through June 30, 2021, pursuant to terms and conditions of Resolution No. 2021-0008.",Agreement or Contract,Chief Academic Officer,,n-anova-center-for-education,Special Education,Approves 2020-21 special education master contract with Anova Center for Education,"The district is approving a master contract with Anova Center for Education (Concord, CA) to provide nonpublic school or agency services to students in special education. It runs from July 1, 2020 through June 30, 2021. The text states no dollar amount; costs come from the individual student placements under the contract.",Special education,Nonpublic schools & agencies,new_agreement,Anova Center for Education,organization,,no_cost,,,,,,,true,2020-07-01,2021-06-30,after_work_began,,,Adopted on the General Consent Report,2020-12-09,true,auto_ok,sonnet-agent,enrich.v5.md,true,
2020-12-09:20-1827,2020-12-09,2020-12-09,regular,V.-12,69,general,Chief Academic Officer,20-1827,https://ousd.legistar.com/gateway.aspx?M=L&ID=50414,"Nonpublic, Nonsectarian School/Agency Services Master Contract(s) – Arise Educational Center - 2020-2021 School Year - Special Education Program","Approval by the Board of Education of Special Education Services Nonpublic, Nonsectarian School/Agency Services Master Contract between the District and Arise Educational Center, San Francisco, CA, for the latter to provide services to pupils as specified in Section 1 of Contract, for the period July 1, 2020 through June 30, 2021, pursuant to terms and conditions of Resolution No. 2021-0008.",Agreement or Contract,Chief Academic Officer,,n-arise-educational-center,Special Education,Approves 2020-21 special education master contract with Arise Educational Center,"The district is approving a master contract with Arise Educational Center (San Francisco, CA) to provide nonpublic school or agency services to students in special education. It runs from July 1, 2020 through June 30, 2021. The text states no dollar amount; costs come from the individual student placements under the contract.",Special education,Nonpublic schools & agencies,new_agreement,Arise Educational Center,organization,,no_cost,,,,,,,true,2020-07-01,2021-06-30,after_work_began,,,Adopted on the General Consent Report,2020-12-09,true,auto_ok,sonnet-agent,enrich.v5.md,true,
2020-12-09:20-1838,2020-12-09,2020-12-09,regular,V.-13,70,general,Chief Academic Officer,20-1838,https://ousd.legistar.com/gateway.aspx?M=L&ID=50425,"Nonpublic, Nonsectarian School/Agency Services Master Contract(s) – Star Academy - 2020-2021 School Year - Special Education Program","Approval by the Board of Education of Special Education Services Nonpublic, Nonsectarian School/Agency Services Master Contract between the District and Star Academy, San Rafael, CA, for the latter to provide services to pupils as specified in Section 1 of Contract, for the period July 1, 2020 through June 30, 2021, pursuant to terms and conditions of Resolution No. 2021-0008.",Agreement or Contract,Chief Academic Officer,,n-star-academy,Special Education,Approves 2020-21 special education master contract with Star Academy,"The district is approving a master contract with Star Academy (San Rafael, CA) to provide nonpublic school or agency services to students in special education. It runs from July 1, 2020 through June 30, 2021. The text states no dollar amount; costs come from the individual student placements under the contract.",Special education,Nonpublic schools & agencies,new_agreement,Star Academy,organization,,no_cost,,,,,,,true,2020-07-01,2021-06-30,after_work_began,,,Adopted on the General Consent Report,2020-12-09,true,auto_ok,sonnet-agent,enrich.v5.md,true,
2020-12-09:20-1848,2020-12-09,2020-12-09,regular,V.-14,71,general,Chief Academic Officer,20-1848,https://ousd.legistar.com/gateway.aspx?M=L&ID=50430,"Nonpublic, Nonsectarian School/Agency Services Master Contract(s) – La Cheim School - 2020-2021 School Year - Special Education Program","Approval by the Board of Education of Special Education Services Nonpublic, Nonsectarian School/Agency Services Master Contract between the District and La Cheim School, Inc., El Sobrante, CA, for the latter to provide services to pupils as specified in Section 1 of Contract, for the period July 1, 2020 through June 30, 2021, pursuant to terms and conditions of Resolution No. 2021-0008.",Agreement or Contract,Chief Academic Officer,,v-002458,Special Education,"Approves 2020-21 special education master contract with La Cheim School, Inc.","The district is approving a master contract with La Cheim School, Inc. (El Sobrante, CA) to provide nonpublic school or agency services to students in special education. It runs from July 1, 2020 through June 30, 2021. The text states no dollar amount; costs come from the individual student placements under the contract.",Special education,Nonpublic schools & agencies,new_agreement,"La Cheim School, Inc.",organization,,no_cost,,,,,,,true,2020-07-01,2021-06-30,after_work_began,,,Adopted on the General Consent Report,2020-12-09,true,auto_ok,sonnet-agent,enrich.v5.md,true,
2020-12-09:20-1864,2020-12-09,2020-12-09,regular,V.-15,72,general,Chief Academic Officer,20-1864,https://ousd.legistar.com/gateway.aspx?M=L&ID=50446,"Nonpublic, Nonsectarian School/Agency Services Master Contract(s) – Spectrum Center - 2020-2021 School Year - Special Education Program","Approval by the Board of Education of Special Education Services Nonpublic, Nonsectarian School/Agency Services Master Contract between the District and Spectrum Center, San Pablo, CA, for the latter to provide services to pupils as specified in Section 1 of Contract, for the period July 1, 2020 through June 30, 2021, pursuant to terms and conditions of Resolution No. 2021-0008.",Agreement or Contract,Chief Academic Officer,,v-004029,Special Education,Approves 2020-21 special education master contract with Spectrum Center,"The district is approving a master contract with Spectrum Center (San Pablo, CA) to provide nonpublic school or agency services to students in special education. It runs from July 1, 2020 through June 30, 2021. The text states no dollar amount; costs come from the individual student placements under the contract.",Special education,Nonpublic schools & agencies,new_agreement,Spectrum Center,organization,,no_cost,,,,,,,true,2020-07-01,2021-06-30,after_work_began,,,Adopted on the General Consent Report,2020-12-09,true,auto_ok,sonnet-agent,enrich.v5.md,true,
2020-12-09:20-1889,2020-12-09,2020-12-09,regular,V.-16,73,general,Chief Academic Officer,20-1889,https://ousd.legistar.com/gateway.aspx?M=L&ID=50471,"Nonpublic, Nonsectarian School/Agency Services Master Contract(s) – EBS Healthcare, Inc. - 2020-2021 School Year - Special Education Program","Approval by the Board of Education of Special Education Services Nonpublic, Nonsectarian School/Agency Services Master Contract between the District and EBS Healthcare, Inc., West Chester, PA, for the latter to provide services to pupils as specified in Section 1 of Contract, for the period July 1, 2020 through June 30, 2021, pursuant to terms and conditions of Resolution No. 2021-0008.",Agreement or Contract,Chief Academic Officer,,n-ebs-healthcare,Special Education,"Approves 2020-21 special education master contract with EBS Healthcare, Inc.","The district is approving a master contract with EBS Healthcare, Inc. (West Chester, PA) to provide nonpublic school or agency services to students in special education. It runs from July 1, 2020 through June 30, 2021. The text states no dollar amount; costs come from the individual student placements under the contract.",Special education,Nonpublic schools & agencies,new_agreement,"EBS Healthcare, Inc.",organization,,no_cost,,,,,,,true,2020-07-01,2021-06-30,after_work_began,,,Adopted on the General Consent Report,2020-12-09,true,auto_ok,sonnet-agent,enrich.v5.md,true,
2020-12-09:20-1979,2020-12-09,2020-12-09,regular,V.-17,74,general,Chief Academic Officer,20-1979,https://ousd.legistar.com/gateway.aspx?M=L&ID=50561,"Nonpublic, Nonsectarian School/Agency Services Master Contract(s) – Aya Healthcare Inc. - 2020-2021 School Year - Special Education Program","Approval by the Board of Education of Special Education Services Nonpublic, Nonsectarian School/Agency Services Master Contract between the District and Aya Healthcare Inc., San Diego, CA, for the latter to provide services to pupils as specified in Section 1 of Contract, for the period October 1, 2020 through June 30, 2021, pursuant to terms and conditions of Resolution No. 2021-0008.",Agreement or Contract,Chief Academic Officer,,n-aya-healthcare,Special Education,Approves 2020-21 special education master contract with Aya Healthcare Inc.,"The district is approving a master contract with Aya Healthcare Inc. (San Diego, CA) to provide nonpublic school or agency services to students in special education. It runs from October 1, 2020 through June 30, 2021. The text states no dollar amount; costs come from the individual student placements under the contract.",Special education,Nonpublic schools & agencies,new_agreement,Aya Healthcare Inc.,organization,,no_cost,,,,,,,true,2020-10-01,2021-06-30,after_work_began,,,Adopted on the General Consent Report,2020-12-09,true,auto_ok,sonnet-agent,enrich.v5.md,true,
2020-12-09:20-1996,2020-12-09,2020-12-09,regular,V.-18,75,general,Chief Academic Officer,20-1996,https://ousd.legistar.com/gateway.aspx?M=L&ID=50578,"Amendment No. 1, Grant Award - California Department of Education - CCTR-0010 - General Child Care and Development Programs - Early Childhood Education Department","Adoption by the Board of Education of a Resolution No. 2021-0084 - Approving Amendment No.1, Contract No. CCTR 0010-01 between the District and The California Department of Education, by complying with the terms and conditions of the Alameda County Local Individualized Subsidized Child Care Plan, hereafter the Alameda County Pilot Plan, for the period July I, 2020 to June 30, 2021, via the Early Childhood Education Department. All other terms and conditions of the Agreement remain in full force and effect.",Agreement or Contract,Chief Academic Officer,,n-california-department-of-education,California Department of Education,Amends state child care contract CCTR 0010-01 to follow the Alameda County Pilot Plan for 2020-21,"The Board is approving an amendment to the district's general child care and development contract with the California Department of Education. The district will follow the terms of the Alameda County Local Individualized Subsidized Child Care Plan (the Alameda County Pilot Plan) for July 1, 2020 through June 30, 2021. The text states no dollar amount.",Classroom & academic programs,,grant_or_funding_in,California Department of Education,organization,,revenue,,,,,,,true,2020-07-01,2021-06-30,after_work_began,,,Adopted on the General Consent Report,2020-12-09,true,auto_ok,sonnet-agent,enrich.v5.md,true,
2020-12-09:20-2000,2020-12-09,2020-12-09,regular,V.-19,76,general,Chief Academic Officer,20-2000,https://ousd.legistar.com/gateway.aspx?M=L&ID=50582,"Amendment No.1, Grant Award - California Department of Education - CSPP 0021-01 - FY 2020-21 - General Child Care and Development Programs - Early Childhood Education Department","Adoption by the Board of Education of a Resolution No. 2021-0085 - Approving Amendment No. 1, Contract No. CSPP- 0021-01 between the District and The California Department of Education, by complying with the terms and conditions of the Alameda County Local Individualized Subsidized Child Care plan, hereafter the Alameda County Pilot Plan, for the period July 1, 2020 to June 30, 2021, via the Early Childhood Education Department. All other terms and conditions of the Agreement remain in full force and effect.",Agreement or Contract,Chief Academic Officer,,n-california-department-of-education,California Department of Education,Amends state preschool contract CSPP 0021-01 to follow the Alameda County Pilot Plan for 2020-21,"The Board is approving an amendment to the district's general child care and development contract (CSPP 0021-01) with the California Department of Education. The district will follow the terms of the Alameda County Local Individualized Subsidized Child Care plan (the Alameda County Pilot Plan) for July 1, 2020 through June 30, 2021. The text states no dollar amount.",Classroom & academic programs,,grant_or_funding_in,California Department of Education,organization,,revenue,,,,,,,true,2020-07-01,2021-06-30,after_work_began,,,Adopted on the General Consent Report,2020-12-09,true,auto_ok,sonnet-agent,enrich.v5.md,true,
2020-12-09:20-2112,2020-12-09,2020-12-09,regular,V.-20,77,general,Chief Academic Officer,20-2112,https://ousd.legistar.com/gateway.aspx?M=L&ID=50694,"Amendment No. 1, Memorandum of Understanding - Safe Passages - In-Person Learning Hub - Coliseum College Preparatory Academy","Approval by the Board of Education of Amendment No. 1 to Memorandum of Understanding between the District and Safe Passages, Oakland, CA, for the latter to provide in-person learning supports to students in grades 6-12 at Coliseum College Preparatory Academy as describe in Amended Scope of Work, incorporated herein by reference as though fully set forth, via the Community Schools and Student Services Department, for the period August 1, 2020 through July 31, 2021, at no increase in cost.  All other terms and conditions of the Agreement remain in full force and effect.",Agreement or Contract,Chief Academic Officer,003729,v-003729,No Fiscal Impact,Amends Safe Passages agreement for in-person learning hub at Coliseum College Prep at no added cost,"The district is amending a memorandum of understanding (MOU) with Safe Passages so it provides in-person learning supports to students in grades 6-12 at Coliseum College Preparatory Academy under an amended scope of work. The term is August 1, 2020 through July 31, 2021, with no increase in cost.",Classroom & academic programs,,amendment,Safe Passages,organization,Coliseum College Preparatory Academy,no_cost,,,,,,,true,2020-08-01,2021-07-31,,,,Adopted on the General Consent Report,2020-12-09,true,auto_ok,sonnet-agent,enrich.v5.md,true,
2020-12-09:20-2130,2020-12-09,2020-12-09,regular,V.-21,78,general,Chief Academic Officer,20-2130,https://ousd.legistar.com/gateway.aspx?M=L&ID=50712,Professional Services Agreement 2020-2021 - Spanish Speaking Unity Council - Office of Equity,"Approval by the Board of Education of a Professional Services Agreement 2020-2021 between the District and Spanish Speaking Unity Council, Oakland, CA, for the latter to provide a coordinated and comprehensive system of academic and support systems to Latino males and other students of color and their families, via Office of Equity, for the period of September 1, 2020 through May 28, 2021, in an amount not to exceed $200,000.00.",Agreement or Contract,Chief Academic Officer,004014,v-004014,Central Office Supplemental,"Pays Spanish Speaking Unity Council up to $200,000 for academic support for Latino males, students of color","The district is hiring Spanish Speaking Unity Council to provide a coordinated system of academic and support services for Latino males, other students of color and their families. The agreement is through the Office of Equity, runs September 1, 2020 through May 28, 2021, and is capped at $200,000.",Classroom & academic programs,,new_agreement,Spanish Speaking Unity Council,organization,,expense,not_to_exceed,200000,,,,,true,2020-09-01,2021-05-28,after_work_began,,,Adopted on the General Consent Report,2020-12-09,true,auto_ok,sonnet-agent,enrich.v5.md,true,
2020-12-09:20-2131,2020-12-09,2020-12-09,regular,V.-22,79,general,Chief Academic Officer,20-2131,https://ousd.legistar.com/gateway.aspx?M=L&ID=50713,Professional Services Agreement 2020-2021 - 51Oakland dba Elevate Oakland - McClymonds High School,"Ratification by the Board of Education of a Professional Services Agreement 2020-2021 between the District and 51Oakland dba Elevate Oakland, Oakland, CA, for the latter to provide professional artists who visit one to two times per week (via Zoom and in-person when permissible) and share their professional experience with students; give student projects and assignments from the performing arts teacher that supports relating their life, goals, and aspirations to the various entertainment professionals that they meet, via McClymonds High School, for the period of August 10, 2020 through May 27, 2021, in an amount not to exceed $4,500.00.",Agreement or Contract,Chief Academic Officer,000196,v-000196,Unrestricted Supplemental Support,"Ratifies up to $4,500 for Elevate Oakland to bring professional artists to McClymonds High students","The district is approving an agreement with 51Oakland, doing business as Elevate Oakland, to bring professional artists to talk with McClymonds High School students once or twice a week, by Zoom and in person when allowed. Students get projects from the performing arts teacher. The work began August 10, 2020, before the Board's approval, and is capped at $4,500 through May 27, 2021.",Classroom & academic programs,,new_agreement,51Oakland dba Elevate Oakland,organization,McClymonds High School,expense,not_to_exceed,4500,,,,,true,2020-08-10,2021-05-27,after_work_began,,,Adopted on the General Consent Report,2020-12-09,true,auto_ok,sonnet-agent,enrich.v5.md,true,
2020-12-09:20-2143,2020-12-09,2020-12-09,regular,V.-23,80,general,Chief Academic Officer,20-2143,https://ousd.legistar.com/gateway.aspx?M=L&ID=50725,"Memorandum of Understanding, No Cost - Upward Roots, Inc. - Community Partnerships - Community Schools and Student Services Department","Ratification by the Board of Education of Memorandum of Understanding  and COVID Amendment between the District and Upward Roots, Inc., Oakland, CA, for the latter to partner with schools and afterschool agencies to bring youth-led service learning to the expanded learning space, as described in Exhibit “A” Scope of Work, incorporated herein as though fully set forth, at Brookfield Elementary, East Oakland Pride, Elmhurst United, Emerson Elementary, Esperanza Elementary, Frick School of Language, Grass Valley Elementary, Hoover Elementary, Horace Mann Elementary, Korematsu Discovery Academy, Life Academy, Martin Luther King Jr.  Elementary, Prescott Elementary, Sankofa Academy, and Urban Promise Academy, via the Community Schools and Student Services Department, for the period of April 10, 2020 through April 10, 2023, at no cost to the District.",Agreement or Contract,Chief Academic Officer,,n-upward-roots,No Fiscal Impact,Ratifies no-cost partnership with Upward Roots for youth service learning at 15 schools through 2023,"The district is approving a memorandum of understanding (MOU) and COVID amendment with Upward Roots to work with schools and afterschool agencies on youth-led service learning in the expanded learning space. It covers 15 named school sites and runs April 10, 2020 through April 10, 2023, at no cost to the district. It started before the Board's approval.",After-school & summer programs,,mou_or_data_sharing,"Upward Roots, Inc.",organization,Brookfield Elementary; East Oakland Pride; Elmhurst United; Emerson Elementary; Esperanza Elementary; Frick School of Language; Grass Valley Elementary; Hoover Elementary; Horace Mann Elementary; Korematsu Discovery Academy; Life Academy; Martin Luther King Jr. Elementary; Prescott Elementary; Sankofa Academy; Urban Promise Academy,no_cost,,,,,,,true,2020-04-10,2023-04-10,after_work_began; multi_year,,,Adopted on the General Consent Report,2020-12-09,true,auto_ok,sonnet-agent,enrich.v5.md,true,
2020-12-09:20-2149,2020-12-09,2020-12-09,regular,V.-24,81,general,Chief Academic Officer,20-2149,https://ousd.legistar.com/gateway.aspx?M=L&ID=50731,"Professional Services Agreement 2020-2021, No Cost - Soccer Without Borders - Community Partnerships - Community Schools and Student Services","Approval by the Board of Education of Professional Services Agreement 2020-2021- No Cost between the District and Soccer Without Borders, Cambridge, MA, for the latter to provide its' holistic, evidence-based model combines soccer practices and games with academic and language support, civic engagement, and cultural exchange activities, while proactively reducing barriers to entry that typically leave newcomer students In District excluded, as described in Exhibit “A” Scope of Work, incorporated herein as though fully set forth, in partnerships at Oakland International High School, Fremont High School, Oakland High School, Castlemont High School, Rudsdale New comer Continuation High School, Frick Middle School and Roosevelt Middle School, for the period of August 1, 2020 through June 30, 2021, at no cost to the District.",Agreement or Contract,Chief Academic Officer,,v-003978,No Fiscal Impact,Approves no-cost Soccer Without Borders program supporting newcomer students at seven schools,"Soccer Without Borders will offer a model that combines soccer with academic and language support, civic engagement and cultural exchange for newcomer students at seven schools. It runs August 1, 2020 through June 30, 2021, at no cost to the district.","Student health, support & family services",,mou_or_data_sharing,Soccer Without Borders,organization,Oakland International High School; Fremont High School; Oakland High School; Castlemont High School; Rudsdale Newcomer Continuation High School; Frick Middle School; Roosevelt Middle School,no_cost,,,,,,,true,2020-08-01,2021-06-30,after_work_began,,,Adopted on the General Consent Report,2020-12-09,true,auto_ok,sonnet-agent,enrich.v5.md,true,
2020-12-09:20-2150,2020-12-09,2020-12-09,regular,V.-25,82,general,Chief Academic Officer,20-2150,https://ousd.legistar.com/gateway.aspx?M=L&ID=50732,"Professional Services Agreement 2020-2021, No Cost - buildOn - Community Partnerships - Community Schools and Student Services Department","Approval by the Board of Education of Professional Services Agreement 2020-2021 - No Cost between the District and buildOn, Stamford, CT, for the latter to provide support and structured opportunities for high school students to engage in intensive community service learning, including participation in international service learn projects, as described in Exhibit A herein, via the Community Schools and Student Services Department, for the period of August 1, 2020 through August 1, 2023, at no cost to the District.",Agreement or Contract,Chief Academic Officer,,n-buildon,No Fiscal Impact,Approves no-cost buildOn community service learning program for high school students through 2023,"The nonprofit buildOn will give high school students structured opportunities for intensive community service learning, including international service projects. The agreement runs August 1, 2020 through August 1, 2023, at no cost to the district.",Classroom & academic programs,,mou_or_data_sharing,buildOn,organization,,no_cost,,,,,,,true,2020-08-01,2023-08-01,after_work_began; multi_year,,,Adopted on the General Consent Report,2020-12-09,true,auto_ok,sonnet-agent,enrich.v5.md,true,
2020-12-09:20-2151,2020-12-09,2020-12-09,regular,V.-26,83,general,Chief Academic Officer,20-2151,https://ousd.legistar.com/gateway.aspx?M=L&ID=50733,"Professional Services Agreement 2020-2021, No Cost and California Student Data Privacy Agreement - uAspire, Inc. - Community Partnerships - Community Schools and Student Services Department","Ratification by the Board of Education of Professional Services Agreement 2020-2021 - No Cost between the District and uAspire, Inc., Boston, MA, for the latter to provide 1) College Affordability workshops accessible to juniors and seniors; 2) Collaboration without community service providers and counselors on events related to financial aid completion; 3) Training via webinars for District counselors and practitioners and 4) Virtual college financial aid advising with College Affordability Advisors at school sites Fremont, Oakland, McClymonds, Lincoln and Skyline High Schools and Oakland Technical, via Community Schools and Student Services Department, for the period of September 1, 2020 through August 31, 2023, at no cost to the District.",Agreement or Contract,Chief Academic Officer,,n-uaspire,No Fiscal Impact,Ratifies no-cost uAspire college financial aid advising at six high schools through 2023,"uAspire will provide college affordability workshops, collaboration on financial aid events, webinars for district counselors, and virtual financial aid advising at six high schools. The agreement runs September 1, 2020 through August 31, 2023, at no cost to the district. It began before the Board's approval.",Classroom & academic programs,,mou_or_data_sharing,"uAspire, Inc.",organization,Fremont High School; Oakland High School; McClymonds High School; Lincoln High School; Skyline High School; Oakland Technical High School,no_cost,,,,,,,true,2020-09-01,2023-08-31,after_work_began; multi_year,,,Adopted on the General Consent Report,2020-12-09,true,auto_ok,sonnet-agent,enrich.v5.md,true,
2020-12-09:20-2164,2020-12-09,2020-12-09,regular,V.-27,84,general,Chief Academic Officer,20-2164,https://ousd.legistar.com/gateway.aspx?M=L&ID=50746,Professional Services Agreement 2020-2021 - Susan Bean - Community Schools and Student Services Department,"Ratification by the Board of Education of a Professional Services Agreement 2020-2021 between the District and Susan Bean, Oakland, CA, for the latter to support food distribution during COVID by coordinating volunteer process, supporting safety procedures processes and overall thought partner and ability to provide support when needed and provide related or associated services, as described in Exhibit A, incorporated herein by reference as though fully set forth, via Community Schools and Student Services Department, for the period of October 1, 2020 through June 30, 2021, in an amount not to exceed $60,000.00.",Agreement or Contract,Chief Academic Officer,005671,v-005671,Share Our Strength,"Ratifies up to $60,000 for a contractor to coordinate COVID food distribution volunteers","The district is approving an agreement with an individual contractor to support food distribution during COVID by coordinating volunteers and safety procedures, and to give other support when needed. It runs October 1, 2020 through June 30, 2021, with a cap of $60,000. The work started before the Board's approval.","Food, transportation & operations",,new_agreement,Susan Bean,individual,,expense,not_to_exceed,60000,,,,,true,2020-10-01,2021-06-30,after_work_began,,,Adopted on the General Consent Report,2020-12-09,true,auto_ok,sonnet-agent,enrich.v5.md,true,
2020-12-09:20-2184,2020-12-09,2020-12-09,regular,V.-28,85,general,Chief Academic Officer,20-2184,https://ousd.legistar.com/gateway.aspx?M=L&ID=50766,Professional Services Agreement 2020-2021 - Soccer Without Borders - English Language Learner and Multilingual Achievement Department,"Approval by the Board of Education of a Professional Services Agreement 2020-2021 between the District and Soccer Without Borders, Oakland, CA, for the latter to provide virtual soccer programming activities to at least 100 newly-arrived refugee and asylum-seeking male and female students grades 5-12 in the San Antonio Park Middle School Program (from various middle school sites), Castlemont (School Day) Fremont (School Day) Rudsdale Newcomer Continuation School, and Frick Middle School as described in Exhibit A, incorporated herein by reference as though fully set forth, via English Language Learner and Multilingual Achievement Department, for the period of October 1, 2020 through June 30, 2021, in an amount not to exceed $112,000.00.",Agreement or Contract,Chief Academic Officer,003978,v-003978,"Other State, Other Federal, Title Iii Immigrant Education Program","Pays Soccer Without Borders up to $112,000 for virtual soccer programs for newly arrived students","The district is hiring Soccer Without Borders to run virtual soccer activities for at least 100 newly arrived refugee and asylum-seeking students in grades 5-12 at several school sites. The agreement runs October 1, 2020 through June 30, 2021 and is capped at $112,000.","Student health, support & family services",,new_agreement,Soccer Without Borders,organization,San Antonio Park Middle School Program; Castlemont; Fremont; Rudsdale Newcomer Continuation School; Frick Middle School,expense,not_to_exceed,112000,,,,,true,2020-10-01,2021-06-30,after_work_began,,,Adopted on the General Consent Report,2020-12-09,true,auto_ok,sonnet-agent,enrich.v5.md,true,
2020-12-09:20-2185,2020-12-09,2020-12-09,regular,V.-29,86,general,Chief Academic Officer,20-2185,https://ousd.legistar.com/gateway.aspx?M=L&ID=50767,Professional Services Agreement 2020-2021 - Mills Teacher Scholars - English Language Learner and Multilingual Achievement Department,"Ratification by the Board of Education of a Professional Services Agreement 2020-2021 between the District and Mills Teacher Scholars, Oakland, CA, for the latter to support schools leadership team to vision and plan for teacher collaboration, to develop teachers’ adaptive expertise by bringing into clearer focus what is happening for their learners, as described in Exhibit A, incorporated herein by reference as though fully set forth, via English Language Learner and Multilingual Achievement Department, for the period of September 1, 2020 through April 21, 2021 in an amount not to exceed $3,750.00.",Agreement or Contract,Chief Academic Officer,002866,v-002866,Walter & Elise Haas Fund,"Ratifies up to $3,750 for Mills Teacher Scholars to support teacher collaboration planning","The district is approving an agreement with Mills Teacher Scholars to help school leadership teams plan for teacher collaboration and build teachers' skills in understanding what is happening for their students. It runs September 1, 2020 through April 21, 2021, with a cap of $3,750. The work started before the Board's approval.",Classroom & academic programs,,new_agreement,Mills Teacher Scholars,organization,,expense,not_to_exceed,3750,,,,,true,2020-09-01,2021-04-21,after_work_began,,,Adopted on the General Consent Report,2020-12-09,true,auto_ok,sonnet-agent,enrich.v5.md,true,
2020-12-09:20-2198,2020-12-09,2020-12-09,regular,V.-30,87,general,Chief Academic Officer,20-2198,https://ousd.legistar.com/gateway.aspx?M=L&ID=50780,Professional Services Agreement 2020-2021 - Refugee & Immigrant Transitions - English Language Learner and Multilingual Achievement Department,"Ratification by the Board of Education of a Professional Services Agreement 2020-2021 between the District and Refugee & Immigrant Transitions, San Francisco, CA, for the latter to provide, during shelter in place and distance learning, the following services remotely using video conferencing and phone: ESL classes for up to 90  newly-arrived refugee adults during the 2020-2021 school year; provide home-based tutoring/mentoring for at least 20 high need and at-risk refugee students K-12 as referred by the District’s Refugee and Asylee Program; provide two Community Navigators to provide language assistance and navigation to refugees speaking minor languages in District: One full-time Mam Community Navigator and one Arabic Community Navigator, and additional administrative costs to support those staff members; provide after school tutoring programs and peer interns supporting youth at Fremont High School and Oakland International High School; provide interpretation for District staff as needed in Pashto, Dari, Burmese; help students and parents better navigate the educational system and help the District ensure access to the services that these students need; and conduct all programming, curriculum design, student recruitment, retention activities, and data collection, via English Language Learner and Multilingual Achievement Department, for the period of October 1, 2020 through June 30, 2021, in an amount not to exceed $60,000.00.",Agreement or Contract,Chief Academic Officer,003563,v-003563,"Other State, Other Federal, Title Iii Immigrant Education Program","Ratifies up to $60,000 for Refugee & Immigrant Transitions to support refugee students and families","The district is approving an agreement with Refugee & Immigrant Transitions to provide remote services during distance learning: English classes for up to 90 refugee adults, tutoring and mentoring for at least 20 students, two community navigators, interpretation, and after school tutoring at two high schools. It runs October 1, 2020 through June 30, 2021, with a cap of $60,000, and began before the Board's approval.","Student health, support & family services",,new_agreement,Refugee & Immigrant Transitions,organization,Fremont High School; Oakland International High School,expense,not_to_exceed,60000,,,,,true,2020-10-01,2021-06-30,after_work_began,,,Adopted on the General Consent Report,2020-12-09,true,auto_ok,sonnet-agent,enrich.v5.md,true,
2020-12-09:20-2209,2020-12-09,2020-12-09,regular,V.-31,88,general,Chief Academic Officer,20-2209,https://ousd.legistar.com/gateway.aspx?M=L&ID=50791,Professional Services Agreement 2020-2021 - Cantare Con Vivo - Lincoln Elementary School,"Ratification by the Board of Education of a Professional Services Agreement 2020-2021 between the District and Cantare Con Vivo, Oakland, CA, for the latter to provide 1.Weekly in-school lessons for 15 K-2 classrooms, total of 24 sessions per classroom; 2. “Around the World with Music” for five 3rd grade classrooms, a total of 8 sessions per classroom; 3. “Music of California History” in five 4th grade classrooms, a total of 8 sessions per classroom; 4. “Music of US History” in four 5th grade classrooms, a total of 8 sessions; 5. After-school choir Lincoln Music Stars, for 25 weekly sessions, including virtual performances in conjunction with other Cantare Con Vivo children’s choirs; and 6. Monthly virtual family Sing-along, at Lincoln Elementary School, for the period of September 8, 2020 through May 27, 2021, in an amount not to exceed $31,826.92.",Agreement or Contract,Chief Academic Officer,000940,v-000940,Unrest Supplemental Support,"Pays Cantare Con Vivo up to $31,827 for music lessons and a choir at Lincoln Elementary","Cantare Con Vivo, an Oakland music group, would teach weekly in-school music lessons to K-5 classrooms at Lincoln Elementary School, run an after-school choir and host monthly virtual family sing-alongs. The cost may not exceed $31,826.92 for September 8, 2020 through May 27, 2021. The agreement period began before this December 9, 2020 vote.",Classroom & academic programs,,new_agreement,Cantare Con Vivo,organization,Lincoln Elementary School,expense,not_to_exceed,31826.92,,,,,true,2020-09-08,2021-05-27,after_work_began,,,Adopted on the General Consent Report,2020-12-09,true,auto_ok,sonnet-agent,enrich.v5.md,true,
2020-12-09:20-2210,2020-12-09,2020-12-09,regular,V.-32,89,general,Chief Academic Officer,20-2210,https://ousd.legistar.com/gateway.aspx?M=L&ID=50792,"Professional Services Agreement 2020-2021 - Swun Math, LLC - Community United Elementary School","Approval by the Board of Education of a Professional Services Agreement 2020-2021 between the District and Swun Math, LLC, Cypress, CA, for the latter to increase student achievement in mathematics through the development and implementation of daily math models for grades TK-5 students with key features including a pacing guide utilizing Swun math CCS Lessons, common pre-and post-trimester exams, teaching strategies (Phase I lesson design/ Phase II Inquiry based Instruction, group work techniques, academic language development, writing skills, etc.), and monthly coaching support by contractor for both teachers and principals at Futures and Community United Elementary Schools, for the period of October 1, 2020 through June 30, 2021, in an amount not to exceed $230,100.00.",Agreement or Contract,Chief Academic Officer,005251,v-005251,School Improvement Grant SIG,"Pays Swun Math up to $230,100 for math coaching at Community United and Futures Elementary","Swun Math, LLC would help grades TK-5 improve in math with a daily lesson model, a pacing guide, common tests and monthly coaching for teachers and principals. The work is at Futures and Community United Elementary Schools from October 1, 2020 through June 30, 2021, for no more than $230,100.00. The agreement period began before this December 9, 2020 vote.",Classroom & academic programs,,new_agreement,"Swun Math, LLC",organization,Futures Elementary School; Community United Elementary School,expense,not_to_exceed,230100,,,,,true,2020-10-01,2021-06-30,after_work_began,,,Adopted on the General Consent Report,2020-12-09,true,auto_ok,sonnet-agent,enrich.v5.md,true,
2020-12-09:20-2211,2020-12-09,2020-12-09,regular,V.-33,90,general,Chief Academic Officer,20-2211,https://ousd.legistar.com/gateway.aspx?M=L&ID=50793,Professional Services Agreement 2020-2021- 51Oakland dba Elevate Oakland - Parker Elementary School,"Ratification by the Board of Education of a Professional Services Agreement 2020-2021 between the District and 51Oakland dba Elevate Oakland, Oakland, CA, for the latter to provide students with opportunities to engage in art and music programming, ranging from the provision of musical instruments for classroom programs to facilitating opportunities for students to perform alongside local professional musicians at Parker Elementary School, for the period of October 2, 2020 through May 28, 2021, in an amount not to exceed $3,500.00.",Agreement or Contract,Chief Academic Officer,000196,v-000196,Measure G1 Parcel Tx,"Pays Elevate Oakland up to $3,500 for art and music programming at Parker Elementary","The nonprofit 51Oakland, doing business as Elevate Oakland, would give Parker Elementary students art and music programming, from musical instruments for classrooms to chances to perform with local professional musicians. The agreement runs October 2, 2020 through May 28, 2021 and may not exceed $3,500.00. The agreement period began before this December 9, 2020 vote.",Classroom & academic programs,,new_agreement,51Oakland dba Elevate Oakland,organization,Parker Elementary School,expense,not_to_exceed,3500,,,,,true,2020-10-02,2021-05-28,after_work_began,,,Adopted on the General Consent Report,2020-12-09,true,auto_ok,sonnet-agent,enrich.v5.md,true,
2020-12-09:20-2212,2020-12-09,2020-12-09,regular,V.-34,91,general,Chief Academic Officer,20-2212,https://ousd.legistar.com/gateway.aspx?M=L&ID=50794,Professional Services Agreement 2020-2021 - 4FamilyBarbque Culture Builder - Futures Elementary School,"Ratification by the Board of Education of a Professional Services Agreement 2020-2021 between the District and 4FamilyBarbque Culture Builder, Oakland, CA, for the latter to engage in daily distance learning engagement check ins and provide intervention and social emotional learning support; partner with school Coordination of Supports Team (COST) to communicate with families and connect with parents for outreach related to academic and African American Male Achievement (AAMA) workshops as well as distance learning challenges;  use training from AAMA partners to form elementary boys groups and mentor identified students on an ongoing basis; connect families with classroom teachers as needed; support the Student Council with organizing virtual activities, i.e,, Poetry Club, Creative Writing Club; organize ""virtual"" Dad’s club with parent workshops and virtual father/son and breakfast/lunch and support the development of schoolwide ""positive culture and climate at Futures Elementary School, for the period of September 15, 2020 through June 30, 2021, in an amount not to exceed $60,000.00.",Agreement or Contract,Chief Academic Officer,005799,v-005799,School Improvement Grant SIG,"Pays 4FamilyBarbque Culture Builder up to $60,000 for student mentoring and family outreach at Futures","This vendor would check in daily with students during distance learning, offer social emotional learning support, mentor boys in groups and reach out to families about African American Male Achievement workshops. It would also support student clubs and a virtual dads club at Futures Elementary School, September 15, 2020 through June 30, 2021, for up to $60,000.00. The agreement period began before this December 9, 2020 vote.","Student health, support & family services",,new_agreement,4FamilyBarbque Culture Builder,organization,Futures Elementary School,expense,not_to_exceed,60000,,,,,true,2020-09-15,2021-06-30,after_work_began,,,Adopted on the General Consent Report,2020-12-09,true,auto_ok,sonnet-agent,enrich.v5.md,true,
2020-12-09:20-2213,2020-12-09,2020-12-09,regular,V.-35,92,general,Chief Academic Officer,20-2213,https://ousd.legistar.com/gateway.aspx?M=L&ID=50795,"Professional Services Agreement 2020-2021 - URBANLIFE Mentors, Inc. - Parker Elementary School","Ratification by the Board of Education of a Professional Services Agreement 2020-2021 between the District and URBANLIFE Mentors Inc., Oakland, CA, for the latter to provide bi-weekly virtual mentoring sessions on character-building and strong work ethics, making healthy life choices, and the development of coping and social emotional learning skills for African-American and Latino male students, as described in Exhibit A, at Parker Elementary School, for the period of September 17, 2020 through March 25, 2021, in an amount not to exceed $10,000.00.",Agreement or Contract,Chief Academic Officer,005627,v-005627,Measure G1 Parcel Tx,"Pays URBANLIFE Mentors up to $10,000 for virtual mentoring of Black and Latino boys at Parker","URBANLIFE Mentors, Inc. would hold virtual mentoring sessions every two weeks for African-American and Latino male students at Parker Elementary School. Sessions cover character, work ethic, healthy choices and social emotional learning skills. The term is September 17, 2020 through March 25, 2021, for up to $10,000.00. The agreement period began before this December 9, 2020 vote.",Classroom & academic programs,,new_agreement,"URBANLIFE Mentors, Inc.",organization,Parker Elementary School,expense,not_to_exceed,10000,,,,,true,2020-09-17,2021-03-25,after_work_began,,,Adopted on the General Consent Report,2020-12-09,true,auto_ok,sonnet-agent,enrich.v5.md,true,
2020-12-09:20-2214,2020-12-09,2020-12-09,regular,V.-36,93,general,Chief Academic Officer,20-2214,https://ousd.legistar.com/gateway.aspx?M=L&ID=50796,"Professional Services Agreement 2020-2021 - Dovetail Learning, Inc. - Community United Elementary School","Ratification by the Board of Education of a Professional Services Agreement 2020-2021 between the District and Dovetail Learning, Inc., Sebastopol, CA, for the latter to  provide ongoing social emotional learning (SEL) implementation and coaching for partners building on  and creating a multi-layered successful SEL system, building on the strengths and learnings for all the SEL programs the schoos has adopted, including but not limited to: PBIS, Ruler, Positive Discipline, Restorative Justice, We Are Resilient™ (teacher resilience support), and TOOLBOX at Community United Elementary School, for the period of September 15, 2020 through June 30, 2021, in an amount not to exceed $55,440.00.",Agreement or Contract,Chief Academic Officer,001427,v-001427,School Improvement Grant SIG,"Pays Dovetail Learning up to $55,440 for social emotional learning coaching at Community United","Dovetail Learning, Inc. would coach staff at Community United Elementary School on social emotional learning, building on programs the school already uses such as PBIS, Ruler, Positive Discipline and Restorative Justice. The term is September 15, 2020 through June 30, 2021, for up to $55,440.00. The agreement period began before this December 9, 2020 vote.",Classroom & academic programs,,new_agreement,"Dovetail Learning, Inc.",organization,Community United Elementary School,expense,not_to_exceed,55440,,,,,true,2020-09-15,2021-06-30,after_work_began,,,Adopted on the General Consent Report,2020-12-09,true,auto_ok,sonnet-agent,enrich.v5.md,true,
2020-12-09:20-2215,2020-12-09,2020-12-09,regular,V.-37,94,general,Chief Academic Officer,20-2215,https://ousd.legistar.com/gateway.aspx?M=L&ID=50797,Professional Services Agreement 2020-2021 - Bay Area Community Resources - MLK/Lafayette Elementary School,"Approval by the Board of Education of a Professional Services Agreement 2020-2021 between the District and Bay Area Community Resources, San Rafael, CA, for the latter to serve as the Community Manager, conducting outreach to parents on Attendance, Academics, Resources, and Family Academic Support for students; manage and work with all community partners of the school to bring in resources for the students, parents, and teachers to support the mission and vision of the school at Martin Luther King Jr./Lafayette Elementary Schools, for the period of October 26, 2020 through May 28, 2021, in an amount not to exceed $25,000.00.",Agreement or Contract,Chief Academic Officer,000624,v-000624,Unrest Concentration Support,"Pays Bay Area Community Resources up to $25,000 as community manager at MLK and Lafayette Elementary","Bay Area Community Resources would act as the community manager for Martin Luther King Jr. and Lafayette Elementary Schools. It would reach out to parents about attendance and academics and manage the school partners that bring in resources. The term is October 26, 2020 through May 28, 2021, for up to $25,000.00. The agreement period began before this December 9, 2020 vote.","Student health, support & family services",,new_agreement,Bay Area Community Resources,organization,Martin Luther King Jr. Elementary School; Lafayette Elementary School,expense,not_to_exceed,25000,,,,,true,2020-10-26,2021-05-28,after_work_began,,,Adopted on the General Consent Report,2020-12-09,true,auto_ok,sonnet-agent,enrich.v5.md,true,
2020-12-09:20-2216,2020-12-09,2020-12-09,regular,V.-38,95,general,Chief Academic Officer,20-2216,https://ousd.legistar.com/gateway.aspx?M=L&ID=50798,Professional Services Agreement 2020-2021 - Bay Area Community Resources - Community United Elementary School,"Approval by the Board of Education of a Professional Services Agreement 2020-2021 between the District and Bay Area Community Resources, San Rafael, CA, for the latter to provide daily support for students with severe behavior and social emotion challenges, meet students individually and help students to solve their problems; supervise and teach students physical education skills during recesses and lunch periods, including covering the raining day schedule at Community United Elementary School, for the period of August 10, 2020 through May 28, 2021, in an amount not to exceed $12,000.00.",Agreement or Contract,Chief Academic Officer,000624,v-000624,Unrest Concentration Support,"Pays Bay Area Community Resources up to $12,000 for student behavior support at Community United","Bay Area Community Resources would give daily support to students with severe behavior and social emotional challenges at Community United Elementary School. Staff would also supervise and teach physical education skills at recess and lunch. The term is August 10, 2020 through May 28, 2021, for up to $12,000.00. The agreement period began before this December 9, 2020 vote.","Student health, support & family services",,new_agreement,Bay Area Community Resources,organization,Community United Elementary School,expense,not_to_exceed,12000,,,,,true,2020-08-10,2021-05-28,after_work_began,,,Adopted on the General Consent Report,2020-12-09,true,auto_ok,sonnet-agent,enrich.v5.md,true,
2020-12-09:20-2217,2020-12-09,2020-12-09,regular,V.-39,96,general,Chief Academic Officer,20-2217,https://ousd.legistar.com/gateway.aspx?M=L&ID=50799,"Professional Services Agreement 2020-2021, No Cost - TEAM, Inc., Tech Exposure and Access through Mentoring - Community Partnerships - Community Schools and Student Services Department","Approval by the Board of Education of Professional Services Agreement 2020-2021 - No Cost between the District and TEAM Inc., (Tech Exposure and Access through Mentoring), Oakland, CA, for the latter to virtually introduce students to coding, data analysis and visualization, video analytics, and hands-on training using industry-leading software, while also receiving industry mentoring and comprehensive support virtually at McClymonds High School, via Communities Schools and Student Services Department, for the period of October 12, 2020 through June 30, 2023, at no cost to the District.",Agreement or Contract,Chief Academic Officer,,n-team-tech-exposure-and-access-through-mentoring,No Fiscal Impact,Accepts free coding and tech mentoring from TEAM Inc. for McClymonds High students through 2023,"TEAM Inc. (Tech Exposure and Access through Mentoring) would introduce McClymonds High School students to coding, data analysis and video analytics online, with industry mentors. The district pays nothing. The agreement runs October 12, 2020 through June 30, 2023. The agreement period began before this December 9, 2020 vote.",Classroom & academic programs,,mou_or_data_sharing,TEAM Inc. (Tech Exposure and Access through Mentoring),organization,McClymonds High School,no_cost,,,,,,,true,2020-10-12,2023-06-30,after_work_began; multi_year,,,Adopted on the General Consent Report,2020-12-09,true,auto_ok,sonnet-agent,enrich.v5.md,true,
2020-12-09:20-2218,2020-12-09,2020-12-09,regular,V.-40,97,general,Chief Academic Officer,20-2218,https://ousd.legistar.com/gateway.aspx?M=L&ID=50800,"Professional Services Agreement 2020-2021, No Cost - Jumpstart for Young Children, Inc. - Community Partnerships - Community Schools and Student Services Department","Approval by the Board of Education of Professional Services Agreement 2020-2021, No Cost between the District and Jumpstart for Young Children, Inc., Boston, MA, for the latter to provide, using trained college students, a year-long, supplemental early education program for pre-school aged children to develop their language, literacy, and social-emotional skills at District sites which may include Centro lnfantil De La Raza CDC, Harriet Tubman CDC, Highland CDC, and Manzanita CDC, subject to annual change based on joint District and Jumpstart staff decisions, for the period of September 1, 2020 through August 31, 2023, via Community Schools and Student Services Department, at no cost to the District.",Agreement or Contract,Chief Academic Officer,,n-jumpstart-for-young-children,No Fiscal Impact,Accepts free Jumpstart early-learning program for preschoolers at district child development centers,"Jumpstart for Young Children, Inc. would use trained college students to run a year-long supplemental program building language, literacy and social-emotional skills for preschool-age children. It may serve Centro Infantil De La Raza, Harriet Tubman, Highland and Manzanita child development centers. It costs the district nothing and runs September 1, 2020 through August 31, 2023. The agreement period began before this December 9, 2020 vote.",Classroom & academic programs,,mou_or_data_sharing,"Jumpstart for Young Children, Inc.",organization,Centro Infantil De La Raza CDC; Harriet Tubman CDC; Highland CDC; Manzanita CDC,no_cost,,,,,,,true,2020-09-01,2023-08-31,after_work_began; multi_year,,,Adopted on the General Consent Report,2020-12-09,true,auto_ok,sonnet-agent,enrich.v5.md,true,
2020-12-09:20-2222,2020-12-09,2020-12-09,regular,V.-41,98,general,Chief Academic Officer,20-2222,https://ousd.legistar.com/gateway.aspx?M=L&ID=50804,Cooperative (Grant) Agreement - United States Department of Health and Human Services - Safety Through Education and Prevention (STEP) Human Trafficking Prevention Grant - Community Schools and Student Services Department,"Approval by the Board of Education of  Cooperative (Grant) Agreement Between U.S. Department of Health and Human Services (HHS), Administration for Children and Families (ACF), Office On Trafficking In Persons (OTIP), Washington, DC, and Oakland Unified School District, Grant No. 90tv0041, the latter accepting grant award of $507,847.00 to establish and expand programs to teach educators and other staff to recognize and respond to signs of labor and sex trafficking and to provide age-appropriate information to students on how to avoid being victimized, via Community Schools and Student Services Department, for the period September 30, 2020 through September 29, 2023.",Agreement or Contract,Chief Academic Officer,,n-u-s-department-of-health-and-human-services-administration-for-children-and-families-office-on-trafficking-in-persons,United States Department of Health and Human Services,"Accepts a $507,847 federal grant for human trafficking prevention training and student education","The district accepts a $507,847.00 grant from the U.S. Department of Health and Human Services. It will fund programs that teach educators and staff to recognize and respond to signs of labor and sex trafficking and give students age-appropriate information on staying safe. The grant period is September 30, 2020 through September 29, 2023. The agreement period began before this December 9, 2020 vote.","Student health, support & family services",,grant_or_funding_in,"U.S. Department of Health and Human Services, Administration for Children and Families, Office on Trafficking in Persons",organization,,revenue,fixed,507847,,,,,true,2020-09-30,2023-09-29,after_work_began; multi_year,,,Adopted on the General Consent Report,2020-12-09,true,auto_ok,sonnet-agent,enrich.v5.md,true,
2020-12-09:20-2285,2020-12-09,2020-12-09,regular,V.-42,99,general,Chief Academic Officer,20-2285,https://ousd.legistar.com/gateway.aspx?M=L&ID=50867,"Professional Services Agreement 2020-2021, No Cost - Common Vision/Growing Together - Community Partnerships - Community Schools and Student Services Department","Approval by the Board of Education of Professional Services Agreement 2020-2021 - No Cost between the District and Common Vision/Growing Together, Ukiah, CA, for the latter to provide 1) Site stewardship support for former installations and/or tree plantings funded by Releaf or Trust for Public Land within the past 3 years; 2) “Living Schoolyard” installations and ongoing stewardship;  3) General garden support (maintenance, infrastructure improvements, tech assistance); 4) “Outdoor teaching” professional development classes  and 5) Support of virtual, home-based garden/cooking, as described in Exhibit A of the Scope of Work, for sites, and/or individuals named herein, incorporated herein by reference as though fully set forth, via the Community Schools and Student Services Department, for the period of September 1, 2020 through June 30, 2021, at no cost to the District.",Agreement or Contract,Chief Academic Officer,,v-001149,No Fiscal Impact,Accepts free garden and outdoor-learning support from Common Vision/Growing Together,"Common Vision/Growing Together would support school gardens and tree plantings, install and care for ""Living Schoolyards,"" teach outdoor-teaching training classes and support virtual home garden and cooking activities. It costs the district nothing and runs September 1, 2020 through June 30, 2021. The agreement period began before this December 9, 2020 vote.",Classroom & academic programs,,mou_or_data_sharing,Common Vision/Growing Together,organization,,no_cost,,,,,,,true,2020-09-01,2021-06-30,after_work_began,,,Adopted on the General Consent Report,2020-12-09,true,auto_ok,sonnet-agent,enrich.v5.md,true,
2020-12-09:20-2286,2020-12-09,2020-12-09,regular,V.-43,100,general,Chief Academic Officer,20-2286,https://ousd.legistar.com/gateway.aspx?M=L&ID=50868,Professional Services Agreement 2020-2021 - Candice Valenzuela - Life Academy,"Ratification by the Board of Education of a Professional Services Agreement 2020-2021 between the District and Candice Valenzuela, Oakland, CA, for the latter to hold three (3) staff trainings on Trauma-informed care so that school can better support students in the pathway with complex trauma at Life Academy, for the period of August 24, 2020 through January 29, 2021, in an amount not to exceed $4,000.00.",Agreement or Contract,Chief Academic Officer,004477,v-004477,Measure N,"Pays a trauma-informed care trainer up to $4,000 for three staff trainings at Life Academy","A contractor would hold three staff trainings on trauma-informed care at Life Academy, so the school can better support students in its pathway who have complex trauma. The term is August 24, 2020 through January 29, 2021, for up to $4,000.00. The agreement period began before this December 9, 2020 vote.","Student health, support & family services",,new_agreement,Candice Valenzuela,individual,Life Academy,expense,not_to_exceed,4000,,,,,true,2020-08-24,2021-01-29,after_work_began,,,Adopted on the General Consent Report,2020-12-09,true,auto_ok,sonnet-agent,enrich.v5.md,true,
2020-12-09:20-2287,2020-12-09,2020-12-09,regular,V.-44,101,general,Chief Academic Officer,20-2287,https://ousd.legistar.com/gateway.aspx?M=L&ID=50869,Professional Services Agreement 2020-2021 - East Bay Consortium - Madison Park Academy,"Ratification by the Board of Education of a Professional Services Agreement 2020-2021 between the District and East Bay Consortium, Oakland, CA, for the latter to enhances access to higher education for all seniors by providing information and college advising services related to college admission, financial aid and other topics associated with pursuing and accessing higher education, as described in Exhibit A - Scope of Work, incorporated herein by reference as though fully set forth at Madison Park Academy (Upper), for the period of September 28, 2020 through May 27, 2021, in an amount not to exceed $27,000.00.",Agreement or Contract,Chief Academic Officer,001478,v-001478,Measure N,"Pays East Bay Consortium up to $27,000 for college advising for seniors at Madison Park Academy","East Bay Consortium would give seniors at Madison Park Academy (Upper) information and advising on college admission, financial aid and other steps to reach higher education. The term is September 28, 2020 through May 27, 2021, for up to $27,000.00. The agreement period began before this December 9, 2020 vote.",Classroom & academic programs,,new_agreement,East Bay Consortium,organization,Madison Park Academy,expense,not_to_exceed,27000,,,,,true,2020-09-28,2021-05-27,after_work_began,,,Adopted on the General Consent Report,2020-12-09,true,auto_ok,sonnet-agent,enrich.v5.md,true,
2020-12-09:20-2288,2020-12-09,2020-12-09,regular,V.-45,102,general,Chief Academic Officer,20-2288,https://ousd.legistar.com/gateway.aspx?M=L&ID=50870,Professional Services Agreement 2020-2021 - East Bay Consortium - Oakland Technical the High School,"Ratification by the Board of Education of a Professional Services Agreement 2020-2021 between the District and East Bay Consortium, Oakland, CA, for the latter to provide University of California, Berkeley (UCB), students to serve as tutors in class and after school to assist students to successfully pass Algebra 1 by this did reteaching pre-algebra skills that students are lacking and need to successfully complete Algebra 1 and higher math classes at Oakland Technical High School, for the period of August 10, 2020 through May 31, 2021, in an amount not to exceed $20,000.00.",Agreement or Contract,Chief Academic Officer,001478,v-001478,Measure N,"Pays East Bay Consortium up to $20,000 for UC Berkeley tutors in Algebra 1 at Oakland Tech","East Bay Consortium would provide UC Berkeley students to tutor in class and after school at Oakland Technical High School, reteaching pre-algebra skills so students can pass Algebra 1. The term is August 10, 2020 through May 31, 2021, for up to $20,000.00. The agreement period began before this December 9, 2020 vote.",Classroom & academic programs,,new_agreement,East Bay Consortium,organization,Oakland Technical High School,expense,not_to_exceed,20000,,,,,true,2020-08-10,2021-05-31,after_work_began,,,Adopted on the General Consent Report,2020-12-09,true,auto_ok,sonnet-agent,enrich.v5.md,true,
2020-12-09:20-2289,2020-12-09,2020-12-09,regular,V.-46,103,general,Chief Academic Officer,20-2289,https://ousd.legistar.com/gateway.aspx?M=L&ID=50871,Professional Services Agreement 2020-2021 - Bay Area Community Resources - Ralph J. Bunche Academy,"Approval by the Board of Education of a Professional Services Agreement 2020-2021 between the District and Bay Area Community Resources, San Rafael, CA, for the latter to provide Case Manager to assist students who need additional supports - course completion, certificate completion, dual-enrollment, completion of graduation requirements, and the transition process beyond graduation - in completing all of the Hospitality Tourism and Recreation Pathway requirements and transitioning successfully into post-secondary opportunities at Ralph J. Bunche Academy, for the period of October 15, 2020 through May 30, 2021, in an amount not to exceed $9,000.00.",Agreement or Contract,Chief Academic Officer,000624,v-000624,Measure N,"Pays Bay Area Community Resources up to $9,000 for a case manager at Ralph J. Bunche Academy","Bay Area Community Resources would provide a case manager at Ralph J. Bunche Academy to help students finish the Hospitality, Tourism and Recreation pathway requirements and move on to college or careers. The term is October 15, 2020 through May 30, 2021, for up to $9,000.00. The agreement period began before this December 9, 2020 vote.",Classroom & academic programs,,new_agreement,Bay Area Community Resources,organization,Ralph J. Bunche Academy,expense,not_to_exceed,9000,,,,,true,2020-10-15,2021-05-30,after_work_began,,,Adopted on the General Consent Report,2020-12-09,true,auto_ok,sonnet-agent,enrich.v5.md,true,
2020-12-09:20-2290,2020-12-09,2020-12-09,regular,V.-47,104,general,Chief Academic Officer,20-2290,https://ousd.legistar.com/gateway.aspx?M=L&ID=50872,Professional Services Agreement 2020-2021 - Bay Area Community Resources - Rudsdale Continuation High School,"Approval by the Board of Education of a Professional Services Agreement 2020-2021 between the District and Bay Area Community Resources, San Rafael, CA, for the latter to provide two (2) AmeriCorps volunteers to serve as teaching assistants in classes, carry caseloads of students who need extra support in order to increase their pass rate in all their academic classes, as described in Exhibit A, supporting increased student attendance and graduation, at Rudsdale Continuation High School, for the period of November 30, 2020 through June 28, 2021, in an amount not to exceed $28,000.00.",Agreement or Contract,Chief Academic Officer,000624,v-000624,Unrest Supplemental Support,"Pays Bay Area Community Resources up to $28,000 for two AmeriCorps teaching assistants at Rudsdale","Bay Area Community Resources would provide two AmeriCorps volunteers to serve as teaching assistants at Rudsdale Continuation High School. They would also carry caseloads of students who need extra support to pass classes, attend and graduate. The term is November 30, 2020 through June 28, 2021, for up to $28,000.00. The agreement period began before this December 9, 2020 vote.",Classroom & academic programs,,new_agreement,Bay Area Community Resources,organization,Rudsdale Continuation High School,expense,not_to_exceed,28000,,,,,true,2020-11-30,2021-06-28,after_work_began,,,Adopted on the General Consent Report,2020-12-09,true,auto_ok,sonnet-agent,enrich.v5.md,true,
2020-12-09:20-2291,2020-12-09,2020-12-09,regular,V.-48,105,general,Chief Academic Officer,20-2291,https://ousd.legistar.com/gateway.aspx?M=L&ID=50873,Professional Services Agreement 2020-2021 - Oakland Public Education Fund - Office of Equity,"Approval by the Board of Education of a Professional Services Agreement 2020-2021 between the District and Oakland Public Education Fund, Oakland, CA, for the latter to provide an African American Student Achievement Family Outreach Liaison to conduct outreach to and build relationships with parents and caregivers of students who participate in both AAMA and AAFE Programs Pre-K through 12; and perform a variety of proficient, specialized duties related to implementation of meaningful family engagement standards, requiring good communication skills and organization; core areas of work will include: PreK African American Family Outreach via Office of Equity, for the period of November 2, 2020 through May 28, 2021, in an amount not to exceed $200,000.00.",Agreement or Contract,Chief Academic Officer,003143,v-003143,Learning Loss Mitigation Covid,"Pays Oakland Public Education Fund up to $200,000 for a Black family outreach liaison","Oakland Public Education Fund would provide a liaison to reach out to and build relationships with parents and caregivers of students in both the African American Male Achievement program and a companion African American student program, Pre-K through 12. The work is through the Office of Equity from November 2, 2020 through May 28, 2021, for up to $200,000.00. The agreement period began before this December 9, 2020 vote.","Student health, support & family services",,new_agreement,Oakland Public Education Fund,organization,,expense,not_to_exceed,200000,,,,,true,2020-11-02,2021-05-28,after_work_began,,,Adopted on the General Consent Report,2020-12-09,true,auto_ok,sonnet-agent,enrich.v5.md,true,
2020-12-09:20-2292,2020-12-09,2020-12-09,regular,V.-49,106,general,Chief Academic Officer,20-2292,https://ousd.legistar.com/gateway.aspx?M=L&ID=50874,Professional Services Agreement 2020-2021 - Henry Sales Hernandez - Oakland High School,"Ratification by the Board of Education of a Professional Services Agreement 2020-2021 between the District and Henry Sales Hernandez, Oakland, CA, for the latter through instruction of language and Mam culture and mentorship to increase attendance and G.P.A. of a 25 student-cohort in school’s R.I.S.E. Academy, placing more students on-track for graduation at Oakland High School, for the period of August 10, 2020 through May 28, 2021, in an amount not to exceed $15,710.00.",Agreement or Contract,Chief Academic Officer,006527,v-006527,Measure N,"Pays an instructor up to $15,710 for Mam language, culture and mentoring at Oakland High","A contractor would teach Mam language and culture and mentor a 25-student group in the RISE Academy at Oakland High School, to raise attendance and grades and put more students on track to graduate. The term is August 10, 2020 through May 28, 2021, for up to $15,710.00. The agreement period began before this December 9, 2020 vote.",Classroom & academic programs,,new_agreement,Henry Sales Hernandez,individual,Oakland High School,expense,not_to_exceed,15710,,,,,true,2020-08-10,2021-05-28,after_work_began,,,Adopted on the General Consent Report,2020-12-09,true,auto_ok,sonnet-agent,enrich.v5.md,true,
2020-12-09:20-2293,2020-12-09,2020-12-09,regular,V.-50,107,general,Chief Academic Officer,20-2293,https://ousd.legistar.com/gateway.aspx?M=L&ID=50875,Professional Services Agreement 2020-2021 - Marsha Rhynes - Ralph J. Bunche Academy,"Ratification by the Board of Education of a Professional Services Agreement 2020-2021 between the District and Marsha Rhynes, Oakland, CA, for the latter to coach teachers with less than 3 years of experience in the area of humanities (ELA 1-4, World, U.S., and Economics /Government), assisting teachers on embedding individualized rigor, developing assessments that drive instruction and holistic learning environment structures, systems, and accountability and to address the racial disparity in school (authority figures vs students) at Ralph J. Bunche Academy, for the period of October 15, 2020 through May 30, 2021, in an amount not to exceed $13,090.00.",Agreement or Contract,Chief Academic Officer,006761,v-006761,ESSA: Comp Support & Improvement,"Pays a consultant up to $13,090 to coach early-career humanities teachers at Ralph J. Bunche","A contractor would coach teachers with under three years of experience in humanities subjects at Ralph J. Bunche Academy. The coaching covers rigorous lessons, assessments that guide teaching, and addressing racial disparity at the school. The term is October 15, 2020 through May 30, 2021, for up to $13,090.00. The agreement period began before this December 9, 2020 vote.",Classroom & academic programs,,new_agreement,Marsha Rhynes,individual,Ralph J. Bunche Academy,expense,not_to_exceed,13090,,,,,true,2020-10-15,2021-05-30,after_work_began,,,Adopted on the General Consent Report,2020-12-09,true,auto_ok,sonnet-agent,enrich.v5.md,true,
2020-12-09:20-2294,2020-12-09,2020-12-09,regular,V.-51,108,general,Chief Academic Officer,20-2294,https://ousd.legistar.com/gateway.aspx?M=L&ID=50876,Professional Services Agreement 2020-2021 - East Bay Asian Youth Center - Cleveland Elementary School,"Approval by the Board of Education of a Professional Services Agreement 2020-2021 between the District and East Bay Asian Youth Center, Oakland, CA, for the latter to provide a school “culture coach” who will assist in the development our school culture plan, reflecting shared values of inclusiveness and responsibility; adjust and implement expectations for recess and other non-academic times during the day, including by developing multiple opportunities for students to develop deeper connections with each other in an online environment; manage minor mediations and train students as conflict managers, recess coaches, and student leaders; assist teachers in developing identity safe classrooms, positive discipline models, and reward structures and implement school wide reward system in alignment with school values, while collaborating with school culture teams at Cleveland Elementary School, for the period of August 30, 2020 through June 4, 2021, in an amount not to exceed $40,000.00.",Agreement or Contract,Chief Academic Officer,001474,v-001474,est Supplemental Support,"Pays East Bay Asian Youth Center up to $40,000 for a school culture coach at Cleveland Elementary","East Bay Asian Youth Center would provide a school culture coach at Cleveland Elementary School. The coach would help build a school culture plan, improve recess and other non-academic times, train student leaders as conflict managers and help teachers with positive discipline. The term is August 30, 2020 through June 4, 2021, for up to $40,000.00. The agreement period began before this December 9, 2020 vote.","Student health, support & family services",,new_agreement,East Bay Asian Youth Center,organization,Cleveland Elementary School,expense,not_to_exceed,40000,,,,,true,2020-08-30,2021-06-04,after_work_began,,,Adopted on the General Consent Report,2020-12-09,true,auto_ok,sonnet-agent,enrich.v5.md,true,
2020-12-09:20-2295,2020-12-09,2020-12-09,regular,V.-52,109,general,Chief Academic Officer,20-2295,https://ousd.legistar.com/gateway.aspx?M=L&ID=50877,Professional Services Agreement 2020-2021 - Oakland Public Education Fund - EnCompass Academy,"Approval by the Board of Education of a Professional Services Agreement 2020-2021 between the District and Oakland Public Education Fund, Oakland, CA, for the latter to provide two positions: Student Family Connections Coordinator and Student Development & Supports Coordinator to coordinate with families, staff, community partners regarding Multi-Tiered System Support (MTSS) plans and strategies for student success; facilitate Coordination of Services Team (COST); provide direct behavioral intervention; coordinate student leadership opportunities; consult with special education and general education staff to implement and monitor student behavioral plans; and monitor student discipline referrals and system at EnCompass Academy, for the period of July 1, 2020 through June 30, 2021, in an amount not to exceed $100,000.00.",Agreement or Contract,Chief Academic Officer,003143,v-003143,Unrest Supplemental Support,"Pays Oakland Public Education Fund up to $100,000 for two student support staff at EnCompass Academy","Oakland Public Education Fund would provide two positions at EnCompass Academy, a Student Family Connections Coordinator and a Student Development and Supports Coordinator. They would coordinate student support plans with families and staff, provide behavior intervention and track discipline referrals. The term is July 1, 2020 through June 30, 2021, for up to $100,000.00. The agreement period began before this December 9, 2020 vote.","Student health, support & family services",,new_agreement,Oakland Public Education Fund,organization,EnCompass Academy,expense,not_to_exceed,100000,,,,,true,2020-07-01,2021-06-30,after_work_began,,,Adopted on the General Consent Report,2020-12-09,true,auto_ok,sonnet-agent,enrich.v5.md,true,
2020-12-09:20-2296,2020-12-09,2020-12-09,regular,V.-53,110,general,Chief Academic Officer,20-2296,https://ousd.legistar.com/gateway.aspx?M=L&ID=50878,Professional Services Agreement 2020-2021 - Zachary Reidman - English Language Learner and Multilingual Achievement Department,"Ratification by the Board of Education of a Professional Services Agreement 2020-2021 between the District and Zachary Reidman, Berkeley, CA, for the latter to oversee family outreach and ""on-boarding"", garden maintenance, planting, necessary materials and donations, and the development and implementation of a garden-based ELD and health curriculum services and  associated services, described in Exhibit A, via English Language Learner and Multilingual Achievement Department, for the period of October 1, 2020 through June 30, 2021 in an amount not to exceed $15,000.00.",Agreement or Contract,Chief Academic Officer,003573,v-003573,Other Federal,"Pays a contractor up to $15,000 for a garden-based English learner and health program","A contractor would oversee family outreach, garden maintenance and planting, and develop a garden-based English language development and health curriculum through the English Language Learner and Multilingual Achievement Department. The term is October 1, 2020 through June 30, 2021, for up to $15,000.00. The agreement period began before this December 9, 2020 vote.",Classroom & academic programs,,new_agreement,Zachary Reidman,individual,,expense,not_to_exceed,15000,,,,,true,2020-10-01,2021-06-30,after_work_began,,,Adopted on the General Consent Report,2020-12-09,true,auto_ok,sonnet-agent,enrich.v5.md,true,
2020-12-09:20-2297,2020-12-09,2020-12-09,regular,V.-54,111,general,Chief Academic Officer,20-2297,https://ousd.legistar.com/gateway.aspx?M=L&ID=50879,"Professional Services Contract - Leading Educators, Inc. - Academics and Instructional Innovation Department","Approval by the Board of Education of a Professional Services Agreement 2020-2021 between the District and Leading Educators, Inc., New Orleans, LA, for the latter to provide the following key components: Strengthening OUSD's existing curricula-adoption process for selecting high quality instructional materials (HQIM); Establishing district conditions necessary for effective professional learning, including stakeholder engagement, resource alignment, and processes for continuous improvement; Building capacity within district staff to design curricula-based content cycles (ccs) that align to principles of adult learning; Co-constructing a sustainable, scalable PL system that can carry the work forward without the help of an external partner and Confronting issues of educational equity head-on with an approach aligned to District’s values and specific cultural context, via the Academics and Instructional Innovation Department, for the period of October 1, 2020 through September 29, 2023, in an amount not to exceed $306,609.00.",Agreement or Contract,Chief Academic Officer,,n-leading-educators,Schusterman Family Foundation Grant,"Pays Leading Educators up to $306,609 to improve how OUSD picks and teaches curriculum through 2023","Leading Educators, Inc. would help the district strengthen how it selects high-quality instructional materials and build a lasting professional learning system for staff, with a focus on educational equity. The term is October 1, 2020 through September 29, 2023, for up to $306,609.00. The agreement period began before this December 9, 2020 vote.",Classroom & academic programs,,new_agreement,"Leading Educators, Inc.",organization,,expense,not_to_exceed,306609,,,,,true,2020-10-01,2023-09-29,after_work_began; multi_year,,,Adopted on the General Consent Report,2020-12-09,true,auto_ok,sonnet-agent,enrich.v5.md,true,
2020-12-09:20-2298,2020-12-09,2020-12-09,regular,V.-55,112,general,Chief Academic Officer,20-2298,https://ousd.legistar.com/gateway.aspx?M=L&ID=50880,"Professional Services Agreement 2020-2021 - Attitudinal Healing Connection, Inc - Hoover Elementary School","Ratification by the Board of Education of a Professional Services Agreement 2020-2021 between the District and Attitudinal Healing Connection, Inc., Oakland, CA, for the latter to provide one (1) resident artist to work in a side by side model (over zoom during virtual learning) to provide arts integration for each of the K-2 classes in cycles of 6 weeks each, for 1 hour during Math or ELA class time; design lessons in collaboration with the classroom teacher(s) to correlate with subject pacing and state standards and related services at Hoover Elementary School, for the period of October 28, 2020 through May 28, 2021, in an amount not to exceed $12,500.00.",Agreement or Contract,Chief Academic Officer,000532,v-000532,"Measure G, Parcel Tax","Pays Attitudinal Healing Connection up to $12,500 for a resident artist at Hoover Elementary","Attitudinal Healing Connection, Inc. would provide a resident artist who works with K-2 classes over Zoom during virtual learning, in 6-week cycles, to bring arts into math or English class and design lessons with teachers. The term is October 28, 2020 through May 28, 2021, for up to $12,500.00. The agreement period began before this December 9, 2020 vote.",Classroom & academic programs,,new_agreement,"Attitudinal Healing Connection, Inc.",organization,Hoover Elementary School,expense,not_to_exceed,12500,,,,,true,2020-10-28,2021-05-28,after_work_began,,,Adopted on the General Consent Report,2020-12-09,true,auto_ok,sonnet-agent,enrich.v5.md,true,
2020-12-09:20-2299,2020-12-09,2020-12-09,regular,V.-56,113,general,Chief Academic Officer,20-2299,https://ousd.legistar.com/gateway.aspx?M=L&ID=50881,Professional Services Agreement 2020-2021 - Destiny Arts Center - Prescott Elementary School,"Ratification by the Board of Education of a Professional Services Agreement 2020-2021 between the District and Destiny Arts Center, Oakland, CA, for the latter to provide 120 hours of arts education experience for 120 students with creative youth development curriculum and community building tools at Prescott Elementary School, for the period of July 1, 2020 through May 27, 2021, in an amount not to exceed $12,000.00.",Agreement or Contract,Chief Academic Officer,001363,v-001363,"Measure G, Parcel Tax","Pays Destiny Arts Center up to $12,000 for arts education for 120 students at Prescott Elementary","Destiny Arts Center would provide 120 hours of arts education for 120 students at Prescott Elementary School, using a creative youth development curriculum and community-building tools. The term is July 1, 2020 through May 27, 2021, for up to $12,000.00. The agreement period began before this December 9, 2020 vote.",Classroom & academic programs,,new_agreement,Destiny Arts Center,organization,Prescott Elementary School,expense,not_to_exceed,12000,,,,,true,2020-07-01,2021-05-27,after_work_began,,,Adopted on the General Consent Report,2020-12-09,true,auto_ok,sonnet-agent,enrich.v5.md,true,
2020-12-09:20-2300,2020-12-09,2020-12-09,regular,V.-57,114,general,Chief Academic Officer,20-2300,https://ousd.legistar.com/gateway.aspx?M=L&ID=50882,Professional Services Agreement 2020-2021 - Candice Valenzuela - Greenleaf Elementary School (EMS),"Ratification by the Board of Education of a Professional Services Agreement 2020-2021 between the District and Candice Valenzuela, Oakland, CA, for the latter to provide 5-7 Professional Development, dates to be determined, of Race, Equity & Healing Training Series, as described in the Exhibit A, incorporated herein by reference as though fully set forth, at Greenleaf Elementary School, for the period of December 1, 2020 through May 31, 2021, in an amount not to exceed $10,000.00.",Agreement or Contract,Chief Academic Officer,004477,v-004477,Salesforce.org,"Pays a trainer up to $10,000 for a race, equity and healing training series at Greenleaf Elementary","A contractor would lead five to seven professional development sessions on race, equity and healing for staff at Greenleaf Elementary School, with dates to be set. The term is December 1, 2020 through May 31, 2021, for up to $10,000.00. The agreement period began before this December 9, 2020 vote.",Classroom & academic programs,,new_agreement,Candice Valenzuela,individual,Greenleaf Elementary School,expense,not_to_exceed,10000,,,,,true,2020-12-01,2021-05-31,after_work_began,,,Adopted on the General Consent Report,2020-12-09,true,auto_ok,sonnet-agent,enrich.v5.md,true,
2020-12-09:20-2301,2020-12-09,2020-12-09,regular,V.-58,115,general,Chief Academic Officer,20-2301,https://ousd.legistar.com/gateway.aspx?M=L&ID=50883,Professional Services Agreement 2020-2021 - Rachel-Anne Palacios - Bella Vista Elementary School,"Ratification by the Board of Education of a Professional Services Agreement 2020-2021 between the District and Rachel-Anne Palacios, Oakland, CA, for the latter to serve as an “artist in residence” to  facilitate and provide multicultural visual art experiences, in eight (8) diverse cultures, for 141 students and teachers, as described in Exhibit A at Bella Vista Elementary School, for the period of October 1, 2020 through June 1, 2021. in an amount not to exceed $10,000.00.",Agreement or Contract,Chief Academic Officer,006246,v-006246,Unrest Concentration Support,"Pays an artist in residence up to $10,000 for multicultural art lessons at Bella Vista Elementary","A contractor would serve as artist in residence at Bella Vista Elementary School, giving multicultural visual art experiences covering eight cultures to 141 students and teachers. The term is October 1, 2020 through June 1, 2021, for up to $10,000.00. The agreement period began before this December 9, 2020 vote.",Classroom & academic programs,,new_agreement,Rachel-Anne Palacios,individual,Bella Vista Elementary School,expense,not_to_exceed,10000,,,,,true,2020-10-01,2021-06-01,after_work_began,,,Adopted on the General Consent Report,2020-12-09,true,auto_ok,sonnet-agent,enrich.v5.md,true,
2020-12-09:20-2302,2020-12-09,2020-12-09,regular,V.-59,116,general,Chief Academic Officer,20-2302,https://ousd.legistar.com/gateway.aspx?M=L&ID=50884,Professional Services Agreement 2020-2021 - Heart in Balance - Peralta Elementary School,"Ratification by the Board of Education of a Professional Services Agreement 2020-2021 between the District and Heart in Balance, Oakland, CA, for the latter to provide individual and group psychotherapy and mental health sessions to students under the guidelines and scope of practice for marriage-family therapist trainees in practicum at Peralta Elementary School, for the period of September 14, 2020 through May 27, 2021, in an amount not to exceed $5,000.00.",Agreement or Contract,Chief Academic Officer,006790,v-006790,Unrest Supplemental Support,"Pays Heart in Balance up to $5,000 for student therapy sessions at Peralta Elementary","Heart in Balance would provide individual and group therapy and mental health sessions to students at Peralta Elementary School, using marriage and family therapist trainees in practicum. The term is September 14, 2020 through May 27, 2021, for up to $5,000.00. The agreement period began before this December 9, 2020 vote.","Student health, support & family services",,new_agreement,Heart in Balance,organization,Peralta Elementary School,expense,not_to_exceed,5000,,,,,true,2020-09-14,2021-05-27,after_work_began,,,Adopted on the General Consent Report,2020-12-09,true,auto_ok,sonnet-agent,enrich.v5.md,true,
2020-12-09:20-2303,2020-12-09,2020-12-09,regular,V.-60,117,general,Chief Academic Officer,20-2303,https://ousd.legistar.com/gateway.aspx?M=L&ID=50885,Professional Services Agreement 2020-2021 - EL Education - Academics and Instructional Innovation Department,"Approval by the Board of Education of a Professional Services Agreement 2020-2021 between District and EL Education, New York, NY, for the latter to provide strategic planning sessions and District implementation support to schools and district leadership teams through its Essentials​ Workshops by participants by engaging in reading, thinking, talking, writing, and planning,  for the period of August 3, 2020 through June 30, 2021, via the Academics and Instructional Innovation Department, at a cost not to exceed $121,000.00.",Agreement or Contract,Chief Academic Officer,,v-001546,Schusterman Family Foundation Grant,"Pays EL Education up to $121,000 for planning workshops and implementation support for schools","EL Education would run strategic planning sessions and implementation support for schools and district leadership teams through its Essentials Workshops, through the Academics and Instructional Innovation Department. The term is August 3, 2020 through June 30, 2021, for up to $121,000.00. The agreement period began before this December 9, 2020 vote.",Classroom & academic programs,,new_agreement,EL Education,organization,,expense,not_to_exceed,121000,,,,,true,2020-08-03,2021-06-30,after_work_began,,,Adopted on the General Consent Report,2020-12-09,true,auto_ok,sonnet-agent,enrich.v5.md,true,
2020-12-09:20-2310,2020-12-09,2020-12-09,regular,V.-61,118,general,Chief Academic Officer,20-2310,https://ousd.legistar.com/gateway.aspx?M=L&ID=50892,Memorandum of Understanding - Friends of the Oakland Public School Libraries - Academics and Instructional Innovation Department,"Approval by the Board of Education of a Memorandum of Understanding between Oakland Unified School District and Friends of Oakland Public School Libraries (FOPSL), Oakland, CA, for joint contributions towards a digital library platform for OUSD students; OUSD commits to enter a contract with a digital library platform (subject to Board approval) for an initial investment of $50,000.00 and FOPSL commits to an initial investment of $10,000.00 upon receipt of MOU and a minimum of $15,000.00 in contributions from additional grant writing, for the period of December 10, 2020 through December 10, 2023, in an amount not to exceed $300,000.00.",Agreement or Contract,Chief Academic Officer,,n-friends-of-oakland-public-school-libraries-fopsl,CARES Fund,"Sets up a partnership with Friends of Oakland Public School Libraries for a digital library, up to $300,000","The district and Friends of Oakland Public School Libraries (FOPSL) agree in a memorandum of understanding (MOU) to share the cost of a digital library platform for students. The district commits an initial $50,000 and FOPSL an initial $10,000, plus at least $15,000 from additional grant writing. The district must still bring a contract with a platform vendor to the Board for approval; the MOU runs December 2020 to December 2023.",Technology,,new_agreement,Friends of Oakland Public School Libraries (FOPSL),organization,,expense,not_to_exceed,300000,,,,,true,2020-12-10,2023-12-10,multi_year,,,Adopted on the General Consent Report,2020-12-09,true,auto_ok,sonnet-agent,enrich.v5.md,true,
2020-12-09:20-2311,2020-12-09,2020-12-09,regular,V.-62,119,general,Chief Academic Officer,20-2311,https://ousd.legistar.com/gateway.aspx?M=L&ID=50893,Professional Services Agreement 2020-2021 - American Indian Child Resource Center - Community Schools and Student Services Department,"Ratification by the Board of Education of a Professional Services Agreement 2020-2021 between the District and American Indian Child Resource Center, Oakland, CA, for the latter to provide services to Oakland Native students in grades 6-12, and is open to all American Indian and Alaskan Native students throughout the District, providing enrichment groups - tobacco use prevention, cultural arts, talking circle, etc.) by digital platforms; provide one-on-one tutoring and case management and to hold virtual parent meetings and student and parent activities wherein Title VI policies and provide parent education are discussed, and other services, more specifically described in Exhibit A, via Community Schools and Student Services Department, for the period of October 1, 2020 through June 30, 2021, in an amount not to exceed $33,536.00.",Agreement or Contract,Chief Academic Officer,000403,v-000403,Indian Education,"Ratifies up to $33,536 for American Indian Child Resource Center services to Native students in grades 6-12","The American Indian Child Resource Center will run online enrichment groups (such as tobacco-use prevention, cultural arts and talking circles), one-on-one tutoring and case management for Native students in grades 6-12. It will also hold virtual parent meetings. The agreement runs October 2020 to June 2021, and the work began before the Board's approval.","Student health, support & family services",,new_agreement,American Indian Child Resource Center,organization,,expense,not_to_exceed,33536,,,,,true,2020-10-01,2021-06-30,after_work_began,,,Adopted on the General Consent Report,2020-12-09,true,auto_ok,sonnet-agent,enrich.v5.md,true,
2020-12-09:20-2312,2020-12-09,2020-12-09,regular,V.-63,120,general,Chief Academic Officer,20-2312,https://ousd.legistar.com/gateway.aspx?M=L&ID=50894,Professional Services Agreement 2020-2021 - Maker Ed - Community Schools and Student Services Department,"Ratification by the Board of Education of a Professional Services Agreement 2020-2021 between the District and Maker Ed, Berkeley, CA, for the latter to develop coding curriculum and professional development for staff for After School Education and Safety (ASES) Kids Code Programs located at eight District school sites, via Community Schools and Student Services Department, for the period of October 1, 2020 through June 30, 2021, in an amount not to exceed $40,000.00.",Agreement or Contract,Chief Academic Officer,006473,v-006473,After School Kids Code,"Ratifies up to $40,000 for Maker Ed to build coding lessons for ASES Kids Code after-school programs","Maker Ed will develop a coding curriculum and staff training for the After School Education and Safety (ASES) Kids Code programs at eight district school sites. The agreement runs October 2020 to June 2021, and the work began before the Board's approval.",After-school & summer programs,,new_agreement,Maker Ed,organization,,expense,not_to_exceed,40000,,,,,true,2020-10-01,2021-06-30,after_work_began,,,Adopted on the General Consent Report,2020-12-09,true,auto_ok,sonnet-agent,enrich.v5.md,true,
2020-12-09:20-2318,2020-12-09,2020-12-09,regular,V.-64,121,general,Chief Academic Officer,20-2318,https://ousd.legistar.com/gateway.aspx?M=L&ID=50900,Grant Agreement - Schusterman Family Foundation - Academics and Instructional Innovation Department,"Approval by the Board of Education of a Grant Agreement (Grant ID #R-20-16912) between District and Charles and Lynn Schusterman Family Foundation, with the District accepting $615,709.00, to provide OUSD Curriculum and Engagement Plan Support for the 2020-2021 School Year’s, via the Academics and Instructional Innovation Department, for the period of July 15, 2020 through August 14, 2021, pursuant to the terms and conditions thereof.",Agreement or Contract,Chief Academic Officer,,n-charles-and-lynn-schusterman-family-foundation,Schusterman Family Foundation,"Accepts a $615,709 grant from the Schusterman Family Foundation for curriculum and engagement support","The district accepts $615,709 from the Charles and Lynn Schusterman Family Foundation to support its curriculum and engagement plan for the 2020-21 school year. The grant is managed by the Academics and Instructional Innovation Department and runs July 2020 to August 2021.",Classroom & academic programs,,grant_or_funding_in,Charles and Lynn Schusterman Family Foundation,organization,,revenue,fixed,615709,,,,,true,2020-07-15,2021-08-14,after_work_began,,,Adopted on the General Consent Report,2020-12-09,true,auto_ok,sonnet-agent,enrich.v5.md,true,
2020-12-09:20-2320,2020-12-09,2020-12-09,regular,V.-65,122,general,Chief Academic Officer,20-2320,https://ousd.legistar.com/gateway.aspx?M=L&ID=50902,Grant Agreement - Kenneth Rainin Foundation - Academics and Instructional Innovation Department,"Approval by the Board of Education of a Grant Agreement (Grant ID #20201712) between District and Kenneth Rainin Foundation, with the District accepting $1,850,000.00, to fund a continued partnership to provide transitional kindergarten to 2nd grade literacy support in 39 District schools, via the Academics and Instructional Innovation Department, for the period of July 1, 2020 through June 30, 2021, pursuant to the terms and conditions thereof.",Agreement or Contract,Chief Academic Officer,,n-kenneth-rainin-foundation,Kenneth Rainin Foundation,Accepts a $1.85M Kenneth Rainin Foundation grant for early literacy support in 39 schools,"The district accepts $1,850,000 from the Kenneth Rainin Foundation to continue a partnership that supports reading and writing for students from transitional kindergarten through 2nd grade in 39 district schools. The grant covers the 2020-21 school year.",Classroom & academic programs,,grant_or_funding_in,Kenneth Rainin Foundation,organization,,revenue,fixed,1850000,,,,,true,2020-07-01,2021-06-30,after_work_began,,,Adopted on the General Consent Report,2020-12-09,true,auto_ok,sonnet-agent,enrich.v5.md,true,
2020-12-09:20-2321,2020-12-09,2020-12-09,regular,V.-66,123,general,Chief Academic Officer,20-2321,https://ousd.legistar.com/gateway.aspx?M=L&ID=50903,Professional Services Agreement 2020-2021 - Lincoln - New Highland Academy,"Ratification by the Board of Education of a Professional Services Agreement 2020-2021 between the District and Lincoln, Oakland, CA, for the latter to provide its Lincoln’s HOPE (Helping Open Pathways to Education) Program giving integrated mental health supports for students, families, and school to develop tools and learning environments for social emotional success, through a clinician,  intervention specialist and trainee at New Highland Academy, for the period of August 10, 2020 through May 31, 2021, in an amount not to exceed $5,000.00",Agreement or Contract,Chief Academic Officer,002590,v-002590,Title 4-Student Support,"Ratifies up to $5,000 for Lincoln's mental health team at New Highland Academy","Lincoln will provide mental health support at New Highland Academy through its HOPE program, using a clinician, an intervention specialist and a trainee. The support serves students, families and the school. The agreement runs August 2020 to May 2021, and the work began before the Board's approval.","Student health, support & family services",,new_agreement,Lincoln,organization,New Highland Academy,expense,not_to_exceed,5000,,,,,true,2020-08-10,2021-05-31,after_work_began,,,Adopted on the General Consent Report,2020-12-09,true,auto_ok,sonnet-agent,enrich.v5.md,true,
2020-12-09:20-2327,2020-12-09,2020-12-09,regular,V.-67,124,general,Chief Academic Officer,20-2327,https://ousd.legistar.com/gateway.aspx?M=L&ID=50909,Standard Agreement - California Department of Social Services - Refugee Program Bureau - English Language Learner Department,"Approval by the Board of Education of Standard Agreement (Grant Agreement No. OFY2020-OUSD) between the District and the California Department of Social Services, with the District accepting $500,000.00, to provide post-placement support services, including but not limited to 1) Case management; 2) Program navigation; 3) Youth mentoring/coaching; 4) Coordination and collaboration with the OFY project evaluation and technical assistance provider and the family support workshop provider; and 5) Participation in OFY project evaluation and technical assistance activities, including but not limited to data collection, consultative sessions, and participation in learning Collaboratives, within District, for Unaccompanied Alien Children (youth) as defined in Section 279(g)(2) of Title 6 of the United States Code and under the care of a sponsor, via the English Language Learner Department, for the period of October 15, 2020 through December 31, 2022, pursuant to the terms and conditions thereof.",Agreement or Contract,Chief Academic Officer,,n-california-department-of-social-services,,"Accepts a $500,000 California Department of Social Services grant for support to unaccompanied immigrant youth","The district accepts $500,000 from the California Department of Social Services to provide follow-up support to unaccompanied children and youth who are in a sponsor's care. Services include case management, program navigation and youth mentoring, plus taking part in the state's project evaluation. The grant runs October 2020 to December 2022.","Student health, support & family services",,grant_or_funding_in,California Department of Social Services,organization,,revenue,fixed,500000,,,,,true,2020-10-15,2022-12-31,after_work_began; multi_year,,,Adopted on the General Consent Report,2020-12-09,true,auto_ok,sonnet-agent,enrich.v5.md,true,
2020-12-09:20-2329,2020-12-09,2020-12-09,regular,V.-68,125,general,Chief Academic Officer,20-2329,https://ousd.legistar.com/gateway.aspx?M=L&ID=50911,2020-2021 School Plan for Student Achievement (SPSA) - EnCompass Academy,Approval by the Board of Education of the 2020-2021 School Plan for Student Achievement (SPSA) for EnCompass Academy.,School Plan for Student Achievement,Chief Academic Officer,,,,Approves EnCompass Academy's 2020-21 School Plan for Student Achievement,The Board approves the 2020-21 School Plan for Student Achievement (SPSA) for EnCompass Academy. The plan is the school's yearly document for its goals and how it will use its funding. No dollar amount is listed in the item.,School plans,,school_plan,,,EnCompass Academy,no_cost,,,,,,,true,2020-07-01,2021-06-30,after_work_began,,,Adopted on the General Consent Report,2020-12-09,true,auto_ok,sonnet-agent,enrich.v5.md,true,
2020-12-09:20-2337,2020-12-09,2020-12-09,regular,V.-69,126,general,Chief Academic Officer,20-2337,https://ousd.legistar.com/gateway.aspx?M=L&ID=50919,"Amendment No. 1, Standard Agreement - State of California - Department of Rehabilitation - Special Education Department","Approval by the Board of Education of Amendment No. 1, Standard Agreement (Agreement No. 30906-1) - Subvention Contract - Vocational Rehabilitation Third Party Cooperative/Case Agreement - Transition Partnership Program - between District and California State Department of Rehabilitation, accepting/increasing maximum reimbursement grant maximum to an amount not to exceed  $1,206,957.00, for the period July 1, 2018 through June 30, 2021, for services to Special Education pupils, as specified, pursuant to terms and conditions thereof, if any.",Agreement or Contract,Chief Academic Officer,,n-california-state-department-of-rehabilitation,"State of California, Department of Rehabilitation","Raises a state transition-program grant for special education students to a $1,206,957 maximum","This amendment increases the most the district can be reimbursed under its Transition Partnership Program agreement with the California Department of Rehabilitation to $1,206,957. The program serves special education students and covers July 2018 to June 2021. The text gives the new maximum but not how much was added.",Special education,Programs & support,amendment,California State Department of Rehabilitation,organization,,revenue,cumulative,,,,,1206957,true,2018-07-01,2021-06-30,multi_year,,,Adopted on the General Consent Report,2020-12-09,true,auto_ok,sonnet-agent,enrich.v5.md,true,
2020-12-09:20-2338,2020-12-09,2020-12-09,regular,V.-70,127,general,Chief Academic Officer,20-2338,https://ousd.legistar.com/gateway.aspx?M=L&ID=50920,"First Amendment, Grant Agreement - Kids First! - City of Oakland, Oakland Fund for Children and Youth (OFCY) - High School Linked Learning Office","Approval by the Board of Education of First Amendment, Grant Agreement between the District and The City of Oakland, in the amount of $180,000.00, increasing the Agreement from $200,000.00 to $380,000.00, to provide support stipends for students in summer internships as part of the Link Learning Pathway Program, Exploring College, Career, and Community Options (ECCCO) at McClymonds, Castlemont, Fremont, Dewey, Rudsdale, Sojourner Truth, Bunche, Oakland High, Oakland Tech, Skyline, Coliseum College Preparatory Academy, Life Academy and MetWest High Schools, and extending the term from June 1, 2019 through June 30, 2020 to May 31, 2021, pursuant to the terms and conditions thereof.",Agreement or Contract,Chief Academic Officer,,n-city-of-oakland-oakland-fund-for-children-and-youth,"City of Oakland, Oakland Fund for Children and Youth","Adds $180,000 from the City of Oakland for student summer internship stipends; extends grant to May 2021","This amendment raises the Oakland Fund for Children and Youth grant from $200,000 to $380,000 and extends it to May 31, 2021. The money pays stipends to students in summer internships through the Exploring College, Career, and Community Options (ECCCO) Linked Learning pathway program at 13 high schools.",After-school & summer programs,,amendment,City of Oakland (Oakland Fund for Children and Youth),organization,McClymonds; Castlemont; Fremont; Dewey; Rudsdale; Sojourner Truth; Bunche; Oakland High; Oakland Tech; Skyline; Coliseum College Preparatory Academy; Life Academy; MetWest High Schools,revenue,fixed,180000,,,200000,380000,true,2019-06-01,2021-05-31,after_work_began; multi_year,,,Adopted on the General Consent Report,2020-12-09,true,auto_ok,sonnet-agent,enrich.v5.md,true,
2020-12-09:20-2340,2020-12-09,2020-12-09,regular,V.-71,128,general,Chief Academic Officer,20-2340,https://ousd.legistar.com/gateway.aspx?M=L&ID=50922,"Amendment No. 1, Grant Award/Contract - First 5 Alameda County - Kindergarten Readiness, Neighborhood Ready for School - Expanded Learning Office - Community Schools and Student Services Department","Approval by the Board of Education of Amendment No. 1,  Grant Award/Contract between First 5 Alameda County, Alameda, CA, (Contract No. PI-NRS-1921-299) and District, for the former to fund a Neighborhoods Ready for School Program for children from birth to age 5, as described in Contract, incorporated herein by reference as though fully set forth, via the Expanded Learning Office, in an additional amount not to exceed $442,670.00, increasing Contract amount from $454,000.00 to $896,670.00, for the period, July 1, 2019 through June 30, 2021, pursuant to the terms and conditions thereof.",Agreement or Contract,Chief Academic Officer,,n-first-5-alameda-county,,"Adds up to $442,670 from First 5 Alameda County for school-readiness programs for children under 5","This amendment raises First 5 Alameda County's grant to the district from $454,000 to $896,670 and runs through June 2021. The money funds a Neighborhoods Ready for School program for children from birth to age 5, run through the Expanded Learning Office.",Classroom & academic programs,,amendment,First 5 Alameda County,organization,,revenue,not_to_exceed,442670,,,454000,896670,true,2019-07-01,2021-06-30,multi_year,,,Adopted on the General Consent Report,2020-12-09,true,auto_ok,sonnet-agent,enrich.v5.md,true,
2020-12-09:20-2314,2020-12-09,2020-12-09,regular,V.-72,129,general,Chief Academic Officer,20-2314,https://ousd.legistar.com/gateway.aspx?M=L&ID=50896,Grant Application - 2020-2021 Arts Learning District Design Team - Alameda County Office of Education - Visual and Performing Arts Department,"Approval by the Board of Education of District's 2020-2021 Arts Learning District Design Team Application to the Alameda County Office of Education seeking funding in the amount of $29,979.00, to engage District community in development of an Arts Education Plan, as described in Application, that includes curriculum, professional learning, and community partnership support, for the period December 1, 2020 through June 30, 2021, and if granted, in whole or in part, authorization of acceptance of same, pursuant to terms and conditions thereof.",Application,Chief Academic Officer,,v-000318,Alameda County Office of Education,"Applies for a $29,979 Alameda County grant to plan arts education in Oakland schools","The Board approves the district's application to the Alameda County Office of Education for $29,979 to involve the community in building an Arts Education Plan covering curriculum, teacher learning and community partnerships. If the grant is awarded in whole or in part, the district is also authorized to accept it. The period is December 2020 to June 2021.",Classroom & academic programs,,grant_or_funding_in,Alameda County Office of Education,organization,,revenue,fixed,29979,,,,,true,2020-12-01,2021-06-30,grant_application; after_work_began,,,Adopted on the General Consent Report,2020-12-09,true,auto_ok,sonnet-agent,enrich.v5.md,true,
2020-12-09:20-2339,2020-12-09,2020-12-09,regular,V.-73,130,general,Chief Academic Officer,20-2339,https://ousd.legistar.com/gateway.aspx?M=L&ID=50921,Grant Award - Association for Continued Education (ACE) - Oakland International High School - High School Linked Learning Office,"Acceptance by the Board of Education of a Grant Award to the District from the Association for Continuing Education (ACE), in the amount of $305,000.00 to support the Association for Continuing Education (ACE) Learning Center Program, at the Oakland International High School, via the High School Linked Learning Office, for the period of July 1, 2020 through June 30, 2021, pursuant to terms and conditions thereof, if any.",Application,Chief Academic Officer,,n-association-for-continuing-education,Association for Continuing Education (ACE),"Accepts a $305,000 ACE grant for the Learning Center Program at Oakland International High School","The district accepts $305,000 from the Association for Continuing Education (ACE) to support the ACE Learning Center Program at Oakland International High School. The grant covers the 2020-21 school year and is managed by the High School Linked Learning Office.",Classroom & academic programs,,grant_or_funding_in,Association for Continuing Education (ACE),organization,Oakland International High School,revenue,fixed,305000,,,,,true,2020-07-01,2021-06-30,after_work_began,,,Adopted on the General Consent Report,2020-12-09,true,auto_ok,sonnet-agent,enrich.v5.md,true,
2020-12-09:20-2328,2020-12-09,2020-12-09,regular,V.-74,131,general,Chief Academic Officer,20-2328,https://ousd.legistar.com/gateway.aspx?M=L&ID=50910,2020-2021 School Plan for Student Achievement (SPSA) - Montera Middle School,Approval by the Board of Education of the 2020-2021 School Plan for Student Achievement (SPSA) for Montera Middle School.,School Plan for Student Achievement,Chief Academic Officer,,,,Approves Montera Middle School's 2020-21 School Plan for Student Achievement,The Board approves the 2020-21 School Plan for Student Achievement (SPSA) for Montera Middle School. The plan is the school's yearly document for its goals and how it will use its funding. No dollar amount is listed in the item.,School plans,,school_plan,,,Montera Middle School,no_cost,,,,,,,true,2020-07-01,2021-06-30,after_work_began,,,Adopted on the General Consent Report,2020-12-09,true,auto_ok,sonnet-agent,enrich.v5.md,true,
2020-12-09:20-2330,2020-12-09,2020-12-09,regular,V.-75,132,general,Chief Academic Officer,20-2330,https://ousd.legistar.com/gateway.aspx?M=L&ID=50912,2020-2021 School Plan for Student Achievement (SPSA) - Madison Park Academy - Upper Campus,Approval by the Board of Education  of the 2020-2021 School Plan for Student Achievement (SPSA) for Madison Park Academy - Upper Campus.,School Plan for Student Achievement,Chief Academic Officer,,,,Approves Madison Park Academy - Upper Campus's 2020-21 School Plan for Student Achievement,The Board approves the 2020-21 School Plan for Student Achievement (SPSA) for Madison Park Academy - Upper Campus. The plan is the school's yearly document for its goals and how it will use its funding. No dollar amount is listed in the item.,School plans,,school_plan,,,Madison Park Academy - Upper Campus,no_cost,,,,,,,true,2020-07-01,2021-06-30,after_work_began,,,Adopted on the General Consent Report,2020-12-09,true,auto_ok,sonnet-agent,enrich.v5.md,true,
2020-12-09:20-2331,2020-12-09,2020-12-09,regular,V.-76,133,general,Chief Academic Officer,20-2331,https://ousd.legistar.com/gateway.aspx?M=L&ID=50913,2020-2021 School Plan for Student Achievement (SPSA) - Dewey Academy,Approval by the Board of Education of the 2020-2021 School Plan for Student Achievement (SPSA) for Dewey Academy.,School Plan for Student Achievement,Chief Academic Officer,,,,Approves Dewey Academy's 2020-21 School Plan for Student Achievement,The Board approves the 2020-21 School Plan for Student Achievement (SPSA) for Dewey Academy. The plan is the school's yearly document for its goals and how it will use its funding. No dollar amount is listed in the item.,School plans,,school_plan,,,Dewey Academy,no_cost,,,,,,,true,2020-07-01,2021-06-30,after_work_began,,,Adopted on the General Consent Report,2020-12-09,true,auto_ok,sonnet-agent,enrich.v5.md,true,
2020-12-09:20-2332,2020-12-09,2020-12-09,regular,V.-77,134,general,Chief Academic Officer,20-2332,https://ousd.legistar.com/gateway.aspx?M=L&ID=50914,2020-2021 School Plan for Student Achievement (SPSA) - Oakland High School,Approval by the Board of Education of the 2020-2021 School Plan for Student Achievement (SPSA) for Oakland High School.,School Plan for Student Achievement,Chief Academic Officer,,,,Approves Oakland High School's 2020-21 School Plan for Student Achievement,The Board approves the 2020-21 School Plan for Student Achievement (SPSA) for Oakland High School. The plan is the school's yearly document for its goals and how it will use its funding. No dollar amount is listed in the item.,School plans,,school_plan,,,Oakland High School,no_cost,,,,,,,true,2020-07-01,2021-06-30,after_work_began,,,Adopted on the General Consent Report,2020-12-09,true,auto_ok,sonnet-agent,enrich.v5.md,true,
2020-12-09:20-2333,2020-12-09,2020-12-09,regular,V.-78,135,general,Chief Academic Officer,20-2333,https://ousd.legistar.com/gateway.aspx?M=L&ID=50915,2020-2021 School Plan for Student Achievement (SPSA) - Sankofa United Elementary School,Approval by the Board of Education of the 2020-2021 School Plan for Student Achievement (SPSA) for Sankofa United Elementary School.,School Plan for Student Achievement,Chief Academic Officer,,,,Approves Sankofa United Elementary School's 2020-21 School Plan for Student Achievement,The Board approves the 2020-21 School Plan for Student Achievement (SPSA) for Sankofa United Elementary School. The plan is the school's yearly document for its goals and how it will use its funding. No dollar amount is listed in the item.,School plans,,school_plan,,,Sankofa United Elementary School,no_cost,,,,,,,true,2020-07-01,2021-06-30,after_work_began,,,Adopted on the General Consent Report,2020-12-09,true,auto_ok,sonnet-agent,enrich.v5.md,true,
2020-12-09:20-2334,2020-12-09,2020-12-09,regular,V.-79,136,general,Chief Academic Officer,20-2334,https://ousd.legistar.com/gateway.aspx?M=L&ID=50916,2020-2021 School Plan for Student Achievement (SPSA) - Life Academy,Approval by the Board of Education of the 2020-2021 School Plan for Student Achievement (SPSA) for Life Academy.,School Plan for Student Achievement,Chief Academic Officer,,,,Approves Life Academy's 2020-21 School Plan for Student Achievement,The Board approves the 2020-21 School Plan for Student Achievement (SPSA) for Life Academy. The plan is the school's yearly document for its goals and how it will use its funding. No dollar amount is listed in the item.,School plans,,school_plan,,,Life Academy,no_cost,,,,,,,true,2020-07-01,2021-06-30,after_work_began,,,Adopted on the General Consent Report,2020-12-09,true,auto_ok,sonnet-agent,enrich.v5.md,true,
2020-12-09:20-2335,2020-12-09,2020-12-09,regular,V.-80,137,general,Chief Academic Officer,20-2335,https://ousd.legistar.com/gateway.aspx?M=L&ID=50917,2020-2021 School Plan for Student Achievement (SPSA) - Ralph J. Bunche High School,Approval by the Board of Education of the 2020-2021 School Plan for Student Achievement (SPSA) for Ralph J. Bunche High School.,School Plan for Student Achievement,Chief Academic Officer,,,,Approves Ralph J. Bunche High School's 2020-21 School Plan for Student Achievement,The Board approves the 2020-21 School Plan for Student Achievement (SPSA) for Ralph J. Bunche High School. The plan is the school's yearly document for its goals and how it will use its funding. No dollar amount is listed in the item.,School plans,,school_plan,,,Ralph J. Bunche High School,no_cost,,,,,,,true,2020-07-01,2021-06-30,after_work_began,,,Adopted on the General Consent Report,2020-12-09,true,auto_ok,sonnet-agent,enrich.v5.md,true,
2020-12-09:20-2336,2020-12-09,2020-12-09,regular,V.-81,138,general,Chief Academic Officer,20-2336,https://ousd.legistar.com/gateway.aspx?M=L&ID=50918,2020-2021 School Plan for Student Achievement (SPSA) - Coliseum College Preparatory Academy,Approval by the Board of Education of the 2020-2021 School Plan for Student Achievement (SPSA) for Coliseum College Preparatory Academy.,School Plan for Student Achievement,Chief Academic Officer,,,,Approves Coliseum College Preparatory Academy's 2020-21 School Plan for Student Achievement,The Board approves the 2020-21 School Plan for Student Achievement (SPSA) for Coliseum College Preparatory Academy. The plan is the school's yearly document for its goals and how it will use its funding. No dollar amount is listed in the item.,School plans,,school_plan,,,Coliseum College Preparatory Academy,no_cost,,,,,,,true,2020-07-01,2021-06-30,after_work_began,,,Adopted on the General Consent Report,2020-12-09,true,auto_ok,sonnet-agent,enrich.v5.md,true,
2020-12-09:20-2219,2020-12-09,2020-12-09,regular,V.-82,139,general,Chief Academic Officer,20-2219,https://ousd.legistar.com/gateway.aspx?M=L&ID=50801,"Name Designation - Lockwood STEAM (Science, Technology, Engineering, Arts, Mathematics) Academy - Schools Merger - Community United Elementary School and Futures Elementary School - July 1, 2021","Adoption by the Board of Education of Resolution No. 2021-0126 - Name Designation - Lockwood STEAM (Science, Technology, Engineering, Arts, Mathematics) Academy - Schools Merger - Community United Elementary School and and Futures Elementary School - July 1, 2021.",Resolution,Board of Education,,,,Names the merged Community United and Futures elementary schools Lockwood STEAM Academy,"The Board adopts Resolution No. 2021-0126 naming the school that results from merging Community United Elementary School and Futures Elementary School as Lockwood STEAM (Science, Technology, Engineering, Arts, Mathematics) Academy. The item is dated July 1, 2021. No dollar amount is listed.",Governance & board business,,resolution_or_policy,,,Lockwood STEAM Academy; Community United Elementary School; Futures Elementary School,no_cost,,,,,,,true,2021-07-01,,,,,Adopted on the General Consent Report,2020-12-09,true,auto_ok,sonnet-agent,enrich.v5.md,true,
2020-12-09:20-1222,2020-12-09,2020-12-09,regular,V.-83,141,general,General Counsel,20-1222,https://ousd.legistar.com/gateway.aspx?M=L&ID=49810,Acknowledgement/Receipt/Execution - Legal Agreement - By and Between District and Roses in Concrete,Adoption by the Board of Education of Resolution No. 2021-0029 - Acknowledging Receipt of Legal Agreement with Roses in Concrete and the Proper Execution Thereof by the Superintendent.,Agreement or Contract,Board of Education,,n-roses-in-concrete,,Acknowledges receipt of a legal agreement with Roses in Concrete signed by the Superintendent,The Board adopts Resolution No. 2021-0029 acknowledging that the district received a legal agreement with Roses in Concrete and that the Superintendent signed it properly. The item does not describe what the agreement covers or list a dollar amount.,Governance & board business,,resolution_or_policy,Roses in Concrete,organization,,no_cost,,,,,,,true,,,,,,Adopted on the General Consent Report,2020-12-09,true,auto_ok,sonnet-agent,enrich.v5.md,true,
2020-12-09:20-2191,2020-12-09,2020-12-09,regular,V.-84,142,general,General Counsel,20-2191,https://ousd.legistar.com/gateway.aspx?M=L&ID=50773,Agreement to Use Location As An Accessible Voting Location and Addendum - District and Alameda County Registrar of Voters - Sequoia Elementary School,"Ratification by the Board of Education of Agreement to Use Location As An Accessible Voting Location and Addendum between District and the Alameda County Registrar of Voters, for the latter to use Sequoia Elementary School as an accessible voting location from October 31, 2020 through November 3, 2020 for $200.00 payable to District.",Agreement or Contract,General Counsel,,n-alameda-county-registrar-of-voters,,Ratifies a $200 payment to the district for using Sequoia Elementary as an accessible voting location,"The Alameda County Registrar of Voters used Sequoia Elementary School as an accessible voting location from October 31 to November 3, 2020, and pays the district $200. The Board is approving the agreement after the use period began.",Governance & board business,,new_agreement,Alameda County Registrar of Voters,organization,Sequoia Elementary School,revenue,fixed,200,,,,,true,2020-10-31,2020-11-03,after_work_began,,,Adopted on the General Consent Report,2020-12-09,true,auto_ok,sonnet-agent,enrich.v5.md,true,
2020-12-09:20-2278,2020-12-09,2020-12-09,regular,V.-85,143,general,General Counsel,20-2278,https://ousd.legistar.com/gateway.aspx?M=L&ID=50860,"Insurance Covered Employer COVID-19 Testing Services Agreement - Curative Labs, Inc. - Oakland Unified School District","Ratification by the Board of Education of an Insurance Covered Employer COVID-19 Testing Services Agreement between the District and Curative Labs, Inc., for the latter to provide COVID-19 testing services solely for the purpose of screening certain employees and contractors as described in the Agreement and Exhibit A of the Agreement, for a period of November 3, 2020 through November 3, 2023, at no cost to the District.",Agreement or Contract,General Counsel,,n-curative-labs,,Ratifies a no-cost COVID-19 testing agreement with Curative Labs for employee screening through 2023,"Curative Labs, Inc. will provide COVID-19 testing to screen certain district employees and contractors at no cost to the district. The agreement runs November 2020 to November 2023, and it began before the Board's approval.","Legal, compliance & risk",,new_agreement,"Curative Labs, Inc.",organization,,no_cost,,,,,,,true,2020-11-03,2023-11-03,after_work_began; multi_year,,,Adopted on the General Consent Report,2020-12-09,true,auto_ok,sonnet-agent,enrich.v5.md,true,
2020-12-09:20-2322,2020-12-09,2020-12-09,regular,V.-86,144,general,General Counsel,20-2322,https://ousd.legistar.com/gateway.aspx?M=L&ID=50904,"Award of Bid - Groceries - RFP/Bid No. 20-03 - Goldstar Foods, Inc. - Nutrition Services Department","Approval by the Board of Education of Resolution 2021-0026 - Award of Bid - Groceries - RFP/Bid #20-03 to Goldstar Foods, Inc., in amount not to exceed $6,269,349.25, as the responsive, responsible bidder for one fiscal year with the first fiscal year ending on June 30, 2021, with two one year options to renew upon further approval by the Board.",Agreement or Contract,General Counsel,,v-001859,,"Awards Goldstar Foods up to $6,269,349.25 to supply groceries for school meals in 2020-21","The Board awards the groceries bid (RFP/Bid #20-03) to Goldstar Foods, Inc., the responsive and responsible bidder, for one fiscal year ending June 30, 2021. The district may renew for two more one-year terms, but each renewal needs further Board approval.","Food, transportation & operations",,bid_award,"Goldstar Foods, Inc.",organization,,expense,not_to_exceed,6269349.25,,,,,true,,2021-06-30,,,,Adopted on the General Consent Report,2020-12-09,true,auto_ok,sonnet-agent,enrich.v5.md,true,
2020-12-09:20-2390,2020-12-09,2020-12-09,regular,V.-87,145,general,General Counsel,20-2390,https://ousd.legistar.com/gateway.aspx?M=L&ID=50972,"Letter of Intent via Joint-Use Lease Agreement - Unity Council - Infant-Toddler Child Care Program - Former Webster CDC (7980 Plymouth Street, Oakland, CA) - General Counsel","Approval by the Board of Education of a Letter of Intent via a Joint-Use Lease Agreement (“Agreement”) between District and Unity Council, Oakland, CA,  for the Council’s use of the  former Webster Child Development Center to provide an Infant-Toddler Child Care Program for the Oakland Community, located at 7980 Plymouth Street, Oakland, CA, with the Unity Council  paying District a monthly rental of $5000.00, for the premises described in the Agreement, for the term commencing upon full execution of Agreement by both parties and expiring five years after the date of full execution of Agreement.",Agreement or Contract,General Counsel,,n-unity-council,,"Leases the former Webster child care center to Unity Council for $5,000 a month for five years","The Board approves a letter of intent for a joint-use lease under which Unity Council will run an infant-toddler child care program at the former Webster Child Development Center, 7980 Plymouth Street. Unity Council pays the district $5,000 a month. The lease starts when both sides sign and lasts five years.",Governance & board business,,new_agreement,Unity Council,organization,Former Webster Child Development Center,revenue,fixed,5000,,,,,true,,,multi_year,,,Adopted on the General Consent Report,2020-12-09,true,auto_ok,sonnet-agent,enrich.v5.md,true,
2020-12-09:20-2442,2020-12-09,2020-12-09,regular,V.-88,146,general,General Counsel,20-2442,https://ousd.legistar.com/gateway.aspx?M=L&ID=51024,"Professional Services Agreement 2020-2021 – Geosyntec Consultants, Inc. – General Counsel","Ratification by the Board of Education of a Professional Services Agreement 2020-2021 between the District and Geosyntec Consultants, Inc., Santa Barbara, CA, for the latter to complete a human health risk assessment(HHRA) for the Acorn Woodland Elementary/ Acorn Woodland CDC/EnCompass Academy campus based on indoor air samples recently collected on site to determine thresholds for concentration of chemicals that may pose a risk to students, for the period of November 10, 2020 through December 31, 2020, in an amount not to exceed $15,000.",Agreement or Contract,General Counsel,,n-geosyntec-consultants,Fund 67,"Ratifies up to $15,000 for Geosyntec to assess indoor air health risks at the Acorn Woodland campus","Geosyntec Consultants, Inc. will complete a human health risk assessment using indoor air samples recently collected at the Acorn Woodland Elementary, Acorn Woodland Child Development Center and EnCompass Academy campus. The assessment will set levels at which chemicals could pose a risk to students. The work runs November to December 2020 and began before the Board's approval.",School buildings & construction,,new_agreement,"Geosyntec Consultants, Inc.",organization,Acorn Woodland Elementary; Acorn Woodland CDC; EnCompass Academy,expense,not_to_exceed,15000,,,,,true,2020-11-10,2020-12-31,after_work_began,,,Adopted on the General Consent Report,2020-12-09,true,auto_ok,sonnet-agent,enrich.v5.md,true,
2020-12-09:20-2443,2020-12-09,2020-12-09,regular,V.-89,147,general,General Counsel,20-2443,https://ousd.legistar.com/gateway.aspx?M=L&ID=51025,Facilities Use Agreement 2020-2021 – The Movement Church - Elmhurst – General Counsel,"Ratification by the Board of Education of a Facilities Use Agreement 2020-2021 between the District and The Movement Church - Elmhurst, Oakland, CA,  for the latter to hold religious services at Elmhurst United Middle School, for the period of November 14, 2020 through November 15, 2020, at no cost to the District.",Agreement or Contract,General Counsel,,n-movement-church-elmhurst,,Ratifies a no-cost weekend facilities use agreement for The Movement Church at Elmhurst United Middle School,"The Movement Church - Elmhurst may hold religious services at Elmhurst United Middle School on November 14 and 15, 2020, at no cost to the district. The dates were before the Board's approval.",Governance & board business,,new_agreement,The Movement Church - Elmhurst,organization,Elmhurst United Middle School,no_cost,,,,,,,true,2020-11-14,2020-11-15,after_work_began,,,Adopted on the General Consent Report,2020-12-09,true,auto_ok,sonnet-agent,enrich.v5.md,true,
2020-12-09:20-2465,2020-12-09,2020-12-09,regular,V.-90,148,general,General Counsel,20-2465,https://ousd.legistar.com/gateway.aspx?M=L&ID=51047,Appointment - Chabot Space & Science Center Joint Powers Authority Agency Board Members - General Counsel,"Adoption by the Board of Education of Resolution No. 2021-0028 - Appointing Chabot Space & Science Center Joint Powers Authority Agency Board Members, effective immediately through December 31, 2021.",Appointment,General Counsel,,,,Appoints board members to the Chabot Space & Science Center Joint Powers Authority through 2021,"The Board adopts Resolution No. 2021-0028 appointing the district's representatives to the agency board of the Chabot Space & Science Center Joint Powers Authority. The appointments take effect immediately and run through December 31, 2021. No dollar amount is listed.",Governance & board business,,resolution_or_policy,,,,no_cost,,,,,,,true,,2021-12-31,,,,Adopted on the General Consent Report,2020-12-09,true,auto_ok,sonnet-agent,enrich.v5.md,true,
2020-12-09:20-2387,2020-12-09,2020-12-09,regular,V.-91,150,general,Chief of Staff,20-2387,https://ousd.legistar.com/gateway.aspx?M=L&ID=50969,"Amendment No. 1, Agreement - District and North Oakland Community Charter School - Operating Terms and Conditions - School Years 2019-2023","Approval by the Board of Education of Amendment No. 1, Agreement between District and North Oakland Community Charter School, with the latter agreeing to certain terms and conditions of operation, as stated in Amended Agreement, for the term July 1, 2019 to June 30, 2022 to June 30, 2023. All other terms and conditions not affected by Amendment, if any, remain in full force and effect.",Agreement or Contract,Superintendent,,n-north-oakland-community-charter-school,,Extends North Oakland Community Charter School's operating agreement with the district to June 2023,"This amendment changes the agreement that sets the terms for how North Oakland Community Charter School operates. It extends the term by one year, from June 30, 2022 to June 30, 2023. No dollar amount is stated, and all other terms stay the same.",Governance & board business,,amendment,North Oakland Community Charter School,organization,North Oakland Community Charter School,no_cost,,,,,,,true,2019-07-01,2023-06-30,multi_year; time_extension_only,,,Adopted on the General Consent Report,2020-12-09,true,auto_ok,sonnet-agent,enrich.v5.md,true,
2020-12-09:20-2498,2020-12-09,2020-12-09,regular,V.-92,151,general,Chief of Staff,20-2498,https://ousd.legistar.com/gateway.aspx?M=L&ID=51075,Proposition 39 Facilities Use Agreement - Urban Montessori Charter School - Office of Charter Schools,"Approval by the Board of Education of the Proposition 39 Facilities Use Agreement by and between the District and Urban Montessori, a Charter School, for use of classrooms at the Tilden Campus, 4551 Steele St, Oakland, CA 94619, for the 2021-2022 School Year with annual revenue to the District of $133,641.00.",Agreement or Contract,Superintendent,,n-urban-montessori-charter-school,,"Lets Urban Montessori Charter School use Tilden classrooms, paying the district $133,641 a year","Under a Proposition 39 facilities agreement, Urban Montessori Charter School, a charter school, will use classrooms at the Tilden campus for the 2021-2022 school year. The charter school pays the district $133,641 each year.",Governance & board business,,new_agreement,Urban Montessori Charter School,organization,Tilden Campus,revenue,per_year,133641,,,,,true,2021-07-01,2022-06-30,yearly_cap,,,Adopted on the General Consent Report,2020-12-09,true,auto_ok,sonnet-agent,enrich.v5.md,true,
2020-12-09:20-2499,2020-12-09,2020-12-09,regular,V.-93,152,general,Chief of Staff,20-2499,https://ousd.legistar.com/gateway.aspx?M=L&ID=51076,Proposition 39 Facilities Use Agreement - Francophone Academy - Office of Charter Schools,"Approval by the Board of Education of the Proposition 39 Facilities Use Agreement by and between the District and Francophone Academy, a Charter School, for use of classrooms at the Toler Heights campus, 9736 Lawlor Street, Oakland, CA 94605, for the 2021-2022 school year with annual revenue to the District of $39,406.00.",Agreement or Contract,Superintendent,,n-francophone-academy,,"Lets Francophone Academy use Toler Heights classrooms, paying the district $39,406 a year","Under a Proposition 39 facilities agreement, Francophone Academy, a charter school, will use classrooms at the Toler Heights campus for the 2021-2022 school year. The charter school pays the district $39,406 each year.",Governance & board business,,new_agreement,Francophone Academy,organization,Toler Heights campus,revenue,per_year,39406,,,,,true,2021-07-01,2022-06-30,yearly_cap,,,Adopted on the General Consent Report,2020-12-09,true,auto_ok,sonnet-agent,enrich.v5.md,true,
2020-12-09:20-2500,2020-12-09,2020-12-09,regular,V.-94,153,general,Chief of Staff,20-2500,https://ousd.legistar.com/gateway.aspx?M=L&ID=51077,Proposition 39 Facilities Use Agreement - Achieve Academy - Office of Charter Schools,"Approval by the Board of Education of the Proposition 39 Facilities Use Agreement by and between the District and Achieve Academy, a Charter School, for use of classrooms at the Hawthorne campus, 1700 28th Avenue, Oakland, CA 94601, for the 2021-2022 School Year with annual revenue to the District of $229,086.00.",Agreement or Contract,Superintendent,,n-achieve-academy,,"Lets Achieve Academy use Hawthorne classrooms, paying the district $229,086 a year","Under a Proposition 39 facilities agreement, Achieve Academy, a charter school, will use classrooms at the Hawthorne campus for the 2021-2022 school year. The charter school pays the district $229,086 each year.",Governance & board business,,new_agreement,Achieve Academy,organization,Hawthorne campus,revenue,per_year,229086,,,,,true,2021-07-01,2022-06-30,pulled_from_consent; yearly_cap,,Taken off the consent report and withdrawn at this meeting.,Withdrawn,2020-12-09,false,auto_ok,sonnet-agent,enrich.v5.md,false,
2020-12-09:20-2501,2020-12-09,2020-12-09,regular,V.-95,154,general,Chief of Staff,20-2501,https://ousd.legistar.com/gateway.aspx?M=L&ID=51078,Proposition 39 Facilities Use Agreement - LPS Oakland R&D - Office of Charter Schools,"Approval by the Board of Education of the Proposition 39 Facilities Use Agreement by and between the District and LPS R&D, a Charter School, for use of classrooms at the Castlemont High School campus, 8601 Macarthur Blvd, Oakland, CA 95605, for the 2021-2024 School Years with annual revenue to the District of $188,239.00.",Agreement or Contract,Superintendent,,n-lps-oakland-r-and-d,,"Lets LPS Oakland R&D use Castlemont High School classrooms, paying the district $188,239 a year","Under a Proposition 39 facilities agreement, LPS Oakland R&D, a charter school, will use classrooms at the Castlemont High School campus for the 2021-2024 school years. The charter school pays the district $188,239 each year.",Governance & board business,,new_agreement,LPS Oakland R&D,organization,Castlemont High School campus,revenue,per_year,188239,,,,,true,2021-07-01,2024-06-30,yearly_cap; no_total_stated; multi_year,,,Adopted on the General Consent Report,2020-12-09,true,auto_ok,sonnet-agent,enrich.v5.md,true,
2020-12-09:20-2502,2020-12-09,2020-12-09,regular,V.-96,155,general,Chief of Staff,20-2502,https://ousd.legistar.com/gateway.aspx?M=L&ID=51079,Proposition 39 Facilities Use Agreement - Cox Academy - Office of Charter Schools,"Approval by the Board of Education of the Proposition 39 Facilities Use Agreement by and between the District and Cox Academy, a Charter School, for use of classrooms at the Cox School campus, 9860 Sunnyside Street, Oakland, CA 94603, for the 2021-2025 School Years with annual revenue to the District of $248,085.00.",Agreement or Contract,Superintendent,,n-cox-academy,,"Lets Cox Academy use Cox School classrooms, paying the district $248,085 a year","Under a Proposition 39 facilities agreement, Cox Academy, a charter school, will use classrooms at the Cox School campus for the 2021-2025 school years. The charter school pays the district $248,085 each year.",Governance & board business,,new_agreement,Cox Academy,organization,Cox School campus,revenue,per_year,248085,,,,,true,2021-07-01,2025-06-30,yearly_cap; no_total_stated; multi_year,,,Adopted on the General Consent Report,2020-12-09,true,auto_ok,sonnet-agent,enrich.v5.md,true,
2020-12-09:20-2503,2020-12-09,2020-12-09,regular,V.-97,156,general,Chief of Staff,20-2503,https://ousd.legistar.com/gateway.aspx?M=L&ID=51080,Proposition 39 Facilities Use Agreement - East Bay Innovation Academy - Office of Charter Schools,"Approval by the Board of Education of the Proposition 39 Facilities Use Agreement by and between the District and East Bay Innovation Academy, a Charter School, for use of classrooms at the Marshall campus, 3400 Malcolm Avenue, Oakland, CA 94605, for the 2021-2024 school years with annual revenue to the District of $123,426.00.",Agreement or Contract,Superintendent,,n-east-bay-innovation-academy,,"Lets East Bay Innovation Academy use Marshall classrooms, paying the district $123,426 a year","Under a Proposition 39 facilities agreement, East Bay Innovation Academy, a charter school, will use classrooms at the Marshall campus for the 2021-2024 school years. The charter school pays the district $123,426 each year.",Governance & board business,,new_agreement,East Bay Innovation Academy,organization,Marshall campus,revenue,per_year,123426,,,,,true,2021-07-01,2024-06-30,yearly_cap; no_total_stated; multi_year,,,Adopted on the General Consent Report,2020-12-09,true,auto_ok,sonnet-agent,enrich.v5.md,true,
2020-12-09:20-2504,2020-12-09,2020-12-09,regular,V.-98,157,general,Chief of Staff,20-2504,https://ousd.legistar.com/gateway.aspx?M=L&ID=51081,Proposition 39 Facilities Use Agreement - Unity Middle Charter School - Office of Charter Schools,"Approval by the Board of Education of the Proposition 39 Facilities Use Agreement between the District and Unity Middle School, a Charter School, for use of classrooms at the Rudsdale Campus, 1180 70th Avenue, Oakland, CA 94621, for the 2021-2024 School Years with annual revenue to the District of $53,725.00.",Agreement or Contract,Superintendent,,n-unity-middle-charter-school,,"Lets Unity Middle Charter School use Rudsdale classrooms, paying the district $53,725 a year","Under a Proposition 39 facilities agreement, Unity Middle Charter School, a charter school, will use classrooms at the Rudsdale campus for the 2021-2024 school years. The charter school pays the district $53,725 each year.",Governance & board business,,new_agreement,Unity Middle Charter School,organization,Rudsdale Campus,revenue,per_year,53725,,,,,true,2021-07-01,2024-06-30,yearly_cap; no_total_stated; multi_year,,,Adopted on the General Consent Report,2020-12-09,true,auto_ok,sonnet-agent,enrich.v5.md,true,
2020-12-09:20-0788,2020-12-09,2020-12-09,regular,V.-99,159,general,Superintendent of Schools,20-0788,https://ousd.legistar.com/gateway.aspx?M=L&ID=49376,Grant Application - Community Oriented Policing Services (COPS) - U. S. Department of Justrice - School Violence Prevention Program -Superintendent of Schools,"Approval by the Board of Education of District’s  Community Oriented Policing Services (COPS) School Violence Prevention Program Application to the U.S. Department of Justice, Washington, DC, seeking $330,948.75 in funding to support School Safety measures at 27 school sites, for the term October 1, 2020 through October 1, 2023.",Application,Chief of Police Services,,n-u-s-department-of-justice,,"Applies for $330,948.75 in federal grant money for safety measures at 27 school sites","The district is applying to the U.S. Department of Justice's Community Oriented Policing Services (COPS) School Violence Prevention Program. The money would pay for school safety measures at 27 school sites over October 2020 to October 2023. This is an application, not an award.","Food, transportation & operations",,grant_or_funding_in,U.S. Department of Justice,organization,,revenue,fixed,330948.75,,,,,true,2020-10-01,2023-10-01,grant_application; after_work_began; multi_year,,,Adopted on the General Consent Report,2020-12-09,true,auto_ok,sonnet-agent,enrich.v5.md,true,
2020-12-09:20-2015,2020-12-09,2020-12-09,regular,V.-100,160,general,Superintendent of Schools,20-2015,https://ousd.legistar.com/gateway.aspx?M=L&ID=50597,"Data Sharing Agreement 2020-2021 - Kinvolved, Inc. - Oakland Unified School District","Approval by the Board of Education of a Data Sharing Agreement 2020-2021 between District and Kinvolved, Inc., (Recipient), New York, NY,   pertaining to District’s transmission of data to Recipient and Recipient’s use and protect of such data to pertaining to student attendance improvement and related family engagement and communication related to school attendance, pursuant to terms and conditions in Agreement, for the term October 20, 2022  to June 30, 2021, at no cost to the District.",Agreement or Contract,Superintendent,,n-kinvolved,,Shares student attendance data with Kinvolved for family messaging at no cost to the district,"The district will send student attendance data to Kinvolved, Inc., a New York company, to help improve attendance and support communication with families about attendance. The agreement is at no cost to the district. The stated term dates are inconsistent, with a start date of October 20, 2022 and an end date of June 30, 2021.","Student health, support & family services",,mou_or_data_sharing,"Kinvolved, Inc.",organization,,no_cost,,,,,,,true,,2021-06-30,source_issue,"The text gives the term as October 20, 2022 to June 30, 2021, so the start date falls after the end date, while the title says 2020-2021.",,Adopted on the General Consent Report,2020-12-09,true,auto_ok,sonnet-agent,enrich.v5.md,true,
2020-12-09:20-2016,2020-12-09,2020-12-09,regular,V.-101,161,general,Superintendent of Schools,20-2016,https://ousd.legistar.com/gateway.aspx?M=L&ID=50598,"Amendment No. 1, Software Services and Support Agreement - TalkingPoints - Technology Services","Approval by the Board of Education of Amendment No. 1, Software Services and Support Agreement between District and TalkingPoints, Inc., San Francisco, CA for the latter to provide software licensing, data imports, upgrades, technical support and stakeholder engagement for the TalkingPoints text messaging platform for the period August 1, 2018 to July 31, 2021, for an amount not to exceed $342,000 ($90,000 per year for 2018-19, 2019-20 and 2020-21, previously approved as Legistar File ID 18-1670; currently adding an additional $72,000 for 2020-21 to expand services to include all District K-12 school sites) via Technology Service Department. All other terms and conditions of the Agreement remain in full force and effect.",Agreement or Contract,Superintendent,004181,v-004181,State Lottery,"Adds $72,000 for TalkingPoints texting platform at all K-12 schools, raising total to $342,000","This amendment adds $72,000 for the 2020-21 school year so the TalkingPoints text messaging platform, used for family communication, can expand to all district K-12 school sites. The agreement was previously approved at $90,000 per year for 2018-19, 2019-20 and 2020-21, and the new total is up to $342,000. It covers August 2018 to July 2021.",Technology,,amendment,"TalkingPoints, Inc.",organization,,expense,not_to_exceed,72000,,,,342000,true,2018-08-01,2021-07-31,multi_year,,,Adopted on the General Consent Report,2020-12-09,true,auto_ok,sonnet-agent,enrich.v5.md,true,
2020-12-09:20-2315,2020-12-09,2020-12-09,regular,V.-102,162,general,Superintendent of Schools,20-2315,https://ousd.legistar.com/gateway.aspx?M=L&ID=50897,"Microcollege Program Memorandum of Understanding - Oakland Unified School District, Oakland Promise and Honors Pathway, PBC, dba Honors Pathway, Inc.","Approval by the Board of Education of a Microcollege Program Memorandum of Understanding by and between Oakland Unified School District, Oakland, CA, Oakland Promise, Oakland, CA and Honors Pathway, PBC dba Honors Pathway, Inc., Oakland, CA, for the period October 29, 2020 to June 30, 2023, to coordinate efforts to offer District students the opportunity to participate in a Microcollege Program after graduating from high school, at no cost to District.",Agreement or Contract,Superintendent,,n-honors-pathway-pbc-honors-pathway,,Partners with Oakland Promise and Honors Pathway on a post-graduation Microcollege Program at no cost,"This memorandum of understanding (MOU) among the district, Oakland Promise and Honors Pathway coordinates efforts to offer district students a chance to join a Microcollege Program after they graduate from high school. It runs from October 2020 to June 2023 and costs the district nothing.",Classroom & academic programs,,mou_or_data_sharing,"Honors Pathway, PBC dba Honors Pathway, Inc.",organization,,no_cost,,,,,,,true,2020-10-29,2023-06-30,after_work_began; multi_year,,,Adopted on the General Consent Report,2020-12-09,true,auto_ok,sonnet-agent,enrich.v5.md,true,
2020-12-09:20-2317,2020-12-09,2020-12-09,regular,V.-103,163,general,Superintendent of Schools,20-2317,https://ousd.legistar.com/gateway.aspx?M=L&ID=50899,2020 Education Pioneers Partner Agreement COVID Response Fellowship - Education Pioneers - Oakland Unified School District - Office of Chief of Staff,"Approval by the Board of Education of 2020 Education Pioneers Partner Agreement COVID Response Fellowship by and between Education Pioneers and the District, for the former to provide a Pioneer Fellow to support the District’s COVID 19 implementation team, in such project examples as: Tracking budgets for various sources of COVID specific funds, ensuring alignment to legislative requirements for use of the funds; Support preparation for transition to any in-person instruction models in terms of school site safety plans, alignment of available staffing to student cohorts, etc.; Support enrollment strategy and efforts for 2021-22; processes for this begin Winter 2020-21; Coordination of student connection, wellness, supports across departments (e.g. Office of Equity, Community Schools & Student Services, ELLMA) and community based organizations; and Project management for at-home l earning kits across all grade levels (e.g. at home starter library, math manipulatives, garden/nutrition ed, etc.) for the period November 2, 2020 through October 30, 2021, via the Office of the Chief of Staff, in an amount not to exceed $25,000.00.",Agreement or Contract,Superintendent,001526,v-001526,LLMF,"Pays Education Pioneers up to $25,000 for a fellow to support the district's COVID-19 response team","Education Pioneers will provide a fellow to support the district's COVID-19 implementation team, with tasks such as tracking COVID-related funds, planning for a return to in-person instruction, supporting enrollment efforts and managing at-home learning kits. The work runs from November 2020 to October 2021 through the Office of the Chief of Staff, for up to $25,000.",Staff & hiring,,new_agreement,Education Pioneers,organization,,expense,not_to_exceed,25000,,,,,true,2020-11-02,2021-10-30,after_work_began,,,Adopted on the General Consent Report,2020-12-09,true,auto_ok,sonnet-agent,enrich.v5.md,true,
2020-12-09:20-2459,2020-12-09,2020-12-09,regular,V.-104,164,general,Superintendent of Schools,20-2459,https://ousd.legistar.com/gateway.aspx?M=L&ID=51041,Professional Services Agreement 2020-2021 – The CORE Districts – Superintendent of Schools,"Approval by the Board of Education of a Professional Services Agreement 2020-2021 between the District and the CORE Districts, Sacramento, CA, for the District to maintain its membership, as described in the “Statement of Work: Participation in the CORE Collaborative,” incorporated herein by reference as though fully set forth, for the current fiscal year, via the Superintendent of Schools, for the period of July 1, 2020 through June 30, 2021, in an amount not to exceed $156,000.00.",Agreement or Contract,General Counsel,,v-006984,General Purpose,"Pays up to $156,000 to keep the district's 2020-21 membership in the CORE Districts collaborative","The district will pay the CORE Districts, based in Sacramento, to maintain its membership in the CORE Collaborative for the 2020-21 fiscal year, as described in a statement of work. The cost is capped at $156,000 for July 2020 through June 2021.",Classroom & academic programs,,new_agreement,The CORE Districts,organization,,expense,not_to_exceed,156000,,,,,true,2020-07-01,2021-06-30,after_work_began,,,Adopted on the General Consent Report,2020-12-09,true,auto_ok,sonnet-agent,enrich.v5.md,true,
2020-12-09:20-2463,2020-12-09,2020-12-09,regular,V.-105,165,general,Superintendent of Schools,20-2463,https://ousd.legistar.com/gateway.aspx?M=L&ID=51045,Grant Award - Community Oriented Policing Services (COPS) - U. S. Department of Justice - School Violence Prevention Program - Superintendent of Schools,"Acceptance by the Board of Education of Grant Award - Community Oriented Policing Services (COPS) School Violence Prevention Program - from the U.S. Department of Justice, Washington, DC, in the amount of  $329,336.00, in funding to support School Safety measures at 27 school sites, including Entry Buzzers, Visitor Management Systems and Safety Film, via the Superintendent of Schools, for the term October 1, 2020 through October 1, 2023, pursuant to the terms and conditions thereof.",Application,Chief of Police Services,,n-u-s-department-of-justice,,"Accepts $329,336 federal grant for entry buzzers, visitor systems and safety film at 27 school sites","The district is accepting a grant from the U.S. Department of Justice's Community Oriented Policing Services (COPS) School Violence Prevention Program. The money funds school safety measures, including entry buzzers, visitor management systems and safety film, at 27 school sites from October 2020 to October 2023.","Food, transportation & operations",,grant_or_funding_in,U.S. Department of Justice,organization,,revenue,fixed,329336,,,,,true,2020-10-01,2023-10-01,after_work_began; multi_year,,,Adopted on the General Consent Report,2020-12-09,true,auto_ok,sonnet-agent,enrich.v5.md,true,
2020-12-09:20-2393,2020-12-09,2020-12-09,regular,V.-106,167,general,"Measure G1 - District Teacher Retention and Middle School Improvement Act Oversight Commission - Jill Habig, Chairperson",20-2393,https://ousd.legistar.com/gateway.aspx?M=L&ID=50975,Measure G1 Commission - 2019-2020 Carryover Funds - Named District and Charter Middle Schools,"Adoption by Board of Education of Resolution No. 2021-0136 -  Measure G1 - District-wide Teacher Retention and Middle School Improvement Act Oversight Commission Recommendation Permitting Carry-over of 2019-2020 School Year Unexpended Measure G1 Funds and Approving Plans Therefor for Named District and Charter Middle Schools, in the cumulative amount of $314,946.56.",Resolution,Board of Education,,,,"Approves carrying over $314,946.56 in unspent 2019-20 Measure G1 funds for middle schools","The Board is adopting a resolution that follows the Measure G1 oversight commission's recommendation. It lets named district and charter middle schools carry over unspent 2019-20 Measure G1 money and approves their plans for it. The carried-over total is $314,946.56.","Budget, finance & payments",,resolution_or_policy,,,,expense,cumulative,314946.56,,,,,true,,,budget_allocation,,,Adopted on the General Consent Report,2020-12-09,true,auto_ok,sonnet-agent,enrich.v5.md,true,
2020-12-09:20-2165,2020-12-09,2020-12-09,regular,V.-107,169,general,"Measure N Commission - November 3, 2020 David Kakishiba, Chairperson",20-2165,https://ousd.legistar.com/gateway.aspx?M=L&ID=50747,Measure N Commission - Ralph J. Bunche High School - Carryover 2019-2020 Measure N Fund Balance,"Adoption by the Board of Education, upon recommendation of Measure N Commission, of Ralph J. Bunche High School request to carryover Fiscal Year 2019-2020 Measure N Fund Balance and Plan, in the amount of $103,345.78.",Appropriation,Measure N - College and Career Readiness Commission,,,,"Lets Ralph J. Bunche High School carry over $103,345.78 in unspent 2019-20 Measure N funds","The Board is following the Measure N commission's recommendation to let Ralph J. Bunche High School carry over its unspent 2019-20 Measure N fund balance, $103,345.78, along with its plan for using it. Measure N supports college and career readiness programs.","Budget, finance & payments",,other,,,Ralph J. Bunche High School,expense,fixed,103345.78,,,,,true,,,budget_allocation,,,Adopted on the General Consent Report,2020-12-09,true,auto_ok,sonnet-agent,enrich.v5.md,true,
2020-12-09:20-2166,2020-12-09,2020-12-09,regular,V.-108,170,general,"Measure N Commission - November 3, 2020 David Kakishiba, Chairperson",20-2166,https://ousd.legistar.com/gateway.aspx?M=L&ID=50748,Measure N Commission - Castlemont High School - Carryover 2019-2020 Measure N Fund Balance,"Adoption by the Board of Education, upon recommendation of Measure N Commission, of Castlemont High School request to carryover Fiscal Year 2019-2020 Measure N Fund Balance and Plan, in the amount of $92,460.86.",Appropriation,Measure N - College and Career Readiness Commission,,,,"Lets Castlemont High School carry over $92,460.86 in unspent 2019-20 Measure N funds","The Board is following the Measure N commission's recommendation to let Castlemont High School carry over its unspent 2019-20 Measure N fund balance, $92,460.86, along with its plan for using it. Measure N supports college and career readiness programs.","Budget, finance & payments",,other,,,Castlemont High School,expense,fixed,92460.86,,,,,true,,,budget_allocation,,,Adopted on the General Consent Report,2020-12-09,true,auto_ok,sonnet-agent,enrich.v5.md,true,
2020-12-09:20-2168,2020-12-09,2020-12-09,regular,V.-109,171,general,"Measure N Commission - November 3, 2020 David Kakishiba, Chairperson",20-2168,https://ousd.legistar.com/gateway.aspx?M=L&ID=50750,Measure N Commission - Dewey Academy - Carryover 2019-2020 Measure N Fund Balance,"Adoption by the Board of Education, upon recommendation of Measure N Commission, Education of Dewey Academy request to carryover Fiscal Year 2019-2020 Measure N Fund Balance and Plan, in the amount of $32,874.31.",Appropriation,Measure N - College and Career Readiness Commission,,,,"Lets Dewey Academy carry over $32,874.31 in unspent 2019-20 Measure N funds","The Board is following the Measure N commission's recommendation to let Dewey Academy carry over its unspent 2019-20 Measure N fund balance, $32,874.31, along with its plan for using it. Measure N supports college and career readiness programs.","Budget, finance & payments",,other,,,Dewey Academy,expense,fixed,32874.31,,,,,true,,,budget_allocation,,,Adopted on the General Consent Report,2020-12-09,true,auto_ok,sonnet-agent,enrich.v5.md,true,
2020-12-09:20-2169,2020-12-09,2020-12-09,regular,V.-110,172,general,"Measure N Commission - November 3, 2020 David Kakishiba, Chairperson",20-2169,https://ousd.legistar.com/gateway.aspx?M=L&ID=50751,Measure N Commission - Life Academy - Carryover 2019-2020 Measure N Fund Balance,"Adoption by the Board of Education, upon recommendation of Measure N Commission, of Life Academy request to carryover Fiscal Year 2019-2020 Measure N Fund Balance and Plan, in the amount of $92,212.09.",Motion,Measure G1 - Districtwide Teacher Retention and Middle School Improvement Act Oversight Commission,,,,"Lets Life Academy carry over $92,212.09 in unspent 2019-20 Measure N funds","The Board is following the Measure N commission's recommendation to let Life Academy carry over its unspent 2019-20 Measure N fund balance, $92,212.09, along with its plan for using it. Measure N supports college and career readiness programs.","Budget, finance & payments",,other,,,Life Academy,expense,fixed,92212.09,,,,,true,,,budget_allocation,,,Adopted on the General Consent Report,2020-12-09,true,auto_ok,sonnet-agent,enrich.v5.md,true,
2020-12-09:20-2170,2020-12-09,2020-12-09,regular,V.-111,173,general,"Measure N Commission - November 3, 2020 David Kakishiba, Chairperson",20-2170,https://ousd.legistar.com/gateway.aspx?M=L&ID=50752,Measure N Commission - MetWest High School - Carryover 2019-2020 Measure N Fund Balance,"Adoption by the Board of Education, upon recommendation of Measure N Commission, of MetWest High School request to carryover Fiscal Year 2019-2020 Measure N Fund Balance and Plan, in the amount of $52,184.34.",Motion,Measure N - College and Career Readiness Commission,,,,"Lets MetWest High School carry over $52,184.34 in unspent 2019-20 Measure N funds","The Board is following the Measure N commission's recommendation to let MetWest High School carry over its unspent 2019-20 Measure N fund balance, $52,184.34, along with its plan for using it. Measure N supports college and career readiness programs.","Budget, finance & payments",,other,,,MetWest High School,expense,fixed,52184.34,,,,,true,,,budget_allocation,,,Adopted on the General Consent Report,2020-12-09,true,auto_ok,sonnet-agent,enrich.v5.md,true,
2020-12-09:20-2171,2020-12-09,2020-12-09,regular,V.-112,174,general,"Measure N Commission - November 3, 2020 David Kakishiba, Chairperson",20-2171,https://ousd.legistar.com/gateway.aspx?M=L&ID=50753,Measure N Commission - Oakland International High School - Carryover 2019-2020 Measure N Fund Balance,"Adoption by the Board of Education, upon recommendation of Measure N Commission, of Oakland International High School request to carryover Fiscal Year 2019-2020 Measure N Fund Balance and Plan, in the amount of $56,830.10.",Appropriation,Measure N - College and Career Readiness Commission,,,,"Lets Oakland International High School carry over $56,830.10 in unspent 2019-20 Measure N funds","The Board is following the Measure N commission's recommendation to let Oakland International High School carry over its unspent 2019-20 Measure N fund balance, $56,830.10, along with its plan for using it. Measure N supports college and career readiness programs.","Budget, finance & payments",,other,,,Oakland International High School,expense,fixed,56830.1,,,,,true,,,budget_allocation,,,Adopted on the General Consent Report,2020-12-09,true,auto_ok,sonnet-agent,enrich.v5.md,true,
2020-12-09:20-2173,2020-12-09,2020-12-09,regular,V.-113,175,general,"Measure N Commission - November 3, 2020 David Kakishiba, Chairperson",20-2173,https://ousd.legistar.com/gateway.aspx?M=L&ID=50755,Measure N Commission - 2020-2021 Budget Modification - Ralph Bunche Academy,"Adoption by the Board of Education, upon recommendation of Measure N Commission, of a 2020-2021 budget modification request from Ralph Bunche Academy transferring $10,000.00 from purchasing Teacher Salary Stipends (due to distant learning the amount will be less) to hire a consultant through the New Door Program to provide pre-employment training, job placement, case management, and work skill training services to students as stated in the justification section of the New or Revised Strategic Action Section of the Budget Modification Form.",Appropriation,Measure N - College and Career Readiness Commission,,n-new-door-program,,"Shifts $10,000 in Ralph Bunche Academy's Measure N funds to a job-training consultant","The Board is approving a 2020-21 Measure N budget change for Ralph Bunche Academy. It moves $10,000 from teacher salary stipends, which will cost less because of distance learning, to hire a consultant through the New Door Program. The consultant would provide pre-employment training, job placement, case management and work skill training to students.","Budget, finance & payments",,other,New Door Program,organization,Ralph Bunche Academy,expense,fixed,10000,,,,,true,,,budget_allocation,,,Adopted on the General Consent Report,2020-12-09,true,auto_ok,sonnet-agent,enrich.v5.md,true,
2020-12-09:20-2174,2020-12-09,2020-12-09,regular,V.-114,176,general,"Measure N Commission - November 3, 2020 David Kakishiba, Chairperson",20-2174,https://ousd.legistar.com/gateway.aspx?M=L&ID=50756,Measure N Commission - 2020-2021 Budget Modification - Ralph Bunche Academy,"Adoption by the Board of Education, upon recommendation of Measure N Commission, of a 2020-2021 budget modification request from Ralph Bunche Academy transferring $1,500.00 from purchasing Culinary Equipment (due to distant learning the amount will be less) to purchase Audio Visual Equipment to facilitate student learning for career and college. The equipment will help provide a well-rounded curriculum in the distance-learning model and prepare student for careers in the culinary as stated in the justification section of the New or Revised Strategic Action Section of the Budget Modification Form.",Appropriation,Measure N - College and Career Readiness Commission,,,,"Shifts $1,500 in Ralph Bunche Academy's Measure N funds from culinary to audio-visual equipment","The Board is approving a 2020-21 Measure N budget change for Ralph Bunche Academy. It moves $1,500 that was set aside for culinary equipment, which will be needed less because of distance learning, to buy audio-visual equipment for distance-learning instruction in career and college preparation.","Budget, finance & payments",,other,,,Ralph Bunche Academy,expense,fixed,1500,,,,,true,,,budget_allocation,,,Adopted on the General Consent Report,2020-12-09,true,auto_ok,sonnet-agent,enrich.v5.md,true,
2020-12-09:20-2405,2020-12-09,2020-12-09,regular,V.-115,178,general,Board of Education,20-2405,https://ousd.legistar.com/gateway.aspx?M=L&ID=50987,"Minutes - Board of Education - Regular Meeting - November 12, 2020","Ratification by the Board of Education of its Regular Meeting Minutes of November 12, 2020, prepared by Staff shortly after said Meeting.","Minutes, Board of Education",Board of Education,,,,"Approves the minutes of the Board's November 12, 2020 regular meeting","The Board is ratifying the written minutes of its November 12, 2020 regular meeting, which staff prepared shortly after the meeting. There is no cost.",Governance & board business,,other,,,,no_cost,,,,,,,true,,,after_work_began,,,Adopted on the General Consent Report,2020-12-09,true,auto_ok,sonnet-agent,enrich.v5.md,true,
2020-12-09:20-2434,2020-12-09,2020-12-09,regular,V.-116,179,general,Board of Education,20-2434,https://ousd.legistar.com/gateway.aspx?M=L&ID=51016,Professional Services Agreement 2020-2021 – Milton E. Reynolds – Board of Education,"Ratification by the Board of Education of a Professional Services Agreement 2020-2021 between the District and Milton E. Reynolds, for the latter to provide planning and facilitation services at the orientation meetings for the incoming Board of Education Members, as described in Exhibit A of Agreement, incorporated herein by reference as though fully set forth, for the period of November 1, 2020 through June 30, 2021, in an amount not to exceed $9,000.00.",Agreement or Contract,General Counsel,,n-milton-e-reynolds,,"Pays a consultant up to $9,000 to plan and run orientation meetings for new Board members","The Board is ratifying an agreement with a consultant, Milton E. Reynolds, who plans and facilitates orientation meetings for incoming Board members. The work covers November 2020 through June 2021, with a cap of $9,000. Because this is a ratification, the work may have begun before approval.",Governance & board business,,new_agreement,Milton E. Reynolds,individual,,expense,not_to_exceed,9000,,,,,true,2020-11-01,2021-06-30,after_work_began,,,Adopted on the General Consent Report,2020-12-09,true,auto_ok,sonnet-agent,enrich.v5.md,true,
2020-12-09:20-2505,2020-12-09,2020-12-09,regular,V.-117,180,general,Board of Education,20-2505,https://ousd.legistar.com/gateway.aspx?M=L&ID=51082,"Minutes - Board of Education - Special Meeting - December 2, 2020","Ratification by the Board of Education of its Special Meeting Minutes of December 2, 2020, prepared by Staff shortly after said Meeting.","Minutes, Board of Education",Board of Education,,,,"Approves the minutes of the Board's December 2, 2020 special meeting","The Board is ratifying the written minutes of its December 2, 2020 special meeting, which staff prepared shortly after the meeting. There is no cost.",Governance & board business,,other,,,,no_cost,,,,,,,true,,,after_work_began,,,Adopted on the General Consent Report,2020-12-09,true,auto_ok,sonnet-agent,enrich.v5.md,true,
2020-12-09:20-2142,2020-12-09,2020-12-09,regular,V1.-1,182,bonds,,20-2142,https://ousd.legistar.com/gateway.aspx?M=L&ID=50724,"Amendment No. 2, Agreement for Inspector of Record Services - Anthonio, Inc. - Emerson Elementary School Softball Field Project - Division of Facilities Planning and Management","Approval by the Board of Education of Amendment No. 2, Agreement for Inspector of Record Services (IOR) between the District and Anthonio, Inc., Oakland, CA, for the Emerson Elementary School Girls’ Softball Field Project, in an additional amount of $28,349.00 (based on rate increase in Proposal dated September 23, 2020), which includes a contingency of $5,000.00, increasing Agreement not to exceed amount from $52,371.00 to $80,720.00, extending term of the Agreement, by 118 additional calendar days, from December 12, 2019 through December 3, 2020 to March 31, 2021, and authorizing the President and Secretary of the Board to sign the Amendment for same with said Consultant. All other terms and conditions of the Agreement remain in full force and effect.",Agreement or Contract,"Deputy Chief, Facilities Planning and Management",,v-000453,"Fund 21, Measure J","Adds $28,349 and 118 days for Anthonio's inspection work on Emerson's softball field, to $80,720","This amendment raises the cap on Anthonio, Inc.'s inspector of record services for the Emerson Elementary School Girls' Softball Field Project by $28,349, from $52,371 to $80,720. The added amount is based on a rate increase and includes a $5,000 contingency. It also extends the term by 118 calendar days, to March 31, 2021.",School buildings & construction,,amendment,"Anthonio, Inc.",organization,Emerson Elementary School,expense,not_to_exceed,28349,,,52371,80720,true,2019-12-12,2021-03-31,after_work_began; raises_existing_contract; large_increase; multi_year,,,Adopted on the General Consent Report,2020-12-09,true,auto_ok,sonnet-agent,enrich.v5.md,true,
2020-12-09:20-2175,2020-12-09,2020-12-09,regular,V1.-2,183,bonds,,20-2175,https://ousd.legistar.com/gateway.aspx?M=L&ID=50757,"General Services Agreement - Arbitrage Compliance Specialists, Inc. - Facilities Planning & Management Project - Division of Facilities Planning and Management","Approval by the Board of Education of General Services Agreement between District and  Arbitrage Compliance Specialists Inc., Greenwood Village, CO, for the latter to provide arbitrage compliance services to help the District, comply with the IRS arbitrage compliance requirements, which includes reviewing documents related to debt issues, to include the Official Statement, Tax Certificate, IRS Form 8038-G and CPA Verification Report, including all  work described in the March 5, 2020, proposal attached to this Agreement as Exhibit A, for the Facilities Planning & Management Project, in the amount of $12,750.00, as the selected consultant, with work scheduled to commence on July 1, 2020, and scheduled to last until June 30, 2024, pursuant to the Agreement.",Agreement or Contract,"Deputy Chief, Facilities Planning and Management",000477,v-000477,Fund 21 Measure J,"Pays Arbitrage Compliance Specialists $12,750 to check the district's bond debt against IRS rules","Arbitrage Compliance Specialists, Inc. will review the district's bond-related documents to help it meet IRS arbitrage compliance requirements, for the Facilities Planning and Management Project. The cost is $12,750, and the work is scheduled from July 2020 to June 2024.","Legal, compliance & risk",,new_agreement,"Arbitrage Compliance Specialists, Inc.",organization,,expense,fixed,12750,,,,,true,2020-07-01,2024-06-30,after_work_began; multi_year,,,Adopted on the General Consent Report,2020-12-09,true,auto_ok,sonnet-agent,enrich.v5.md,true,
2020-12-09:20-2179,2020-12-09,2020-12-09,regular,V1.-3,184,bonds,,20-2179,https://ousd.legistar.com/gateway.aspx?M=L&ID=50761,"Change Order No. 2, Construction Contract - Sof Surfaces, Inc.- Sequoia Elementary School Playmatting Project - Division of Facilities Planning and Management","Approval by the Board of Education of Change Order No 2, Between Owner [District] and Contractor for the Sequoia Elementary School Playmatting Project with Sof Surfaces, Inc. (“Contractor”), Petrolia, ON Canada, for the latter to provide additional labor and material costs associated with installing a layer “Rock Dust” and cement in the existing pocket post-PIP removal to level out the site for the DuraSAFE Surfacing system to be installed within Playground Safety Fallzones, in the amount of $2,171.79, increasing cost of Contract from $86,219.07 to $88,390.86, increasing duration of the Contract by 183 calendar days, from January 9, 2022 through March 15, 2022 to October 30, 2020, and authorizing the President and Secretary of the Board to sign Change Order. All other terms and conditions of the Contract remain in full force and effect.",Agreement or Contract,"Deputy Chief, Facilities Planning and Management",003982,v-003982,Fund 21 Measure J,"Adds $2,171.79 to Sof Surfaces' Sequoia playmatting job for site leveling, to $88,390.86","This change order adds $2,171.79 to the Sequoia Elementary School Playmatting Project contract with Sof Surfaces, Inc., raising it from $86,219.07 to $88,390.86. The money covers extra labor and materials to level the site with rock dust and cement before the playground surfacing is installed. It also adds 183 calendar days to the contract.",School buildings & construction,,change_order,"Sof Surfaces, Inc.",organization,Sequoia Elementary School,expense,fixed,2171.79,,,86219.07,88390.86,true,,,raises_existing_contract; source_issue,"The text extends the contract by 183 calendar days 'from January 9, 2022 through March 15, 2022 to October 30, 2020', giving an end date that falls before the stated start dates and leaving the contract term unclear.",,Adopted on the General Consent Report,2020-12-09,true,auto_ok,sonnet-agent,enrich.v5.md,true,
2020-12-09:20-2180,2020-12-09,2020-12-09,regular,V1.-4,185,bonds,,20-2180,https://ousd.legistar.com/gateway.aspx?M=L&ID=50762,"Amendment No. 1, Agreement for Materials Testing Services - Consolidated Engineering Laboratories - Emerson Elementary School Girls' Softball Field Project - Division of Facilities Planning and Management","Approval by the Board of Education of Amendment No. 1, Agreement for Materials Testing Services between District and  Consolidated Engineering Laboratories, Oakland, CA, extending time of Agreement by 120 additional calendar days, from January 23, 2020 through December 1, 2020 to March 31, 2021, for the latter’s testing  of  concrete, reviewing  of concrete mixes, and steel shop inspections of welding, for the Emerson Elementary School Girls’ Softball Field Project and authorizing the President and Secretary of the Board to sign such Amendment with Contractor. All other terms and conditions of the Agreement remain in full force and effect.",Agreement or Contract,"Deputy Chief, Facilities Planning and Management",001171,v-001171,"Fund 21, Measure J",Extends Consolidated Engineering's testing at Emerson softball field to March 2021,"This amendment gives Consolidated Engineering Laboratories 120 more days, to March 31, 2021, to keep testing concrete and inspecting steel welding for the Emerson Elementary School girls' softball field. No money is added, and all other terms stay the same.",School buildings & construction,,amendment,Consolidated Engineering Laboratories,organization,Emerson Elementary School,no_cost,,,,,,,true,2020-01-23,2021-03-31,after_work_began; multi_year; time_extension_only,,,Adopted on the General Consent Report,2020-12-09,true,auto_ok,sonnet-agent,enrich.v5.md,true,
2020-12-09:20-2182,2020-12-09,2020-12-09,regular,V1.-5,186,bonds,,20-2182,https://ousd.legistar.com/gateway.aspx?M=L&ID=50764,"General Services Agreement - Environmental Consultants, Inc. - Glenview Elementary School New Construction Project - Division of Facilities Planning and Management","Approval by the Board of Education of General Services Agreement between District and ACC Environmental Consultants, Inc., Oakland, CA, for the latter to provide clearing of the soil borings and two days of drilling at the provided locations, removal of investigation derived waste, sampling of the soil and compiling a report of the findings, including all services  described in the September 1, 2020, proposal attached to this Agreement as Exhibit A, for the Glenview Elementary School Project, in the amount of $33,548.00, as the selected consultant, with work scheduled to commence on December 10, 2020, and scheduled to last until March 29, 2021, pursuant to the Agreement.",Agreement or Contract,"Deputy Chief, Facilities Planning and Management",000230,v-000230,Fund 21 Measure J,"Pays ACC Environmental $33,548 for soil sampling at the Glenview Elementary construction site","ACC Environmental Consultants, Inc. will clear soil borings, drill for two days, remove the waste from the drilling, sample the soil and write a report of the findings for the Glenview Elementary School new construction project. Work is scheduled from December 10, 2020 to March 29, 2021.",School buildings & construction,,new_agreement,"ACC Environmental Consultants, Inc.",organization,Glenview Elementary School,expense,fixed,33548,,,,,true,2020-12-10,2021-03-29,,,,Adopted on the General Consent Report,2020-12-09,true,auto_ok,sonnet-agent,enrich.v5.md,true,
2020-12-09:20-2183,2020-12-09,2020-12-09,regular,V1.-6,187,bonds,,20-2183,https://ousd.legistar.com/gateway.aspx?M=L&ID=50765,"Amendment No.1, General Services Agreement – Elite Security Services – The Center Project – Division of Facilities Planning and Management","Approval by the Board of Education of Amendment No. 1, General Services Agreement between the District and Elite Security Services, Oakland, CA, for continued private patrol security services at The Center Project in November and December 2020, as described in the Quote 10-001 dated October 22, 2020 attached to this amendment as part of Exhibit A, in the additional amount of $37,778.40, increasing Agreement not to exceed amount from $54,572.00 to $92,350.40, and authorizing the President and Secretary of the Board to sign the Amendment for same with said Consultant. All other terms and conditions of the Agreement remain in full force and effect.",Agreement or Contract,"Deputy Chief, Facilities Planning and Management",001558,v-001558,Fund 21 Measure J,"Adds $37,778.40 for Elite Security patrols at The Center Project through December 2020","This amendment pays Elite Security Services for continued private patrol security at The Center Project in November and December 2020. It raises the contract's not-to-exceed amount from $54,572.00 to $92,350.40.",School buildings & construction,,amendment,Elite Security Services,organization,,expense,not_to_exceed,37778.4,,,54572,92350.4,true,,2020-12-31,after_work_began; raises_existing_contract; large_increase,,,Adopted on the General Consent Report,2020-12-09,true,auto_ok,sonnet-agent,enrich.v5.md,true,
2020-12-09:20-2196,2020-12-09,2020-12-09,regular,V1.-7,188,bonds,,20-2196,https://ousd.legistar.com/gateway.aspx?M=L&ID=50778,Agreement for Architectural Services – Gould Evans - Laurel Child Development Center Project – Division of Facilities Planning and Management,"Approval by the Board of Education of Agreement for Architectural Services between the District and Gould Evans, San Francisco, CA, for the latter to provide architectural and engineering services, which includes program  & scope assessment documents, schematic design drawings, design development drawing, detailed construction drawings and construction administration and closeout for the Laurel Child Development Center Project, in the not-to-exceed amount of $794,100.00 for Basic Services, which includes a $50,000.00 contingency, and additionally a not-to-exceed amount of $15,000.00 for reimbursable expenses, as the selected Architect, and authorizing the President and Secretary of the Board to sign the Agreement for same with said Architect with work scheduled to commence on December 10, 2020, and scheduled to last until December 9, 2023, pursuant to the Agreement.",Agreement or Contract,"Deputy Chief, Facilities Planning and Management",001901,v-001901,Fund 21 Measure J,"Hires Gould Evans for up to $794,100 in design work on the Laurel Child Development Center","Gould Evans, an architecture firm in San Francisco, will provide architectural and engineering services for the Laurel Child Development Center Project, from early planning documents through construction drawings, construction administration and closeout. The $794,100 for basic services includes a $50,000 contingency, and up to $15,000 more is allowed for reimbursable expenses. Work runs from December 10, 2020 to December 9, 2023.",School buildings & construction,,new_agreement,Gould Evans,organization,Laurel Child Development Center,expense,not_to_exceed,794100,,,,,true,2020-12-10,2023-12-09,multi_year,,,Adopted on the General Consent Report,2020-12-09,true,auto_ok,sonnet-agent,enrich.v5.md,true,
2020-12-09:20-2202,2020-12-09,2020-12-09,regular,V1.-8,189,bonds,,20-2202,https://ousd.legistar.com/gateway.aspx?M=L&ID=50784,Agreement Between Owner and Contractor - Competitively Bid – Crown Worldwide Moving & Storage – Fremont High School New Construction On-Site Relocation Project – Division of Facilities Planning & Management,"Approval by the Board of Education of Agreement Between Owner and Contractor - Competitively Bid - on behalf of the District to Crown Worldwide Moving & Storage, (“Contractor”), Oakland, CA, for the latter to provide moving services to relocate 24 classrooms/office spaces within building and between new buildings, for the Fremont High School New Construction On-Site Relocation Project, as described in Bid Proposal - Document 00 31 01 - received 11:00 A.M., October 26, 2020, incorporated herein by reference as though fully set forth, in the amount of $16,966.86, which includes a contingency of $10,000.00, as the lowest responsive and responsible bidder, and rejecting all other bids if any, and authorizing the President and Secretary of the Board to sign the Agreement for same with said bidder with work scheduled to commence on December 21, 2020, and scheduled to last for Three Hundred Sixty Five (365) Calendar days, ending December 21, 2021.",Agreement or Contract,"Deputy Chief, Facilities Planning and Management",006872,v-006872,"Fund 21, Measure J","Awards Crown Worldwide $16,966.86 to move 24 classrooms and offices at Fremont High","Crown Worldwide Moving & Storage was the lowest responsive bidder to relocate 24 classrooms and office spaces within and between the new buildings at Fremont High School. The amount includes a $10,000 contingency. Work is scheduled from December 21, 2020 to December 21, 2021.",School buildings & construction,,bid_award,Crown Worldwide Moving & Storage,organization,Fremont High School,expense,fixed,16966.86,,,,,true,2020-12-21,2021-12-21,,,,Adopted on the General Consent Report,2020-12-09,true,auto_ok,sonnet-agent,enrich.v5.md,true,
2020-12-09:20-2256,2020-12-09,2020-12-09,regular,V1.-9,190,bonds,,20-2256,https://ousd.legistar.com/gateway.aspx?M=L&ID=50838,"Amendment No. 3, Contract for Services – Mobile Modular Management Corporation – Madison Park Academy Expansion Project - Division of Facilities Planning and Management","Approval by the Board of Education of Amendment No. 3, Contract for Services between the District and Mobile Modular Management Corporation, Livermore, CA, for the latter to sell two (2) leased portable classrooms at the jobsite to the District and for a rate increase to cover any outstanding invoices for the current lease, which leads to an amended contract price, as described in the Purchase Off Rent document, dated October 27, 2020, attached as Exhibit A to this Amendment No. 3; District agrees that the purchase of these portable classrooms is subject to all the terms and conditions set forth in Amendment No. 3 and in the event of any conflicts between the terms of the Agreement and Amendment No. 3, the terms of the latter shall supersede and govern, for the Madison Park Academy Expansion Project, in an additional amount of $90,000.00, increasing Agreement not to exceed amount from $320,340.85 to $410,340.85,  for the term June 27, 2019 through December 30, 2020, and authorizing the President and Secretary of the Board to sign the Amendment for same with said Consultant. All other terms and conditions of the Agreement remain in full force and effect.",Agreement or Contract,"Deputy Chief, Facilities Planning and Management",002892,v-002892,"Fund 21, Measure B","Adds $90,000 so the district can buy two leased portables at Madison Park Academy","This amendment lets the district buy two portable classrooms it had been leasing from Mobile Modular Management Corporation at the Madison Park Academy expansion site. It also includes a rate increase to cover unpaid invoices on the current lease. The contract's not-to-exceed amount rises from $320,340.85 to $410,340.85.",School buildings & construction,,amendment,Mobile Modular Management Corporation,organization,Madison Park Academy,expense,not_to_exceed,90000,,,320340.85,410340.85,true,2019-06-27,2020-12-30,raises_existing_contract; multi_year,,,Adopted on the General Consent Report,2020-12-09,true,auto_ok,sonnet-agent,enrich.v5.md,true,
2020-12-09:20-2260,2020-12-09,2020-12-09,regular,V1.-10,191,bonds,,20-2260,https://ousd.legistar.com/gateway.aspx?M=L&ID=50842,Agreement for General Services – Jensen Hughes – Facilities Planning & Management – B & G Fire Alarm Shop Project - Division of Facilities Planning and Management,"Approval by the Board of Education of Agreement for General Services between the District and Jensen Hughes (“Consultant”), Concord, CA, for the latter to provide following services: a. Meet with District Facilities and Buildings & Grounds Alarm Shop personnel to evaluate the effectiveness of the current Fire and Intrusion Alarm Standards; b. Advise District on the impact of potential changes to the Standards; c. Prepare revisions to the Standards as directed by District. Up to 2 hours for conference call or video meetings are included; d. Develop new requirements for fire alarm and intrusion alarm systems based on input from the District’s Alarm shop. New requirements are anticipated to align with product line changes by Johnson Controls and Bosch Security; District’s selected vendors. Up 16 hours to develop the new requirements are included; e. When requested, develop new Fire and Intrusion Alarm Standards bulletins to address new needs as they emerge. Up to 12 hours are included; f. All work described in the November 2, 2020 proposal attached to this Agreement as Exhibit A, in the not to exceed amount of $8,688.61, as the selected Consultant, with work scheduled to commence on December 10, 2020, and scheduled to last until June 30, 2021, and authorizing the President and Secretary of the Board to sign the Agreement for same with said Consultant.",Agreement or Contract,"Deputy Chief, Facilities Planning and Management",002281,v-002281,Fund 21 Measure J,"Pays Jensen Hughes up to $8,688.61 to update the district's fire and intrusion alarm standards","Jensen Hughes, a consulting firm in Concord, will meet with district Facilities and Buildings & Grounds alarm shop staff, review the current fire and intrusion alarm standards, and write revisions and new requirements. The new requirements are expected to match product changes from Johnson Controls and Bosch Security. Work runs from December 10, 2020 to June 30, 2021.",School buildings & construction,,new_agreement,Jensen Hughes,organization,,expense,not_to_exceed,8688.61,,,,,true,2020-12-10,2021-06-30,,,,Adopted on the General Consent Report,2020-12-09,true,auto_ok,sonnet-agent,enrich.v5.md,true,
