item_id,meeting_key,meeting_date,meeting_kind,agenda_number,agenda_sequence,consent_section,group,file_number,legistar_url,title,official_text,matter_type,presenter,vendor_number,vendor_key,funding_source,headline,summary,category,action_type,vendor_name,vendor_kind,schools,money_direction,amount_type,amount,amount_range_low,amount_range_high,prior_total,new_total,amount_verified,term_start,term_end,flags,source_issue,pulled_from_consent,outcome_action,outcome_date,adopted,review_status,model_id,prompt_version,counts_toward_totals,duplicate_of
2020-05-27:20-1184,2020-05-27,2020-05-27,regular,P.-1,42,general,Chief Systems and Services Officer,20-1184,https://ousd.legistar.com/gateway.aspx?M=L&ID=49772,Nutrition Services Summer Internship Program - Career Pathway Programs - Shelter-In-Place Orders - Summer 2020,Approval by the Board of Education of Resolution No. 1920-0245 - Approving Nutrition Services Summer Internship and Authorizing Linked Learning Office To Coordinate On-Site Internships and Career Pathway Programs Consistent With Shelter-In-Place Orders During Summer 2020 (6/1/20 - 8/7/20).,Resolution,Chief Academic Officer,,,No Fiscal Impact,Approves a summer 2020 nutrition internship and career pathway programs under shelter-in-place rules,"The board approves a Nutrition Services summer internship and lets the Linked Learning Office coordinate on-site internships and career pathway programs during summer 2020, following the shelter-in-place orders in effect. The program runs June 1 to August 7, 2020. The item lists no fiscal impact.",Classroom & academic programs,resolution_or_policy,,,,no_cost,,,,,,,true,2020-06-01,2020-08-07,,,,,,,auto_ok,sonnet-agent,enrich.v3.md,true,
2020-05-27:20-0884,2020-05-27,2020-05-27,regular,P.-2,44,general,"Deputy Chief, Facilities Planning and Management",20-0884,https://ousd.legistar.com/gateway.aspx?M=L&ID=49472,Agreement Between Owner and Contractor - Competitively Bid – Ray’s Electric Company – Washington Sankofa Portable Classrooms Project – Division of Facilities Planning & Management,"Approval by the Board of Education of Agreement Between Owner and Contractor - Competitively Bid - between District and Ray’s Electric  Company (“Contractor”), Oakland, CA, for the latter to prepare the site for installation of three portable classroom buildings by another contractor, and to perform other construction services for the buildings - Scope includes selective demolition and saw cutting, trenching, underground utilities and hookups, domestic cold water, sanitary sewer, fire alarm system, intrusion alarm system, electrical system, data network system, low voltage systems, plumbing, exterior painting, restroom accessories, signage, chain link fencing, asphalt paving & parking lot striping -  for the Washington Sankofa Portable Classrooms Project, in the amount of $348,080.00, which includes a $30,000.00 contingency,  as the lowest responsive and responsible bidder, and rejecting all other bids if any, and authorizing the President and Secretary of the Board to sign the Agreement for same with said bidder with work scheduled to commence on June 1, 2020, for Sixty (60) Calendar days, ending July 30, 2020.",Agreement or Contract,"Deputy Chief, Facilities Planning and Management",003531,v-003531,Fund 40 - Special Reserve for Capital Outlay Projects,"Awards Ray's Electric $348,080 to prepare the Washington Sankofa site for three portable classrooms","Ray's Electric Company, of Oakland, won a competitive bid to prepare the site for three portable classroom buildings that another contractor will install. Its work includes demolition, trenching, utilities, fire and alarm systems, plumbing, painting, fencing and paving. The amount includes a $30,000 contingency, and work was scheduled for 60 calendar days, from June 1 to July 30, 2020.",School buildings & construction,bid_award,Ray's Electric Company,organization,Washington Sankofa,expense,fixed,348080,,,,,true,2020-06-01,2020-07-30,,,,Adopted on the General Consent Report,2020-05-27,true,auto_ok,sonnet-agent,enrich.v3.md,true,
2020-05-27:20-0143,2020-05-27,2020-05-27,regular,P.-3,46,general,"Deputy Chief, Talent",20-0143,https://ousd.legistar.com/gateway.aspx?M=L&ID=48742,District Salary Schedules - Oakland Education Association (OEA) K12T Positions - Talent/Human Resources Department,"Adoption by the Board of Education of Resolution No. 1920-2008 - District Salary Schedules for OEA K12T Positions Effective:
July 1, 2007 (1.75%)
July 1, 2013 (2.0%)
May 13, 2015 (.0034%)
July 1, 2015 (2.75%)
July 1, 2015 (5.56%)
January 1, 2016 (2.79%)
July 1, 2016 (3.07%)
January 1, 2017 (.0033377%)
January 1, 2019 (3.0%); and
January 1, 2020 (2.0%)",Resolution,"Deputy Chief, Talent",,,,"Adopts the salary schedules for Oakland Education Association K12T positions, with raises dating to 2007","This resolution adopts the district's salary schedules for K12T positions represented by the Oakland Education Association. The schedules list pay-rate changes with effective dates from July 1, 2007 through January 1, 2020, such as 3.0% on January 1, 2019 and 2.0% on January 1, 2020. The text states no dollar total.",Staff & hiring,resolution_or_policy,,,,no_cost,,,,,,,true,,,,,,Adopted on the General Consent Report,2020-05-27,true,auto_ok,sonnet-agent,enrich.v3.md,true,
2020-05-27:20-0145,2020-05-27,2020-05-27,regular,P.-4,47,general,"Deputy Chief, Talent",20-0145,https://ousd.legistar.com/gateway.aspx?M=L&ID=48744,District Salary Schedule - Service Employees International Union - White Collar and 10 Month Para Professional Positions - Talent/Human Resources Department,"Adoption by the Board of Education of Resolution No. 1920-2009 - District Salary Schedules for SEIU White Collar and 10 Month Para Professional Positions Effective:
July 1, 2007 (2.25%)
July 1, 2013 (2.0%)
Jan 1, 2015 (3.0%)
June 30, 2015 (2.5%)
May 1, 2016 (3.09%)
June 30, 2015 (2.5%)
March 1, 2017 (3.40%)
January 1, 2019 (3.0%)",Resolution,"Deputy Chief, Talent",,,,Adopts the salary schedules for SEIU white-collar and 10-month paraprofessional positions,"This resolution adopts the district's salary schedules for white-collar and 10-month paraprofessional positions represented by the Service Employees International Union. The schedules list pay-rate changes with effective dates from July 1, 2007 through January 1, 2019. The text states no dollar total.",Staff & hiring,resolution_or_policy,,,,no_cost,,,,,,,true,,,,,,Adopted on the General Consent Report,2020-05-27,true,auto_ok,sonnet-agent,enrich.v3.md,true,
2020-05-27:20-0146,2020-05-27,2020-05-27,regular,P.-5,48,general,"Deputy Chief, Talent",20-0146,https://ousd.legistar.com/gateway.aspx?M=L&ID=48745,District Salary Schedule - Classified Confidential Administrators and Executive Cabinet - Talent/Human Resources Department,"Adoption by the Board of Education of Resolution No. 1920-2010 - District Salary Schedules for Classified Confidential Administrators and Executive Cabinet Effective:
November 1, 2003 (2.5% reduction)
July 1, 2013 (2.0%)
July 1, 2014 (3.0%)
July 1, 2015 (3.0%)
July 1, 2018 (Correction)",Resolution,"Deputy Chief, Talent",,,,Adopts the salary schedules for classified confidential administrators and the executive cabinet,"This resolution adopts the district's salary schedules for classified confidential administrators and the Executive Cabinet. The schedules list pay-rate changes with effective dates from November 1, 2003 (a 2.5% reduction) through July 1, 2018 (a correction). The text states no dollar total.",Staff & hiring,resolution_or_policy,,,,no_cost,,,,,,,true,,,,,,Adopted on the General Consent Report,2020-05-27,true,auto_ok,sonnet-agent,enrich.v3.md,true,
2020-05-27:20-0148,2020-05-27,2020-05-27,regular,P.-6,49,general,"Deputy Chief, Talent",20-0148,https://ousd.legistar.com/gateway.aspx?M=L&ID=48747,District Salary Schedules - AFSCME Positions,"Adoption by the Board of Education of Resolution No. 1920-2012- District Salary Schedules for AFSCME Positions Effective:
July 1, 2005 (2.5% reduction)
July 1, 2013 (2%)
July 1, 2014 (2.0%)
January 1, 2015 (1.25%)
February 1, 2015 (1%)
May 1, 2015 (Minimum Wage Increase)
June 30, 2015 (2.5%)
July 1, 2015 (2.67273%)
January 1, 2016 (1.54%)
July 1, 2016 (3.07%)
January 1, 2017 (.33%)",Resolution,"Deputy Chief, Talent",,,,Adopts the salary schedules for AFSCME-represented district positions,"This resolution adopts the district's salary schedules for positions represented by AFSCME. The schedules list pay-rate changes with effective dates from July 1, 2005 (a 2.5% reduction) through January 1, 2017, including a minimum wage increase on May 1, 2015. The text states no dollar total.",Staff & hiring,resolution_or_policy,,,,no_cost,,,,,,,true,,,,,,Adopted on the General Consent Report,2020-05-27,true,auto_ok,sonnet-agent,enrich.v3.md,true,
2020-05-27:20-0859,2020-05-27,2020-05-27,regular,P.-7,50,general,"Deputy Chief, Talent",20-0859,https://ousd.legistar.com/gateway.aspx?M=L&ID=49447,Professional Services Contract - Brazen Technologies - Talent /Human Resources Department,"Ratification by the Board of Education of a Professional Services Contract between the District and Brazen Technologies, Arlington, VA, for the latter to provide a platform to host District employment registration fairs and other recruitment events virtually, via Talent /Human Resources Department, for the period of April 1, 2020 through March 31, 2021, in an amount not to exceed $25,000.00.",Agreement or Contract,"Deputy Chief, Talent",,v-006636,,"Ratifies up to $25,000 for Brazen Technologies' virtual platform for district hiring fairs","The district hired Brazen Technologies, of Arlington, Virginia, to provide a platform for hosting employment registration fairs and other recruitment events online. The contract runs April 1, 2020 to March 31, 2021 and costs no more than $25,000. The board is ratifying (approving after the fact) a contract whose term began before this vote.",Staff & hiring,new_agreement,Brazen Technologies,organization,,expense,not_to_exceed,25000,,,,,true,2020-04-01,2021-03-31,after_work_began,,,Adopted on the General Consent Report,2020-05-27,true,auto_ok,sonnet-agent,enrich.v3.md,true,
2020-05-27:20-0928,2020-05-27,2020-05-27,regular,P.-8,51,general,"Deputy Chief, Talent",20-0928,https://ousd.legistar.com/gateway.aspx?M=L&ID=49516,Personnel Report No. 1920-0010 - Talent/Human Resources Department,Approval by the Board of Education of Personnel Report No. 1920-0010.,Personnel Report,"Deputy Chief, Talent",,,,Approves Talent/Human Resources Personnel Report No. 1920-0010,The board approves a personnel report from the Talent/Human Resources Department. The agenda text does not describe what is in the report or give any dollar amount.,Staff & hiring,personnel,,,,no_cost,,,,,,,true,,,,,,Adopted on the General Consent Report,2020-05-27,true,auto_ok,sonnet-agent,enrich.v3.md,true,
2020-05-27:20-1098,2020-05-27,2020-05-27,regular,P.-9,52,general,"Deputy Chief, Talent",20-1098,https://ousd.legistar.com/gateway.aspx?M=L&ID=49686,"Revision of Job Description – Executive Director, Academic and Instructional Innovation","Adoption by the Board of Education of Resolution No. 1920-2032, Revision of Job Description - Executive Director, Academic and Instructional Innovation.",Resolution,"Deputy Chief, Talent",,,,Revises the job description for the Executive Director of Academic and Instructional Innovation,"The board adopts a resolution revising the job description for the Executive Director, Academic and Instructional Innovation. The agenda text does not say what changed and gives no dollar amount.",Staff & hiring,resolution_or_policy,,,,no_cost,,,,,,,true,,,,,,Adopted on the General Consent Report,2020-05-27,true,auto_ok,sonnet-agent,enrich.v3.md,true,
2020-05-27:20-1177,2020-05-27,2020-05-27,regular,P.-10,53,general,"Deputy Chief, Talent",20-1177,https://ousd.legistar.com/gateway.aspx?M=L&ID=49765,"Amendment, Layoffs/Additions/Net of Classified Positions - Fiscal Year 2020-2021","Adoption by the Board of Education of Resolution No. 1920-2026A - Amendment of Layoffs/Additions/Net of Classified Positions for Fiscal Year 2020-2021 which provides for the reduction or layoff of classified positions, and increase or creation of authorized classified positions based on lack of funds and/or program need as reflected through the Budget Development process for 2020-2021.",Resolution,"Deputy Chief, Talent",,,,"Amends the 2020-21 list of classified positions to be laid off, added or created","This resolution amends the 2020-21 plan for classified (non-teaching) positions. It provides for reducing or laying off some positions, and for increasing or creating others, based on lack of funds or program need as reflected in the 2020-21 budget process. The agenda text does not list the positions or give dollar amounts.",Staff & hiring,resolution_or_policy,,,,no_cost,,,,,,,true,2020-07-01,2021-06-30,,,,Adopted on the General Consent Report,2020-05-27,true,auto_ok,sonnet-agent,enrich.v3.md,true,
2020-05-27:20-0162,2020-05-27,2020-05-27,regular,P.-11,55,general,Chief Academic Officer,20-0162,https://ousd.legistar.com/gateway.aspx?M=L&ID=48761,"Amendment No. 1, Professional Services Contract - Dwana Timms - Community Schools and Student Services Department","Ratification by the Board of Education of Amendment No. 1, Professional Services Contract between the District and Dwana Timms, Oakland, CA, for the latter to provide 1123 additional hours of contracted services for the 2019-2020 school year including providing Youth Development Groups who will become Peer Educators that will implement their own classroom and assembly anti-Alcohol, Tobacco & Other Drugs (ATOD) presentations; coach students  to provide mentoring to younger students to stay drug free and get engaged at three (3) high school sites, via Community Schools and Student Services Department, for the term August 19, 2019 through May 29, 2020, in the additional amount of $39,325.00, increasing the Contract not to exceed amount from $6,400.00 to $45,725.00 and the COVID Amendment. All other terms and conditions of the Contract remain in full force and effect.",Agreement or Contract,Chief Academic Officer,006241,v-006241,Tupe - Prop 56,"Adds $39,325 to a drug-prevention peer education contract at three high schools","This amendment adds 1,123 hours of services for 2019-20: youth development groups whose members become peer educators giving anti-alcohol, tobacco and other drug presentations and mentoring younger students at three high school sites. It adds $39,325, raising the contract limit from $6,400 to $45,725, and also includes a COVID amendment. The board is ratifying (approving after the fact) work that began in August 2019.","Student health, support & family services",amendment,Dwana Timms,individual,,expense,not_to_exceed,39325,,,6400,45725,true,2019-08-19,2020-05-29,after_work_began; raises_existing_contract; large_increase,,,Adopted on the General Consent Report,2020-05-27,true,auto_ok,sonnet-agent,enrich.v3.md,true,
2020-05-27:20-0412,2020-05-27,2020-05-27,regular,P.-12,56,general,Chief Academic Officer,20-0412,https://ousd.legistar.com/gateway.aspx?M=L&ID=49002,Professional Services Contract - Yvonne Salvador - Rudsdale Continuation High School,"Ratification by the Board of Education of a Professional Services Contract between the District and Yvonne Salvador, Hayward, CA, for the latter to provide instructional support that centers around the technology skills for the Technology Pathway, assist with increasing student participation with monthly work-based learning opportunities, and schedule student meetings for internship/ job readiness, e-portfolio completion, and technology career search; support students to acquire technology skills during technology elective course offerings on Mondays, Tuesdays, Wednesdays, and Thursdays; and participate in bi-weekly Measure N team and College and Career readiness meetings to support pathway development at Rudsdale Continuation High School, for the period of January 17, 2020 through June 30, 2020, in an amount not to exceed $22,494.00 and COVID Amendment.",Agreement or Contract,Chief Academic Officer,006397,v-006397,Measure N,"Ratifies up to $22,494 for technology pathway instruction support at Rudsdale Continuation High","A contractor provides instructional support for the Technology Pathway at Rudsdale Continuation High School. The work includes technology elective courses four days a week, work-based learning opportunities, and help with internships, e-portfolios and technology career searches. The contract runs January 17 to June 30, 2020, at no more than $22,494, and includes a COVID amendment. The board is ratifying (approving after the fact) a contract whose term began before this vote.",Classroom & academic programs,new_agreement,Yvonne Salvador,individual,Rudsdale Continuation High School,expense,not_to_exceed,22494,,,,,true,2020-01-17,2020-06-30,after_work_began,,,Adopted on the General Consent Report,2020-05-27,true,auto_ok,sonnet-agent,enrich.v3.md,true,
2020-05-27:20-0448,2020-05-27,2020-05-27,regular,P.-13,57,general,Chief Academic Officer,20-0448,https://ousd.legistar.com/gateway.aspx?M=L&ID=49038,Professional Services Contract - Zachary Reidman - English Language Learner and Multilingual Achievement Department,"Ratification by the Board of Education of a Professional Services Contract between the District and Zachary Reidman, Berkeley, CA, for the latter to continue managing the cooking and gardening programs at  Oakland International High School and supporting emerging programs at Garfield Elementary and Rudsdale Newcomer School, as described in the Scope of Work, incorporated herein by reference as though fully set forth, via the English Language Learner and Multilingual Achievement Department, for the period of July 1, 2019 through June 30, 2020, in an amount not to exceed $15,000.00 and the COVID Amendment.",Agreement or Contract,Chief Academic Officer,003573,v-003573,"Title III Immigrant Education Program, and Other Federal","Ratifies up to $15,000 to keep cooking and gardening programs at three newcomer-serving schools","A contractor continues to manage the cooking and gardening programs at Oakland International High School and supports newer programs at Garfield Elementary and Rudsdale Newcomer School. The contract covers July 1, 2019 to June 30, 2020 at no more than $15,000 and includes a COVID amendment. The board is ratifying (approving after the fact) a contract whose term began before this vote.","Student health, support & family services",new_agreement,Zachary Reidman,individual,Oakland International High School; Garfield Elementary; Rudsdale Newcomer School,expense,not_to_exceed,15000,,,,,true,2019-07-01,2020-06-30,after_work_began,,,Adopted on the General Consent Report,2020-05-27,true,auto_ok,sonnet-agent,enrich.v3.md,true,
2020-05-27:20-0450,2020-05-27,2020-05-27,regular,P.-14,58,general,Chief Academic Officer,20-0450,https://ousd.legistar.com/gateway.aspx?M=L&ID=49040,Professional Services Contract - The Regents of the University of California - Center for Educational Partnerships - Oakland High School,"Ratification by the Board of Education of a Professional Services Contract between the District and The Regents of the University of California, Center for Educational Partnerships, Berkeley, CA, for the latter to provide its Destination College Advising Corps (DCAC) Program, as described in the Scope of Work, incorporated herein by reference as though fully set forth, for students at Oakland High School, for the period of August 1, 2019 through June 30, 2020, in an amount not to exceed $18,000.00 and COVID Amendment.",Agreement or Contract,Chief Academic Officer,005192,v-005192,Measure N,"Ratifies up to $18,000 for UC Berkeley's college advising program at Oakland High","The Regents of the University of California, through its Center for Educational Partnerships in Berkeley, provides its Destination College Advising Corps program for students at Oakland High School. The contract runs August 1, 2019 to June 30, 2020 at no more than $18,000 and includes a COVID amendment. The board is ratifying (approving after the fact) a contract whose term began before this vote.",Classroom & academic programs,new_agreement,"The Regents of the University of California, Center for Educational Partnerships",organization,Oakland High School,expense,not_to_exceed,18000,,,,,true,2019-08-01,2020-06-30,after_work_began,,,Adopted on the General Consent Report,2020-05-27,true,auto_ok,sonnet-agent,enrich.v3.md,true,
2020-05-27:20-0495,2020-05-27,2020-05-27,regular,P.-15,59,general,Chief Academic Officer,20-0495,https://ousd.legistar.com/gateway.aspx?M=L&ID=49085,Professional Services Contract - Paul Dresher Ensemble - Elmhurst United Middle School,"Ratification by the Board of Education of a Professional Services Contract between the District and Paul Dresher Ensemble, San Francisco, CA, for the latter to provide supplemental music instruction offering  expanded musical opportunities for students, specifically in the areas of strings, mariachi, percussion, and jazz at Elmhurst United Middle School, for the period of January 6, 2020 through May 29, 2020, in an amount not to exceed $13,000.00 and COVID Amendment.",Agreement or Contract,Chief Academic Officer,006435,v-006435,Measure G1 Parcel Tx,"Ratifies up to $13,000 for Paul Dresher Ensemble's music instruction at Elmhurst United Middle","Paul Dresher Ensemble, of San Francisco, provides extra music instruction at Elmhurst United Middle School in strings, mariachi, percussion and jazz. The contract runs January 6 to May 29, 2020 at no more than $13,000 and includes a COVID amendment. The board is ratifying (approving after the fact) a contract whose term began before this vote.",Classroom & academic programs,new_agreement,Paul Dresher Ensemble,organization,Elmhurst United Middle School,expense,not_to_exceed,13000,,,,,true,2020-01-06,2020-05-29,after_work_began,,,Adopted on the General Consent Report,2020-05-27,true,auto_ok,sonnet-agent,enrich.v3.md,true,
2020-05-27:20-0497,2020-05-27,2020-05-27,regular,P.-16,60,general,Chief Academic Officer,20-0497,https://ousd.legistar.com/gateway.aspx?M=L&ID=49087,Professional Services Contract - Challenge Day - Urban Promise Academy,"Ratification by the Board of Education of a Professional Services Contract between the District and Challenge Day, Concord, CA, for the latter to engage students and teachers in 6.5 hours of social and emotional activities to help students develop important skills, i.e., in noticing oppression and isolation; practice safe and effective intervention tools in the midst of conflict and perform acts of change in their schools and communities at Urban Promise Academy, for the period of February 24, 2020 through March 13, 2020, in an amount not to exceed $7,950.00.",Agreement or Contract,Chief Academic Officer,001027,v-001027,Iasa-i Basic Grants Low Income,"Ratifies up to $7,950 for Challenge Day's social-emotional program at Urban Promise Academy","Challenge Day, of Concord, leads 6.5 hours of social and emotional activities for students and teachers at Urban Promise Academy. The activities help students notice oppression and isolation, practice safe ways to step in during conflict, and act for change. The contract covered February 24 to March 13, 2020 at no more than $7,950, so the board is ratifying (approving after the fact) a service period that had already ended.","Student health, support & family services",new_agreement,Challenge Day,organization,Urban Promise Academy,expense,not_to_exceed,7950,,,,,true,2020-02-24,2020-03-13,after_work_began,,,Adopted on the General Consent Report,2020-05-27,true,auto_ok,sonnet-agent,enrich.v3.md,true,
2020-05-27:20-0502,2020-05-27,2020-05-27,regular,P.-17,61,general,Chief Academic Officer,20-0502,https://ousd.legistar.com/gateway.aspx?M=L&ID=49092,Professional Services Contract - EarthTeam - Skyline High School,"Ratification by the Board of Education of a Professional Services Contract between the District and EarthTeam, Richmond, CA, for the latter to provide youth Internship Program designed to build capacity for engagement of the environmental sciences, as described in the Scope of Work, incorporated herein by reference as though fully set forth, at Skyline High School, for the period of February 1, 2020 through June 30, 2020, in an amount not to exceed $5,600.00 and the COVID Amendment.",Agreement or Contract,Chief Academic Officer,001470,v-001470,Green California Partnership Academy,"Ratifies up to $5,600 for EarthTeam's environmental science youth internships at Skyline High","EarthTeam, of Richmond, runs a youth internship program at Skyline High School designed to build student engagement in the environmental sciences. The contract runs February 1 to June 30, 2020 at no more than $5,600 and includes a COVID amendment. The board is ratifying (approving after the fact) a contract whose term began before this vote.",Classroom & academic programs,new_agreement,EarthTeam,organization,Skyline High School,expense,not_to_exceed,5600,,,,,true,2020-02-01,2020-06-30,after_work_began,,,Adopted on the General Consent Report,2020-05-27,true,auto_ok,sonnet-agent,enrich.v3.md,true,
2020-05-27:20-0503,2020-05-27,2020-05-27,regular,P.-18,62,general,Chief Academic Officer,20-0503,https://ousd.legistar.com/gateway.aspx?M=L&ID=49093,Professional Services Contract - Youth Together - Skyline High School,"Approval by the Board of Education of a Professional Services Contract between the District and Youth Together, Oakland, CA, for the latter to provide for safety and well-being of the pupils, through coordinating a variety of activities that will promote students social, emotional and physical development during the lunch time period at Skyline High School, for the period of August 1, 2019 through June 30, 2020, in an amount not to exceed $2,275.00 and COVID Amendment.",Agreement or Contract,Chief Academic Officer,004737,v-004737,Unrest Supplemental Support,"Approves up to $2,275 for Youth Together's lunchtime student activities at Skyline High","Youth Together, of Oakland, coordinates lunchtime activities at Skyline High School meant to support students' safety and well-being and their social, emotional and physical development. The contract runs August 1, 2019 to June 30, 2020 at no more than $2,275 and includes a COVID amendment. The term began before the board's vote.","Student health, support & family services",new_agreement,Youth Together,organization,Skyline High School,expense,not_to_exceed,2275,,,,,true,2019-08-01,2020-06-30,after_work_began,,,Adopted on the General Consent Report,2020-05-27,true,auto_ok,sonnet-agent,enrich.v3.md,true,
2020-05-27:20-0536,2020-05-27,2020-05-27,regular,P.-19,63,general,Chief Academic Officer,20-0536,https://ousd.legistar.com/gateway.aspx?M=L&ID=49126,Professional Services Contract - East Bay Consortium - LIFE Academy,"Ratification by the Board of Education of a Professional Services Contract between the District and East Bay Consortium (EBC), Oakland, CA, for the latter to provide direct services to seniors to complete college applications and financial aid applications; provide 3 to 5 one on one counseling appointments with EBC staff in order to support them in their completion of college and industry applications; and provide all juniors with a one on one counseling meeting including a transcript review in preparation for their senior year at Life Academy, for the period of September 2, 2019 through May 28, 2020, in an amount not to exceed $3,697.00 and COVID Amendment.",Agreement or Contract,Chief Academic Officer,001478,v-001478,Iasa-i Basic Grants Low Income,"Ratifies up to $3,697 for East Bay Consortium's college application help at Life Academy","East Bay Consortium, of Oakland, helps seniors at Life Academy complete college and financial aid applications, with 3 to 5 one-on-one counseling sessions each. It also gives every junior a one-on-one meeting, including a transcript review. The contract runs September 2, 2019 to May 28, 2020 at no more than $3,697 and includes a COVID amendment. The board is ratifying (approving after the fact) a contract whose term began before this vote.",Classroom & academic programs,new_agreement,East Bay Consortium,organization,Life Academy,expense,not_to_exceed,3697,,,,,true,2019-09-02,2020-05-28,after_work_began,,,Adopted on the General Consent Report,2020-05-27,true,auto_ok,sonnet-agent,enrich.v3.md,true,
2020-05-27:20-0563,2020-05-27,2020-05-27,regular,P.-20,64,general,Chief Academic Officer,20-0563,https://ousd.legistar.com/gateway.aspx?M=L&ID=49153,Professional Services Contract - Evolution Consulting Firm - Community Schools and Student Services Department,"Ratification by the Board of Education of a Professional Services Contract between the District and Evolution Consulting Firm, Santa Rosa, CA, for the latter to provide 16 hours of TUPE (Tobacco Use Professional Education) Coach staff training and method handouts on self-care tools to enhance social and emotional stability that can then be shared with youth referred for dependence on nicotine and THC, via Community Schools and Student Services Department, for the period of January 15, 2020 through March 13, 2020, in an amount not to exceed $1,600.00.",Agreement or Contract,Chief Academic Officer,006438,v-006438,Tupe - Prop 56,"Ratifies up to $1,600 for Evolution Consulting Firm to train tobacco-use prevention coaches","Evolution Consulting Firm, of Santa Rosa, provides 16 hours of training for Tobacco Use Professional Education (TUPE) coaches, with handouts on self-care tools that support emotional stability. Coaches can share these with youth referred for dependence on nicotine and THC. The contract covered January 15 to March 13, 2020 at no more than $1,600, so the board is ratifying (approving after the fact) a service period that had already ended.","Student health, support & family services",new_agreement,Evolution Consulting Firm,organization,,expense,not_to_exceed,1600,,,,,true,2020-01-15,2020-03-13,after_work_began,,,Adopted on the General Consent Report,2020-05-27,true,auto_ok,sonnet-agent,enrich.v3.md,true,
2020-05-27:20-0596,2020-05-27,2020-05-27,regular,P.-21,65,general,Chief Academic Officer,20-0596,https://ousd.legistar.com/gateway.aspx?M=L&ID=49186,"Professional Services Contract - Institute for Sustainable Economic, Educational, and Environmental Design (I-SEEED) - Office of Equity","Ratification by the Board of Education of a Professional Services Contract between the District and the Institute for Sustainable Economic, Educational, and Environmental Design (I-SEEED), Oakland, CA, for the latter to work in collaboration with the All City Council (ACC) Governing Board, youth leaders from the Meaningful Student Engagement (MSE) collaborative, student researchers, in partnership with YPAR experts, co-develop and implement youth and parent participatory action research [YPAR] and evaluation methods, violence prevention training, and youth and parent leadership training to promote positive school culture, prevent bullying, harassment, and violence, via Office of Equity, for the period of February 17, 2020 through May 29, 2020, in an amount not to exceed $10,000.00 and the COVID Amendment.",Agreement or Contract,Chief Academic Officer,002159,v-002159,Title 4-Student Support,"Ratifies up to $10,000 for I-SEEED to run youth research and leadership training on school culture","The Institute for Sustainable Economic, Educational, and Environmental Design (I-SEEED), of Oakland, works with the All City Council Governing Board and student leaders to carry out youth and parent participatory action research. It also provides violence prevention and leadership training to promote positive school culture and prevent bullying, harassment and violence. The contract runs February 17 to May 29, 2020 at no more than $10,000 and includes a COVID amendment. The board is ratifying (approving after the fact) a contract whose term began before this vote.","Student health, support & family services",new_agreement,"Institute for Sustainable Economic, Educational, and Environmental Design (I-SEEED)",organization,,expense,not_to_exceed,10000,,,,,true,2020-02-17,2020-05-29,after_work_began,,,Adopted on the General Consent Report,2020-05-27,true,auto_ok,sonnet-agent,enrich.v3.md,true,
2020-05-27:20-0597,2020-05-27,2020-05-27,regular,P.-22,66,general,Chief Academic Officer,20-0597,https://ousd.legistar.com/gateway.aspx?M=L&ID=49187,Professional Services Contract - Judy Greenspan - United for Success Academy,"Ratification by the Board of Education of a Professional Services Contract between the District and Judy Greenspan, Berkeley, CA, for the latter to support low achieving students in developing stronger academic, behavioral and social emotional skills; offer accelerated student academic achievement in core curriculum areas; assist in increasing academic grades; provide targeted intervention for students by engaging teacher, students and families in dialogue around how best to increase student achievement at  United for Success Academy, for the period of August 12, 2019 through May 28, 2020, in an amount not to exceed $14,000.00 and the COVID Amendment.",Agreement or Contract,Chief Academic Officer,006394,v-006394,Unrestricted Supplemental Support,"Ratifies up to $14,000 for academic and behavioral support for struggling students at United for Success","A contractor supports low-achieving students at United for Success Academy with academic, behavioral and social-emotional skills. The work includes targeted help in core subjects and conversations with teachers, students and families about raising achievement. The contract runs August 12, 2019 to May 28, 2020 at no more than $14,000 and includes a COVID amendment. The board is ratifying (approving after the fact) a contract whose term began before this vote.",Classroom & academic programs,new_agreement,Judy Greenspan,individual,United for Success Academy,expense,not_to_exceed,14000,,,,,true,2019-08-12,2020-05-28,after_work_began,,,Adopted on the General Consent Report,2020-05-27,true,auto_ok,sonnet-agent,enrich.v3.md,true,
2020-05-27:20-0598,2020-05-27,2020-05-27,regular,P.-23,67,general,Chief Academic Officer,20-0598,https://ousd.legistar.com/gateway.aspx?M=L&ID=49188,"Amendment No. 1, Professional Services Contract - Juan Quintana - Franklin Elementary School","Ratification by the Board of Education of Amendment No. 1, Professional Services Contract between the District and Juan Quintana, Oakland, CA, for the latter to increase service by 1 day, from 3 to 4 days, per week, to provide, daily support groups and individual assistance to “at promise” students; continual contacting parents of students by phone and home visits; professional development for staff in understanding the issues of K-5 at promise students and how these issues can be addressed during the school day; and parent workshops in primary languages on how parents can improve student academic and social skills, in the additional amount of $10,000.00, increasing the Contract not to exceed amount from $45,000.00 to $55,000.00, at Franklin Elementary School, for the period of August 12, 2019 through May 28, 2020 and COVID Amendment. All other terms and conditions of the Contract remain in full force and effect.",Agreement or Contract,Chief Academic Officer,003510,v-003510,Unrest Supplemental Support,"Adds $10,000 and one more day a week of student support at Franklin Elementary","This amendment raises a contractor's service at Franklin Elementary School from 3 to 4 days a week. The work includes daily support groups for ""at promise"" students, calls and home visits with parents, staff training and parent workshops in families' primary languages. It adds $10,000, raising the contract limit from $45,000 to $55,000, for August 12, 2019 to May 28, 2020, and includes a COVID amendment. The board is ratifying (approving after the fact) work already under way.","Student health, support & family services",amendment,Juan Quintana,individual,Franklin Elementary School,expense,not_to_exceed,10000,,,45000,55000,true,2019-08-12,2020-05-28,after_work_began; raises_existing_contract,,,Adopted on the General Consent Report,2020-05-27,true,auto_ok,sonnet-agent,enrich.v3.md,true,
2020-05-27:20-0618,2020-05-27,2020-05-27,regular,P.-24,68,general,Chief Academic Officer,20-0618,https://ousd.legistar.com/gateway.aspx?M=L&ID=49208,Professional Services Contract - Margaret Buchanan - Community Schools and Student Services Department,"Ratification by the Board of Education of a Professional Services Contract between the District and Margaret Buchanan, Richmond, CA, for the latter to provide classroom and assembly anti- tobacco/marijuana presentations, train and lead peer educators to provide classroom and assembly anti-tobacco/marijuana presentations, Alcohol, Tobacco & Other Drugs (ATOD) awareness sessions for students violating OUSD tobacco/drug free policies, cessation and strengths-based life skills and behavior coaching at 2-3 middle and high school sites in coordination with the site's COST and administrative team and school site staff and related services, as described in the Scope of Work, incorporated herein by reference as though fully set forth, via Community Schools and Student Services Department, for the period of February 4, 2020 through June 8, 2020, in an amount not to exceed $18,375.00 and the COVID Amendment.",Agreement or Contract,Chief Academic Officer,006499,v-006499,Tupe - Prop 56,"Ratifies up to $18,375 for anti-tobacco and drug-prevention programs at middle and high schools","A contractor gives classroom and assembly anti-tobacco and marijuana presentations, trains peer educators, and leads awareness sessions for students who violate the district's tobacco and drug-free policies. The work also includes cessation support and life-skills coaching at 2 to 3 middle and high school sites. The contract runs February 4 to June 8, 2020 at no more than $18,375 and includes a COVID amendment. The board is ratifying (approving after the fact) a contract whose term began before this vote.","Student health, support & family services",new_agreement,Margaret Buchanan,individual,,expense,not_to_exceed,18375,,,,,true,2020-02-04,2020-06-08,after_work_began,,,Adopted on the General Consent Report,2020-05-27,true,auto_ok,sonnet-agent,enrich.v3.md,true,
2020-05-27:20-0623,2020-05-27,2020-05-27,regular,P.-25,69,general,Chief Academic Officer,20-0623,https://ousd.legistar.com/gateway.aspx?M=L&ID=49213,"Professional Services Contract - BE GLAD, LLC - English Language Learner and Multilingual Achievement Department","Ratification by the Board of Education of a Professional Services Contract between the District and BE GLAD, LLC, San Jose, CA, for the latter to provide participant binders to guide participants during a six-day training (lead by in-house OUSD trainers) so that teachers can learn about, practice and then implement the strategies and framework of the program Guided Language Acquisition Design (GLAD) during the 2020-21 School Year, accelerating English Language Learner Achievement, via English Language Learner and Multilingual Achievement Department, for the period of June 5, 2020 through June 12, 2020, in an amount not to exceed $15,500.00 and the COVID Amendment.",Agreement or Contract,Chief Academic Officer,000649,v-000649,Title III Lep Student Program,"Ratifies up to $15,500 for BE GLAD training binders to help teachers support English learners","BE GLAD, LLC, of San Jose, provides participant binders for a six-day training, led by district trainers, where teachers learn the Guided Language Acquisition Design (GLAD) strategies. The goal is to speed up English learner achievement during the 2020-21 school year. The contract period is June 5 to June 12, 2020, at no more than $15,500, and includes a COVID amendment.",Classroom & academic programs,new_agreement,"BE GLAD, LLC",organization,,expense,not_to_exceed,15500,,,,,true,2020-06-05,2020-06-12,,,,Adopted on the General Consent Report,2020-05-27,true,auto_ok,sonnet-agent,enrich.v3.md,true,
2020-05-27:20-0640,2020-05-27,2020-05-27,regular,P.-26,70,general,Chief Academic Officer,20-0640,https://ousd.legistar.com/gateway.aspx?M=L&ID=49230,Professional Services Contract - Oakland Youth Chorus - Bret Harte Middle School,"Ratification by the Board of Education of a Professional Services Contract between the District and Oakland Youth Chorus (OYC), Oakland, CA, for the latter to provide the following services: 1. Support the School in designing, creating, implementing and evaluating school based choral music program; 2. Provide needed additional funding to the program as funding permits; 3. Design a program budget for the school year; 4. Provide music curricula that fulfills CA State VAPA standards; 5. Recruit and hire qualified music teachers for the school program; 6. Provide ongoing training and mentoring to music teachers to improve their teaching skills; 7. Collaborate with school leadership on program management, assessment, and development; 8. Communicate with parents, students and the community at large about OYC and facilitate quality instructional and performance opportunities; and 9. Evaluate programs on an ongoing basis and make recommendation for continued growth and development, including replacement of faculty when required at Bret Harte Middle School, for the period of August 12, 2019 through May 30, 2020, in an amount not to exceed $14,000.00 and COVID Amendment.",Agreement or Contract,Chief Academic Officer,003151,v-003151,Measure G1 Parcel Tx,"Ratifies up to $14,000 for Oakland Youth Chorus to run a choral music program at Bret Harte Middle","Oakland Youth Chorus helps Bret Harte Middle School design and run a choral music program. It recruits and trains music teachers, provides music lessons that meet state arts standards, and works with school leaders, parents and students. The contract runs August 12, 2019 to May 30, 2020 at no more than $14,000 and includes a COVID amendment. The board is ratifying (approving after the fact) a contract whose term began before this vote.",Classroom & academic programs,new_agreement,Oakland Youth Chorus,organization,Bret Harte Middle School,expense,not_to_exceed,14000,,,,,true,2019-08-12,2020-05-30,after_work_began,,,Adopted on the General Consent Report,2020-05-27,true,auto_ok,sonnet-agent,enrich.v3.md,true,
2020-05-27:20-0642,2020-05-27,2020-05-27,regular,P.-27,71,general,Chief Academic Officer,20-0642,https://ousd.legistar.com/gateway.aspx?M=L&ID=49232,Professional Services Contract - Children Rising - LaEscuelita Elementary School,"Ratification by the Board of Education of a Professional Services Contract between the District and Children Rising, Oakland, CA, for the latter to provide a coordinator and trained reading tutors for weekly Succeeding by Reading Clinics Program, as described in the Scope of Work, incorporated herein by reference as though fully set forth, at LaEscuelita Elementary School, for the period of October 1, 2019 through March 13, 2020, in an amount not to exceed $3,250.00.",Agreement or Contract,Chief Academic Officer,,v-001645,Iasa-i Basic Grants Low Income,"Ratifies up to $3,250 for Children Rising reading tutors at LaEscuelita Elementary","Children Rising, of Oakland, provides a coordinator and trained reading tutors for weekly reading clinics at LaEscuelita Elementary School. The contract covered October 1, 2019 to March 13, 2020 at no more than $3,250, so the board is ratifying (approving after the fact) a service period that had already ended.",Classroom & academic programs,new_agreement,Children Rising,organization,LaEscuelita Elementary School,expense,not_to_exceed,3250,,,,,true,2019-10-01,2020-03-13,after_work_began,,,Adopted on the General Consent Report,2020-05-27,true,auto_ok,sonnet-agent,enrich.v3.md,true,
2020-05-27:20-0656,2020-05-27,2020-05-27,regular,P.-28,72,general,Chief Academic Officer,20-0656,https://ousd.legistar.com/gateway.aspx?M=L&ID=49244,Professional Services Contract - Jasmine Taylor - Frick Impact Academy,"Ratification by the Board of Education of a Professional Services Contract between the District and Jasmine Taylor, Antioch, CA, for the latter to provide 1080 hours of ongoing trauma informed services, including behavior development services for all students, creating groups of student leaders to run restorative justice services at Frick Impact Academy, for the period of August 12, 2019 through May 28, 2020, in an amount not to exceed $15,710.00 and the COVID Amendment.",Agreement or Contract,Chief Academic Officer,005297,v-005297,Measure G1 Parcel Tax,"Ratifies up to $15,710 for trauma-informed student support and restorative justice at Frick Impact","A contractor provides 1,080 hours of ongoing trauma-informed services at Frick Impact Academy. These include behavior development support for all students and building groups of student leaders to run restorative justice services. The contract runs August 12, 2019 to May 28, 2020 at no more than $15,710 and includes a COVID amendment. The board is ratifying (approving after the fact) a contract whose term began before this vote.","Student health, support & family services",new_agreement,Jasmine Taylor,individual,Frick Impact Academy,expense,not_to_exceed,15710,,,,,true,2019-08-12,2020-05-28,after_work_began,,,Adopted on the General Consent Report,2020-05-27,true,auto_ok,sonnet-agent,enrich.v3.md,true,
2020-05-27:20-0671,2020-05-27,2020-05-27,regular,P.-29,73,general,Chief Academic Officer,20-0671,https://ousd.legistar.com/gateway.aspx?M=L&ID=49259,Professional Services Contract - Sagnicthe Salazar - Life Academy,"Ratification by the Board of Education of a Professional Services Contract between the District and Sagnicthe Salazar, Oakland, CA, for the latter to lead training's and workshops about restorative justice practice, including speaking engagement on Trans advocacy and anti-racism to support school community at Life Academy, for the period of January 8, 2020 through January 8, 2020, in an amount not to exceed $250.00.",Agreement or Contract,Chief Academic Officer,005766,v-005766,IASA-I Basic Grants Low Income,Ratifies $250 for a one-day restorative justice and anti-racism workshop at Life Academy,"A contractor leads trainings and workshops on restorative justice practice at Life Academy, including a talk on Trans advocacy and anti-racism, to support the school community. The contract covered a single day, January 8, 2020, at no more than $250, so the board is ratifying (approving after the fact) a service that had already taken place.","Student health, support & family services",new_agreement,Sagnicthe Salazar,individual,Life Academy,expense,not_to_exceed,250,,,,,true,2020-01-08,2020-01-08,after_work_began,,,Adopted on the General Consent Report,2020-05-27,true,auto_ok,sonnet-agent,enrich.v3.md,true,
2020-05-27:20-0674,2020-05-27,2020-05-27,regular,P.-30,74,general,Chief Academic Officer,20-0674,https://ousd.legistar.com/gateway.aspx?M=L&ID=49262,Professional Services Contract - Network for Teaching Entrepreneurship - McClymonds High School,"Ratification by the Board of Education of a Professional Services Contract between the District and Network for Teaching Entrepreneurship, New York, NY, for the latter to provide its Entrepreneurship Program, as described in the Scope of Work, incorporated herein by reference as though fully set forth, at McClymonds High School, for the period of August 1, 2019 through December 31, 2019, in an amount not to exceed $2,000.00.",Agreement or Contract,Chief Academic Officer,003049,v-003049,Measure N,"Ratifies up to $2,000 for Network for Teaching Entrepreneurship's program at McClymonds High","Network for Teaching Entrepreneurship, of New York, provides its Entrepreneurship Program to students at McClymonds High School. The contract covered August 1 to December 31, 2019 at no more than $2,000, so the board is ratifying (approving after the fact) a service period that had already ended.",Classroom & academic programs,new_agreement,Network for Teaching Entrepreneurship,organization,McClymonds High School,expense,not_to_exceed,2000,,,,,true,2019-08-01,2019-12-31,after_work_began,,,Adopted on the General Consent Report,2020-05-27,true,auto_ok,sonnet-agent,enrich.v3.md,true,
2020-05-27:20-0675,2020-05-27,2020-05-27,regular,P.-31,75,general,Chief Academic Officer,20-0675,https://ousd.legistar.com/gateway.aspx?M=L&ID=49263,Professional Services Contract - East Bay Consortium - Life Academy,"Approval by the Board of Education of a Professional Services Contract between the District and East Bay Consortium (EBC), Oakland, CA, for the latter to provide one on one personalized support for all seniors, including direct services enabling seniors to complete college applications and financial aid applications; receive 3 to 5 one on one counseling appointments with EBC staff in order to support seniors in their completion of college and industry applications; provide juniors a one on one counseling meeting including a transcript review in preparation for their senior year so they can enter with a clear pathway toward graduation at Life Academy, for the term of September 19, 2019 through March 20, 2020, in an amount not to exceed $13,803.00 and COVID Amendment.",Agreement or Contract,Chief Academic Officer,001478,v-001478,Measure N,"Pays East Bay Consortium up to $13,803 for senior and junior college counseling at Life Academy","East Bay Consortium will give seniors one-on-one help with college and financial aid applications, with 3 to 5 counseling appointments each. Juniors get a one-on-one meeting and transcript review to prepare for senior year. The service period ran from September 19, 2019 to March 20, 2020, so it began before this vote. The listing also mentions a COVID amendment without describing it.",Classroom & academic programs,new_agreement,East Bay Consortium,organization,Life Academy,expense,not_to_exceed,13803,,,,,true,2019-09-19,2020-03-20,after_work_began,,,Adopted on the General Consent Report,2020-05-27,true,auto_ok,sonnet-agent,enrich.v3.md,true,
2020-05-27:20-0677,2020-05-27,2020-05-27,regular,P.-32,76,general,Chief Academic Officer,20-0677,https://ousd.legistar.com/gateway.aspx?M=L&ID=49265,Professional Services Contract - East Bay Consortium - McClymonds High School,"Approval by the Board of Education of a Professional Services Contract between the District and East Bay Consortium, Oakland, CA, for the latter to provide staff to work in the College and Career Center for four days a week to provide services such as academic, career, college, and pathway advising, educational workshops, assistance with scholarships, financial aid, job applications, college and FAFSA applications, as well as personal statements, and pathway senior capstone research projects; support seniors with transcript evaluations to make sure they are tracked to graduate; provide one-on-one mentoring and SAT/ACT registration at McClymonds High School, for the period of September 3, 2019 through May 22, 2020, in an amount not to exceed $27,500.00 and COVID Amendment..",Agreement or Contract,Chief Academic Officer,001478,v-001478,Measure N,"Pays East Bay Consortium up to $27,500 to staff McClymonds High's College and Career Center","East Bay Consortium will provide staff four days a week in the College and Career Center at McClymonds High School. They will give academic, career and college advising, help with scholarships, financial aid and applications, check seniors' transcripts, and offer mentoring and SAT/ACT registration. The service period ran from September 3, 2019 to May 22, 2020, so it began before this vote. The listing also mentions a COVID amendment without describing it.",Classroom & academic programs,new_agreement,East Bay Consortium,organization,McClymonds High School,expense,not_to_exceed,27500,,,,,true,2019-09-03,2020-05-22,after_work_began,,,Adopted on the General Consent Report,2020-05-27,true,auto_ok,sonnet-agent,enrich.v3.md,true,
2020-05-27:20-0678,2020-05-27,2020-05-27,regular,P.-33,77,general,Chief Academic Officer,20-0678,https://ousd.legistar.com/gateway.aspx?M=L&ID=49266,"Amendment No. 1, Professional Services Contract - Oakland Youth Chorus - Edna Brewer Middle School","Ratification by the Board of Education of Amendment No. 1, Professional Services Contract between the District and Oakland Youth Chorus, Oakland, CA, for the latter to permit a staffer to do only one day a week during the Spring Semester, less $1,375.00, decreasing the Contract not to exceed amount from $4,875.00 to $3,500.00, at Edna Brewer Middle School and the COVID Amendment. All other terms and conditions of the Contract remain in full force and effect.",Agreement or Contract,Chief Academic Officer,003151,v-003151,No Fiscal Impact,"Cuts Oakland Youth Chorus contract at Edna Brewer by $1,375, from $4,875 to $3,500","The Oakland Youth Chorus staffer at Edna Brewer Middle School will work only one day a week in the spring semester, so the contract limit drops by $1,375. The listing also mentions a COVID amendment without describing it. All other contract terms stay the same.",Classroom & academic programs,amendment,Oakland Youth Chorus,organization,Edna Brewer Middle School,decrease,not_to_exceed,1375,,,4875,3500,true,,,after_work_began,,,Adopted on the General Consent Report,2020-05-27,true,auto_ok,sonnet-agent,enrich.v3.md,true,
2020-05-27:20-0679,2020-05-27,2020-05-27,regular,P.-34,78,general,Chief Academic Officer,20-0679,https://ousd.legistar.com/gateway.aspx?M=L&ID=49267,Professional Services Contract - College Summit dba PeerForward - Fremont High School,"Ratification by the Board of Education of a Professional Services Contract between the District and College Summit dba PeerForward, Washington, DC, for the latter to provide services intended to train, deploy and coach teams of high school students to boost college preparation and enrollment across the entire school through the implementation of student-led post-secondary planning campaigns, as described in the Scope of Work, incorporated herein by reference as though fully set forth at Fremont High School, for the period of January 6, 2020 through June 30, 2020, in an amount not to exceed $7,000.00 and the COVID Amendment.",Agreement or Contract,Chief Academic Officer,001142,v-001142,ESSA: Comp Support & Improvmt,"Ratifies up to $7,000 for PeerForward to coach Fremont High students on college planning","College Summit, which does business as PeerForward, will train and coach teams of Fremont High School students to lead campaigns that boost college preparation and enrollment school-wide. The service period ran from January 6 to June 30, 2020, so it began before this vote. The listing also mentions a COVID amendment without describing it.",Classroom & academic programs,new_agreement,College Summit dba PeerForward,organization,Fremont High School,expense,not_to_exceed,7000,,,,,true,2020-01-06,2020-06-30,after_work_began,,,Adopted on the General Consent Report,2020-05-27,true,auto_ok,sonnet-agent,enrich.v3.md,true,
2020-05-27:20-0691,2020-05-27,2020-05-27,regular,P.-35,79,general,Chief Academic Officer,20-0691,https://ousd.legistar.com/gateway.aspx?M=L&ID=49279,Professional Services Contract - Henry Sales Hernandez - Oakland High School,"Ratification by the Board of Education of a Professional Services Contract between the District and Henry Sales Hernandez, Oakland, CA, for the latter, though instruction of language, Mam culture and mentorship, to increase the academic achievement, attendance and G.P.A of 25 students in R.I.S.E. Academy, and keep them on target for graduation, as described in the Scope of Work, incorporated herein by reference as though fully set forth, at Oakland High School, for the period of March 2, 2020 through May 29, 2020, in an amount not to exceed $11,500.00 and COVID Amendment.",Agreement or Contract,Chief Academic Officer,006527,v-006527,Measure N,"Ratifies up to $11,500 for an instructor teaching language and Mam culture to 25 Oakland High students","A contractor will teach language and Mam culture and mentor 25 students in the R.I.S.E. Academy at Oakland High School. The goal is to improve their grades and attendance and keep them on track to graduate. The service period ran from March 2 to May 29, 2020, so it began before this vote. The listing also mentions a COVID amendment without describing it.",Classroom & academic programs,new_agreement,Henry Sales Hernandez,individual,Oakland High School,expense,not_to_exceed,11500,,,,,true,2020-03-02,2020-05-29,after_work_began,,,Adopted on the General Consent Report,2020-05-27,true,auto_ok,sonnet-agent,enrich.v3.md,true,
2020-05-27:20-0758,2020-05-27,2020-05-27,regular,P.-36,80,general,Chief Academic Officer,20-0758,https://ousd.legistar.com/gateway.aspx?M=L&ID=49346,Professional Services Contract - Stanford University - LEADS - Community Schools and Student Services Department,"Ratification by the Board of Education of a Professional Services Contract between the District and Stanford University, Stanford, CA, for the latter, through its John W. Gardner Center for Youth and Their Communities (Gardner Center), to conduct a multi-year study examining on-going implementation of District’s Full-Service Community Schools (FSCS) initiative, commencing with this first four months study,  via Community Schools and Student Services Department, for the period of March 1, 2020 through June 30, 2020 in an amount not to exceed $25,000.00 and COVID Amendment.",Agreement or Contract,Chief Academic Officer,004054,v-004054,Fullsvc Community Schools,"Ratifies up to $25,000 for Stanford's Gardner Center to study OUSD's community schools work","Stanford University, through its John W. Gardner Center, will study how the district's Full-Service Community Schools initiative is being carried out. This is the first four-month study in a planned multi-year study. The service period ran from March 1 to June 30, 2020, so it began before this vote. The listing also mentions a COVID amendment without describing it.","Student health, support & family services",new_agreement,Stanford University (John W. Gardner Center for Youth and Their Communities),organization,,expense,not_to_exceed,25000,,,,,true,2020-03-01,2020-06-30,after_work_began,,,Adopted on the General Consent Report,2020-05-27,true,auto_ok,sonnet-agent,enrich.v3.md,true,
2020-05-27:20-0766,2020-05-27,2020-05-27,regular,P.-37,81,general,Chief Academic Officer,20-0766,https://ousd.legistar.com/gateway.aspx?M=L&ID=49354,Professional Services Contract - Destiny Arts Center - Edna Brewer Middle School,"Ratification by the Board of Education of a Professional Services Contract between the District and Destiny Arts Center, Oakland, CA, for the latter to provide dance classes during 8th period Physical Education classes for 6th and 8th Graders; collaboration between restorative justice leaders; offer after school movement class twice a week, leading to year end performance at the new carnival community event in May, in collaboration with the Art and Music Department, at Edna Brewer Middle School, for the period of August 12, 2019 through May 28, 2020, in an amount not to exceed $6,800.00 and COVID Amendment.",Agreement or Contract,Chief Academic Officer,001363,v-001363,Measure G1 Parcel Tax,"Ratifies up to $6,800 for Destiny Arts Center dance classes at Edna Brewer Middle School","Destiny Arts Center will teach dance during 8th period Physical Education for 6th and 8th graders and offer an after-school movement class twice a week. The classes lead to a year-end performance at a community event in May. The service period ran from August 12, 2019 to May 28, 2020, so it began before this vote. The listing also mentions a COVID amendment without describing it.",Classroom & academic programs,new_agreement,Destiny Arts Center,organization,Edna Brewer Middle School,expense,not_to_exceed,6800,,,,,true,2019-08-12,2020-05-28,after_work_began,,,Adopted on the General Consent Report,2020-05-27,true,auto_ok,sonnet-agent,enrich.v3.md,true,
2020-05-27:20-0767,2020-05-27,2020-05-27,regular,P.-38,82,general,Chief Academic Officer,20-0767,https://ousd.legistar.com/gateway.aspx?M=L&ID=49355,"Amendment No. 1, Professional Services Contract - Kristin Loo - Skyline High School","Ratification by the Board of Education of Amendment No. 1, Professional Services Contract between the District and Kristin Loo, Oakland, CA, for the latter to support the redesign of system and implementation of training, building necessary partnerships and overseeing overall functioning of certain pieces of new staff orientation to include a system to organize, track, sign-out and monitor key distribution, as well as tracking of staff parking passes, new staff ID’s, etc., for the period of July 01, 2019 through June 30, 2020, in the additional amount of $35,000.00, increasing the Contract from $40,000.00 to an amount not to exceed $75,000.00.  All other terms and conditions of the Agreement remain in full force and effect.",Agreement or Contract,Chief Academic Officer,002626,v-002626,Unrest Supplemental Support,"Adds $35,000 for a contractor on Skyline High's new staff orientation, raising the cap to $75,000","The contractor supports the redesign and training of new staff orientation at Skyline High School. That includes a system to track key sign-outs, staff parking passes and new staff ID cards. The contract limit rises from $40,000 to $75,000 for July 1, 2019 to June 30, 2020, and the work began before this vote. The listing also mentions a COVID amendment without describing it.",Staff & hiring,amendment,Kristin Loo,individual,Skyline High School,expense,not_to_exceed,35000,,,40000,75000,true,2019-07-01,2020-06-30,after_work_began; raises_existing_contract; large_increase,,,Adopted on the General Consent Report,2020-05-27,true,auto_ok,sonnet-agent,enrich.v3.md,true,
2020-05-27:20-0770,2020-05-27,2020-05-27,regular,P.-39,83,general,Chief Academic Officer,20-0770,https://ousd.legistar.com/gateway.aspx?M=L&ID=49358,Professional Services Contract - East Bay Consortium - Oakland Technical High School,"Approval by the Board of Education of a Professional Services Contract between the District and East Bay Consortium, Oakland, CA, for the latter to provide UC Berkeley students, working with classroom teachers, to reteach pre-algebra skills to students needing to complete Algebra 1 and higher math classes; work with a cohort of students from the three 9th grade ""families"" after school for 24 weeks reteaching math skills to ensure mastery at Oakland Technical  High School, for the period of August 1, 2019 through March 13, 2020, in an amount not to exceed $15,000.00 and COVID Amendment.",Agreement or Contract,Chief Academic Officer,001478,v-001478,Measure N,"Pays East Bay Consortium up to $15,000 for UC Berkeley students to reteach math at Oakland Tech","East Bay Consortium will provide UC Berkeley students, working with classroom teachers, to reteach pre-algebra skills to 9th graders who need to complete Algebra 1 and higher math. They will work after school with a cohort of students for 24 weeks. The service period ran from August 1, 2019 to March 13, 2020, so it began before this vote. The listing also mentions a COVID amendment without describing it.",Classroom & academic programs,new_agreement,East Bay Consortium,organization,Oakland Technical High School,expense,not_to_exceed,15000,,,,,true,2019-08-01,2020-03-13,after_work_began,,,Adopted on the General Consent Report,2020-05-27,true,auto_ok,sonnet-agent,enrich.v3.md,true,
2020-05-27:20-0771,2020-05-27,2020-05-27,regular,P.-40,84,general,Chief Academic Officer,20-0771,https://ousd.legistar.com/gateway.aspx?M=L&ID=49359,Professional Services Contract - East Bay Consortium - Oakland Technical High School,"Approval by the Board of Education of a Professional Services Contract between the District and East Bay Consortium, Oakland, CA, for the latter to provide UC Berkeley students, trained as tutors through East Bay Consortium, to work with classroom teachers to reteach pre-algebra skills to students needing to complete Algebra 1 and higher math classes; work with a cohort of students from the three 9th grade ""families"" after school for 24 weeks reteaching math skills to ensure mastery, at Oakland Technical High School, for the period of August 1, 2019 through March 13, 2020, in an amount not to exceed $10,000.00 and COVID Amendment.",Agreement or Contract,Chief Academic Officer,001478,v-001478,Iasa-i Basic Grants Low Income,"Pays East Bay Consortium up to $10,000 for trained UC Berkeley tutors to reteach math at Oakland Tech","East Bay Consortium will provide UC Berkeley students it has trained as tutors to work with classroom teachers. They will reteach pre-algebra to 9th graders who need to complete Algebra 1 and higher math, working with a cohort after school for 24 weeks. The service period ran from August 1, 2019 to March 13, 2020, so it began before this vote. The listing also mentions a COVID amendment without describing it.",Classroom & academic programs,new_agreement,East Bay Consortium,organization,Oakland Technical High School,expense,not_to_exceed,10000,,,,,true,2019-08-01,2020-03-13,after_work_began,,,Adopted on the General Consent Report,2020-05-27,true,auto_ok,sonnet-agent,enrich.v3.md,true,
2020-05-27:20-0780,2020-05-27,2020-05-27,regular,P.-41,85,general,Chief Academic Officer,20-0780,https://ousd.legistar.com/gateway.aspx?M=L&ID=49368,Professional Services Contract - Children Rising - Manzanita SEED Elementary School,"Ratification by the Board of Education of a Professional Services Contract between the District and Children Rising, Oakland, CA, for the latter to establish a reading clinic at the school to provide individualized instruction and reading support for 1st, 2nd and 3rd grade students who have substantially fallen behind grade-level expectations or are struggling with their reading skills at Manzanita SEED Elementary School, for the period August 12, 2019 through March 13, 2020, in an amount not to exceed $6,500.00.",Agreement or Contract,Chief Academic Officer,001645,v-001645,Unrestricted Supplemental Support,"Ratifies up to $6,500 for Children Rising to run a reading clinic at Manzanita SEED Elementary","Children Rising will set up a reading clinic at Manzanita SEED Elementary School. It gives individual reading help to 1st, 2nd and 3rd graders who have fallen well behind grade level. The service period ran from August 12, 2019 to March 13, 2020, so it began before this vote.",Classroom & academic programs,new_agreement,Children Rising,organization,Manzanita SEED Elementary School,expense,not_to_exceed,6500,,,,,true,2019-08-12,2020-03-13,after_work_began,,,Adopted on the General Consent Report,2020-05-27,true,auto_ok,sonnet-agent,enrich.v3.md,true,
2020-05-27:20-0815,2020-05-27,2020-05-27,regular,P.-42,86,general,Chief Academic Officer,20-0815,https://ousd.legistar.com/gateway.aspx?M=L&ID=49403,Professional Services Contract - Eva Jo Meyers - Community Schools and Student Services Department,"Ratification by the Board of Education of a Professional Services Contract between the District and Eva Jo Meyers, El Cerrito, CA, for the latter to provide  Virtual Facilitation Bootcamp: Via Zoom and Google Docs in April and May 2020 for Community School Student Services staff, as well as invite other district staff to learn innovative virtual facilitation strategies to support staff in leading effective distance learning with strategies that can be used for students as well, as described in the Scope of Work, incorporated herein by reference as though fully set forth, via Community Schools and Student Services Department, for the period of April 17, 2020 through June 30, 2020, in an amount not to exceed $4,000.00 and COVID Amendment.",Agreement or Contract,Chief Academic Officer,002840,v-002840,Prop 47 - Lcssp,"Ratifies up to $4,000 for a virtual facilitation training for community schools staff","A contractor will run a Virtual Facilitation Bootcamp on Zoom and Google Docs in April and May 2020 for Community Schools and Student Services staff, with other district staff invited. It teaches ways to lead effective distance learning. The service period ran from April 17 to June 30, 2020, so it began before this vote. The listing also mentions a COVID amendment without describing it.",Classroom & academic programs,new_agreement,Eva Jo Meyers,individual,,expense,not_to_exceed,4000,,,,,true,2020-04-17,2020-06-30,after_work_began,,,Adopted on the General Consent Report,2020-05-27,true,auto_ok,sonnet-agent,enrich.v3.md,true,
2020-05-27:20-0816,2020-05-27,2020-05-27,regular,P.-43,87,general,Chief Academic Officer,20-0816,https://ousd.legistar.com/gateway.aspx?M=L&ID=49404,Professional Services Contract - We Lead Ours - Fremont High School,"Ratification by the Board of Education of a Professional Services Contract between the District and We Lead Ours, Oakland, CA, for the latter to provide Alcohol, Tobacco & Other Drugs (ATOD) awareness individual and group sessions for students violating OUSD tobacco/drug free policies, cessation and strengths-based life skills behavior coaching along with their own classroom and assembly anti-tobacco/marijuana presentations, train and lead peer educators to provide classroom and assembly anti-tobacco/marijuana presentations at Fremont High School, for the period of April 1, 2020 through May 29, 2020, in an amount not to exceed $19,980.00 and COVID Amendment.",Agreement or Contract,Chief Academic Officer,004574,v-004574,ESSA: Comp Support & Improvmt,"Ratifies up to $19,980 for We Lead Ours drug and tobacco awareness sessions at Fremont High","We Lead Ours will lead alcohol, tobacco and other drug awareness sessions at Fremont High School for students who broke the district's tobacco and drug-free policies. It will also offer cessation and life-skills coaching and train peer educators to give anti-tobacco and anti-marijuana presentations. The service period ran from April 1 to May 29, 2020, so it began before this vote. The listing also mentions a COVID amendment without describing it.","Student health, support & family services",new_agreement,We Lead Ours,organization,Fremont High School,expense,not_to_exceed,19980,,,,,true,2020-04-01,2020-05-29,after_work_began,,,Adopted on the General Consent Report,2020-05-27,true,auto_ok,sonnet-agent,enrich.v3.md,true,
2020-05-27:20-0817,2020-05-27,2020-05-27,regular,P.-44,88,general,Chief Academic Officer,20-0817,https://ousd.legistar.com/gateway.aspx?M=L&ID=49405,Professional Services Contract - Baayan Bakari - High School Network,"Ratification by the Board of Education of a Professional Services Contract between the District and Baayan Bakari, Vallejo, CA, for the latter to provide a Cross-Age Mentoring Program (CAMP), a school-based peer mentoring model through which high school students provide one-on-one mentoring to middle school students, as described in the Scope of Work, incorporated herein by reference as though fully set forth, via High School Network, for the period of March 30, 2020 through June 15, 2020, in an amount not to exceed $75,000.00 and COVID Amendment.",Agreement or Contract,Chief Academic Officer,000569,v-000569,Cross-Age Mentoring Program,"Ratifies up to $75,000 for a contractor to run a high school-to-middle school peer mentoring program","The contractor will run the Cross-Age Mentoring Program, in which high school students mentor middle school students one-on-one. It is managed through the High School Network. The service period ran from March 30 to June 15, 2020, so it began before this vote. The listing also mentions a COVID amendment without describing it.","Student health, support & family services",new_agreement,Baayan Bakari,individual,,expense,not_to_exceed,75000,,,,,true,2020-03-30,2020-06-15,after_work_began,,,Adopted on the General Consent Report,2020-05-27,true,auto_ok,sonnet-agent,enrich.v3.md,true,
2020-05-27:20-0818,2020-05-27,2020-05-27,regular,P.-45,89,general,Chief Academic Officer,20-0818,https://ousd.legistar.com/gateway.aspx?M=L&ID=49406,Professional Services Contract - Bay Area Community Resources - Fred T. Korematsu Discovery Academy,"Approval by the Board of Education of a Professional Services Contract between the District and Bay Area Community Resources, San Rafael, CA, for the latter to provide an employee to function as AAMA facilitator, as described in the Scope of Work, incorporated herein by reference as though fully set forth, at Fred T. Korematsu Discovery Academy, for the period of September 16, 2019 through May 28, 2020, in an amount not to exceed $6,414.42 and COVID Amendment.",Agreement or Contract,Chief Academic Officer,000624,v-000624,General Purpose-unrestricted,"Pays Bay Area Community Resources up to $6,414 for an AAMA facilitator at Korematsu Discovery Academy","Bay Area Community Resources will provide an employee to work as the AAMA facilitator at Fred T. Korematsu Discovery Academy, as described in a scope of work. The service period ran from September 16, 2019 to May 28, 2020, so it began before this vote. The listing also mentions a COVID amendment without describing it.","Student health, support & family services",new_agreement,Bay Area Community Resources,organization,Fred T. Korematsu Discovery Academy,expense,not_to_exceed,6414.42,,,,,true,2019-09-16,2020-05-28,after_work_began,,,Adopted on the General Consent Report,2020-05-27,true,auto_ok,sonnet-agent,enrich.v3.md,true,
2020-05-27:20-0819,2020-05-27,2020-05-27,regular,P.-46,90,general,Chief Academic Officer,20-0819,https://ousd.legistar.com/gateway.aspx?M=L&ID=49407,"Professional Services Contract - Blueprint Schools Network, Inc. - Montera Middle School","Ratification by the Board of Education of a Professional Services Contract between the District and Blueprint Schools Network, Inc., Boston, MA, for the latter to supply two full-time Math Fellows to provide small-group high dosage tutoring in Math during the school day at Montera Middle School, for the period of August 12, 2019 through May 29, 2020, in an amount not to exceed $25,000.00 and COVID Amendment.",Agreement or Contract,Chief Academic Officer,000725,v-000725,Low Performing Grant,"Ratifies up to $25,000 for Blueprint Schools Network math tutors at Montera Middle School","Blueprint Schools Network will supply two full-time Math Fellows to give small-group, high-intensity math tutoring during the school day at Montera Middle School. The service period ran from August 12, 2019 to May 29, 2020, so it began before this vote. The listing also mentions a COVID amendment without describing it.",Classroom & academic programs,new_agreement,"Blueprint Schools Network, Inc.",organization,Montera Middle School,expense,not_to_exceed,25000,,,,,true,2019-08-12,2020-05-29,after_work_began,,,Adopted on the General Consent Report,2020-05-27,true,auto_ok,sonnet-agent,enrich.v3.md,true,
2020-05-27:20-0820,2020-05-27,2020-05-27,regular,P.-47,91,general,Chief Academic Officer,20-0820,https://ousd.legistar.com/gateway.aspx?M=L&ID=49408,"Professional Services Contract - Blueprint Schools Network, Inc. - Middle School Network","Ratification by the Board of Education of a Professional Services Contract between the District and Blueprint Schools Network, Inc., Boston, MA, for the latter to provide full-time Math Fellows at Westlake Middle School to assist students by providing a mathematical foundation via Middle School Network, for the period of August 12, 2019 through May 29, 2020, in an amount not to exceed $59,000.00 and COVID Amendment.",Agreement or Contract,Chief Academic Officer,000725,v-000725,Salesforce.org,"Ratifies up to $59,000 for Blueprint Schools Network math fellows at Westlake Middle School","Blueprint Schools Network will provide full-time Math Fellows at Westlake Middle School to help students build a mathematical foundation. The contract is managed through the Middle School Network. The service period ran from August 12, 2019 to May 29, 2020, so it began before this vote. The listing also mentions a COVID amendment without describing it.",Classroom & academic programs,new_agreement,"Blueprint Schools Network, Inc.",organization,Westlake Middle School,expense,not_to_exceed,59000,,,,,true,2019-08-12,2020-05-29,after_work_began,,,Adopted on the General Consent Report,2020-05-27,true,auto_ok,sonnet-agent,enrich.v3.md,true,
2020-05-27:20-0822,2020-05-27,2020-05-27,regular,P.-48,92,general,Chief Academic Officer,20-0822,https://ousd.legistar.com/gateway.aspx?M=L&ID=49410,Professional Services Contract - Oakland Public Education Fund - Linked Learning Department,"Approval by the Board of Education of a Professional Services Contract between the District and Oakland Public Education Fund, Oakland, CA, for the latter to issue stipends, drawn from these contract dollars, for District student interns enrolled in the pathway-based summer career preparation program, “ECCCO” (Exploring College, Career, and Community Options, via Linked Learning Department, for the period of June 1, 2020 through June 30, 2020, in an amount not to exceed $200,000.00 and COVID Amendment.",Agreement or Contract,Chief Academic Officer,003143,v-003143,Oakland Fund for Children and Youth (OFCY),"Approves up to $200,000 for Oakland Public Education Fund to pay ECCCO student intern stipends","The Oakland Public Education Fund will issue stipends from this contract to district student interns in ECCCO (Exploring College, Career, and Community Options), a summer career preparation program. It is managed through the Linked Learning Department and runs June 1 to June 30, 2020. The listing also mentions a COVID amendment without describing it.",Classroom & academic programs,new_agreement,Oakland Public Education Fund,organization,,expense,not_to_exceed,200000,,,,,true,2020-06-01,2020-06-30,,,,Adopted on the General Consent Report,2020-05-27,true,auto_ok,sonnet-agent,enrich.v3.md,true,
2020-05-27:20-0823,2020-05-27,2020-05-27,regular,P.-49,93,general,Chief Academic Officer,20-0823,https://ousd.legistar.com/gateway.aspx?M=L&ID=49411,Professional Services Contract - Oakland Public Education Fund - Linked Learning Department,"Approval by the Board of Education of a Professional Services Contract between the District and Oakland Public Education Fund, Oakland, CA, for the latter to issue stipends, drawn from these contract dollars, for District student interns enrolled in the pathway-based summer career preparation program, “ECCCO” (Exploring College, Career, and Community Options, via Linked Learning Department, for the period of June 1, 2020 through June 30, 2020, in an amount not to exceed $250,500.00 and COVID Amendment.",Agreement or Contract,Chief Academic Officer,003143,v-003143,Measure N,"Approves up to $250,500 for Oakland Public Education Fund to pay ECCCO student intern stipends","The Oakland Public Education Fund will issue stipends from this contract to district student interns in ECCCO (Exploring College, Career, and Community Options), a summer career preparation program. It is managed through the Linked Learning Department and runs June 1 to June 30, 2020. The listing also mentions a COVID amendment without describing it.",Classroom & academic programs,new_agreement,Oakland Public Education Fund,organization,,expense,not_to_exceed,250500,,,,,true,2020-06-01,2020-06-30,,,,Adopted on the General Consent Report,2020-05-27,true,auto_ok,sonnet-agent,enrich.v3.md,true,
2020-05-27:20-0828,2020-05-27,2020-05-27,regular,P.-50,94,general,Chief Academic Officer,20-0828,https://ousd.legistar.com/gateway.aspx?M=L&ID=49416,"Professional Services Contract - Beats, Rhymes & Life - Community Schools and Student Services Department","Ratification by the Board of Education of a Professional Services Contract between the District and ""Beats, Rhymes & Life"", Oakland, CA, for the latter to implement the Beats, Rhymes and Life method of substance abuse prevention with Madison Park Academy (MPA) peer educators and students referred for alcohol, tobacco, or other drug use, as described in the Scope of Work, incorporated herein by reference as though fully set forth, via Community Schools and Student Services Department, for the period of January 29, 2020 through May 29, 2020 in an amount not to exceed $7,000.00 and the COVID Amendment.",Agreement or Contract,Chief Academic Officer,004819,v-004819,Tupe - Prop 56,"Ratifies up to $7,000 for Beats, Rhymes & Life substance abuse prevention at Madison Park Academy","Beats, Rhymes & Life will use its method of substance abuse prevention with Madison Park Academy peer educators and with students referred for alcohol, tobacco or other drug use. The service period ran from January 29 to May 29, 2020, so it began before this vote. The listing also mentions a COVID amendment without describing it.","Student health, support & family services",new_agreement,"Beats, Rhymes & Life",organization,Madison Park Academy,expense,not_to_exceed,7000,,,,,true,2020-01-29,2020-05-29,after_work_began,,,Adopted on the General Consent Report,2020-05-27,true,auto_ok,sonnet-agent,enrich.v3.md,true,
2020-05-27:20-0861,2020-05-27,2020-05-27,regular,P.-51,95,general,Chief Academic Officer,20-0861,https://ousd.legistar.com/gateway.aspx?M=L&ID=49449,"Amendment No. 2, Professional Services Contract - Barbara Howell, LMFT - Chabot Elementary School","Ratification by the Board of Education of Amendment No. 2, Professional Services Contract between the District and Barbara Howell, LMFT, Albany, CA, for the latter, adding to the current Scope of Work, the supervision of a student therapeutic intern, in the additional amount of $2,250.00, increasing the Contract not to exceed amount from $12,500.00 to $14,750.00, for the term August 12, 2019 through June 30 2020 and COVID Amendment.  All other terms and conditions of the Agreement remain in full force and effect.",Agreement or Contract,Chief Academic Officer,006143,v-006143,PTA LOCAL SCHOOLS,"Adds $2,250 for a therapist at Chabot Elementary to supervise a student intern, raising the cap to $14,750","The scope of work grows to include supervision of a student therapeutic intern at Chabot Elementary School. The contract limit rises from $12,500 to $14,750 for August 12, 2019 to June 30, 2020, and the work began before this vote. The listing also mentions a COVID amendment without describing it. All other terms stay the same.","Student health, support & family services",amendment,"Barbara Howell, LMFT",individual,Chabot Elementary School,expense,not_to_exceed,2250,,,12500,14750,true,2019-08-12,2020-06-30,after_work_began; raises_existing_contract,,,Adopted on the General Consent Report,2020-05-27,true,auto_ok,sonnet-agent,enrich.v3.md,true,
2020-05-27:20-0874,2020-05-27,2020-05-27,regular,P.-52,96,general,Chief Academic Officer,20-0874,https://ousd.legistar.com/gateway.aspx?M=L&ID=49462,Professional Services Contract - CircleUp Education - Redwood Heights Elementary School,"Ratification by the Board of Education of a Professional Services Contract between the District and CircleUp Education, Castro Valley, CA, for the latter to provide principal Cynthia Bagby, staff with coaching sessions, and parents with education sessions to realign with the school’s commitment to creating anti-racism and anti-discrimination school-wide climate/culture systems, as described in the Scope of Work, incorporated herein by reference as though fully set forth at Redwood Heights Elementary School, for the period of October 16, 2019 through May 15, 2020 in an amount not to exceed $4,150.00 and COVID Amendment.",Agreement or Contract,Chief Academic Officer,005401,v-005401,Donations,"Ratifies up to $4,150 for CircleUp Education anti-racism coaching at Redwood Heights Elementary","CircleUp Education will give the principal and staff coaching sessions, and parents education sessions, to support the school's commitment to anti-racism and anti-discrimination in its climate and culture. The service period ran from October 16, 2019 to May 15, 2020, so it began before this vote. The listing also mentions a COVID amendment without describing it.",Classroom & academic programs,new_agreement,CircleUp Education,organization,Redwood Heights Elementary School,expense,not_to_exceed,4150,,,,,true,2019-10-16,2020-05-15,after_work_began,,,Adopted on the General Consent Report,2020-05-27,true,auto_ok,sonnet-agent,enrich.v3.md,true,
2020-05-27:20-0875,2020-05-27,2020-05-27,regular,P.-53,97,general,Chief Academic Officer,20-0875,https://ousd.legistar.com/gateway.aspx?M=L&ID=49463,Professional Services Contract - Lisa Hoffman - Redwood Heights Elementary School,"Ratification by the Board of Education of a Professional Services Contract between the District and Lisa Hoffman, Oakland, CA, for the latter to assist the Arts Incentive Grant Project (Project) with developing tools, piloting new assessments, developing the digital portfolios and documenting and sustaining the arts integration model at  Redwood Heights Elementary School (RHS), as described in the Scope of Work, incorporated herein by reference as though fully set forth, at Redwood Heights Elementary School, for the period of September 14, 2015 through May 24, 2019, in an amount not to exceed $2,500.00 and COVID Amendment.",Agreement or Contract,Chief Academic Officer,002099,v-002099,"Measure G, Parcel Tax","Ratifies up to $2,500 for an arts integration consultant at Redwood Heights Elementary","A contractor helped the school's Arts Incentive Grant Project develop tools, pilot new assessments, build digital portfolios and document its arts integration model. The listed service period, September 14, 2015 to May 24, 2019, ended before this vote, so the district is approving the work after it was done. The listing also mentions a COVID amendment without describing it.",Classroom & academic programs,new_agreement,Lisa Hoffman,individual,Redwood Heights Elementary School,expense,not_to_exceed,2500,,,,,true,2015-09-14,2019-05-24,after_work_began; source_issue; multi_year,"The stated contract period, September 14, 2015 through May 24, 2019, ended before the 2020 vote and the text also refers to a COVID Amendment, so the intended term is unclear.",,Adopted on the General Consent Report,2020-05-27,true,auto_ok,sonnet-agent,enrich.v3.md,true,
2020-05-27:20-0876,2020-05-27,2020-05-27,regular,P.-54,98,general,Chief Academic Officer,20-0876,https://ousd.legistar.com/gateway.aspx?M=L&ID=49464,Professional Services Contract - CircleUp Education - Redwood Heights Elementary School,"Ratification by the Board of Education of a Professional Services Contract between the District and CircleUp Education, Castro Valley, CA, for the latter to provide principal Cynthia Bagby and her staff with approximately 10-12 1-hour coaching sessions to realign with the school’s commitment to creating anti-racism and anti-discrimination school-wide climate/culture systems, as described in the Scope of Work, incorporated herein by reference as though fully set forth at Redwood Heights Elementary School, for the period of October 16, 2019 through May 20, 2020, in an amount not to exceed $5,000.00.",Agreement or Contract,Chief Academic Officer,005401,v-005401,Donations,"Ratifies up to $5,000 for CircleUp Education coaching on school climate at Redwood Heights Elementary","CircleUp Education will give the principal and staff about 10 to 12 one-hour coaching sessions to support the school's commitment to anti-racism and anti-discrimination in its climate and culture. The service period ran from October 16, 2019 to May 20, 2020, so it began before this vote.",Classroom & academic programs,new_agreement,CircleUp Education,organization,Redwood Heights Elementary School,expense,not_to_exceed,5000,,,,,true,2019-10-16,2020-05-20,after_work_began,,,Adopted on the General Consent Report,2020-05-27,true,auto_ok,sonnet-agent,enrich.v3.md,true,
2020-05-27:20-0879,2020-05-27,2020-05-27,regular,P.-55,99,general,Chief Academic Officer,20-0879,https://ousd.legistar.com/gateway.aspx?M=L&ID=49467,"Amendment No. 1, Professional Services Contract - Moira De Nike - Community Schools and Student Services Department","Ratification by the Board of Education of Amendment No. 1, Professional Services Contract between the District and Moira De Nike, San Francisco, CA, for the latter to provide an additional 32 hours of support to modify, with the approval of the Program Specialist, the evaluation design for two tobacco grants and perform additional administrative tasks related to the TUPE Grant, as specified in the Scope of Work, incorporated herein by reference as though fully set forth, for the period of September 15, 2019 through June 30, 2020, in the additional amount of $4,000.00, increasing the Contract not to exceed amount from $11,000.00 to $15,000.00, via the Community Schools and Student Services Department and COVID Amendment.  All other terms and conditions of the Contract remain in full force and effect.",Agreement or Contract,Chief Academic Officer,001318,v-001318,Tupe - Prop 56,"Adds $4,000 for 32 more hours of evaluation support on two tobacco grants, raising the cap to $15,000","The contractor will provide 32 more hours of support to change the evaluation design for two tobacco grants and to do added administrative tasks for the TUPE Grant. The contract limit rises from $11,000 to $15,000 for September 15, 2019 to June 30, 2020, and the work began before this vote. The listing also mentions a COVID amendment without describing it. All other terms stay the same.","Student health, support & family services",amendment,Moira De Nike,individual,,expense,not_to_exceed,4000,,,11000,15000,true,2019-09-15,2020-06-30,after_work_began; raises_existing_contract,,,Adopted on the General Consent Report,2020-05-27,true,auto_ok,sonnet-agent,enrich.v3.md,true,
2020-05-27:20-0881,2020-05-27,2020-05-27,regular,P.-56,100,general,Chief Academic Officer,20-0881,https://ousd.legistar.com/gateway.aspx?M=L&ID=49469,Professional Services Contract - Street Academy Foundation - Linked Learning Department,"Approval by the Board of Education of a Professional Services Contract between the District and Street Academy Foundation, Oakland, CA, for the latter to develop Career Technical Education (CTE) standards-aligned curriculum, establish an Advisory Board, and build out a work-based learning program for its CTE students, via Linked Learning Department, for the period of April 28, 2020 through May 31, 2020, in an amount not to exceed $3,000.00 and COVID Amendment.",Agreement or Contract,Chief Academic Officer,004105,v-004105,Voc & Applied Secondary & Adult,"Approves up to $3,000 for Street Academy Foundation to build career technical education curriculum","Street Academy Foundation will develop Career Technical Education (CTE) curriculum aligned to standards, set up an advisory board, and build a work-based learning program for its CTE students. It is managed through the Linked Learning Department. The service period ran from April 28 to May 31, 2020, so it began before this vote. The listing also mentions a COVID amendment without describing it.",Classroom & academic programs,new_agreement,Street Academy Foundation,organization,,expense,not_to_exceed,3000,,,,,true,2020-04-28,2020-05-31,after_work_began,,,Adopted on the General Consent Report,2020-05-27,true,auto_ok,sonnet-agent,enrich.v3.md,true,
2020-05-27:20-0885,2020-05-27,2020-05-27,regular,P.-57,101,general,Chief Academic Officer,20-0885,https://ousd.legistar.com/gateway.aspx?M=L&ID=49473,"Amendment No. 1, Professional Services Contract - Kate Wadsworth - Community Schools and Student Services Department","Ratification by the Board of Education of Amendment No. 1, Professional Services Contract between the District and Kate Wadsworth, Oakland, CA, for the latter to provide an additional 334 hours of clinical supervision to meet the requirements of the MSW internship placements and to meet the behavioral health needs of elementary students, for the period of August 01, 2019 through June 30, 2020,  in the additional amount of $25,000.00,  increasing the not to exceed amount of  Contract from $25,000.00 to $50,000.00, via the Community Schools and Student Services Department and COVID Amendment.  All other terms and conditions of the Agreement remain in full force and effect.",Agreement or Contract,Chief Academic Officer,004535,v-004535,General Purpose-unrestricted,"Adds $25,000 for 334 more hours of clinical supervision for social work interns, doubling the cap to $50,000","The contractor will provide 334 more hours of clinical supervision to meet the requirements of master's-level social work internship placements and to meet the behavioral health needs of elementary students. The contract limit rises from $25,000 to $50,000 for August 1, 2019 to June 30, 2020, and the work began before this vote. The listing also mentions a COVID amendment without describing it.","Student health, support & family services",amendment,Kate Wadsworth,individual,,expense,not_to_exceed,25000,,,25000,50000,true,2019-08-01,2020-06-30,after_work_began; raises_existing_contract; large_increase,,,Adopted on the General Consent Report,2020-05-27,true,auto_ok,sonnet-agent,enrich.v3.md,true,
2020-05-27:20-0886,2020-05-27,2020-05-27,regular,P.-58,102,general,Chief Academic Officer,20-0886,https://ousd.legistar.com/gateway.aspx?M=L&ID=49474,Professional Services Contract - Niroga Institute - Westlake Middle School,"Approval by the Board of Education of a Professional Services Contract between the District and Niroga Institute, Oakland, CA, for the latter to provide its DMind Program, composed of mindful movement, breathing techniques and centering practices, providing optimal stress resilience and healing from trauma to promoting social and emotional learning within the school community, at Westlake Middle School, for the period of August 12, 2019 through May 28, 2020, in an amount not to exceed $10,000.00 and COVID Amendment.",Agreement or Contract,Chief Academic Officer,003088,v-003088,Measure G1 Parcel Tx,"Approves up to $10,000 for Niroga Institute mindfulness and stress-relief program at Westlake Middle","Niroga Institute will run its DMind Program at Westlake Middle School. It uses mindful movement, breathing techniques and centering practices to build stress resilience and support social and emotional learning. The service period ran from August 12, 2019 to May 28, 2020, so it began before this vote. The listing also mentions a COVID amendment without describing it.","Student health, support & family services",new_agreement,Niroga Institute,organization,Westlake Middle School,expense,not_to_exceed,10000,,,,,true,2019-08-12,2020-05-28,after_work_began,,,Adopted on the General Consent Report,2020-05-27,true,auto_ok,sonnet-agent,enrich.v3.md,true,
2020-05-27:20-0887,2020-05-27,2020-05-27,regular,P.-59,103,general,Chief Academic Officer,20-0887,https://ousd.legistar.com/gateway.aspx?M=L&ID=49475,Professional Services Contract - Niroga Institute - Bret Harte Middle School,"Approval by the Board of Education of a Professional Services Contract between the District and Niroga Institute, Oakland, CA, for the latter to provide its DMind Program, integrating mindful action, breathing and centering into a powerful intervention that can be implemented in the classroom and beyond, providing optimal stress resilience, healing trauma, and enabling well-being, at Bret Harte Middle School, for the period of August 1, 2019 through May 30, 2020, in an amount not to exceed $15,000.00 and COVID Amendment.",Agreement or Contract,Chief Academic Officer,003088,v-003088,Measure G1 Parcel Tx,"Approves up to $15,000 for Niroga Institute mindfulness and stress-relief program at Bret Harte Middle","Niroga Institute will run its DMind Program at Bret Harte Middle School. It combines mindful action, breathing and centering to build stress resilience, help students heal from trauma and support well-being. The service period ran from August 1, 2019 to May 30, 2020, so it began before this vote. The listing also mentions a COVID amendment without describing it.","Student health, support & family services",new_agreement,Niroga Institute,organization,Bret Harte Middle School,expense,not_to_exceed,15000,,,,,true,2019-08-01,2020-05-30,after_work_began,,,Adopted on the General Consent Report,2020-05-27,true,auto_ok,sonnet-agent,enrich.v3.md,true,
2020-05-27:20-0893,2020-05-27,2020-05-27,regular,P.-60,104,general,Chief Academic Officer,20-0893,https://ousd.legistar.com/gateway.aspx?M=L&ID=49481,"Amendment No. 1, Professional Services Contract - SPAAT - Office of Equity","Approval by the Board of Education of Amendment No. 1, Professional Services Contract between the District and SPAAT, Oakland, CA, for the latter to provide virtual tutoring and mentoring for students for the period of August 15, 2019 through April 30, 2020, in the additional amount of $17,000.00, increasing the Contract not to exceed amount from $135,000.00 to $152,000.00, via the Office of Equity and COVID Amendment.  All other terms and conditions of the Contract remain in full force and effect.",Agreement or Contract,Chief Academic Officer,004011,v-004011,Oakland Fund for Children and Youth (OFCY),"Adds $17,000 for SPAAT virtual tutoring and mentoring, raising the cap from $135,000 to $152,000","SPAAT will provide virtual tutoring and mentoring for students through the Office of Equity. The contract limit rises by $17,000, from $135,000 to $152,000, for August 15, 2019 to April 30, 2020, and the work began before this vote. The listing also mentions a COVID amendment without describing it. All other terms stay the same.",Classroom & academic programs,amendment,SPAAT,organization,,expense,not_to_exceed,17000,,,135000,152000,true,2019-08-15,2020-04-30,raises_existing_contract,,,Adopted on the General Consent Report,2020-05-27,true,auto_ok,sonnet-agent,enrich.v3.md,true,
2020-05-27:20-0894,2020-05-27,2020-05-27,regular,P.-61,105,general,Chief Academic Officer,20-0894,https://ousd.legistar.com/gateway.aspx?M=L&ID=49482,Professional Services Contract - Oakland Public Education Fund - Office of Equity,"Approval by the Board of Education of a Professional Services Contract between the District and Oakland Public Education Fund, Oakland, CA, for the latter to academic tutoring, college advising, life skills and athletic training and two individual activities - college advising and support services, via the Office of Equity, for the period of September 9, 2019 through May 29, 2020, in an amount not to exceed $68,000.00 and COVID Amendment.",Agreement or Contract,Chief Academic Officer,003143,v-003143,Oakland Fund for Children and Youth (OFCY) Grant,"Pays Oakland Public Education Fund up to $68,000 for tutoring, college advising and athletic training","The district is contracting with the Oakland Public Education Fund, through the Office of Equity, for academic tutoring, college advising, life skills and athletic training. It can pay up to $68,000 for September 9, 2019 through May 29, 2020, funded by an Oakland Fund for Children and Youth grant. The contract period began before the board vote, and it includes a COVID-19 amendment.",Classroom & academic programs,new_agreement,Oakland Public Education Fund,organization,,expense,not_to_exceed,68000,,,,,true,2019-09-09,2020-05-29,after_work_began,,,Adopted on the General Consent Report,2020-05-27,true,auto_ok,sonnet-agent,enrich.v3.md,true,
2020-05-27:20-0895,2020-05-27,2020-05-27,regular,P.-62,106,general,Chief Academic Officer,20-0895,https://ousd.legistar.com/gateway.aspx?M=L&ID=49483,Professional Services Contract - New Door Ventures - Dewey Academy,"Ratification by the Board of Education of a Professional Services Contract between the District and New Door Ventures, San Francisco, CA, for the latter to provide pre-employment training, job placement, case management, and work skill training services to students and placement with a range of Oakland businesses, via Dewey Academy, for the period of April 15, 2020 through June 30, 2020, in an amount not to exceed $10,000.00 and the COVID Amendment.",Agreement or Contract,Chief Academic Officer,005644,v-005644,Measure N,"Approves up to $10,000 for New Door Ventures job training for Dewey Academy students","The board is ratifying (approving after the fact) a contract with New Door Ventures for pre-employment training, job placement, case management and work skill training for Dewey Academy students, including placement with Oakland businesses. It can pay up to $10,000 for April 15 through June 30, 2020, from Measure N funds. The work began before the board vote, and the contract includes a COVID-19 amendment.",Classroom & academic programs,new_agreement,New Door Ventures,organization,Dewey Academy,expense,not_to_exceed,10000,,,,,true,2020-04-15,2020-06-30,after_work_began,,,Adopted on the General Consent Report,2020-05-27,true,auto_ok,sonnet-agent,enrich.v3.md,true,
2020-05-27:20-0896,2020-05-27,2020-05-27,regular,P.-63,107,general,Chief Academic Officer,20-0896,https://ousd.legistar.com/gateway.aspx?M=L&ID=49484,Professional Services Contract - Susan Cuong - Linked Learning Department,"Ratification by the Board of Education of a Professional Services Contract between the District and Susan Cuong, San Leandro, CA, for the latter to provide Career Technical Education College and Career guidance and support to seniors; helping the students matriculate in community colleges or career training programs aligned to the students career goals;  case work after the enrollment documents have been completed and submitted, via Linked Learning Department, for the period of April 23, 2020 through June 30, 2020, in an amount not to exceed $2,400.00 and COVID Amendment.",Agreement or Contract,Chief Academic Officer,006627,v-006627,K12 Strong Workforce Grant,"Pays a contractor up to $2,400 for college and career guidance for seniors","The board is ratifying (approving after the fact) a contract with an individual for Career Technical Education college and career guidance for seniors. This includes helping students enter community colleges or career training and following up on casework after enrollment papers are submitted. It can pay up to $2,400 for April 23 through June 30, 2020, from the K12 Strong Workforce Grant. The work began before the board vote, and the contract includes a COVID-19 amendment.",Classroom & academic programs,new_agreement,Susan Cuong,individual,,expense,not_to_exceed,2400,,,,,true,2020-04-23,2020-06-30,after_work_began,,,Adopted on the General Consent Report,2020-05-27,true,auto_ok,sonnet-agent,enrich.v3.md,true,
2020-05-27:20-0897,2020-05-27,2020-05-27,regular,P.-64,108,general,Chief Academic Officer,20-0897,https://ousd.legistar.com/gateway.aspx?M=L&ID=49485,"Amendment No. 1, Professional Services Contract - Seneca Family of Agencies - Community Day High School","Approval by the Board of Education of Amendment No. 1, Professional Services Contract between the District and Seneca Family of Agencies, San Leandro, CA, for the latter to provide 250 hours of services at Community Day School … therapy to students and their family; teacher consultation around students' behavioral and mental health issues; implementation of positive behavior modification system; and attendance at school staff meetings, student conferences, and collaborative team meetings;  services will continue through June to assist students coping with additional stress from Covid-19 such as isolation, economic instability, and health issues, in an amount not to exceed $20,000.00 (no increase in cost) , extending term from August 19, 2019 through May 29, 2020 to June 30, 2020 and COVID Amendment. All other terms and conditions of the Contract remain in full force and effect.",Agreement or Contract,Chief Academic Officer,003865,v-003865,No Fiscal Impact,Extends Seneca Family of Agencies' Community Day School services to June 30 at no added cost,"This amendment keeps Seneca Family of Agencies working at Community Day School for about a month longer, through June 30, 2020, instead of ending May 29. Services include therapy for students and families, teacher consultation on behavior and mental health, and help for students coping with stress from COVID-19. The contract stays capped at $20,000 for 250 hours of services, so there is no increase in cost; the amendment also includes a COVID-19 amendment.","Student health, support & family services",amendment,Seneca Family of Agencies,organization,Community Day School,no_cost,not_to_exceed,,,,,20000,true,2019-08-19,2020-06-30,time_extension_only,,,Adopted on the General Consent Report,2020-05-27,true,auto_ok,sonnet-agent,enrich.v3.md,true,
2020-05-27:20-0898,2020-05-27,2020-05-27,regular,P.-65,109,general,Chief Academic Officer,20-0898,https://ousd.legistar.com/gateway.aspx?M=L&ID=49486,Professional Services Contract - Jennie Mollica - Linked Learning Department,"Ratification by the Board of Education of a Professional Services Contract between the District and Jennie Mollica, Oakland, CA, for the latter to facilitate the implementation of K12 Strong Workforce Projects (SWP) in District; develop project management and progress monitoring tools to support the local and regional efforts associated with K12 Strong Workforce, Career Technical Education Incentive Grant, and Community College Strong Workforce, and ensure effective collaboration between District and the Peralta Colleges, via Linked Learning Department, for the period of April 20, 2020 through July 31, 2020, in an amount not to exceed $30,000.00 and COVID Amendment.",Agreement or Contract,Chief Academic Officer,002901,v-002901,K12 Strong Workforce Grant,"Pays a contractor up to $30,000 to manage K12 Strong Workforce projects with Peralta Colleges","The board is ratifying (approving after the fact) a contract with an individual to help carry out K12 Strong Workforce Projects in the district. The work includes building project management and progress tools and making sure the district and the Peralta Colleges work well together. It can pay up to $30,000 for April 20 through July 31, 2020, from the K12 Strong Workforce Grant. The work began before the board vote, and the contract includes a COVID-19 amendment.",Classroom & academic programs,new_agreement,Jennie Mollica,individual,,expense,not_to_exceed,30000,,,,,true,2020-04-20,2020-07-31,after_work_began,,,Adopted on the General Consent Report,2020-05-27,true,auto_ok,sonnet-agent,enrich.v3.md,true,
2020-05-27:20-0900,2020-05-27,2020-05-27,regular,P.-66,110,general,Chief Academic Officer,20-0900,https://ousd.legistar.com/gateway.aspx?M=L&ID=49488,Professional Services Contract - Christian Rodriguez - Linked Learning Department,"Ratification by the Board of Education of a Professional Services Contract between the District and Christian Rodriguez, San Jose, CA, for the latter to provide Career Technical Education College and Career guidance and support to seniors; help students matriculate in community colleges or career training programs aligned to the students career goals; case work after the enrollment documents have been completed and submitted, via Linked Learning Department, for the period of April 23, 2020 through June 30, 2020, in an amount not to exceed $3,200.00 and COVID Amendment.",Agreement or Contract,Chief Academic Officer,006637,v-006637,K12 Strong Workforce Grant,"Pays a contractor up to $3,200 for college and career guidance for seniors","The board is ratifying (approving after the fact) a contract with an individual for Career Technical Education college and career guidance for seniors. This includes helping students enter community colleges or career training and following up on casework after enrollment papers are submitted. It can pay up to $3,200 for April 23 through June 30, 2020, from the K12 Strong Workforce Grant. The work began before the board vote, and the contract includes a COVID-19 amendment.",Classroom & academic programs,new_agreement,Christian Rodriguez,individual,,expense,not_to_exceed,3200,,,,,true,2020-04-23,2020-06-30,after_work_began,,,Adopted on the General Consent Report,2020-05-27,true,auto_ok,sonnet-agent,enrich.v3.md,true,
2020-05-27:20-0901,2020-05-27,2020-05-27,regular,P.-67,111,general,Chief Academic Officer,20-0901,https://ousd.legistar.com/gateway.aspx?M=L&ID=49489,Professional Services Contract - Cindy Oludayo - Edna Brewer Middle School,"Ratification by the Board of Education of a Professional Services Contract between the District and Cindy Oludayo, Oakland , CA, for the latter to work collaboratively with Brewer administrators, teachers and other community members to increase parent/family engagement, specifically families of students of color; plan and facilitate meetings; create agenda; identify key stakeholders to participate in meetings; organize events; utilize different means of advertising to families: newsletter, robocall, home visits, flyers, handouts, meet and greet families before and after school, attend school events to advertise; work to connect families with other community base organizations and resources; set up focus groups; work with PTSA to create equity driven events at Edna Brewer Middle School, for the period of August 12, 2019 through February 28, 2020, in an amount not to exceed $4,104.00.",Agreement or Contract,Chief Academic Officer,005780,v-005780,Iasa-i Basic Grants Low Income,"Pays a family engagement contractor up to $4,104 at Edna Brewer Middle School","The board is ratifying (approving after the fact) a contract with an individual to increase parent and family involvement at Edna Brewer Middle School, especially among families of students of color. Duties include planning meetings and events, reaching families through newsletters, calls and home visits, and connecting them to community resources. It can pay up to $4,104 for August 12, 2019 through February 28, 2020, from low-income basic grant funds. The work began before the board vote.","Student health, support & family services",new_agreement,Cindy Oludayo,individual,Edna Brewer Middle School,expense,not_to_exceed,4104,,,,,true,2019-08-12,2020-02-28,after_work_began,,,Adopted on the General Consent Report,2020-05-27,true,auto_ok,sonnet-agent,enrich.v3.md,true,
2020-05-27:20-0902,2020-05-27,2020-05-27,regular,P.-68,112,general,Chief Academic Officer,20-0902,https://ousd.legistar.com/gateway.aspx?M=L&ID=49490,Professional Services Contract - Minh An Nguyen - Linked Learning Department,"Ratification by the Board of Education of a Professional Services Contract between the District and Minh An Nguyen, Sunnyvale, CA, for the latter to provide Career Technical Education College and Career guidance and support to seniors; help students matriculate in community colleges or career training programs aligned to the students career goals; case work after the enrollment documents have been completed and submitted via Linked Learning Department, for the period of April 23, 2020 through June 30, 2020, in an amount not to exceed $3,840.00 and COVID Amendment.",Agreement or Contract,Chief Academic Officer,006625,v-006625,K12 Strong Workforce Grant,"Pays a contractor up to $3,840 for college and career guidance for seniors","The board is ratifying (approving after the fact) a contract with an individual for Career Technical Education college and career guidance for seniors. This includes helping students enter community colleges or career training and following up on casework after enrollment papers are submitted. It can pay up to $3,840 for April 23 through June 30, 2020, from the K12 Strong Workforce Grant. The work began before the board vote, and the contract includes a COVID-19 amendment.",Classroom & academic programs,new_agreement,Minh An Nguyen,individual,,expense,not_to_exceed,3840,,,,,true,2020-04-23,2020-06-30,after_work_began,,,Adopted on the General Consent Report,2020-05-27,true,auto_ok,sonnet-agent,enrich.v3.md,true,
2020-05-27:20-0903,2020-05-27,2020-05-27,regular,P.-69,113,general,Chief Academic Officer,20-0903,https://ousd.legistar.com/gateway.aspx?M=L&ID=49491,Professional Services Contract - Thao Tran - Linked Learning Department,"Ratification by the Board of Education of a Professional Services Contract between the District and Thao Tran, Oakland, CA, for the latter to provide Career Technical Education College and Career guidance and support to seniors;  help students matriculate in community colleges or career training programs aligned to the students career goals; case work after the enrollment documents have been completed and submitted via Linked Learning Department, for the period of April 23, 2020 through June 30, 2020, in an amount not to exceed $10,000.00 and COVID Amendment.",Agreement or Contract,Chief Academic Officer,006620,v-006620,K12 Strong Workforce Grant,"Pays a contractor up to $10,000 for college and career guidance for seniors","The board is ratifying (approving after the fact) a contract with an individual for Career Technical Education college and career guidance for seniors. This includes helping students enter community colleges or career training and following up on casework after enrollment papers are submitted. It can pay up to $10,000 for April 23 through June 30, 2020, from the K12 Strong Workforce Grant. The work began before the board vote, and the contract includes a COVID-19 amendment.",Classroom & academic programs,new_agreement,Thao Tran,individual,,expense,not_to_exceed,10000,,,,,true,2020-04-23,2020-06-30,after_work_began,,,Adopted on the General Consent Report,2020-05-27,true,auto_ok,sonnet-agent,enrich.v3.md,true,
2020-05-27:20-0904,2020-05-27,2020-05-27,regular,P.-70,114,general,Chief Academic Officer,20-0904,https://ousd.legistar.com/gateway.aspx?M=L&ID=49492,Professional Services Contract - Johnny Lorigo - Oakland Athletic League (OAL),"Ratification by the Board of Education of a Professional Services Contract between the District and Johnny Lorigo, Oakland, CA, for the latter to cross-check both the current and former rule books, along with the current California Interscholastic Federation Constitution & Bylaws, to ensure alignment for presentation of a complete, revised 2020-2021 document to the Oakland Section Commissioner for review and approval by July 1, 2020; then to the OAL Policy Committee for review and formal approval in August 2020, via Oakland Athletic League (OAL), for the period of May 1, 2020 through June 30, 2020, in an amount not to exceed $15,000.00 and COVID Amendment.",Agreement or Contract,Chief Academic Officer,002638,v-002638,General Purpose-unrestricted,"Pays a contractor up to $15,000 to align Oakland Athletic League rule books with state rules","The board is ratifying (approving after the fact) a contract with an individual to compare the current and former Oakland Athletic League rule books with the California Interscholastic Federation bylaws and prepare a revised 2020-2021 rule book. The draft goes to the Oakland Section Commissioner by July 1, 2020, then to the league's policy committee in August 2020. It can pay up to $15,000 for May 1 through June 30, 2020, from unrestricted general funds. The work began before the board vote, and the contract includes a COVID-19 amendment.",Governance & board business,new_agreement,Johnny Lorigo,individual,,expense,not_to_exceed,15000,,,,,true,2020-05-01,2020-06-30,after_work_began,,,Adopted on the General Consent Report,2020-05-27,true,auto_ok,sonnet-agent,enrich.v3.md,true,
2020-05-27:20-0905,2020-05-27,2020-05-27,regular,P.-71,115,general,Chief Academic Officer,20-0905,https://ousd.legistar.com/gateway.aspx?M=L&ID=49493,Professional Services Contract - College Summit dba PeerForward - Castlemont High School,"Ratification by the Board of Education of a Professional Services Contract between the District and College Summit dba PeerForward, Washington, DC, for the latter to unleash the power positive peer influence to transform the lives of youth living in low income communities by connecting them to college and careers, as described in the Scope of Work, incorporated herein by reference as though fully set forth, at Castlemont High School, for the period of July 1, 2019 through June 30, 2020, in an amount not to exceed $10,000.00 and COVID Amendment.",Agreement or Contract,Chief Academic Officer,001142,v-001142,Measure N,"Pays College Summit (PeerForward) up to $10,000 for college-going peer programs at Castlemont High","The board is ratifying (approving after the fact) a contract with College Summit, doing business as PeerForward, to use positive peer influence to connect students in low-income communities to college and careers at Castlemont High School. It can pay up to $10,000 for July 1, 2019 through June 30, 2020, from Measure N funds. The contract period began before the board vote, and it includes a COVID-19 amendment.",Classroom & academic programs,new_agreement,College Summit dba PeerForward,organization,Castlemont High School,expense,not_to_exceed,10000,,,,,true,2019-07-01,2020-06-30,after_work_began,,,Adopted on the General Consent Report,2020-05-27,true,auto_ok,sonnet-agent,enrich.v3.md,true,
2020-05-27:20-0910,2020-05-27,2020-05-27,regular,P.-72,116,general,Chief Academic Officer,20-0910,https://ousd.legistar.com/gateway.aspx?M=L&ID=49498,"Professional Services Contract - BE GLAD, LLC - English Language Learner and Multilingual Achievement Department","Ratification by the Board of Education of a Professional Services Contract between the District and BE GLAD, LLC, San Jose, CA, for the latter to provide its Guided Language Acquisition Design (GLAD) Core Online training for up to 60 participants, via English Language Learner and Multilingual Achievement Department, for the period of May 15, 2020 through June 30, 2020, in an amount not to exceed $64,800.00 and COVID Amendment.",Agreement or Contract,Chief Academic Officer,000649,v-000649,Title Iii Lep Student Program,"Pays BE GLAD up to $64,800 for online language-acquisition training for up to 60 participants","The board is ratifying (approving after the fact) a contract with BE GLAD, LLC for its Guided Language Acquisition Design (GLAD) Core Online training for up to 60 participants, through the English Language Learner and Multilingual Achievement Department. It can pay up to $64,800 for May 15 through June 30, 2020, from a Title III program for students learning English. The work began before the board vote, and the contract includes a COVID-19 amendment.",Classroom & academic programs,new_agreement,"BE GLAD, LLC",organization,,expense,not_to_exceed,64800,,,,,true,2020-05-15,2020-06-30,after_work_began,,,Adopted on the General Consent Report,2020-05-27,true,auto_ok,sonnet-agent,enrich.v3.md,true,
2020-05-27:20-0916,2020-05-27,2020-05-27,regular,P.-73,117,general,Chief Academic Officer,20-0916,https://ousd.legistar.com/gateway.aspx?M=L&ID=49504,Professional Services Contract - Liliana Rivera - Linked Learning Department,"Ratification by the Board of Education of a Professional Services Contract between the District and Liliana Rivera, Napa, CA, for the latter to provide Career Technical Education College and Career guidance and support to seniors; help students matriculate in community colleges or career training programs aligned to the students career goals; case work after the enrollment documents have been completed and submitted, via Linked Learning Department, for the period of April 23, 2020 through June 30, 2020, in an amount not to exceed $3,480.00 and COVID Amendment.",Agreement or Contract,Chief Academic Officer,006631,v-006631,K12 Strong Workforce Grant,"Pays a contractor up to $3,480 for college and career guidance for seniors","The board is ratifying (approving after the fact) a contract with an individual for Career Technical Education college and career guidance for seniors. This includes helping students enter community colleges or career training and following up on casework after enrollment papers are submitted. It can pay up to $3,480 for April 23 through June 30, 2020, from the K12 Strong Workforce Grant. The work began before the board vote, and the contract includes a COVID-19 amendment.",Classroom & academic programs,new_agreement,Liliana Rivera,individual,,expense,not_to_exceed,3480,,,,,true,2020-04-23,2020-06-30,after_work_began,,,Adopted on the General Consent Report,2020-05-27,true,auto_ok,sonnet-agent,enrich.v3.md,true,
2020-05-27:20-0917,2020-05-27,2020-05-27,regular,P.-74,118,general,Chief Academic Officer,20-0917,https://ousd.legistar.com/gateway.aspx?M=L&ID=49505,Professional Services Contract - Ashley Flores - Linked Learning Department,"Ratification by the Board of Education of a Professional Services Contract between the District and Ashley Flores, Oakland, CA, for the latter to provide Career Technical Education College and Career guidance and support to seniors; help students matriculate in community colleges or career training programs aligned to the students career goals; case work after the enrollment documents have been completed and submitted, via Linked Learning Department, for the period of April 20, 2020 through June 30, 2020, in an amount not to exceed $10,000.00 and COVID Amendment.",Agreement or Contract,Chief Academic Officer,006218,v-006218,K12 Strong Workforce Grant,"Pays a contractor up to $10,000 for college and career guidance for seniors","The board is ratifying (approving after the fact) a contract with an individual for Career Technical Education college and career guidance for seniors. This includes helping students enter community colleges or career training and following up on casework after enrollment papers are submitted. It can pay up to $10,000 for April 20 through June 30, 2020, from the K12 Strong Workforce Grant. The work began before the board vote, and the contract includes a COVID-19 amendment.",Classroom & academic programs,new_agreement,Ashley Flores,individual,,expense,not_to_exceed,10000,,,,,true,2020-04-20,2020-06-30,after_work_began,,,Adopted on the General Consent Report,2020-05-27,true,auto_ok,sonnet-agent,enrich.v3.md,true,
2020-05-27:20-0918,2020-05-27,2020-05-27,regular,P.-75,119,general,Chief Academic Officer,20-0918,https://ousd.legistar.com/gateway.aspx?M=L&ID=49506,Professional Services Contract - Mark Yamamoto - Linked Learning Department,"Ratification by the Board of Education of a Professional Services Contract between the District and Mark Yamamoto, Richmond, CA, for the latter to provide Career Technical Education College and Career guidance and support to seniors;  help students matriculate in community colleges or career training programs aligned to the students career goals; case work after the enrollment documents have been completed and submitted, via Linked Learning Department, for the period of April 20, 2020 through June 30, 2020, in an amount not to exceed $10,000.00 and COVID Amendment.",Agreement or Contract,Chief Academic Officer,006630,v-006630,K12 Strong Workforce Grant,"Pays a contractor up to $10,000 for college and career guidance for seniors","The board is ratifying (approving after the fact) a contract with an individual for Career Technical Education college and career guidance for seniors. This includes helping students enter community colleges or career training and following up on casework after enrollment papers are submitted. It can pay up to $10,000 for April 20 through June 30, 2020, from the K12 Strong Workforce Grant. The work began before the board vote, and the contract includes a COVID-19 amendment.",Classroom & academic programs,new_agreement,Mark Yamamoto,individual,,expense,not_to_exceed,10000,,,,,true,2020-04-20,2020-06-30,after_work_began,,,Adopted on the General Consent Report,2020-05-27,true,auto_ok,sonnet-agent,enrich.v3.md,true,
2020-05-27:20-0919,2020-05-27,2020-05-27,regular,P.-76,120,general,Chief Academic Officer,20-0919,https://ousd.legistar.com/gateway.aspx?M=L&ID=49507,Professional Services Contract - Story Center - Linked Learning Department,"Ratification by the Board of Education of a Professional Services Contract between the District and Story Center, Berkeley, CA, for the latter to work with two Digital Media Career Technical Education Programs during the period of Covid-19 Distance Learning, engaging with teachers, providing  Trauma-informed strength-based strategies for storytelling and story circle facilitation; writing short-form personal memoir, and with students, providing framework for writing a short personal spoken narrative, sample
stories, story prompts, writing story circles and sharing in groups of up to 10 students, each as more specifically described in the Scope of Work, incorporated herein by reference as though fully set forth, 
via Linked Learning Department, for the period of April 27, 2020 through June 30, 2020, in an amount not to exceed $7,000.00 and COVID Amendment.",Agreement or Contract,Chief Academic Officer,006622,v-006622,Voc & Applied Secondary&adult,"Pays Story Center up to $7,000 for storytelling workshops in two digital media career programs","The board is ratifying (approving after the fact) a contract with Story Center to work with two Digital Media Career Technical Education programs during COVID-19 distance learning. It will coach teachers in trauma-informed storytelling methods and lead students in writing short personal narratives in story circles of up to 10. It can pay up to $7,000 for April 27 through June 30, 2020. The work began before the board vote, and the contract includes a COVID-19 amendment.",Classroom & academic programs,new_agreement,Story Center,organization,,expense,not_to_exceed,7000,,,,,true,2020-04-27,2020-06-30,after_work_began,,,Adopted on the General Consent Report,2020-05-27,true,auto_ok,sonnet-agent,enrich.v3.md,true,
2020-05-27:20-0920,2020-05-27,2020-05-27,regular,P.-77,121,general,Chief Academic Officer,20-0920,https://ousd.legistar.com/gateway.aspx?M=L&ID=49508,Professional Services Contract - Christina Taing-Rivera - Linked Learning Department,"Ratification by the Board of Education of a Professional Services Contract between the District and Christina Taing-Rivera, Dublin, CA, for the latter to provide Career Technical Education College and Career guidance and support to seniors; help students matriculate in community colleges or career training programs aligned to the students career goals; case work after the enrollment documents have been completed and submitted, via Linked Learning Department, for the period of April 20, 2020 through June 30, 2020, in an amount not to exceed $4,000.00 and COVID Amendment.",Agreement or Contract,Chief Academic Officer,006618,v-006618,K12 Strong Workforce Grant,"Pays a contractor up to $4,000 for college and career guidance for seniors","The board is ratifying (approving after the fact) a contract with an individual for Career Technical Education college and career guidance for seniors. This includes helping students enter community colleges or career training and following up on casework after enrollment papers are submitted. It can pay up to $4,000 for April 20 through June 30, 2020, from the K12 Strong Workforce Grant. The work began before the board vote, and the contract includes a COVID-19 amendment.",Classroom & academic programs,new_agreement,Christina Taing-Rivera,individual,,expense,not_to_exceed,4000,,,,,true,2020-04-20,2020-06-30,after_work_began,,,Adopted on the General Consent Report,2020-05-27,true,auto_ok,sonnet-agent,enrich.v3.md,true,
2020-05-27:20-0921,2020-05-27,2020-05-27,regular,P.-78,122,general,Chief Academic Officer,20-0921,https://ousd.legistar.com/gateway.aspx?M=L&ID=49509,Professional Services Contract - Cynthia Taing - Linked Learning Department,"Ratification by the Board of Education of a Professional Services Contract between the District and Cynthia Taing, Dublin, CA, for the latter to provide Career Technical Education College and Career guidance and support to seniors; help students matriculate in community colleges or career training programs aligned to the students career goals; case work after the enrollment documents have been completed and submitted, via Linked Learning Department, for the period of April 20, 2020 through June 30, 2020, in an amount not to exceed $2,400.00 and COVID Amendment.",Agreement or Contract,Chief Academic Officer,006626,v-006626,K12 Strong Workforce Grant,"Pays a contractor up to $2,400 for college and career guidance for seniors","The board is ratifying (approving after the fact) a contract with an individual for Career Technical Education college and career guidance for seniors. This includes helping students enter community colleges or career training and following up on casework after enrollment papers are submitted. It can pay up to $2,400 for April 20 through June 30, 2020, from the K12 Strong Workforce Grant. The work began before the board vote, and the contract includes a COVID-19 amendment.",Classroom & academic programs,new_agreement,Cynthia Taing,individual,,expense,not_to_exceed,2400,,,,,true,2020-04-20,2020-06-30,after_work_began,,,Adopted on the General Consent Report,2020-05-27,true,auto_ok,sonnet-agent,enrich.v3.md,true,
2020-05-27:20-0922,2020-05-27,2020-05-27,regular,P.-79,123,general,Chief Academic Officer,20-0922,https://ousd.legistar.com/gateway.aspx?M=L&ID=49510,"Amendment No. 1, Professional Services Contract - Jessica Gray - Edna Brewer Middle School","Ratification by the Board of Education of Amendment No. 1, Professional Services Contract between the District and Jessica Gray, Oakland, CA, for the latter to provide an additional photography class to be held by Jessica Gray after school; conduct outreach, lesson planning and class management for this specific class, in the additional amount of $2,880.00, increasing the Contract not to exceed amount from $6,500.00 to $9,380.00, and decreasing the Contract term from August 12, 2019 through May 29, 2020 to February 28, 2020. All other terms and conditions of the Agreement remain in full force and effect.",Agreement or Contract,Chief Academic Officer,004946,v-004946,Measure G1 Parcel Tx,"Adds $2,880 for an extra after-school photography class at Edna Brewer Middle School","The board is ratifying (approving after the fact) a change to an existing contract with an individual instructor. It adds an after-school photography class, with outreach, lesson planning and class management, for $2,880 more, raising the contract's cap from $6,500 to $9,380. It also shortens the contract's end date from May 29, 2020 to February 28, 2020. It is paid from the Measure G1 parcel tax.",After-school & summer programs,amendment,Jessica Gray,individual,Edna Brewer Middle School,expense,not_to_exceed,2880,,,6500,9380,true,2019-08-12,2020-02-28,after_work_began; raises_existing_contract,,,Adopted on the General Consent Report,2020-05-27,true,auto_ok,sonnet-agent,enrich.v3.md,true,
2020-05-27:20-0924,2020-05-27,2020-05-27,regular,P.-80,124,general,Chief Academic Officer,20-0924,https://ousd.legistar.com/gateway.aspx?M=L&ID=49512,Professional Services Contract - Wright Institute - Community Schools and Student Services Department,"Ratification by the Board of Education of a Professional Services Contract between the District and Wright Institute, Berkeley, CA, for the latter to provide key, on-going Tier 2 services for students needing more focused support around themes surrounding social skill building, emotional regulation and self-awareness, through the use of three interns each providing 9 hours a week of individual check ins  and social emotional group processes, via Community Schools and Student Services Department, for the period of August 28, 2019 through May 29, 2020, in an amount not to exceed $22,000.00 and COVID Amendment.",Agreement or Contract,Chief Academic Officer,004694,v-004694,Salesforce.org,"Pays Wright Institute up to $22,000 for student social-emotional support by three interns","The board is ratifying (approving after the fact) a contract with the Wright Institute for ongoing small-group and individual support for students who need extra help with social skills, managing emotions and self-awareness. Three interns will each provide 9 hours a week of check-ins and group sessions through the Community Schools and Student Services Department. It can pay up to $22,000 for August 28, 2019 through May 29, 2020. The contract period began before the board vote, and it includes a COVID-19 amendment.","Student health, support & family services",new_agreement,Wright Institute,organization,,expense,not_to_exceed,22000,,,,,true,2019-08-28,2020-05-29,after_work_began,,,Adopted on the General Consent Report,2020-05-27,true,auto_ok,sonnet-agent,enrich.v3.md,true,
2020-05-27:20-0925,2020-05-27,2020-05-27,regular,P.-81,125,general,Chief Academic Officer,20-0925,https://ousd.legistar.com/gateway.aspx?M=L&ID=49513,Professional Services Contract - Clara Roberts - Elementary Network 3,"Ratification by the Board of Education of a Professional Services Contract between the District and Clara Roberts, Suisun, CA, for the latter to serve as the site administrator at New Highland Academy for the remainder of the school year, performing duties specified in the Scope of Work, incorporated herein by reference, via Network 3, for the period of April 1, 2020 through June 1, 2020 in an amount not to exceed $21,220.00 and COVID Amendment.",Agreement or Contract,Chief Academic Officer,006616,v-006616,General Purpose-unrestricted,"Pays a contractor up to $21,220 to serve as site administrator at New Highland Academy","The board is ratifying (approving after the fact) a contract with an individual to serve as site administrator at New Highland Academy for the rest of the school year, through the Elementary Network 3 office. It can pay up to $21,220 for April 1 through June 1, 2020, from unrestricted general funds. The work began before the board vote, and the contract includes a COVID-19 amendment.",Staff & hiring,new_agreement,Clara Roberts,individual,New Highland Academy,expense,not_to_exceed,21220,,,,,true,2020-04-01,2020-06-01,after_work_began,,,Adopted on the General Consent Report,2020-05-27,true,auto_ok,sonnet-agent,enrich.v3.md,true,
2020-05-27:20-0926,2020-05-27,2020-05-27,regular,P.-82,126,general,Chief Academic Officer,20-0926,https://ousd.legistar.com/gateway.aspx?M=L&ID=49514,"Professional Services Contract - Blueprint Schools Network, Inc. - Community Schools and Student Services Department","Approval by the Board of Education of a Professional Services Contract between the District and Blueprint Schools Network, Inc., Boston, MA, for the latter to work with current Summer Learning Program Coordinator to develop schedules, systems, and processes for a successful implementation of a distance learning middle school math program, including curriculum design, development of training and professional development; assist with recruitment, selection and placement of 5 Math Fellows to support students in Summer Learning Programs; supervise and support the Math Fellows, who will be compensated directly by Vendor, via Community Schools and Student Services Department, for the period of May 15, 2020 through July 2, 2020 in an amount not to exceed $15,481.00 and COVID Amendment.",Agreement or Contract,Chief Academic Officer,000725,v-000725,Iasa-i Basic Grants Low Income,"Pays Blueprint Schools Network up to $15,481 to set up a distance-learning summer math program","The district is contracting with Blueprint Schools Network to help plan a distance-learning middle school math program for summer learning, including curriculum, training, and recruiting and supporting 5 Math Fellows. The Fellows will be paid directly by the vendor. It can pay up to $15,481 for May 15 through July 2, 2020, from low-income basic grant funds. The contract period began before the board vote, and it includes a COVID-19 amendment.",After-school & summer programs,new_agreement,"Blueprint Schools Network, Inc.",organization,,expense,not_to_exceed,15481,,,,,true,2020-05-15,2020-07-02,after_work_began,,,Adopted on the General Consent Report,2020-05-27,true,auto_ok,sonnet-agent,enrich.v3.md,true,
2020-05-27:20-0927,2020-05-27,2020-05-27,regular,P.-83,127,general,Chief Academic Officer,20-0927,https://ousd.legistar.com/gateway.aspx?M=L&ID=49515,Professional Services Contract - Oakland Public Education Fund - Community Schools and Student Services Department,"Approval by the Board of Education of a Professional Services Contract between the District and Oakland Public Education Fund, Oakland, CA, for the latter to manage the stipend process of an Education Pioneer Fellow to create systems for Equitable Summer Learning Enrollment, as described in the Scope of Work, incorporated herein by reference as though fully set forth, via Community Schools and Student Services Department, for the period of May 15, 2020 through July 2, 2020, in an amount not to exceed $12,000.00 and COVID Amendment.",Agreement or Contract,Chief Academic Officer,003143,v-003143,Iasa-i Basic Grants Low Income,"Pays Oakland Public Education Fund up to $12,000 to manage a summer-learning fellow's stipend","The district is contracting with the Oakland Public Education Fund to manage the stipend process for an Education Pioneer Fellow who will build systems for equitable summer learning enrollment. It can pay up to $12,000 for May 15 through July 2, 2020, from low-income basic grant funds. The contract period began before the board vote, and it includes a COVID-19 amendment.",After-school & summer programs,new_agreement,Oakland Public Education Fund,organization,,expense,not_to_exceed,12000,,,,,true,2020-05-15,2020-07-02,after_work_began,,,Adopted on the General Consent Report,2020-05-27,true,auto_ok,sonnet-agent,enrich.v3.md,true,
2020-05-27:20-0929,2020-05-27,2020-05-27,regular,P.-84,128,general,Chief Academic Officer,20-0929,https://ousd.legistar.com/gateway.aspx?M=L&ID=49517,Professional Services Contract - Spanish Speaking Unity Council - United for Success Academy,"Approval by the Board of Education of a Professional Services Contract between the District and Spanish Speaking Unity Council, Oakland, CA, for the latter to provide support for Latino at-risk students in developing stronger academic, behavioral and social emotional skills; offer accelerated student academic achievement in core curriculum areas; provide outreach with families via Google classroom, Zoom, and other online platforms to assess need and communicating with school and other COST members to coordinate services, via United for Success Academy, for the period of August 13, 2019 through May 29, 2020, in an amount not to exceed $10,000.00 and COVID Amendment.",Agreement or Contract,Chief Academic Officer,004014,v-004014,Measure G1 Parcel Tax,"Pays Spanish Speaking Unity Council up to $10,000 for support of Latino students at United for Success","The district is contracting with the Spanish Speaking Unity Council to support Latino at-risk students at United for Success Academy with academic, behavioral and social-emotional skills. The group will also reach families online and coordinate services with school staff. It can pay up to $10,000 for August 13, 2019 through May 29, 2020, from the Measure G1 parcel tax. The contract period began before the board vote, and it includes a COVID-19 amendment.","Student health, support & family services",new_agreement,Spanish Speaking Unity Council,organization,United for Success Academy,expense,not_to_exceed,10000,,,,,true,2019-08-13,2020-05-29,after_work_began,,,Adopted on the General Consent Report,2020-05-27,true,auto_ok,sonnet-agent,enrich.v3.md,true,
2020-05-27:20-0932,2020-05-27,2020-05-27,regular,P.-85,129,general,Chief Academic Officer,20-0932,https://ousd.legistar.com/gateway.aspx?M=L&ID=49520,Grant Award - Walter & Elise Haas Fund - High School Linked Learning Department,"Acceptance by the Board of Education of a Grant from Walter & Elise Haas Fund in the amount of $50,000.00, in support of the High School Linked Learning Department to build the capacity of 85 Career Technical Education staff to implement distance learning and internships due to COVID-19 school closures, for the term May 1, 2020 through November 1, 2020, pursuant to the terms and conditions thereof, if any.",Agreement or Contract,Chief Academic Officer,,n-walter-and-elise-haas-fund,Walter & Elise Haas Fund,"Accepts a $50,000 Walter & Elise Haas Fund grant to train career-education staff for distance learning","The board is accepting a $50,000 grant from the Walter & Elise Haas Fund for the High School Linked Learning Department. The money will build the skills of 85 Career Technical Education staff to run distance learning and internships after COVID-19 school closures. The grant term is May 1 through November 1, 2020.",Classroom & academic programs,grant_or_funding_in,Walter & Elise Haas Fund,organization,,revenue,fixed,50000,,,,,true,2020-05-01,2020-11-01,after_work_began,,,Adopted on the General Consent Report,2020-05-27,true,auto_ok,sonnet-agent,enrich.v3.md,true,
2020-05-27:20-0930,2020-05-27,2020-05-27,regular,P.-86,130,general,Chief Academic Officer,20-0930,https://ousd.legistar.com/gateway.aspx?M=L&ID=49518,Grant Award - Year 1 - K12 Workforce Pathways Coordinator Grant - High School Linked Learning Office,"Acceptance by the Board of Education of a Grant Award and approval of Grant Sub-Agreement between District and the Rancho Santiago Community College District, Santa Ana, CA, accepting $125,00.00 Year 1 Grant Award for hosting and supervising K12 Workforce Pathways Coordinator to serve the larger region consisting of Peralta Community District and its six feeder K12’s, including Oakland Unified School District, via the Linked Learning Department, for the term March 1, 2020 through December 31, 2020, pursuant to the terms and conditions thereof, if any.",Application,Chief Academic Officer,,n-rancho-santiago-community-college-district,Year 1 - K12 Workforce Pathways Coordinator,"Accepts a $125,000 first-year grant to host a regional workforce pathways coordinator","The board is accepting a Year 1 grant of $125,000 and approving a sub-agreement with the Rancho Santiago Community College District to host and supervise a K12 Workforce Pathways Coordinator. The coordinator will serve the region covering the Peralta Community College District and its six feeder school districts, including Oakland Unified. The grant term is March 1 through December 31, 2020. The official text misprints the amount as ""$125,00.00""; the attached grant documents show $125,000.00.",Staff & hiring,grant_or_funding_in,Rancho Santiago Community College District,organization,,revenue,fixed,125000,,,,,false,2020-03-01,2020-12-31,after_work_began; source_issue,"The grant amount is misprinted in the official text as ""$125,00.00""; the attached grant documents show $125,000.00.",,Adopted on the General Consent Report,2020-05-27,true,human_reviewed,sonnet-agent,enrich.v3.md,true,
2020-05-27:20-0923,2020-05-27,2020-05-27,regular,P.-87,131,general,Chief Academic Officer,20-0923,https://ousd.legistar.com/gateway.aspx?M=L&ID=49511,Professional Services Contract - Gustavo Garcia-Rojas - Community Schools and Student Services Department,"Ratification by the Board of Education of a Professional Services Contract between the District and Gustavo Garcia-Rojas, Oakland, CA, for the latter to provide mental health counseling and telehealth services to a caseload of up to 20 students; support students to build coping skills; address barriers to learning which may be behavioral, social, emotional or environmental; counsel students weekly or more frequently based on assessed need; collaborate with student, family and monitor students’ progress on treatment goals, via Community Schools and Student Services Department, for the period of January 6, 2020 through June 30, 2020, in an amount not to exceed $24,000.00 and COVID Amendment.",Motion,Chief Academic Officer,006617,v-006617,Salesforce.org,"Pays a mental health counselor up to $24,000 for telehealth counseling for up to 20 students","The board is ratifying (approving after the fact) a contract with an individual to provide mental health counseling and telehealth services to up to 20 students. Duties include building coping skills, addressing barriers to learning, weekly counseling and tracking progress on treatment goals with students and families. It can pay up to $24,000 for January 6 through June 30, 2020, through the Community Schools and Student Services Department. The work began before the board vote, and the contract includes a COVID-19 amendment.","Student health, support & family services",new_agreement,Gustavo Garcia-Rojas,individual,,expense,not_to_exceed,24000,,,,,true,2020-01-06,2020-06-30,after_work_began,,,Adopted on the General Consent Report,2020-05-27,true,auto_ok,sonnet-agent,enrich.v3.md,true,
2020-05-27:20-1170,2020-05-27,2020-05-27,regular,P.-88,133,general,Chief Academic Officer - Special Education Department,20-1170,https://ousd.legistar.com/gateway.aspx?M=L&ID=49758,"COVID Amendment - Professional Services Contract - Syntex Global, Inc. – 2019-2020 School Year - Special Education Department","Adoption by the Board of Education of COVID Amendment by and between District and Syntex Global, Inc., San Francisco, CA, amending Professional Services Contract (Legislative File Id No. 19-1653, Enactment No. 19-1367, adopted September 11, 2019), necessary in light of the COVID-19 Pandemic and the shelter-in-place order issued by the Alameda County Public Health Officer, and/or other authorities within and without California, modifying, among other provisions, the Scope of Work, enabling the vendor to provide the services described in the original Contract - Scope of Work - by any means that are consistent with COVID-19-related local, state, and federal orders (including providing the services virtually), as long as the District agrees in writing and adding a requirement for more information to be provided in an Invoice, and authoring no additional costs for said services. All other terms and conditions of the Contract remain in full force and effect.",Agreement or Contract,Chief Academic Officer,,v-004164,,Lets Syntex Global deliver special education services virtually under a no-cost COVID amendment,"This amendment changes the 2019-2020 contract with Syntex Global, Inc. so services can be delivered by any means allowed under COVID-19 orders, including virtually, as long as the district agrees in writing. It also requires more information on invoices. The text says it adds no additional costs, and the rest of the contract stays the same.",Special education,amendment,"Syntex Global, Inc.",organization,,no_cost,,,,,,,true,2019-07-01,2020-06-30,,,,Adopted on the General Consent Report,2020-05-27,true,auto_ok,sonnet-agent,enrich.v3.md,true,
2020-05-27:20-1171,2020-05-27,2020-05-27,regular,P.-89,134,general,Chief Academic Officer - Special Education Department,20-1171,https://ousd.legistar.com/gateway.aspx?M=L&ID=49759,"COVID Amendment – NonPublic, Nonsectarian School/Agency Services Master Contract – Fred Finch Youth Center – 2019-2020 School Year - Special Education Department","Adoption by the Board of Education of COVID Amendment by and between District and Fred Finch Youth Center, Oakland, CA, amending NonPublic, Nonsectarian School/Agency Services Master Contract (Legislative File Id No. 19-1909, Enactment No. 19-1501, adopted October 10, 2019), necessary in light of the COVID-19 Pandemic and the shelter-in-place order issued by the Alameda County Public Health Officer, and/or other authorities within and without California, modifying, among other provisions, the Scope of Work, enabling the vendor to provide the services described in the original Contract - Scope of Work - by any means that are consistent with COVID-19-related local, state, and federal orders (including providing the services virtually), as long as the District agrees in writing and adding a requirement for more information to be provided in an Invoice, and authoring no additional costs for said services. All other terms and conditions of the Contract remain in full force and effect",Agreement or Contract,Chief Academic Officer,,v-001745,,Lets Fred Finch Youth Center deliver nonpublic school services virtually under a no-cost COVID amendment,"This amendment changes the 2019-2020 nonpublic school/agency services master contract with Fred Finch Youth Center so services can be delivered by any means allowed under COVID-19 orders, including virtually, as long as the district agrees in writing. It also requires more information on invoices. The text says it adds no additional costs, and the rest of the contract stays the same.",Special education,amendment,Fred Finch Youth Center,organization,,no_cost,,,,,,,true,2019-07-01,2020-06-30,,,,Adopted on the General Consent Report,2020-05-27,true,auto_ok,sonnet-agent,enrich.v3.md,true,
2020-05-27:20-1172,2020-05-27,2020-05-27,regular,P.-90,135,general,Chief Academic Officer - Special Education Department,20-1172,https://ousd.legistar.com/gateway.aspx?M=L&ID=49760,"COVID Amendment – NonPublic, Nonsectarian School/Agency Services Master Contract - Mediscan Staffing Services - 2019-2020 School Year - Special Education Department","Adoption by the Board of Education of COVID Amendment by and between District and Mediscan Staffing Services, Woodland Hills, CA, amending Non-Public School/Agency Master Contract (Legislative File Id No. 19-1910, Enactment No. 19-1502, adopted October 10, 2019), necessary in light of the COVID-19 Pandemic and the shelter-in-place order issued by the Alameda County Public Health Officer, and/or other authorities within and without California, modifying, among other provisions, the Scope of Work, enabling the vendor to provide the services described in the original Contract - Scope of Work - by any means that are consistent with COVID-19-related local, state, and federal orders (including providing the services virtually), as long as the District agrees in writing and adding a requirement for more information to be provided in an Invoice, and authoring no additional costs for said services. All other terms and conditions of the Contract remain in full force and effect.",Agreement or Contract,Chief Academic Officer,,n-mediscan-staffing-service,,Lets Mediscan Staffing deliver nonpublic school services virtually under a no-cost COVID amendment,"This amendment changes the 2019-2020 nonpublic school/agency master contract with Mediscan Staffing Services so services can be delivered by any means allowed under COVID-19 orders, including virtually, as long as the district agrees in writing. It also requires more information on invoices. The text says it adds no additional costs, and the rest of the contract stays the same.",Special education,amendment,Mediscan Staffing Services,organization,,no_cost,,,,,,,true,2019-07-01,2020-06-30,,,,Adopted on the General Consent Report,2020-05-27,true,auto_ok,sonnet-agent,enrich.v3.md,true,
2020-05-27:20-1173,2020-05-27,2020-05-27,regular,P.-91,136,general,Chief Academic Officer - Special Education Department,20-1173,https://ousd.legistar.com/gateway.aspx?M=L&ID=49761,"COVID Amendment – NonPublic, Nonsectarian School/Agency Services Master Contract - StaffRehab – 2019-2020 School Year - Special Education Department","Adoption by the Board of Education of COVID Amendment by and between District and StaffRehab, Newport Beach, CA, amending Non-Public School/Agency Master Contract (Legislative File Id No. 19-1913, Enactment No. 19-1505, adopted October 10, 2019), necessary in light of the COVID-19 Pandemic and the shelter-in-place order issued by the Alameda County Public Health Officer, and/or other authorities within and without California, modifying, among other provisions, the Scope of Work, enabling the vendor to provide the services described in the original Contract - Scope of Work - by any means that are consistent with COVID-19-related local, state, and federal orders (including providing the services virtually), as long as the District agrees in writing and adding a requirement for more information to be provided in an Invoice, and authoring no additional costs for said services. All other terms and conditions of the Contract remain in full force and effect.",Agreement or Contract,Board of Education,,n-staffrehab,,Lets StaffRehab deliver special education services virtually during COVID-19 at no added cost,"This amends the district's nonpublic school and agency contract with StaffRehab, which provides services to special education students. The vendor may now deliver its contracted services by any means allowed under COVID-19 orders, including virtually, if the District agrees in writing, and invoices must carry more detail. The amendment adds no cost, and all other terms stay the same.",Special education,amendment,StaffRehab,organization,,no_cost,,,,,,,true,,,,,,Adopted on the General Consent Report,2020-05-27,true,auto_ok,sonnet-agent,enrich.v3.md,true,
2020-05-27:20-1174,2020-05-27,2020-05-27,regular,P.-92,137,general,Chief Academic Officer - Special Education Department,20-1174,https://ousd.legistar.com/gateway.aspx?M=L&ID=49762,"COVID Amendment – NonPublic, Nonsectarian School/Agency Services Master Contract – Mountain Valley Child and Family Services, Inc. – 2019-2020 School Year - Special Education Department","Adoption by the Board of Education of COVID Amendment by and between District and Mountain Valley Child and Family Services, Inc., Sacramento, CA, amending Non-Public School/Agency Master Contract (Legislative File Id No. 19-2381, Enactment No. 19-1855, adopted December 11, 2019), necessary in light of the COVID-19 Pandemic and the shelter-in-place order issued by the Alameda County Public Health Officer, and/or other authorities within and without California, modifying, among other provisions, the Scope of Work, enabling the vendor to provide the services described in the original Contract - Scope of Work - by any means that are consistent with COVID-19-related local, state, and federal orders (including providing the services virtually), as long as the District agrees in writing and adding a requirement for more information to be provided in an Invoice, and authoring no additional costs for said services. All other terms and conditions of the Contract remain in full force and effect.",Agreement or Contract,Board of Education,,n-mountain-valley-child-and-family-services,,Lets Mountain Valley Child and Family Services work virtually during COVID-19 at no added cost,"This amends the district's nonpublic school and agency contract with Mountain Valley Child and Family Services, which serves special education students. The vendor may now deliver its contracted services by any means allowed under COVID-19 orders, including virtually, if the District agrees in writing, and invoices must carry more detail. The amendment adds no cost, and all other terms stay the same.",Special education,amendment,"Mountain Valley Child and Family Services, Inc.",organization,,no_cost,,,,,,,true,,,,,,Adopted on the General Consent Report,2020-05-27,true,auto_ok,sonnet-agent,enrich.v3.md,true,
2020-05-27:20-1175,2020-05-27,2020-05-27,regular,P.-93,138,general,Chief Academic Officer - Special Education Department,20-1175,https://ousd.legistar.com/gateway.aspx?M=L&ID=49763,"COVID Amendment – NonPublic, Nonsectarian School/Agency Services Master Contract – 360 Degree Customer, Inc. – 2019-2020 School Year - Special Education Department","Adoption by the Board of Education of COVID Amendment by and between District and 360 Degree Customer, Inc., Santa Clara, CA, amending Non-Public School/Agency Master Contract (Legislative File Id No. 20-0215, Enactment No. 20-0283, adopted February 26, 2020), necessary in light of the COVID-19 Pandemic and the shelter-in-place order issued by the Alameda County Public Health Officer, and/or other authorities within and without California, modifying, among other provisions, the Scope of Work, enabling the vendor to provide the services described in the original Contract - Scope of Work - by any means that are consistent with COVID-19-related local, state, and federal orders (including providing the services virtually), as long as the District agrees in writing and adding a requirement for more information to be provided in an Invoice, and authoring no additional costs for said services. All other terms and conditions of the Contract remain in full force and effect.",Agreement or Contract,Chief Academic Officer,,n-360-degree-customer,,Lets 360 Degree Customer deliver special education services virtually during COVID-19 at no added cost,"This amends the district's nonpublic school and agency contract with 360 Degree Customer, which serves special education students. The vendor may now deliver its contracted services by any means allowed under COVID-19 orders, including virtually, if the District agrees in writing, and invoices must carry more detail. The amendment adds no cost, and all other terms stay the same.",Special education,amendment,"360 Degree Customer, Inc.",organization,,no_cost,,,,,,,true,,,,,,Adopted on the General Consent Report,2020-05-27,true,auto_ok,sonnet-agent,enrich.v3.md,true,
2020-05-27:20-1176,2020-05-27,2020-05-27,regular,P.-94,139,general,Chief Academic Officer - Special Education Department,20-1176,https://ousd.legistar.com/gateway.aspx?M=L&ID=49764,"COVID Amendment – NonPublic, Nonsectarian School/Agency Services Master Contract – New Direction LLC dba ProCare Therapy – 2019-2020 School Year - Special Education Department","Adoption by the Board of Education of COVID Amendment by and between District and New Direction LLC dba ProCare Therapy, New Port Beach, CA, amending Non-Public School/Agency Master Contract (Legislative File Id No. 20-0410, Enactment No. 20-0426, adopted March 11, 2020), necessary in light of the COVID-19 Pandemic and the shelter-in-place order issued by the Alameda County Public Health Officer, and/or other authorities within and without California, modifying, among other provisions, the Scope of Work, enabling the vendor to provide the services described in the original Contract - Scope of Work - by any means that are consistent with COVID-19-related local, state, and federal orders (including providing the services virtually), as long as the District agrees in writing and adding a requirement for more information to be provided in an Invoice, and authoring no additional costs for said services. All other terms and conditions of the Contract remain in full force and effect.",Agreement or Contract,Chief Academic Officer,,n-new-direction-procare-therapy,,Lets ProCare Therapy deliver special education services virtually during COVID-19 at no added cost,"This amends the district's nonpublic school and agency contract with New Direction LLC, doing business as ProCare Therapy, which serves special education students. The vendor may now deliver its contracted services by any means allowed under COVID-19 orders, including virtually, if the District agrees in writing, and invoices must carry more detail. The amendment adds no cost, and all other terms stay the same.",Special education,amendment,New Direction LLC dba ProCare Therapy,organization,,no_cost,,,,,,,true,,,,,,Adopted on the General Consent Report,2020-05-27,true,auto_ok,sonnet-agent,enrich.v3.md,true,
2020-05-27:20-1185,2020-05-27,2020-05-27,regular,P.-95,140,general,Chief Academic Officer - Special Education Department,20-1185,https://ousd.legistar.com/gateway.aspx?M=L&ID=49773,"COVID Amendment – NonPublic, Nonsectarian School/Agency Services Master Contract – Resolution No. 1920-0151 – Named Contractor - Special Education Department","Adoption by the Board of Education of COVID Amendment by and between District and 
·	A Better Chance, Richmond, CA;
·	Ardor Health Solutions dba All Source Recruiting Group, Coral Springs, FL;
·	Care Youth Corporation Lava Heights Academy, St. George, UT;
·	Center for Autism and Related Disorders, Woodland Hills, CA;
·	Communication Works, Lafayette, CA;
·	Educational Based Services (EBS) Healthcare, West Chester, PA;
·	Heritage Schools, Inc., Provo, UT;
·	Juvo Autism and Behavioral Health Services, Concord, CA;
·	Maxim Health Services, Glendale, CA;
·	Oxbow Academy, Inc., Springville, UT;
·	Pediatric Therapy Services dba The Stepping Stones Group, Lafayette, CO;
·	Rise Institute, San Francisco, CA;
·	RO Health, Inc., Seattle, WA;
·	Soliant Health, Inc., Jacksonville, FL;
·	The Springstone School, Inc., Lafayette, CA;
·	The Speech Pathology Group, Walnut Creek, CA;
·	Therapy Travelers, LLC and 3 Chords dba Therapy Travelers, Long Beach, CA;
·	Via Center, Inc., Berkeley, CA;
·	Wellspring Educational Services, Inc., Walnut Creek, CA;
amending Non-Public School/Agency Master Contract Resolution No. 1920-0151, (Legislative File Id No. 19-1716, Enactment No 19-1376, adopted September 11, 2019), in part, pertaining only to the Contract with named vendor, necessary in light of the COVID-19 Pandemic and the shelter-in-place order issued by the Alameda County Public Health Officer, and/or other authorities within and without California, modifying, among other provisions, the Scope of Work, enabling the vendor to provide the services described in the original Contract - Scope of Work - by any means that are consistent with COVID-19-related local, state, and federal orders (including providing the services virtually), as long as the District agrees in writing and adding a requirement for more information to be provided in an Invoice, and authoring no additional costs for said services. All other terms and conditions of the Contract remain in full force and effect.",Agreement or Contract,Chief Academic Officer,,,No Fiscal Impact,Lets 19 nonpublic school and agency vendors serve students virtually during COVID-19 at no added cost,"This amends the district's nonpublic school and agency master contracts with 19 named vendors that serve special education students, including Center for Autism and Related Disorders, Maxim Health Services and Via Center. Each vendor may now deliver its contracted services by any means allowed under COVID-19 orders, including virtually, if the District agrees in writing, and invoices must carry more detail. The amendments add no cost, and all other terms stay the same.",Special education,amendment,,,,no_cost,,,,,,,true,,,,,,Adopted on the General Consent Report,2020-05-27,true,auto_ok,sonnet-agent,enrich.v3.md,true,
2020-05-27:19-1379,2020-05-27,2020-05-27,regular,P.-96,142,general,General Counsel,19-1379,https://ousd.legistar.com/gateway.aspx?M=L&ID=47306,Termination - Attendance2Attendance (A2A) Software and Services Agreement - School Innovations & Achievement - Technology Services Department,"Approval by the Board of Education of the termination of 3-year Attention2Attendance (A2A) Software and Services Agreement between District and School Innovations & Achievement, El Dorado Hills, CA (Legislative File ID No. 19-1379, Enactment No. 19-1221, approved June 26, 2019), for convenience, pursuant to Paragraph 1 of Agreement, and directing the Superintendent of Schools, or designee, to send Notice of the same, pursuant to said provision of the Agreement.",Agreement or Contract,Chief Financial Officer,003815,v-003815,"General Purpose (GP), Data Processing, License Agreements, Districtwide",Ends the Attention2Attendance software agreement with School Innovations & Achievement early,"The Board ends its 3-year Attention2Attendance (A2A) software and services agreement with School Innovations & Achievement, which it approved on June 26, 2019. The district is ending the agreement for convenience, using a termination clause in the contract, and the Superintendent or a designee will send the vendor formal notice. The text does not give a dollar amount.",Technology,termination,School Innovations & Achievement,organization,,no_cost,,,,,,,true,,,,,,Adopted on the General Consent Report,2020-05-27,true,auto_ok,sonnet-agent,enrich.v3.md,true,
2020-05-27:20-0018,2020-05-27,2020-05-27,regular,P.-97,143,general,General Counsel,20-0018,https://ousd.legistar.com/gateway.aspx?M=L&ID=48617,Professional Services Contract - Georgetown Law’s Innovative Policing Project - General Counsel,"Ratification by the Board of Education of a Professional Services Contract between the District and Georgetown Law’s Innovative Policing Project, Washington DC, for the latter to conduct an expert review of the Oakland Schools Police Department, including the functions of its sworn police officers as well as its unsworn security officers, for the term May 28, 2020 through November 28, 2020, in an amount not to exceed $60,744.00.",Agreement or Contract,General Counsel,006488,v-006488,General Purpose (GP),"Approves up to $60,744 for Georgetown Law's Innovative Policing Project to review Oakland Schools Police","The Board ratifies a contract with Georgetown Law's Innovative Policing Project for an expert review of the Oakland Schools Police Department. The review covers the work of both its sworn police officers and its unsworn security officers. The contract runs from May 28, 2020 through November 28, 2020 and is capped at $60,744.","Legal, insurance & risk",new_agreement,Georgetown Law’s Innovative Policing Project,organization,,expense,not_to_exceed,60744,,,,,true,2020-05-28,2020-11-28,,,,Adopted on the General Consent Report,2020-05-27,true,auto_ok,sonnet-agent,enrich.v3.md,true,
2020-05-27:20-0504,2020-05-27,2020-05-27,regular,P.-98,144,general,General Counsel,20-0504,https://ousd.legistar.com/gateway.aspx?M=L&ID=49094,Repeal – Inadvertent Approval - Professional Services Contract and COVID Amendment - East Bay Asian Youth Center - Edna Brewer Middle School,"Approval by the Board of Education of Repeal of Enactment No. 20-0600 (May 13, 2020) - Professional Services Contract and COVID Amendment between the District and East Bay Asian Youth Center (EBAYC), Oakland, CA - in the amount of $20,000.00 - inadvertently approved.",Agreement or Contract,General Counsel,001474,v-001474,Iasa-i Basic Grants Low Income,"Cancels a $20,000 East Bay Asian Youth Center contract for Edna Brewer Middle School approved by mistake","The Board repeals its May 13, 2020 approval (Enactment No. 20-0600) of a professional services contract and COVID amendment with East Bay Asian Youth Center for Edna Brewer Middle School. The contract was for $20,000 and, according to the text, was approved inadvertently. The text does not describe the services.",Governance & board business,termination,East Bay Asian Youth Center,organization,Edna Brewer Middle School,decrease,fixed,20000,,,,,true,,,,,,Adopted on the General Consent Report,2020-05-27,true,auto_ok,sonnet-agent,enrich.v3.md,true,
2020-05-27:20-0877,2020-05-27,2020-05-27,regular,P.-99,145,general,General Counsel,20-0877,https://ousd.legistar.com/gateway.aspx?M=L&ID=49465,Professional Services Contract - The Law Offices of Amy Oppenheimer - General Counsel,"Ratification by the Board of Education of a Professional Services Contract between the District and The Law Offices of Amy Oppenheimer, Berkeley, CA, for the latter to conduct an investigation into four key questions related to allegations of retaliation, fraud, conflicts of interest, and financial mismanagement at Amethod Public Schools and provide a detailed report to District’s Legal Department, via Charter Schools Office, for the period of April 22, 2020 through December 31, 2020, in an amount not to exceed $20,000.00.",Agreement or Contract,Superintendent,006403,v-006403,Charter School,"Approves up to $20,000 for the Law Offices of Amy Oppenheimer to investigate Amethod Public Schools","The Board ratifies a contract with the Law Offices of Amy Oppenheimer to investigate four key questions about allegations of retaliation, fraud, conflicts of interest and financial mismanagement at Amethod Public Schools. The firm will give a detailed report to the District's Legal Department through the Charter Schools Office. The contract covers April 22, 2020 through December 31, 2020, so it started before this approval, and is capped at $20,000.","Legal, insurance & risk",new_agreement,The Law Offices of Amy Oppenheimer,organization,,expense,not_to_exceed,20000,,,,,true,2020-04-22,2020-12-31,after_work_began,,,Adopted on the General Consent Report,2020-05-27,true,auto_ok,sonnet-agent,enrich.v3.md,true,
2020-05-27:20-0827,2020-05-27,2020-05-27,regular,P.-100,147,general,Superintendent of Schools,20-0827,https://ousd.legistar.com/gateway.aspx?M=L&ID=49415,Professional Services Contract - Joanna Kaplan - Office of the Chief of Staff,"Ratification by the Board of Education of a Professional Services Contract between the District and Joanna Kaplan, Oakland, CA, for the latter to provide grant writing and management services including: (1) grant report writing; (2) grant proposal writing; (3) proposal editing; (4) proposal and report research; (5) document preparation (e.g. budgets, supplemental materials for applications, etc.); (6) collaborative meetings for content development, planning, document review and gathering, etc.; and (7) grant submission process (online, hard copy, delivery), via Office of the Chief of Staff, for the period of April 1, 2020 through June 30, 2020, in an amount not to exceed $40,000.00.",Agreement or Contract,Superintendent,02363,v-002363,Kaiser,"Pays a grant writer up to $40,000 for grant writing and management, April to June 2020","The Board ratifies a contract with an Oakland individual to provide grant writing and management services for the Office of the Chief of Staff. The work includes writing grant proposals and reports, editing, research, preparing budgets and other application materials, and handling submissions. The contract covers April 1, 2020 through June 30, 2020, so it started before this approval, and is capped at $40,000.","Food, transportation & operations",new_agreement,Joanna Kaplan,individual,,expense,not_to_exceed,40000,,,,,true,2020-04-01,2020-06-30,after_work_began,,,Adopted on the General Consent Report,2020-05-27,true,auto_ok,sonnet-agent,enrich.v3.md,true,
2020-05-27:20-0878,2020-05-27,2020-05-27,regular,P.-101,148,general,Superintendent of Schools,20-0878,https://ousd.legistar.com/gateway.aspx?M=L&ID=49466,Professional Services Contract - Linda Grundhoffer - Office of the Superintendent,"Ratification by the Board of Education of a Professional Services Contract between the District and Linda Grundhoffer, Danville, CA, for the latter to provide support with the FY19/20 Unaudited Actuals, processing payroll and guiding the Accounting staff in closing processes, coordinating closing tasks and assignments, preparing, reviewing, and approving closing entries, via Office of the Superintendent, for the period of December 20, 2019 through June 30, 2020, in an amount not to exceed $51,375.00.",Agreement or Contract,Superintendent,006162,v-006162,General Purpose,"Pays a finance contractor up to $51,375 to help close the 2019-20 books and run payroll","The Board ratifies a contract with a Danville individual to support the district's year-end financial report for 2019-20 (the Unaudited Actuals), process payroll, and guide Accounting staff through closing tasks and entries. The work is done through the Office of the Superintendent. The contract covers December 20, 2019 through June 30, 2020, so it started before this approval, and is capped at $51,375.","Food, transportation & operations",new_agreement,Linda Grundhoffer,individual,,expense,not_to_exceed,51375,,,,,true,2019-12-20,2020-06-30,after_work_began,,,Adopted on the General Consent Report,2020-05-27,true,auto_ok,sonnet-agent,enrich.v3.md,true,
2020-05-27:20-0892,2020-05-27,2020-05-27,regular,P.-102,149,general,Superintendent of Schools,20-0892,https://ousd.legistar.com/gateway.aspx?M=L&ID=49480,Professional Services Contract - Cynthia Shieh - Office of the Superintendent,"Approval by the Board of Education of a Professional Services Contract between the District and Cynthia  Shieh, Alameda, CA, for the latter to provide support with the FY19/20 Unaudited Actuals, processing payroll and guiding the Accounting staff in closing processes, coordinating closing tasks and assignments, preparing, reviewing, and approving closing entries, via Office of the Superintendent, for the period of December 21, 2019 through June 30, 2020, in an amount not to exceed $107,625.00.",Agreement or Contract,Superintendent,006126,v-006126,General Purpose,"Pays a finance contractor up to $107,625 to help close the 2019-20 books and run payroll","The Board approves a contract with an Alameda individual to support the district's year-end financial report for 2019-20 (the Unaudited Actuals), process payroll, and guide Accounting staff through closing tasks and entries. The work is done through the Office of the Superintendent. The contract period began December 21, 2019 and runs through June 30, 2020, so it started before this approval, and is capped at $107,625.","Food, transportation & operations",new_agreement,Cynthia Shieh,individual,,expense,not_to_exceed,107625,,,,,true,2019-12-21,2020-06-30,after_work_began,,,Adopted on the General Consent Report,2020-05-27,true,auto_ok,sonnet-agent,enrich.v3.md,true,
2020-05-27:20-0855,2020-05-27,2020-05-27,regular,P1.-1,152,general,"Deputy Chief, Facilities Panning and Management",20-0855,https://ousd.legistar.com/gateway.aspx?M=L&ID=49443,"Amendment No. 3, Independent Consultant Agreement - Fruitvale Elementary School Fire and Intrusion Alarm Replacement Project – ACC Environmental Consultants, Inc. - Division of Facilities Planning and Management","Approval by the Board of Education of Amendment No. 3, Independent Consultant Agreement for Professional Services between the District and ACC Environmental Consultants, Inc., Oakland, CA, extending time of the Agreement, by 94 additional calendar days, revising term from May 10, 2018 through April 30, 2020 to August 1, 2020,  for the latter to perform asbestos and lead survey with report, submit asbestos and lead project specifications, project management, for the Fruitvale Elementary School Fire and Intrusion Alarm Replacement Project, and authorizing the President and Secretary of the Board to sign the Amendment for same with said Contractor. All other terms and conditions of the Agreement remain in full force and effect.",Agreement or Contract,"Deputy Chief, Facilities Planning and Management",000230,v-000230,Fund 21 - Measure B,"Gives ACC Environmental 94 more days, to Aug. 1, 2020, on Fruitvale Elementary alarm project surveys","This amendment extends ACC Environmental Consultants' agreement by 94 calendar days, moving the end date from April 30, 2020 to August 1, 2020. The firm does asbestos and lead surveys, reports, project specifications and project management for the Fruitvale Elementary School Fire and Intrusion Alarm Replacement Project. It adds no money, and all other terms stay the same.",School buildings & construction,amendment,"ACC Environmental Consultants, Inc.",organization,Fruitvale Elementary School,no_cost,,,,,,,true,2018-05-10,2020-08-01,after_work_began; multi_year; time_extension_only,,,Adopted on the General Consent Report,2020-05-27,true,auto_ok,sonnet-agent,enrich.v3.md,true,
2020-05-27:20-0856,2020-05-27,2020-05-27,regular,P1.-2,153,general,"Deputy Chief, Facilities Panning and Management",20-0856,https://ousd.legistar.com/gateway.aspx?M=L&ID=49444,"Amendment No. 5, Independent Consultant Agreement for Professional Services – Jensen Hughes - Fruitvale Elementary School Fire and Intrusion Alarm Replacement Project – Division of Facilities Planning and Management","Approval by the Board of Education of Amendment No. 5, Independent Consultant Agreement for Professional Services between the District and Jensen Hughes, Concord, CA, extending time of the Agreement with the latter from October 14, 2016 through April 30, 2020 to August 1, 2020, for specified design services, for the Fruitvale Elementary School Fire and Intrusion Alarm Replacement Project, and authorizing the President and Secretary of the Board to sign the Amendment for same with said Contractor. All other terms and conditions of the Agreement remain in full force and effect.",Agreement or Contract,"Deputy Chief, Facilities Planning and Management",002281,v-002281,Fund 21 Msr B,"Gives Jensen Hughes more time, to Aug. 1, 2020, to finish Fruitvale Elementary alarm design work","This amendment extends Jensen Hughes' agreement for design services on the Fruitvale Elementary School Fire and Intrusion Alarm Replacement Project, moving the end date from April 30, 2020 to August 1, 2020. The original agreement began October 14, 2016. It adds no money, and all other terms stay the same.",School buildings & construction,amendment,Jensen Hughes,organization,Fruitvale Elementary School,no_cost,,,,,,,true,2016-10-14,2020-08-01,after_work_began; multi_year; time_extension_only,,,Adopted on the General Consent Report,2020-05-27,true,auto_ok,sonnet-agent,enrich.v3.md,true,
2020-05-27:20-0857,2020-05-27,2020-05-27,regular,P1.-3,154,general,"Deputy Chief, Facilities Panning and Management",20-0857,https://ousd.legistar.com/gateway.aspx?M=L&ID=49445,"Amendment No. 6, Agreement for Architectural Services - HKIT Architects – Glenview Elementary School New Construction Project – Division of Facilities Planning and Management","Approval by the Board of Education of Amendment No. 6,  Agreement for Architectural Services between the District and HKIT Architects, Oakland CA, for the latter to provide additional construction administration services to include weekly meetings, related correspondence, project coordination, RFI responses and review of any remaining submittals, for the Glenview Elementary School New Construction Project, in an additional amount of $67,280.00, which includes a $11,600.00 contingency, increasing Agreement not to exceed amount from $3,777,283.00 to $3,844,563.00, authorizing the President and Secretary of the Board to sign the Amendment for same with said Consultant. All other terms and conditions of the Agreement remain in full force and effect.",Agreement or Contract,"Deputy Chief, Facilities Planning and Management",001995,v-001995,Fund 21 Msr J,"Adds $67,280 for HKIT Architects' construction support on the new Glenview Elementary","This amendment adds $67,280 to HKIT Architects' agreement for the Glenview Elementary School New Construction Project, including an $11,600 contingency. The added work is construction administration: weekly meetings, correspondence, project coordination, responses to requests for information, and review of remaining submittals. The agreement's cap rises from $3,777,283 to $3,844,563.",School buildings & construction,amendment,HKIT Architects,organization,Glenview Elementary School,expense,not_to_exceed,67280,,,3777283,3844563,true,,,raises_existing_contract,,,Adopted on the General Consent Report,2020-05-27,true,auto_ok,sonnet-agent,enrich.v3.md,true,
2020-05-27:20-0882,2020-05-27,2020-05-27,regular,P1.-4,155,general,"Deputy Chief, Facilities Panning and Management",20-0882,https://ousd.legistar.com/gateway.aspx?M=L&ID=49470,"Change Order No. 1, Construction Contract - Sof Surfaces, Inc.- Sequoia Elementary School Playmatting Project - Division of Facilities Planning and Management","Approval by the Board of Education of Change Order No 1, Between Owner [District] and Contractor for the Sequoia Elementary School Playmatting Project with Sof Surfaces, Inc. (“Contractor”), Petrolia, ON Canada, for the latter to provide training to numerous contractors in the manner of installation of the Sof Surface product (per the Contract Justification Form),  in an amount not to exceed $31,390.60 and 25 calendar days, and authorizing the President and Secretary of the Board to sign the Change Order for same with said contractor.",Agreement or Contract,"Deputy Chief, Facilities Planning and Management",003982,v-003982,Fund 21 Measure B,"Adds $31,390.60 and 25 days for Sof Surfaces to train contractors on Sequoia Elementary playmatting","This change order to the Sequoia Elementary School Playmatting Project contract has Sof Surfaces train numerous contractors on how to install its Sof Surface product, as described in the contract justification form. It is capped at $31,390.60 and adds 25 calendar days to the project.",School buildings & construction,change_order,"Sof Surfaces, Inc.",organization,Sequoia Elementary School,expense,not_to_exceed,31390.6,,,,,true,,,,,,Adopted on the General Consent Report,2020-05-27,true,auto_ok,sonnet-agent,enrich.v3.md,true,
