item_id,meeting_key,meeting_date,meeting_kind,agenda_number,agenda_sequence,consent_section,group,file_number,legistar_url,title,official_text,matter_type,presenter,vendor_number,vendor_key,funding_source,headline,summary,category,action_type,vendor_name,vendor_kind,schools,money_direction,amount_type,amount,amount_range_low,amount_range_high,prior_total,new_total,amount_verified,term_start,term_end,flags,source_issue,pulled_from_consent,outcome_action,outcome_date,adopted,review_status,model_id,prompt_version,counts_toward_totals,duplicate_of
2021-09-08:21-1948,2021-09-08,2021-09-08,regular,V.-1,68,general,"Chief, Systems and Services Officer",21-1948,https://ousd.legistar.com/LegislationDetail.aspx?ID=53083&GUID=61606B38-A1BB-4537-92FC-BB5E1FDBC750,"Master Agreement for Professional Services - Infinity Communications and Consulting, Inc., - Technology Services Department","Ratification by the Board of Education of a Master Agreement for Professional Services by and between District (Client No 0572) and Infinity Communications and Consulting, Inc., Bakersfield, CA for the latter to perform Emergency Connectivity Fund Consulting Services, as defined in Project Attachment #0572-FY2022, incorporated herein by reference as though fully set forth, for the period July 29, 2021 through June 30, 2022, in an amount not to exceed $90,000.00.",Agreement or Contract,Chief Systems and Services Officer,007928,v-007928,General Purpose-Unrestricted,"Approves $90,000 for Infinity Communications to advise on federal Emergency Connectivity Fund","The board is approving after the fact a contract with Infinity Communications and Consulting, Inc. of Bakersfield for consulting services on the Emergency Connectivity Fund, a federal program that helps pay for student internet access and devices. The district may pay up to $90,000 for work from July 29, 2021 through June 30, 2022. The work period began before this approval.",Technology,new_agreement,"Infinity Communications and Consulting, Inc.",organization,,expense,not_to_exceed,90000,,,,,true,2021-07-29,2022-06-30,pulled_from_consent; after_work_began,,"Adopted in its own vote at this meeting (5–2), instead of with the rest of the consent report.",Adopted,2021-09-08,true,auto_ok,sonnet-agent,enrich.v3.md,true,
2021-09-08:21-1995,2021-09-08,2021-09-08,regular,V.-2,69,general,"Chief, Systems and Services Officer",21-1995,https://ousd.legistar.com/LegislationDetail.aspx?ID=53130&GUID=60C08427-CA3F-42AF-9871-A5C3C4DDB986,"Award of Bid - Trimark, Inc. - Kitchen Equipment - Nutrition Services Department","Approval by the Board of Education of Resolution 2122-0074 - Award of Bid (RFP No. 21-103NS) for Foodservice Equipment and Supplies to TriMark, Inc., San Diego, CA, in an amount not to exceed Two Million Five Hundred Thousand Dollars ($2,500,000) per school year, as the responsive, responsible bidder, for an initial period of three (3) fiscal years with two one-year options to renew upon further approval by the Board.",Agreement or Contract,Chief Systems and Services Officer,,n-trimark,Child Nutrition School Program,Awards TriMark up to $2.5M a year for kitchen equipment and supplies for school meals,"The board awards a contract to TriMark, Inc. of San Diego for foodservice equipment and supplies for the Nutrition Services Department. TriMark was chosen as the responsive, responsible bidder through a request for proposals. The district may spend up to $2,500,000 per school year for an initial three fiscal years, with two optional one-year renewals that need further board approval.","Food, transportation & operations",bid_award,"TriMark, Inc.",organization,,expense,per_year,2500000,,,,,true,,,pulled_from_consent; yearly_cap; multi_year,,"Adopted in its own vote at this meeting (6–0, 1 abstaining), instead of with the rest of the consent report.",Adopted,2021-09-08,true,auto_ok,sonnet-agent,enrich.v3.md,true,
2021-09-08:21-1676,2021-09-08,2021-09-08,regular,V.-3,71,general,Chief Business Officer,21-1676,https://ousd.legistar.com/LegislationDetail.aspx?ID=52812&GUID=2FEE85B6-DB34-4453-A2C6-721B898C3ED9,"Accounts Payable Warrants Report - Fiscal Year 2020-2021 - As of June 30, 2021","Approval by the Board of Education of Accounts Payable Warrants Report - i.e., 1,278 Accounts Payable Consolidated Checks printed - Fiscal Year 2020-2021, in the cumulative Amount of $49,828,476.28 from June 1, 2021 through June 30, 2021, as reflected in Exhibit 1.",Report,Chief Financial Officer,,,,"Approves $49.8M in vendor payments (1,278 checks) issued in June 2021","The board approves the Accounts Payable Warrants Report, which lists 1,278 consolidated checks the district printed to pay its bills from June 1 through June 30, 2021. The total is $49,828,476.28. These are payments already made for fiscal year 2020-21, and the full list is in Exhibit 1 to the agenda item.",Governance & board business,other,,,,expense,cumulative,49828476.28,,,,,true,2021-06-01,2021-06-30,pulled_from_consent; payment_ratification; after_work_began,,"Adopted in its own vote at this meeting (7–0), instead of with the rest of the consent report.",Adopted,2021-09-08,true,auto_ok,sonnet-agent,enrich.v3.md,true,
2021-09-08:21-1677,2021-09-08,2021-09-08,regular,V.-4,72,general,Chief Business Officer,21-1677,https://ousd.legistar.com/LegislationDetail.aspx?ID=52813&GUID=E09E6DDD-9B6C-4F71-AFA8-5077CDC85AB1,"Payroll Warrants and Direct Deposits Report - Fiscal Year 2020-2021 - As of June 30, 2021","Approval by the Board of Education of Payroll Warrants and Direct Deposits - i.e., 807 Payroll Consolidated Checks printed and 9,010 Direct Deposits made - Fiscal Year 2020-2021, in the cumulative Amount of $18,411,748.72 from June 1, 2021 through June 30, 2021, as reflected in Exhibit 1.",Report,Chief Financial Officer,,,,"Approves $18.4M in June 2021 payroll: 807 checks and 9,010 direct deposits","The board approves the Payroll Warrants and Direct Deposits Report for June 1 through June 30, 2021. It covers 807 printed payroll checks and 9,010 direct deposits, totaling $18,411,748.72 for fiscal year 2020-21. The full list is in Exhibit 1 to the agenda item.",Governance & board business,other,,,,expense,cumulative,18411748.72,,,,,true,2021-06-01,2021-06-30,pulled_from_consent; payment_ratification; after_work_began,,"Adopted in its own vote at this meeting (7–0), instead of with the rest of the consent report.",Adopted,2021-09-08,true,auto_ok,sonnet-agent,enrich.v3.md,true,
2021-09-08:21-1729,2021-09-08,2021-09-08,regular,V.-5,74,general,"Deputy Chief, Facilities Planning and Management",21-1729,https://ousd.legistar.com/LegislationDetail.aspx?ID=52865&GUID=84801DA5-D42A-4BA7-AE3D-EC56E0F1CA64,General Services Agreement – Bay Alarm Company - Response and Patrol Services Project – Buildings & Grounds Department,"Approval by the Board of Education of a General Services Agreement by and between the District and Bay Alarm Company, Concord, CA, for the latter to provide response and patrol services to District, as described in Section 1 and Exhibit A of Agreement, for the Response and Patrol Services Project, in the not to exceed amount of $180,000.00, at the rate of $15,000.00 per month for services, as the selected contractor, with work scheduled to commence on July 1, 2021, and scheduled to last until June 30, 2022.",Agreement or Contract,"Deputy Chief, Facilities Planning and Management",006555,v-006555,General Purpose,"Pays Bay Alarm Company up to $180,000 for response and patrol services in 2021-22","The district hires Bay Alarm Company of Concord to provide response and patrol services for the Buildings & Grounds Department. The cost is $15,000 per month, up to $180,000, for July 1, 2021 through June 30, 2022.","Food, transportation & operations",new_agreement,Bay Alarm Company,organization,,expense,not_to_exceed,180000,,,,,true,2021-07-01,2022-06-30,pulled_from_consent; after_work_began,,"Adopted in its own vote at this meeting (7–0), instead of with the rest of the consent report.",Adopted,2021-09-08,true,auto_ok,sonnet-agent,enrich.v3.md,true,
2021-09-08:21-1806,2021-09-08,2021-09-08,regular,V.-6,75,general,"Deputy Chief, Facilities Planning and Management",21-1806,https://ousd.legistar.com/LegislationDetail.aspx?ID=52942&GUID=A694999A-55AC-4602-BF85-337EEB2B3768,Agreement Between Owner and Contractor - Competitively Bid – Everlast Development Inc. – Vegetation Fire Management Project – Burbank Elementary School - Department of Buildings & Grounds,"Ratification by the Board of Education of Agreement Between Owner - District and Everlast Development Inc., Oakland, CA  (“Contractor”), for the latter to perform Scope of Work consisting of but not limited to cut, remove, and properly dispose of vegetation ground fuels along the fence line; clear weeds throughout each entire school site, including playgrounds, trim bushes to an aesthetic design; trim back ivy and any protruding branches along fence line and low hanging tree branches; remove and haul all trash and debris, with all services fully compliant with the Oakland Fire Code and Standards, for the Burbank Elementary School Vegetation Fire Management Project, in the amount of $18,700.00, which includes a contingency of $3,000.00, as the lowest responsive bidder, rejecting all other bids, with the work anticipated to commence on July 26, 2021, and scheduled to last for thirty (30) days, with an anticipated ending of August 25, 2021.",Agreement or Contract,"Deputy Chief, Facilities Planning and Management",006121,v-006121,Fund 010/Restricted Repair Maintenance Account,"Pays Everlast Development $18,700 to clear fire-hazard vegetation at Burbank Elementary","The board approves after the fact a contract with Everlast Development Inc. of Oakland to cut and haul away dry vegetation, weeds, brush and debris at Burbank Elementary School to meet Oakland fire code. The $18,700 price includes a $3,000 contingency, and Everlast was the lowest responsive bidder out of all bids received. Work was expected to run about 30 days, July 26 to August 25, 2021, so it was scheduled to start before this approval.","Food, transportation & operations",bid_award,Everlast Development Inc.,organization,Burbank Elementary School,expense,fixed,18700,,,,,true,2021-07-26,2021-08-25,after_work_began,,,Adopted on the General Consent Report,2021-09-08,true,auto_ok,sonnet-agent,enrich.v3.md,true,
2021-09-08:21-1807,2021-09-08,2021-09-08,regular,V.-7,76,general,"Deputy Chief, Facilities Planning and Management",21-1807,https://ousd.legistar.com/LegislationDetail.aspx?ID=52943&GUID=A5A764CC-0790-4C88-8889-EB13FD4EA451,Agreement Between Owner and Contractor - Competitively Bid - Everlast Development Inc. - Vegetation Fire Management Project - Grass Valley Elementary School - Department of Buildings & Grounds,"Ratification by the Board of Education of Agreement Between Owner and Contractor - District and Everlast Development Inc., Oakland, CA (“Contractor”), for the latter to provide the Scope of Work consisting of but not limited to cut, remove, and properly dispose of vegetation ground fuels along the fence line; clear weeds throughout each entire school site, including playgrounds, trim bushes to an aesthetic design; trim back ivy and any protruding branches along fence line and low hanging tree branches; remove and haul all trash and debris, with all services fully compliant with the Oakland Fire Code and Standards, for the Grass Valley Elementary School Vegetation Fire Management Project, in the amount of $17,800.00, which includes a contingency of $3,000.00, as the lowest responsive bidder, rejecting all other bids with the work anticipated to commence on July 26, 2021, and scheduled to last for thirty (30) days, with an anticipated ending of August 25, 2021.",Agreement or Contract,"Deputy Chief, Facilities Planning and Management",006121,v-006121,Fund 010/Restricted Repair Maintenance Account,"Pays Everlast Development $17,800 to clear fire-hazard vegetation at Grass Valley Elementary","The board approves after the fact a contract with Everlast Development Inc. of Oakland to cut and haul away dry vegetation, weeds, brush and debris at Grass Valley Elementary School to meet Oakland fire code. The $17,800 price includes a $3,000 contingency, and Everlast was the lowest responsive bidder out of all bids received. Work was expected to run about 30 days, July 26 to August 25, 2021, so it was scheduled to start before this approval.","Food, transportation & operations",bid_award,Everlast Development Inc.,organization,Grass Valley Elementary School,expense,fixed,17800,,,,,true,2021-07-26,2021-08-25,after_work_began,,,Adopted on the General Consent Report,2021-09-08,true,auto_ok,sonnet-agent,enrich.v3.md,true,
2021-09-08:21-1812,2021-09-08,2021-09-08,regular,V.-8,77,general,"Deputy Chief, Facilities Planning and Management",21-1812,https://ousd.legistar.com/LegislationDetail.aspx?ID=52948&GUID=77C60843-F124-4BEB-B26E-04B3170AD288,Agreement Between Owner and Contractor - Competitively Bid - Everlast Development Inc.- Vegetation Fire Management Project - Montera -Middle School - Department of Buildings & Grounds,"Ratification by the Board of Education of Agreement Between Owner Everlast Development Inc., Oakland, CA (“Contractor”), for the latter to perform the Scope of Work consisting of but not limited to cut, remove, and properly dispose of vegetation ground fuels along the fence line; clear weeds throughout each entire school site, including playgrounds, trim bushes to an aesthetic design; trim back ivy and any protruding branches along fence line and low hanging tree branches; remove and haul all trash and debris, with all services fully compliant with the Oakland Fire Code and Standards, for the Montera Middle School Vegetation Fire Management Project, in the amount of $17,300.00, which includes a contingency of $3,000.00, as the lowest responsive bidder, rejecting all other bids, with the work anticipated to commence on July 26, 2021, and scheduled to last for thirty (30) days, with an anticipated ending of August 25, 2021.",Agreement or Contract,"Deputy Chief, Facilities Planning and Management",006121,v-006121,Fund 010/Restricted Repair Maintenance Account,"Pays Everlast Development $17,300 to clear fire-hazard vegetation at Montera Middle School","The board approves after the fact a contract with Everlast Development Inc. of Oakland to cut and haul away dry vegetation, weeds, brush and debris at Montera Middle School to meet Oakland fire code. The $17,300 price includes a $3,000 contingency, and Everlast was the lowest responsive bidder out of all bids received. Work was expected to run about 30 days, July 26 to August 25, 2021, so it was scheduled to start before this approval.","Food, transportation & operations",bid_award,Everlast Development Inc.,organization,Montera Middle School,expense,fixed,17300,,,,,true,2021-07-26,2021-08-25,after_work_began,,,Adopted on the General Consent Report,2021-09-08,true,auto_ok,sonnet-agent,enrich.v3.md,true,
2021-09-08:21-1814,2021-09-08,2021-09-08,regular,V.-9,78,general,"Deputy Chief, Facilities Planning and Management",21-1814,https://ousd.legistar.com/LegislationDetail.aspx?ID=52950&GUID=5C6AC7C6-FCEC-439C-B303-1BB3BB0AA28F,Agreement Between Owner and Contractor - Competitively Bid – Everlast Development Inc. –Vegetation Fire Management Project – Community Day School - Department of Buildings & Grounds,"Ratification by the Board of Education of Agreement Between Owner Everlast Development Inc., Oakland, CA (“Contractor”), for the latter to perform the Scope of Work consisting of but not limited to cut, remove, and properly dispose of vegetation ground fuels along the fence line; clear weeds throughout each entire school site, including playgrounds, trim bushes to an aesthetic design. Trim back ivy and any protruding branches along fence line and low hanging tree branches; remove and haul all trash and debris, with all services fully compliant with the Oakland Fire Code and Standards, for the Community Day School Vegetation Fire Management Project, in the amount of $24,500.00, which includes a contingency of $3,000.00, as the lowest responsive bidder, rejecting all other bids, with the work anticipated to commence on July 26, 2021, and scheduled to last for thirty (30) days, with an anticipated ending of August 25, 2021.",Agreement or Contract,"Deputy Chief, Facilities Planning and Management",006121,v-006121,Fund 010/Restricted Repair Maintenance Account,"Pays Everlast Development $24,500 to clear fire-hazard vegetation at Community Day School","The board approves after the fact a contract with Everlast Development Inc. of Oakland to cut and haul away dry vegetation, weeds, brush and debris at Community Day School to meet Oakland fire code. The $24,500 price includes a $3,000 contingency, and Everlast was the lowest responsive bidder out of all bids received. Work was expected to run about 30 days, July 26 to August 25, 2021, so it was scheduled to start before this approval.","Food, transportation & operations",bid_award,Everlast Development Inc.,organization,Community Day School,expense,fixed,24500,,,,,true,2021-07-26,2021-08-25,after_work_began,,,Adopted on the General Consent Report,2021-09-08,true,auto_ok,sonnet-agent,enrich.v3.md,true,
2021-09-08:21-1818,2021-09-08,2021-09-08,regular,V.-10,79,general,"Deputy Chief, Facilities Planning and Management",21-1818,https://ousd.legistar.com/LegislationDetail.aspx?ID=52954&GUID=245F148D-0F8C-4A2B-A587-49B4BDBAD9CD,Agreement Between Owner and Contractor - Competitively Bid – Everlast Development Inc. – Vegetation Fire Management Project – Kaiser Elementary School - Department of Buildings & Grounds,"Ratification by the Board of Education of Agreement Between Owner and Contractor - District and Everlast Development Inc., Oakland, CA (“Contractor”), for the latter perform the Scope of Work consisting of but not limited to cut, remove, and properly dispose of vegetation ground fuels along the fence line; clear weeds throughout each entire school site, including playgrounds, trim bushes to an aesthetic design; trim back ivy and any protruding branches along fence line and low hanging tree branches; remove and haul all trash and debris, with all services fully compliant with the Oakland Fire Code and Standards, for the Kaiser Elementary School Vegetation Fire Management Project, in the amount of $24,500.00, which includes a contingency of $3,000.00, as the lowest responsive bidder, rejecting all bids, with the work anticipated to commence on July 26, 2021, and scheduled to last for thirty (30) days, with an anticipated ending of August 25, 2021.",Agreement or Contract,"Deputy Chief, Facilities Planning and Management",006121,v-006121,Fund 010/Restricted Repair Maintenance Account,"Pays Everlast Development $24,500 to clear fire-hazard vegetation at Kaiser Elementary","The board approves after the fact a contract with Everlast Development Inc. of Oakland to cut and haul away dry vegetation, weeds, brush and debris at Kaiser Elementary School to meet Oakland fire code. The $24,500 price includes a $3,000 contingency, and Everlast was the lowest responsive bidder out of all bids received. Work was expected to run about 30 days, July 26 to August 25, 2021, so it was scheduled to start before this approval.","Food, transportation & operations",bid_award,Everlast Development Inc.,organization,Kaiser Elementary School,expense,fixed,24500,,,,,true,2021-07-26,2021-08-25,after_work_began,,,Adopted on the General Consent Report,2021-09-08,true,auto_ok,sonnet-agent,enrich.v3.md,true,
2021-09-08:21-1821,2021-09-08,2021-09-08,regular,V.-11,80,general,"Deputy Chief, Facilities Planning and Management",21-1821,https://ousd.legistar.com/LegislationDetail.aspx?ID=52957&GUID=17C9FC6D-97FC-4F99-8DEF-121028CFD72B,"Agreement Between Owner and Contractor - Competitively Bid - George E. Masker, Inc. - Grass Valley Elementary School Exterior Painting Project - Division of Facilities Planning and Management","Ratification by the Board of Education of Agreement Between Owner and Contractor - District and George E. Masker, Inc., Oakland, CA (“Contractor”), for the latter to perform the Scope of Work consisting of but not limited to pressure wash; spot prime and paint exteriors of portables from A-J at site, for the Grass Valley Elementary School Portables Exterior Painting Project, in the amount of $58,500.00, which includes a contingency of $9,500.00, as the lowest responsive bidder, rejecting all other bids, with the work anticipated to commence on August 2, 2021, and scheduled to last for thirty (30) days, with an anticipated ending of September 1, 2021.",Agreement or Contract,"Deputy Chief, Facilities Planning and Management",001819,v-001819,Fund 140 Deferred Maintenance,"Pays George E. Masker $58,500 to paint the exterior at Grass Valley Elementary","The board approves after the fact a contract with George E. Masker, Inc. of Oakland to prepare and paint the exteriors of portable classrooms A through J at Grass Valley Elementary School. The $58,500 price includes a $9,500 contingency, and Masker was the lowest responsive bidder out of all bids received. Work was expected to run about 30 days, August 2 to September 1, 2021, so it was scheduled to start before this approval.",School buildings & construction,bid_award,"George E. Masker, Inc.",organization,Grass Valley Elementary School,expense,fixed,58500,,,,,true,2021-08-02,2021-09-01,after_work_began,,,Adopted on the General Consent Report,2021-09-08,true,auto_ok,sonnet-agent,enrich.v3.md,true,
2021-09-08:21-1822,2021-09-08,2021-09-08,regular,V.-12,81,general,"Deputy Chief, Facilities Planning and Management",21-1822,https://ousd.legistar.com/LegislationDetail.aspx?ID=52958&GUID=656B12DC-358C-4F4C-8C07-EAADC0334EA4,"Agreement Between Owner and Contractor - Competitively Bid - George E. Masker, Inc. - Markham Elementary School Exterior Painting Project - Division of Facilities Planning and Management","Ratification by the Board of Education of Agreement Between Owner and Contractor - District and George E. Masker, Inc., Oakland, CA (“Contractor”), for the latter to perform the Scope of Work consisting of but not limited to pressure wash exterior of new building, scrape any loose debris; prime all previously painted substrates including handrails; paint exterior of building colors chosen by District, for the Markham Elementary School Exterior Painting Project, in the amount of $76,500.00, which includes a contingency of $8,500.00, as the lowest responsive bidder, rejecting all other bids, with the work anticipated to commence on August 2, 2021, and scheduled to last for thirty (30) days, with an anticipated ending of September 1, 2021.",Agreement or Contract,"Deputy Chief, Facilities Planning and Management",001819,v-001819,Fund 140 Deferred Maintenance,"Pays George E. Masker $76,500 to paint the exterior at Markham Elementary","The board approves after the fact a contract with George E. Masker, Inc. of Oakland to prepare and paint the exterior of the new building at Markham Elementary School. The $76,500 price includes a $8,500 contingency, and Masker was the lowest responsive bidder out of all bids received. Work was expected to run about 30 days, August 2 to September 1, 2021, so it was scheduled to start before this approval.",School buildings & construction,bid_award,"George E. Masker, Inc.",organization,Markham Elementary School,expense,fixed,76500,,,,,true,2021-08-02,2021-09-01,after_work_began,,,Adopted on the General Consent Report,2021-09-08,true,auto_ok,sonnet-agent,enrich.v3.md,true,
2021-09-08:21-1823,2021-09-08,2021-09-08,regular,V.-13,82,general,"Deputy Chief, Facilities Planning and Management",21-1823,https://ousd.legistar.com/LegislationDetail.aspx?ID=52959&GUID=B48D11E1-B2EE-49E7-B3E9-8DF857593A2F,"Agreement Between Owner and Contractor - Competitively Bid - George E. Masker, Inc. - West Oakland Middle School Exterior Painting Project - Division of Facilities Planning and Management","Ratification by the Board of Education of Agreement Between Owner and Contractor - District and George E. Masker, Inc., Oakland, CA (“Contractor”), for the latter to perform the Scope of Work consisting of but not limited to sand, prime and paint using specified primer approved by the District and specified top coat approved by the District: fiberglass paneling above and below windows on two specified buildings, for the West Oakland Middle School Exterior Painting Project, in the amount of $86,300.00, which includes a contingency of $9,500.00, as the lowest responsive bidder, rejecting all other bids, with the work anticipated to commence on August 2, 2021, and scheduled to last for thirty (30) days, with an anticipated ending of September 1, 2021.",Agreement or Contract,"Deputy Chief, Facilities Planning and Management",001819,v-001819,Fund 140 Deferred Maintenance,"Pays George E. Masker $86,300 to paint the exterior at West Oakland Middle School","The board approves after the fact a contract with George E. Masker, Inc. of Oakland to prepare and paint fiberglass paneling above and below the windows on two buildings at West Oakland Middle School. The $86,300 price includes a $9,500 contingency, and Masker was the lowest responsive bidder out of all bids received. Work was expected to run about 30 days, August 2 to September 1, 2021, so it was scheduled to start before this approval.",School buildings & construction,bid_award,"George E. Masker, Inc.",organization,West Oakland Middle School,expense,fixed,86300,,,,,true,2021-08-02,2021-09-01,after_work_began,,,Adopted on the General Consent Report,2021-09-08,true,auto_ok,sonnet-agent,enrich.v3.md,true,
2021-09-08:21-1826,2021-09-08,2021-09-08,regular,V.-14,83,general,"Deputy Chief, Facilities Planning and Management",21-1826,https://ousd.legistar.com/LegislationDetail.aspx?ID=52962&GUID=97AB92F3-E785-46DC-AB2F-65DCCF4D01B0,Agreement for Materials Testing and Special Inspection Services - Consolidated Engineering Laboratories - Cole Administration Center Project - Division of Facilities Planning and Management,"Approval by the Board of Education of Agreement for Materials Testing and Special Inspection Services by and between the District and Consolidated Engineering Laboratories, Oakland, CA, for the latter to provide materials testing and special inspection services, for the Cole Administration Center Project, in the not-to-exceed amount of $378,476.12, which includes a contingency fee of $34,406.92, with work scheduled to commence on September 9, 2021, and scheduled to last until June 30, 2023.",Agreement or Contract,"Deputy Chief, Facilities Planning and Management",001171,v-001171,Fund 35 County School Facilities Fund,"Pays Consolidated Engineering Laboratories up to $378,476 for Cole Administration Center testing","The district hires Consolidated Engineering Laboratories of Oakland to provide materials testing and special inspection services for the Cole Administration Center construction project. The limit is $378,476.12, which includes a $34,406.92 contingency. Work runs September 9, 2021 through June 30, 2023.",School buildings & construction,new_agreement,Consolidated Engineering Laboratories,organization,Cole Administration Center,expense,not_to_exceed,378476.12,,,,,true,2021-09-09,2023-06-30,multi_year,,,Adopted on the General Consent Report,2021-09-08,true,auto_ok,sonnet-agent,enrich.v3.md,true,
2021-09-08:21-1827,2021-09-08,2021-09-08,regular,V.-15,84,general,"Deputy Chief, Facilities Planning and Management",21-1827,https://ousd.legistar.com/LegislationDetail.aspx?ID=52963&GUID=D01A527A-9AFD-42E3-8F52-02F85F822CF4,"General Services Agreement - ACC Environmental Consultants, Inc. - Cole Administration Center Project - Division of Facilities Planning and Management","Approval by the Board of Education of a General Services Agreement by and between the District and ACC Environmental Consultants, Inc., Oakland, CA, for the latter to provide hazardous materials investigation, hazardous materials work plan, prepare cost estimates, and provide abatement oversight and final report of findings, including all work described in the April 9, 2021 Proposal, which is attached to this Agreement as Exhibit A,  for the Cole Administration Center Project, in the not to exceed amount of $80,626.00, with work scheduled to commence on September 9, 2021, and scheduled to last until December 31, 2023.",Agreement or Contract,"Deputy Chief, Facilities Planning and Management",000230,v-000230,Fund 35 County School Facilities Fund,"Pays ACC Environmental up to $80,626 for hazardous-materials work at Cole Administration Center","The district hires ACC Environmental Consultants, Inc. of Oakland to investigate hazardous materials, prepare a work plan and cost estimates, and oversee cleanup (abatement) and a final report for the Cole Administration Center project. The limit is $80,626. Work runs September 9, 2021 through December 31, 2023.",School buildings & construction,new_agreement,"ACC Environmental Consultants, Inc.",organization,Cole Administration Center,expense,not_to_exceed,80626,,,,,true,2021-09-09,2023-12-31,multi_year,,,Adopted on the General Consent Report,2021-09-08,true,auto_ok,sonnet-agent,enrich.v3.md,true,
2021-09-08:21-1828,2021-09-08,2021-09-08,regular,V.-16,85,general,"Deputy Chief, Facilities Planning and Management",21-1828,https://ousd.legistar.com/LegislationDetail.aspx?ID=52964&GUID=1B2ADBBC-950B-4FF4-9994-3AE33BA4AA57,"Amendment No. 1, Architectural Services Agreement – Shah Kawasaki Architects – Cole Administration Center Project - Division of Facilities Planning and Management","Approval by the Board of Education of Amendment No. 1, Architectural Services Agreement by and between the District and Shah Kawasaki Architects, Oakland, CA, for the latter to provide redesign and revised scope for the new administration building and plans for the first floor, as described in the Proposal dated July 7, 2021, attached to this Agreement as Exhibit A, for the Cole Administration Center Project, in an additional amount of $390,875.00, increasing Agreement not to exceed amount from $3,500,000.00 to $3,890,875.00, and extending the term of the Agreement from September 12, 2019 through December 31, 2022 to December 31, 2023 (an additional 365 calendar days). All other terms and conditions of the Agreement remain in full force and effect.",Agreement or Contract,"Deputy Chief, Facilities Planning and Management",003881,v-003881,Fund 35 County School Facilities Fund,"Adds $390,875 for Shah Kawasaki's redesign of the Cole Administration Center, extending to 2023","This amendment adds $390,875 to the architect's contract with Shah Kawasaki Architects for a redesign and revised scope of the new administration building and first-floor plans. The contract limit rises from $3,500,000 to $3,890,875. It also extends the end date by one year, from December 31, 2022 to December 31, 2023.",School buildings & construction,amendment,Shah Kawasaki Architects,organization,Cole Administration Center,expense,not_to_exceed,390875,,,3500000,3890875,true,2019-09-12,2023-12-31,raises_existing_contract; multi_year,,,Adopted on the General Consent Report,2021-09-08,true,auto_ok,sonnet-agent,enrich.v3.md,true,
2021-09-08:21-1832,2021-09-08,2021-09-08,regular,V.-17,86,general,"Deputy Chief, Facilities Planning and Management",21-1832,https://ousd.legistar.com/LegislationDetail.aspx?ID=52968&GUID=FD83C7B3-06DC-4179-A1E5-AE46AFD695F3,"Agreement for Inspector of Record Services for Construction - Anthonio, Inc. - Cole Administration Center Project - Division of Facilities Planning and Management","Approval by the Board of Education of Agreement for Inspector of Record Services for Construction by and between District and Anthonio, Inc., Oakland, CA, for the latter to provide Inspector of Record Services needed for all construction & Division of the State Architect (DSA) projects, for the Cole Administration Center Project, as described in Agreement, in the amount of $407,722.00, which includes a contingency fee of $37,066.00, as the selected consultant, with work scheduled to commence on September 9, 2021, and scheduled to last until December 31, 2023.",Agreement or Contract,"Deputy Chief, Facilities Planning and Management",000453,v-000453,Fund 35 County School Facilities Fund,"Pays Anthonio, Inc. up to $407,722 for inspector-of-record services at Cole Administration Center","The district hires Anthonio, Inc. of Oakland to provide inspector-of-record services, an independent on-site construction inspection, for the Cole Administration Center project, including work needed for Division of the State Architect (DSA) approval. The $407,722 price includes a $37,066 contingency. Work runs September 9, 2021 through December 31, 2023.",School buildings & construction,new_agreement,"Anthonio, Inc.",organization,Cole Administration Center,expense,fixed,407722,,,,,true,2021-09-09,2023-12-31,multi_year,,,Adopted on the General Consent Report,2021-09-08,true,auto_ok,sonnet-agent,enrich.v3.md,true,
2021-09-08:21-1839,2021-09-08,2021-09-08,regular,V.-18,87,general,"Deputy Chief, Facilities Planning and Management",21-1839,https://ousd.legistar.com/LegislationDetail.aspx?ID=52975&GUID=15580EC9-34C2-441B-9FA1-971D213AED9A,General Services Agreement - Ninyo & Moore - Cole Administration Center Project - Division of Facilities Planning and Management,"Approval by the Board of Education of the General Services Agreement by and between the District and Ninyo & Moore, Alameda, CA, for the latter to provide preparation of a Preliminary Endangerment Assessment Work Plan (PEA) & PEA Reporting for the Cole Administration Project, with Basic Services including all work described in the July 13, 2021, Proposal, which are attached to this Agreement as Exhibit A, for the Cole Administration Center Project, in the not-to-exceed amount of $59,700.00, with work scheduled to commence on September 9, 2021, and scheduled to last until December 31, 2022.",Agreement or Contract,"Deputy Chief, Facilities Planning and Management",003087,v-003087,Fund 35 County School Facilities Fund,"Pays Ninyo & Moore up to $59,700 for an environmental site assessment at Cole Administration Center","The district hires Ninyo & Moore of Alameda to prepare a Preliminary Endangerment Assessment work plan and report, an environmental review of the Cole Administration Center site, as described in their July 13, 2021 proposal. The limit is $59,700. Work runs September 9, 2021 through December 31, 2022.",School buildings & construction,new_agreement,Ninyo & Moore,organization,Cole Administration Center,expense,not_to_exceed,59700,,,,,true,2021-09-09,2022-12-31,multi_year,,,Adopted on the General Consent Report,2021-09-08,true,auto_ok,sonnet-agent,enrich.v3.md,true,
2021-09-08:21-1867,2021-09-08,2021-09-08,regular,V.-19,88,general,"Deputy Chief, Facilities Planning and Management",21-1867,https://ousd.legistar.com/LegislationDetail.aspx?ID=53002&GUID=CB2FBB8B-9286-41EC-9B94-D7EE100815F4,"General Services Agreement - Competitively Bid - Viatron Systems, Inc. - Cole Administration Center Project - Division of Facilities Planning and Management","Approval by the Board of Education of General Services Agreement by and between the District and  Viatron Systems, Inc., Gardena, CA (""Contractor""), for the latter to provide offsite scanning services, including Basic Services described in the Notice to Bidders Document 00 11 11, dated July 2, 2021, which is attached to this Agreement as Exhibit A, for the Cole Administration Center Project, in the amount of $308,795.00, which includes a contingency of $25,000.00, as the lowest responsive bidder,  with the work anticipated to commence on September 9, 2021, and scheduled to last for One hundred eighty  180) days, with an anticipated ending of March 8, 2022.",Agreement or Contract,"Deputy Chief, Facilities Planning and Management",007248,v-007248,Fund 35 County School Facilities Fund,"Awards Viatron Systems $308,795 for offsite scanning services for the Cole Administration Center","The district awards a contract to Viatron Systems, Inc. of Gardena for offsite scanning services for the Cole Administration Center project. Viatron was the lowest responsive bidder. The $308,795 price includes a $25,000 contingency. Work was expected to take 180 days, from September 9, 2021 to March 8, 2022.",School buildings & construction,bid_award,"Viatron Systems, Inc.",organization,Cole Administration Center,expense,fixed,308795,,,,,true,2021-09-09,2022-03-08,,,,Adopted on the General Consent Report,2021-09-08,true,auto_ok,sonnet-agent,enrich.v3.md,true,
2021-09-08:21-1879,2021-09-08,2021-09-08,regular,V.-20,89,general,"Deputy Chief, Facilities Planning and Management",21-1879,https://ousd.legistar.com/LegislationDetail.aspx?ID=53014&GUID=58B9A948-9F48-4C1A-93EB-9307848CD302,General Services Agreement – Lamphier-Gregory – Cole Administration Center Project - Division of Facilities Planning and Management,"Approval by the Board of Education of General Services Agreement by and between the District and Lamphier-Gregory, Oakland, CA, for the latter to prepare a finalized Scope of Work and Contract  document and submit the document to District staff for internal review, prepare a list of environmental impacts consistent with Appendix G of the CEQA guidelines, monitor and access air quality, greenhouse Gas emissions and energy, quantify existing noise levels, initial study other environmental topics required for a complete assessment as Basic Services including all work described in the July 3 I, 2021 Proposal attached to this Agreement as Exhibit A, for the Cole Administration Center Project, in the not-to-exceed amount of $90,330.00, as the selected consultant, with work scheduled to commence on September 9, 2021, and scheduled to last until January 31, 2023.",Agreement or Contract,"Deputy Chief, Facilities Planning and Management",002483,v-002483,Fund 35 County School Facilities Fund,"Pays Lamphier-Gregory up to $90,330 for environmental review of the Cole Administration Center","The district hires Lamphier-Gregory of Oakland to prepare the environmental review for the Cole Administration Center project under California's environmental law (CEQA), including air quality, greenhouse gas, energy and noise studies. The limit is $90,330. Work runs September 9, 2021 through January 31, 2023.",School buildings & construction,new_agreement,Lamphier-Gregory,organization,Cole Administration Center,expense,not_to_exceed,90330,,,,,true,2021-09-09,2023-01-31,multi_year,,,Adopted on the General Consent Report,2021-09-08,true,auto_ok,sonnet-agent,enrich.v3.md,true,
2021-09-08:21-1893,2021-09-08,2021-09-08,regular,V.-21,90,general,"Deputy Chief, Facilities Planning and Management",21-1893,https://ousd.legistar.com/LegislationDetail.aspx?ID=53028&GUID=A5A92A2D-71D3-4BE9-8305-F4D6B03F0DC0,"Amendment No. l, General Services Agreement - Jensen Hughes - Cole Administration Center Project - Division of Facilities Planning and Management","Approval by the Board of Education of Amendment No. 1, General Services Agreement by and between the District and Jensen Hughes, Concord, CA, for the latter to assist in reviewing the re-designed building's fire and intrusion alarm system to verify compliance with the California Building and Fire Codes (CBC and CFC and OUSD standards), as described in the Proposal dated July 29, 2021, attached to this Amendment in Exhibit A, for the Cole Administration Center Project, in an additional amount of $15,750.00, which includes a contingency of $4,000.00, increasing Agreement  not to exceed amount from $43,500.00 to $59,250.00, and extending the term of the Agreement from February 27, 2020 through September 1, 2022 to December 31, 2023 (an additional 486 calendar days). All other terms and conditions of the Agreement remain in full force and effect.",Agreement or Contract,"Deputy Chief, Facilities Planning and Management",002281,v-002281,Fund 35 County School Facilities Fund,"Adds $15,750 for Jensen Hughes' fire alarm review at Cole Administration Center, extending to 2023","This amendment adds $15,750, which includes a $4,000 contingency, to Jensen Hughes' contract to review the redesigned building's fire and intrusion alarm system against building and fire codes. The limit rises from $43,500 to $59,250. The end date moves from September 1, 2022 to December 31, 2023.",School buildings & construction,amendment,Jensen Hughes,organization,Cole Administration Center,expense,not_to_exceed,15750,,,43500,59250,true,2020-02-27,2023-12-31,raises_existing_contract; multi_year,,,Adopted on the General Consent Report,2021-09-08,true,auto_ok,sonnet-agent,enrich.v3.md,true,
2021-09-08:21-1970,2021-09-08,2021-09-08,regular,V.-22,92,general,"Deputy Chief, Talent",21-1970,https://ousd.legistar.com/LegislationDetail.aspx?ID=53105&GUID=B56DA9DB-3941-4EE5-BAA7-427086C51D9E,Creation of Job Description – SARB Facilitator - Talent/Human Resources Department,Adoption by the Board of Education of Resolution No. 2122-0055 - Creation of Job Description - SARB Facilitator.,Resolution,"Deputy Chief, Talent",,,,Creates a new job description for a School Attendance Review Board (SARB) facilitator,The board adopts Resolution No. 2122-0055 creating a job description for a SARB facilitator. SARB stands for School Attendance Review Board. The text does not state a cost or salary.,Staff & hiring,resolution_or_policy,,,,no_cost,,,,,,,true,,,pulled_from_consent,,"Adopted in its own vote at this meeting (7–0), instead of with the rest of the consent report.",Adopted,2021-09-08,true,auto_ok,sonnet-agent,enrich.v3.md,true,
2021-09-08:21-1730,2021-09-08,2021-09-08,regular,V.-23,94,general,Chief Academic Officer,21-1730,https://ousd.legistar.com/LegislationDetail.aspx?ID=52866&GUID=66338AA9-239E-4892-B425-CCCEC8672286,"Memorandum of Understanding - Regents of the University of California, Et Al - Participation In The Berkeley Psychology Internship Consortium","Approval by the Board of Education of a Memorandum of Understanding by and between the Regents of the University of California on behalf of the Graduate School of Education at the Berkeley Campus, the San Francisco Unified School District, the Piedmont Unified School District and the Oakland Unified School District (District), in which the Parities mutually agree, pursuant to terms and conditions of the MOU, that it is in their interest to participate in a training program for doctoral level psychology student interns, to be known as the Berkeley Psychology Internship Consortium (BPIC) , which will provide placement and practicum for 2-4 interns in District per year with District pupils, particularly Special Education Program pupils, receiving psychological services, for  a term of two years, unless terminated earlier as set forth in MOU, commencing upon execution by the Parties and approval by the participating school district’s governing board, at an annual stipend of $25,000.00 per intern, for a total amount not to exceed $200,000.00 per year.",Agreement or Contract,Chief Academic Officer,005192,v-005192,LEA Medi-Cal,"Joins UC Berkeley psychology internship program; stipends up to $200,000 a year","The district signs an agreement (memorandum of understanding) with UC Berkeley, San Francisco Unified and Piedmont Unified to host 2 to 4 doctoral psychology interns per year, with a focus on students receiving special education psychological services. Stipends are $25,000 per intern, for a total not to exceed $200,000 per year. The term is two years, starting once all parties approve.",Special education,mou_or_data_sharing,Regents of the University of California (Berkeley Graduate School of Education),organization,,expense,per_year,200000,,,,,true,,,pulled_from_consent; source_issue; yearly_cap; multi_year,"At $25,000 per intern, the stated 2-4 interns per year would total $50,000 to $100,000, but the stated maximum is $200,000 per year.","Adopted in its own vote at this meeting (7–0), instead of with the rest of the consent report.",Adopted,2021-09-08,true,needs_review,sonnet-agent,enrich.v3.md,true,
2021-09-08:21-1911,2021-09-08,2021-09-08,regular,V.-24,95,general,Chief Academic Officer,21-1911,https://ousd.legistar.com/LegislationDetail.aspx?ID=53046&GUID=16C9C155-3EF3-4216-8C52-27D08DDFC331,Professional Services Agreement 2020-2021 - No Cost - Jewish Community Center of the East Bay - Before and After School Programming - Joaquin Miller and Cleveland Elementary Schools,"Approval by the Board of Education of a Professional Services Agreement 2020-2021 - No Cost by and between the District and Jewish Community Center of the East Bay, Berkeley, CA, for the latter to offer services, programs, and activities designed to complement the regular school day, including but not limited to unstructured play, academic support/assistance and enrichment classes, and/or as described in Exhibit A of the Agreement, incorporated herein by reference as though fully set forth, at Cleveland Elementary School, for the period August 2, 2021 through June 30, 2024, at no cost to the District.",Agreement or Contract,Chief Academic Officer,,v-007909,No Fiscal Impact,No-cost deal lets Jewish Community Center of the East Bay run after-school programs at Cleveland,"The district signs a no-cost agreement with the Jewish Community Center of the East Bay to offer programs that complement the school day, such as unstructured play, academic support and enrichment classes, at Cleveland Elementary School. The period is August 2, 2021 through June 30, 2024, at no cost to the district.",After-school & summer programs,new_agreement,Jewish Community Center of the East Bay,organization,Cleveland Elementary School,no_cost,,,,,,,true,2021-08-02,2024-06-30,after_work_began; source_issue; multi_year,"The title names Joaquin Miller and Cleveland Elementary Schools, but the action text names only Cleveland Elementary School.",,Adopted on the General Consent Report,2021-09-08,true,auto_ok,sonnet-agent,enrich.v3.md,true,
2021-09-08:21-1927,2021-09-08,2021-09-08,regular,V.-25,96,general,Chief Academic Officer,21-1927,https://ousd.legistar.com/LegislationDetail.aspx?ID=53062&GUID=FC308F88-D310-4AAF-BB9B-8AD18528A396,Services Agreement 2021-2022 - East Bay Asian Youth Center - Chief Academic Officer,"Ratification by the Board of Education of a Services Agreement 2021-2022 by and between the District and East Bay Asian Youth Center, Oakland, CA, for the latter to provide a Case Manager to provide onsite drop-in case management services during the school day, facilitate student leadership program ""Wellness Ambassadors, "" and facilitate restorative justice tiers 1 through 3, collaborate on family engagement events, home visits, participate in COST meetings and support the Oakland International High School (OHIS) Student Wellness Center's mission and goals at OIHS, for the period of August 6, 2021 through June 30, 2022, in an amount not to exceed $61,020.00.",Agreement or Contract,Chief Academic Officer,001474,v-001474,Oakland Fund Children & Youth,"Pays East Bay Asian Youth Center up to $61,020 for a student case manager at Oakland International High","The board approves after the fact a contract with East Bay Asian Youth Center for a case manager at Oakland International High School. The case manager provides drop-in support during the school day, leads a student leadership program, and helps with restorative justice, family events, home visits and student support team meetings. The limit is $61,020 for August 6, 2021 through June 30, 2022.","Student health, support & family services",new_agreement,East Bay Asian Youth Center,organization,Oakland International High School,expense,not_to_exceed,61020,,,,,true,2021-08-06,2022-06-30,after_work_began,,,Adopted on the General Consent Report,2021-09-08,true,auto_ok,sonnet-agent,enrich.v3.md,true,
2021-09-08:21-1929,2021-09-08,2021-09-08,regular,V.-26,97,general,Chief Academic Officer,21-1929,https://ousd.legistar.com/LegislationDetail.aspx?ID=53064&GUID=704B63EF-B848-45D7-910C-22E0C0707314,Services Agreement 2021-2022 - Jensen Best - Elmhurst United Middle School,"Ratification by the Board of Education of a Services Agreement 2021-2022 by and between the District and Jensen Best, Oakland, CA, for the latter to lead and direct team building games and activities for students during break and lunch; assist and coordinate the core playground games and core sports as well to introduce sports skills building exercise and cooperative games at Elmhurst United Middle School, for the period of August 9, 2021 through May 25, 2022, in an amount not to exceed $20,000.00.",Agreement or Contract,Chief Academic Officer,005662,v-005662,ESSA: Comp Support & Improvmt,"Pays a contractor up to $20,000 to lead team games at Elmhurst United Middle School breaks and lunch","The board approves after the fact a services agreement with an individual contractor to lead team-building games and activities for students during break and lunch at Elmhurst United Middle School. The contractor also coordinates core playground games and sports and introduces cooperative games. The limit is $20,000 for August 9, 2021 through May 25, 2022.","Student health, support & family services",new_agreement,Jensen Best,individual,Elmhurst United Middle School,expense,not_to_exceed,20000,,,,,true,2021-08-09,2022-05-25,after_work_began,,,Adopted on the General Consent Report,2021-09-08,true,auto_ok,sonnet-agent,enrich.v3.md,true,
2021-09-08:21-1930,2021-09-08,2021-09-08,regular,V.-27,98,general,Chief Academic Officer,21-1930,https://ousd.legistar.com/LegislationDetail.aspx?ID=53065&GUID=7A0D4E2E-ABEA-4432-AE1F-D01133EB0B26,Services Agreement 2021-2022 - American Association of Yemeni Students and Professionals (AAYSP) - Office of Equity,"Ratification by the Board of Education of a Services Agreement 2021-2022 by and between the District and American Association of Yemeni Students and Professionals (AAYSP), Dearborn, MI, for the latter to collaborate with teachers, school support staff, and families to identify students that would benefit from program; focus on students with low literacy rates and other students who can benefit from engaging with culturally relevant lesson plans proving to uplift their confidence within the classroom; tackle the issue of literacy among Arab and Afghan American students by working with high school and college students who will act as literacy mentors to targeted elementary students, via Office of Equity, for the period of August 16, 2021 through May 27, 2022, in an amount not to exceed $60,000.00.",Agreement or Contract,Chief Academic Officer,006894,v-006894,Central Office Supplemental,"Pays Yemeni students group up to $60,000 for literacy mentoring for Arab and Afghan American students","The board approves after the fact an agreement with the American Association of Yemeni Students and Professionals (AAYSP) of Dearborn, Michigan, through the Office of Equity. High school and college students would act as literacy mentors for elementary students, especially Arab and Afghan American students with low literacy rates. The limit is $60,000 for August 16, 2021 through May 27, 2022.",Classroom & academic programs,new_agreement,American Association of Yemeni Students and Professionals (AAYSP),organization,,expense,not_to_exceed,60000,,,,,true,2021-08-16,2022-05-27,after_work_began,,,Adopted on the General Consent Report,2021-09-08,true,auto_ok,sonnet-agent,enrich.v3.md,true,
2021-09-08:21-1931,2021-09-08,2021-09-08,regular,V.-28,99,general,Chief Academic Officer,21-1931,https://ousd.legistar.com/LegislationDetail.aspx?ID=53066&GUID=F28C1870-59B9-4BD3-891D-543E342707BE,Grant Agreement - City of Oakland - Violence Prevention - Community Schools and Student Services Department,"Approval by the Board of Education of a Grant Agreement by and between the District and the City of Oakland, with District accepting $85,000.00 in City of Oakland Measure Z (2014 Oakland Public Safety and Services Violence Prevention Act) funding, in the Youth Life Coaching and Reentry sub-strategy, for placement of students exiting the Juvenile Justice Transition Center (JJTC) into an Oakland Unified School District (OUSD) educational site or other educational institution and for referring eligible youth to life coaching services, including staffing of one Enrollment Coordinator and the provision of services for up to 375 youth to be re-enrolled back into an OUSD school and 150 youth to be referred for life coaching services, as more specifically defined in the Schedule A of the Agreement, incorporated herein by reference as though fully set forth, for the period of July 1, 2021 through June 30, 2022.",Agreement or Contract,Chief Academic Officer,,n-city-of-oakland,No Fiscal Impact,"Accepts $85,000 from City of Oakland to re-enroll youth leaving juvenile justice in OUSD schools","The district accepts $85,000 in City of Oakland Measure Z (violence prevention) funding. It pays for an enrollment coordinator to place students leaving the Juvenile Justice Transition Center into an OUSD school or other educational institution, and to refer eligible youth to life coaching. The goals are up to 375 youth re-enrolled and 150 referred for life coaching, from July 1, 2021 through June 30, 2022.","Student health, support & family services",grant_or_funding_in,City of Oakland,organization,,revenue,fixed,85000,,,,,true,2021-07-01,2022-06-30,after_work_began,,,Adopted on the General Consent Report,2021-09-08,true,auto_ok,sonnet-agent,enrich.v3.md,true,
2021-09-08:21-1939,2021-09-08,2021-09-08,regular,V.-29,100,general,Chief Academic Officer,21-1939,https://ousd.legistar.com/LegislationDetail.aspx?ID=53074&GUID=33ABC0B6-B141-4608-85C8-5361FADCF0CC,Climate Corps Education Outside Agreement - Strategic Energy Innovations - Community Schools and Student Services Department,"Ratification by the Board of Education of Climate Corps Education Outside Agreement by and between the District and Strategic Energy Innovation, San Rafael, CA, for the latter to provide District with one Climate Corps Education Outside Fellow to lead hands-on outdoor science and Ecoliteracy instruction, maintenance of the school garden, and school sustainability projects, in accordance with a schedule of up to 16 program lessons per week, with a minimum of 7.5 hours of instruction (equivalent to ten 45-minute lessons) to a minimum of 200 K-5 students (equivalent to eight classes) throughout the school year, for the period August 23, 2021, through August 3, 2022, in an amount not to exceed $24,000.00.",Agreement or Contract,Chief Academic Officer,004101,v-004101,Central Office Supplemental,"Pays Strategic Energy Innovations up to $24,000 for a Climate Corps outdoor science fellow","The board approves after the fact an agreement with Strategic Energy Innovations of San Rafael to provide one Climate Corps Education Outside Fellow. The fellow leads hands-on outdoor science and ecoliteracy lessons for at least 200 K-5 students, and helps maintain the school garden and run sustainability projects. The limit is $24,000 for August 23, 2021 through August 3, 2022.",Classroom & academic programs,new_agreement,Strategic Energy Innovations,organization,,expense,not_to_exceed,24000,,,,,true,2021-08-23,2022-08-03,after_work_began,,,Adopted on the General Consent Report,2021-09-08,true,auto_ok,sonnet-agent,enrich.v3.md,true,
2021-09-08:21-1940,2021-09-08,2021-09-08,regular,V.-30,101,general,Chief Academic Officer,21-1940,https://ousd.legistar.com/LegislationDetail.aspx?ID=53075&GUID=F4DCFF25-AE70-4790-BA30-E4246DA72876,Services Agreement 2021-2022 - Felicita Pedroza - Community Schools and Student Services Department,"Ratification by the Board of Education of a Services Agreement 2021-2022 between the District and Felicita Pedroza, Oakland, CA, for the latter to work 1200 hours @ $40 an hour to support teachers in the zoom classroom and the actual classroom with collaborating on activities that teach youth drug education, holistic health practices, how race, law, and politics influence rates of incarceration and exploitation of youth; provide Tobacco Use Prevention Education (TUPE) services, and other services as defined in Exhibit A, 1 A General Description of Services to Be Provided, in Agreement, incorporate herein by reference a though fully set forth,  via Community Schools and Student Services Department, for the period of August 1, 2021 through June 30, 2022, in an amount not to exceed $48,000.00.",Agreement or Contract,Chief Academic Officer,006327,v-006327,Tupe - Youth Engagement Prop56,"Pays a contractor up to $48,000 for youth drug education and tobacco-use prevention support","The board approves after the fact an agreement with an individual contractor to work 1,200 hours at $40 an hour supporting teachers in online and in-person classrooms. The work covers youth drug education, holistic health practices, and Tobacco Use Prevention Education (TUPE) services. The limit is $48,000 for August 1, 2021 through June 30, 2022.","Student health, support & family services",new_agreement,Felicita Pedroza,individual,,expense,not_to_exceed,48000,,,,,true,2021-08-01,2022-06-30,after_work_began,,,Adopted on the General Consent Report,2021-09-08,true,auto_ok,sonnet-agent,enrich.v3.md,true,
2021-09-08:21-1941,2021-09-08,2021-09-08,regular,V.-31,102,general,Chief Academic Officer,21-1941,https://ousd.legistar.com/LegislationDetail.aspx?ID=53076&GUID=95A6A1B3-6180-4C40-BADE-1720E7A288CF,Services Agreement 2021-2022 - Kiara Howard - Community Schools and Student Services Department,"Ratification by the Board of Education of a Services Agreement 2021-2022 by and between the District and Kiara Howard, Bay Point, CA, for the latter to work 400 hours @ $45 an hour to support student engagement by coordinating a student leader internship program with Coordination of Services Team (COST) and school site staff in person and/or in the zoom space collaborating on activities that train OUSD student interns on increasing attendance and academic performance among their peers who are low performing; in service to their own school site and other services, as defined in Exhibit A, 1 A General Description of Services to Be Provided, in Agreement, incorporate herein by reference a though fully set forth,  via Community Schools and Student Services Department, for the period of August 1, 2021 through June 30, 2022, in an amount not to exceed $18,000.00.",Agreement or Contract,Chief Academic Officer,005184,v-005184,Tupe Grade 6-12 Tier 2,"Pays a contractor up to $18,000 to run a student leader internship program on attendance","The district is paying an individual contractor for up to 400 hours at $45 an hour to coordinate a student leader internship program. Student interns are trained to help their low-performing peers improve attendance and academic performance, working with school site staff and the district's Coordination of Services Team. The service period runs from August 1, 2021 to June 30, 2022, and the board is approving it after the start date.","Student health, support & family services",new_agreement,Kiara Howard,individual,,expense,not_to_exceed,18000,,,,,true,2021-08-01,2022-06-30,pulled_from_consent; after_work_began,,"Adopted in its own vote at this meeting (7–0), instead of with the rest of the consent report.",Adopted,2021-09-08,true,auto_ok,sonnet-agent,enrich.v3.md,true,
2021-09-08:21-1942,2021-09-08,2021-09-08,regular,V.-32,103,general,Chief Academic Officer,21-1942,https://ousd.legistar.com/LegislationDetail.aspx?ID=53077&GUID=1D2CADB1-203C-4F92-8BFF-5ADED9141D51,Services Agreement 2021-2022 - MISSSEY Inc - Community Schools and Student Services Department,"Approval by the Board of Education of a Professional Services Agreement 2021-2022 between the District and MISSSEY Inc., Oakland, CA, for the latter to serve as the required nonprofit agency partner in the Human Trafficking thru Prevention Education Grant and will work with District project staff to build capacity to provide human trafficking prevention education to teachers, staff, and students and other as defined in Exhibit A, 1 A General Description of Services to Be Provided, in Agreement, incorporate herein by reference as though fully set forth, via Community Schools and Student Services Department, for the period of July 1, 2021 through June 30, 2022, in an amount not to exceed $218,008.00.",Agreement or Contract,Chief Academic Officer,006860,v-006860,Human Trafficking Prevention,"Pays MISSSEY up to $218,008 as the nonprofit partner for a human trafficking prevention grant","MISSSEY, an Oakland nonprofit, is the required nonprofit partner in the district's Human Trafficking Prevention Education Grant. It will work with district project staff to build the ability to teach human trafficking prevention to teachers, staff and students. The agreement runs July 1, 2021 through June 30, 2022.","Student health, support & family services",new_agreement,MISSSEY Inc.,organization,,expense,not_to_exceed,218008,,,,,true,2021-07-01,2022-06-30,after_work_began,,,Adopted on the General Consent Report,2021-09-08,true,auto_ok,sonnet-agent,enrich.v3.md,true,
2021-09-08:21-1943,2021-09-08,2021-09-08,regular,V.-33,104,general,Chief Academic Officer,21-1943,https://ousd.legistar.com/LegislationDetail.aspx?ID=53078&GUID=E3E988C9-E1F2-4C12-8C7A-849A8F765FD7,Services Agreement 2021-2022 - We Lead Ours - Community Schools and Student Services Department,"Ratification by the Board of Education of a Services Agreement 2021-2022 by and between the District and We Lead Ours, Oakland, CA, for the latter to provide 2280 hours or prevention and education @ $40 an hour to support teachers in the zoom classroom and the actual classroom with collaborating on activities that teach youth drug education, holistic health practices, how race, law, and politics influence rates of incarceration and exploitation of youth; provide Tobacco Use Prevention Education (TUPE) services, and other services as defined in Exhibit A, 1 A General Description of Services to Be Provided, in Agreement, incorporate herein by reference a though fully set forth, via Community Schools and Student Services Department, for the period of August 1, 2021 through June 30, 2022, in an amount not to exceed $91,400.00.",Agreement or Contract,Chief Academic Officer,004574,v-004574,Tupe - Youth Engagement Prop56,"Pays We Lead Ours up to $91,400 for youth drug education and tobacco prevention work","We Lead Ours, an Oakland organization, will provide 2,280 hours at $40 an hour supporting classroom teachers with lessons on drug education, holistic health, and how race, law and politics affect incarceration and exploitation of youth. It also provides Tobacco Use Prevention Education services. The service period is August 1, 2021 to June 30, 2022, and the board is approving it after the start date.","Student health, support & family services",new_agreement,We Lead Ours,organization,,expense,not_to_exceed,91400,,,,,true,2021-08-01,2022-06-30,after_work_began; source_issue,"The text lists 2280 hours at $40 an hour, which equals $91,200, but the not-to-exceed amount is stated as $91,400. The attached agreement also states $91,400 as the cap without explaining the $200 difference.",,Adopted on the General Consent Report,2021-09-08,true,human_reviewed,sonnet-agent,enrich.v3.md,true,
2021-09-08:21-1944,2021-09-08,2021-09-08,regular,V.-34,105,general,Chief Academic Officer,21-1944,https://ousd.legistar.com/LegislationDetail.aspx?ID=53079&GUID=F170CE1D-4836-48DA-B0DE-7EE8B6F47AAE,Services Agreement 2021-2022 - Joanne Yang - Community Schools and Student Services Department,"Ratification by the Board of Education of a Services Agreement 2021-2022 by and between the District and Joanne Yang, Cypress, CA, for the latter to support the Health and Wellness Unit with the design and implementation of key projects, including COVID testing, vaccine outreach, and staff wellness; create training materials, coordinate and train vaccine outreach volunteers, compile and analyze vaccination data, develop outreach materials for COVID vaccines and testing, maintain updated vaccine information on OUSD Family Central, identify sites based on County data and submit requests to Alameda County for vaccine pop-ups on District campuses, and update and develop staff wellness resources, communications, and staff wellness champion training materials for the 2021-2022 school year, via Community Schools and Student Services Department, for the period of July 5, 2021 through August 31, 2021, in an amount not to exceed $9,600.00.",Agreement or Contract,Chief Academic Officer,007257,v-007257,Kaiser Health&wellness W/ebcf,"Pays a contractor up to $9,600 to support COVID testing, vaccine outreach and staff wellness","The district is paying an individual contractor to help the Health and Wellness Unit with COVID testing, vaccine outreach and staff wellness projects. Duties include training vaccine outreach volunteers, analyzing vaccination data, requesting vaccine pop-ups on district campuses from Alameda County, and building staff wellness resources. The service period is July 5 through August 31, 2021, and the board is approving it after the start date.","Student health, support & family services",new_agreement,Joanne Yang,individual,,expense,not_to_exceed,9600,,,,,true,2021-07-05,2021-08-31,after_work_began,,,Adopted on the General Consent Report,2021-09-08,true,auto_ok,sonnet-agent,enrich.v3.md,true,
2021-09-08:21-1945,2021-09-08,2021-09-08,regular,V.-35,106,general,Chief Academic Officer,21-1945,https://ousd.legistar.com/LegislationDetail.aspx?ID=53080&GUID=98D21BC6-667A-4EFC-891C-3AC9A37B2205,Services Agreement 2021-2022 - Deborah Levine - Community Schools and Student Services Department,"Ratification by the Board of Education of a Services Agreement 2021-2022 between the District and Deborah Levine, Oakland, CA, for the latter to coordinate updating efforts of the Healthy Oakland Teens mobile app and design a new accompanying website with developer and designer to meet the needs of the Community Schools and Student Services Department (CSSSD) and District students, via CSSSD, for the period of August 1, 2021 through October 30, 2021, in an amount not to exceed $1,500.00.",Agreement or Contract,Chief Academic Officer,002555,v-002555,Healthy Oakland Teens,"Pays a contractor up to $1,500 to update the Healthy Oakland Teens app and build a new website","The district is paying an individual contractor to coordinate updates to the Healthy Oakland Teens mobile app and the design of a new companion website, working with a developer and a designer. It serves the Community Schools and Student Services Department and district students. The service period is August 1 to October 30, 2021, and the board is approving it after the start date.","Student health, support & family services",new_agreement,Deborah Levine,individual,,expense,not_to_exceed,1500,,,,,true,2021-08-01,2021-10-30,after_work_began,,,Adopted on the General Consent Report,2021-09-08,true,auto_ok,sonnet-agent,enrich.v3.md,true,
2021-09-08:21-1946,2021-09-08,2021-09-08,regular,V.-36,107,general,Chief Academic Officer,21-1946,https://ousd.legistar.com/LegislationDetail.aspx?ID=53081&GUID=E071DBCF-074B-461C-AA11-58E73BBF1AF9,Services Agreement 2021-2022 - Mary James - Community Schools and Student Services Department,"Ratification by the Board of Education of a Professional Services Agreement 2021-2022 between the District and Mary James, Oakland, CA, for the latter to work 548 hours at $40.00 per hour to support teachers in the zoom classroom and the actual classroom with collaborating on activities that teach youth drug education, holistic health practices, how race, law, and politics influence rates of incarceration and exploitation of youth; provide Tobacco Use Prevention Education (TUPE) services, and other services as defined in Exhibit A, 1 A General Description of Services to Be Provided, in Agreement, incorporate herein by reference a though fully set forth,  via Community Schools and Student Services Department, for the period of August 1, 2021 through June 30, 2022, in an amount not to exceed $21,600.00.",Agreement or Contract,Chief Academic Officer,006733,v-006733,Tupe Grade 6-12 Tier 2,"Pays a contractor up to $21,600 for youth drug education and tobacco prevention support","The district is paying an individual contractor for 540 hours at $40 an hour, which comes to the $21,600 cap, to support teachers in classroom lessons on drug education, holistic health, and how race, law and politics affect incarceration and exploitation of youth. It also covers Tobacco Use Prevention Education services. The service period is August 1, 2021 to June 30, 2022, and the board is approving it after the start date. The agenda text says 548 hours; the attached agreement says 540.","Student health, support & family services",new_agreement,Mary James,individual,,expense,not_to_exceed,21600,,,,,true,2021-08-01,2022-06-30,after_work_began; source_issue,"The text lists 548 hours at $40.00 per hour, which equals $21,920, but the not-to-exceed amount is stated as $21,600. The attached agreement says 540 hours, which equals $21,600.",,Adopted on the General Consent Report,2021-09-08,true,human_reviewed,sonnet-agent,enrich.v3.md,true,
2021-09-08:21-1947,2021-09-08,2021-09-08,regular,V.-37,108,general,Chief Academic Officer,21-1947,https://ousd.legistar.com/LegislationDetail.aspx?ID=53082&GUID=A5FDF7B6-BD53-4BC4-8DA3-A12EF2370478,"Data Sharing Agreement 2020-2021- Family Engagement Lab - Research, Assessment and Data Department","Approval by the Board of Education of a Data Sharing Agreement 2020-2021 by and between District and Family Engagement Lab authorizing District to share data with the latter, which will allow Family Engagement Lab to conduct a research project, under which vendor’s FASTalk (Families and School Talk) staff asks the following research questions: Does FASTalk promote positive academic outcomes for students? and  Under what conditions and for whom is FASTalk most effective at promoting positive student outcomes?, for the period of June 30, 2021 through June 30, 2022, at no cost to the District.",Agreement or Contract,Chief Academic Officer,,v-006541,No Fiscal Impact,"Lets Family Engagement Lab study whether its FASTalk family messaging program helps students, at no cost","The district will share student data with Family Engagement Lab so it can research whether its FASTalk (Families and School Talk) program improves student outcomes and for whom it works best. This is a data-sharing agreement and costs the district nothing. It runs from June 30, 2021 through June 30, 2022.",Partnerships & data sharing,mou_or_data_sharing,Family Engagement Lab,organization,,no_cost,,,,,,,true,2021-06-30,2022-06-30,pulled_from_consent; after_work_began,,"Adopted in its own vote at this meeting (7–0), instead of with the rest of the consent report.",Adopted,2021-09-08,true,auto_ok,sonnet-agent,enrich.v3.md,true,
2021-09-08:21-1949,2021-09-08,2021-09-08,regular,V.-38,109,general,Chief Academic Officer,21-1949,https://ousd.legistar.com/LegislationDetail.aspx?ID=53084&GUID=BC037CC9-BFA2-4187-B6BD-0101CD6041F5,"Data Sharing Agreement 2021-0022 - Talking Points - Research, Assessment and Data Department","Approval by the Board of Education of a Data Sharing Agreement 2021-2022 between District and Talking Points, Pleasant Hill, CA, authorizing District to share data with the latter, which will allow Talking Points to conduct an evaluation on the impact of Talking Points on student outcomes for students whose families were contacted via Talking Points at any point from 2014 to the end of the 2020-21 school Year, for the period of August 5, 2021 through June 30, 2023, at no cost to the District.",Agreement or Contract,Chief Academic Officer,,v-004181,,"Lets Talking Points evaluate its effect on student outcomes using district data, at no cost","The district will share data with Talking Points so it can evaluate how its communication tool affected outcomes for students whose families were contacted through it from 2014 through the 2020-21 school year. This is a data-sharing agreement and costs the district nothing. It runs from August 5, 2021 through June 30, 2023.",Partnerships & data sharing,mou_or_data_sharing,Talking Points,organization,,no_cost,,,,,,,true,2021-08-05,2023-06-30,pulled_from_consent; after_work_began; multi_year,,"Adopted in its own vote at this meeting (7–0), instead of with the rest of the consent report.",Adopted,2021-09-08,true,auto_ok,sonnet-agent,enrich.v3.md,true,
2021-09-08:21-1954,2021-09-08,2021-09-08,regular,V.-39,110,general,Chief Academic Officer,21-1954,https://ousd.legistar.com/LegislationDetail.aspx?ID=53089&GUID=EB76764F-1E90-4538-A4D5-77DEC945F43F,Grant Application - Eat. Learn. Play. Foundation - Food and Garden Programming - Community Schools and Student Services Department,"Approval by the Board of Education, pursuant to Board Policy 3290, of the District’s application to the Eat. Learn. Play. Foundation, Oakland, CA, seeking funding in the amount of $1,500,000.00 to support food and garden programming at the Center (Central Kitchen), as specified in the Application, incorporated herein by reference as though fully set forth, via the Community Schools and Services Department, for the period August 1, 2021 through July 30, 2023.",Agreement or Contract,Chief Academic Officer,,n-eat-learn-play-foundation,No Fiscal Impact,Applies for $1.5M from the Eat. Learn. Play. Foundation for Central Kitchen food and garden programs,"The board is approving the district's application to the Eat. Learn. Play. Foundation, which asks for $1.5 million to support food and garden programming at the Center (Central Kitchen). This is an application, not an award, so the money is not yet received. The funding period would run from August 1, 2021 to July 30, 2023.","Food, transportation & operations",grant_or_funding_in,Eat. Learn. Play. Foundation,organization,,revenue,fixed,1500000,,,,,true,2021-08-01,2023-07-30,after_work_began; multi_year,,,Adopted on the General Consent Report,2021-09-08,true,auto_ok,sonnet-agent,enrich.v3.md,true,
2021-09-08:21-1957,2021-09-08,2021-09-08,regular,V.-40,111,general,Chief Academic Officer,21-1957,https://ousd.legistar.com/LegislationDetail.aspx?ID=53092&GUID=2B07D1F3-EEBF-45DE-8ADE-4538610F4631,Services Agreement 2021-2022 - Bay Area Community Resources - Fremont High School,"Approval by the Board of Education of a Services Agreement 2021-2022 by and between the District and Bay Area Community Resources (BACR), San Rafael, CA, for the latter to on-board and pay three (3) Student Support Specialists under the BACR umbrella, supervised by a school pathway director, providing academic mentoring support to pathway students identified by pathway teachers in the form of tutoring, study skills, organizational support, and motivational support; provide a channel of information flow and support to students least likely to engage summer programs, afterschool programs, tutoring supports, enrichment activities; support the pathways in all Work-based learning and College outreach including scheduling field trips, supporting students in accessing internships and job shadows, and scheduling guest speakers at Fremont High School, for the period of August 12, 2021 through May 29, 2022, in an amount not to exceed $234,140.00.",Agreement or Contract,Chief Academic Officer,000624,v-000624,ESSA: Comp Support & Improvement,"Pays Bay Area Community Resources up to $234,140 for student support specialists at Fremont High","Bay Area Community Resources will hire and pay three Student Support Specialists for Fremont High School's career pathways. They provide tutoring and study-skills help, connect students to summer, after-school and enrichment programs, and support field trips, internships, job shadowing and guest speakers. The agreement runs August 12, 2021 through May 29, 2022.",Classroom & academic programs,new_agreement,Bay Area Community Resources,organization,Fremont High School,expense,not_to_exceed,234140,,,,,true,2021-08-12,2022-05-29,after_work_began,,,Adopted on the General Consent Report,2021-09-08,true,auto_ok,sonnet-agent,enrich.v3.md,true,
2021-09-08:21-1959,2021-09-08,2021-09-08,regular,V.-41,112,general,Chief Academic Officer,21-1959,https://ousd.legistar.com/LegislationDetail.aspx?ID=53094&GUID=5F54599C-787A-40A3-8437-86DF17AB4FA4,Grant Agreement - Oakland Public Education Fund - Regrant No. 21-07-04871206 - Salesforce.org Foundation,"Approval by the Board of Education of a Grant Agreement, Regrant No. 21-07-04871206, by and between the District and the Oakland Public Education Fund, on behalf of Salesforce.org Foundation, with District accepting $5,300,900.00, as delineated in Exhibit A of the Agreement, to support computer science, mathematics, whole child supports, educator professional development, and innovation across OUSD middle schools, for the period of July 1, 2021, through June 30, 2022.",Agreement or Contract,Chief Academic Officer,,v-003143,Oakland Public Education Fund,Accepts a $5.3M Salesforce.org Foundation grant through Oakland Public Education Fund for middle schools,"The district is accepting $5.3 million through the Oakland Public Education Fund, acting for the Salesforce.org Foundation. The money supports computer science, math, whole child supports, teacher professional development and innovation across OUSD middle schools. The grant covers July 1, 2021 through June 30, 2022.",Classroom & academic programs,grant_or_funding_in,Oakland Public Education Fund,organization,,revenue,fixed,5300900,,,,,true,2021-07-01,2022-06-30,after_work_began,,,Adopted on the General Consent Report,2021-09-08,true,auto_ok,sonnet-agent,enrich.v3.md,true,
2021-09-08:21-1960,2021-09-08,2021-09-08,regular,V.-42,113,general,Chief Academic Officer,21-1960,https://ousd.legistar.com/LegislationDetail.aspx?ID=53095&GUID=5B3F962C-41E6-4C6A-B6D2-FD63CA849BA2,Services and Data Sharing Agreement - East Bay Consortium - High School Network,"Approval by the Board of Education of Resolution No. 2122-0051 - Authorizing a Services Agreement for Sole Source provider and Data Sharing Agreement by and between the District and East Bay Consortium, Oakland, CA, for the latter to implement a project is to improve postsecondary outcomes for students at Skyline and Oakland High Schools, with emphasis on. providing equitable college and career access, services, and support for Black, Brown, and FRLP-status students, as describe in Exhibit A, incorporated herein by reference as though fully set forth, via the High School Network Office, for the period of August 16, 2021, through August 15, 2022, in an amount not to exceed $220,000.00.",Agreement or Contract,Chief Academic Officer,,v-001478,,"Pays East Bay Consortium up to $220,000, without bidding, for college and career help at two high schools","East Bay Consortium will run a project to improve college and career outcomes for students at Skyline and Oakland High Schools, with an emphasis on Black and Brown students and students in the free and reduced-price lunch program. The agreement also includes data sharing. The district is using a sole-source provider instead of running a competitive bid. It runs August 16, 2021 through August 15, 2022.",Classroom & academic programs,new_agreement,East Bay Consortium,organization,Skyline High School; Oakland High School,expense,not_to_exceed,220000,,,,,true,2021-08-16,2022-08-15,after_work_began; no_competitive_bid,,,Adopted on the General Consent Report,2021-09-08,true,auto_ok,sonnet-agent,enrich.v3.md,true,
2021-09-08:21-1961,2021-09-08,2021-09-08,regular,V.-43,114,general,Chief Academic Officer,21-1961,https://ousd.legistar.com/LegislationDetail.aspx?ID=53096&GUID=992664CD-8F83-4D05-84C7-CAB3A8490264,"Memorandum of Understanding, Collaboration, Partnership, Family Engagement and Sharing of Information - The Housing Authority of The City of Oakland – Research, Assessment and Data Department","Ratification by the Board of Education of a Memorandum of Understanding, Collaboration, Partnership, Family Engagement and Sharing of Information by and between the District and The Housing Authority of The City of Oakland (OHA), setting forth the mutual relationship and responsibilities of the Parties for the sharing of data that facilitates the identification of the children and families that are served by both OHA and District, that will be used to develop new activities to improve educational opportunities and outcomes for the children and the families served by both Parties, for the period of July 1, 2021 through June 30, 2026, at no cost to the District.",Agreement or Contract,Chief Academic Officer,,n-housing-authority-of-city-of-oakland,No Fiscal Impact,Ratifies a no-cost agreement with the Oakland Housing Authority to share data on families both serve,"This memorandum of understanding (MOU) sets out how the district and the Housing Authority of the City of Oakland will share data to identify children and families served by both. The partners will use it to develop new activities to improve educational opportunities and outcomes. It costs the district nothing and runs from July 1, 2021 through June 30, 2026.",Partnerships & data sharing,mou_or_data_sharing,The Housing Authority of The City of Oakland,organization,,no_cost,,,,,,,true,2021-07-01,2026-06-30,after_work_began; multi_year,,,Adopted on the General Consent Report,2021-09-08,true,auto_ok,sonnet-agent,enrich.v3.md,true,
2021-09-08:21-1962,2021-09-08,2021-09-08,regular,V.-44,115,general,Chief Academic Officer,21-1962,https://ousd.legistar.com/LegislationDetail.aspx?ID=53097&GUID=94C1D9DB-04C2-44EF-B445-169E51D7F535,Professional Services Agreement 2020-2021 - OneGoal - High School Linked Learning Office,"Approval by the Board of Education of a Professional Services Agreement 2020-2021 by and between the District and OneGoal, Chicago, Il, for the latter to provide Program Material, Professional Learning and Training, Data Management and Analytics, and Post-secondary Support for students between their junior year of high school and the first year of their postsecondary pathway to make academic and noncognitive gains to support enrollment and persistence at their matched postsecondary programs or institutions, as described in Exhibit A of the Agreement, incorporated herein by reference as though fully set forth, via the High School Linked Learning Office, for the period of April 1, 2021 through June 30, 2022.",Agreement or Contract,Chief Academic Officer,,v-009885,No Fiscal Impact,"Approves an agreement with OneGoal to support students from junior year into college, no amount stated","OneGoal, based in Chicago, will provide program materials, training, data management and post-secondary support for students from their junior year of high school through the first year after. The goal is to help them enroll in and stay at their matched college or program. The text states no dollar amount, and the service period began April 1, 2021, before this approval, running through June 30, 2022.",Classroom & academic programs,new_agreement,OneGoal,organization,,no_cost,,,,,,,true,2021-04-01,2022-06-30,after_work_began; source_issue; multi_year,"The action text states no dollar amount or cost for this agreement, and the title's 2020-2021 label differs from the stated period of April 1, 2021 through June 30, 2022.",,Adopted on the General Consent Report,2021-09-08,true,auto_ok,sonnet-agent,enrich.v3.md,true,
2021-09-08:21-1965,2021-09-08,2021-09-08,regular,V.-45,116,general,Chief Academic Officer,21-1965,https://ousd.legistar.com/LegislationDetail.aspx?ID=53100&GUID=104AEC37-3471-4E7D-9774-9908630776F6,"Apex Learning Client Agreement for Digital Curriculum Solutions - APEX Learning, Inc. - High School Linked Learning Office","Approval by the Board of Education of Apex Learning Client Agreement for Digital Curriculum Solutions by and between the District and APEX Learning, Inc., Seattle, WA, for the latter to provide eight 3-hour web conference sessions for a standards-based state approved program consisting of assessments and course certification to provide interventions for students in their efforts to become proficient in English Language Arts, math and basic literacy skills via the High School Linked Learning Office, for the period of August 26, 2021 through August 25, 2022, in an amount not to exceed $70,000.00.",Agreement or Contract,Chief Academic Officer,,n-apex-learning-digital-curriculum-solutions,Title IV Grant,"Pays Apex Learning up to $70,000 for digital curriculum and web sessions to help students catch up","Apex Learning, of Seattle, will provide eight 3-hour web conference sessions and a state-approved digital program of assessments and course certification. It is meant to help students become proficient in English language arts, math and basic literacy. The agreement runs August 26, 2021 through August 25, 2022.",Classroom & academic programs,new_agreement,"APEX Learning, Inc.",organization,,expense,not_to_exceed,70000,,,,,true,2021-08-26,2022-08-25,after_work_began,,,Adopted on the General Consent Report,2021-09-08,true,auto_ok,sonnet-agent,enrich.v3.md,true,
2021-09-08:21-1966,2021-09-08,2021-09-08,regular,V.-46,117,general,Chief Academic Officer,21-1966,https://ousd.legistar.com/LegislationDetail.aspx?ID=53101&GUID=2D30A004-186E-41AF-9DC6-80B278F270FA,Purchase Agreement - Solution Tree - Horace Mann Elementary School,"Approval by the Board of Education of a Purchase Agreement by and between the District and Solution Tree, Bloomington, IN, for the latter to provide virtual teacher Professional Development on Professional Learning Community (PLC) foundations and Multi-Tiered System of Support (MTSS), to include includes Response to Instruction and Intervention (RTI) targeted instruction. Each of the 6 sessions will be 2 hours each, for the period of July 13, 2021 through June 30, 2022, in an amount not to exceed of $9,000.00.",Agreement or Contract,Chief Academic Officer,,n-solution-tree,ESSER II Grant,"Pays Solution Tree up to $9,000 for virtual teacher training at Horace Mann Elementary","Solution Tree, of Bloomington, Indiana, will provide six 2-hour virtual training sessions for teachers at Horace Mann Elementary School. Topics are professional learning communities and a multi-tiered system of support, including Response to Instruction and Intervention for targeted instruction. The agreement runs July 13, 2021 through June 30, 2022.",Classroom & academic programs,new_agreement,Solution Tree,organization,Horace Mann Elementary School,expense,not_to_exceed,9000,,,,,true,2021-07-13,2022-06-30,after_work_began,,,Adopted on the General Consent Report,2021-09-08,true,auto_ok,sonnet-agent,enrich.v3.md,true,
2021-09-08:21-1968,2021-09-08,2021-09-08,regular,V.-47,118,general,Chief Academic Officer,21-1968,https://ousd.legistar.com/LegislationDetail.aspx?ID=53103&GUID=D4CB5D11-CB86-493B-96ED-6BA95CCA9EDE,Oakland Adult and Career Education Courses – 2021-22 School Year - Adult and Career Education Department,Approval by the Board of Education of Resolution No. 2122-0002 - Adult and Career Education Courses Approval for 2021-22.,Agreement or Contract,Chief Academic Officer,,,No Fiscal Impact,Approves the Adult and Career Education courses for the 2021-22 school year,The board is adopting a resolution approving the courses offered by Oakland Adult and Career Education for the 2021-22 school year. The text lists no dollar amount; the funding source field says there is no fiscal impact.,Classroom & academic programs,resolution_or_policy,,,,no_cost,,,,,,,true,2021-07-01,2022-06-30,after_work_began,,,Adopted on the General Consent Report,2021-09-08,true,auto_ok,sonnet-agent,enrich.v3.md,true,
2021-09-08:21-1992,2021-09-08,2021-09-08,regular,V.-48,119,general,Chief Academic Officer,21-1992,https://ousd.legistar.com/LegislationDetail.aspx?ID=53127&GUID=4B6539E9-B84C-4D69-93B0-2B49A8E0F451,Services Agreement - Leaders Up - Adult and Career Education Department,"Ratification by the Board of Education of a Services Agreement by and between the District and Leaders Up, Los Angeles, CA, for the latter to provide Job Search assistance to OACE students; workforce development workshops and hands-on skills training opportunities for OACE students; host hiring events to bring employers and skilled students together for real-time engagement in the employment process; access to the Leaders Up Google Technology Certification Pathway curriculum that leads to recognized industry certifications, via the Adult and Career Education Department, for the period of July 1, 2021 through June 30, 2024, at no cost to the District.",Agreement or Contract,Chief Academic Officer,,n-leaders-up,No Fiscal Impact,"Ratifies a no-cost, three-year agreement with Leaders Up for job search help and tech certification","Leaders Up, of Los Angeles, will provide job search help, workforce workshops, hands-on skills training and hiring events for Adult and Career Education students. Students also get access to its Google technology certification pathway. It costs the district nothing and runs July 1, 2021 through June 30, 2024. The board is approving it after the start date.",Classroom & academic programs,new_agreement,Leaders Up,organization,,no_cost,,,,,,,true,2021-07-01,2024-06-30,after_work_began; multi_year,,,Adopted on the General Consent Report,2021-09-08,true,auto_ok,sonnet-agent,enrich.v3.md,true,
2021-09-08:21-2219,2021-09-08,2021-09-08,regular,V.-49,120,general,Chief Academic Officer,21-2219,https://ousd.legistar.com/LegislationDetail.aspx?ID=53353&GUID=45B6B9A3-A4EC-4821-89FA-6E4D00533AF4,Standard Agreement - State of California - Department of Rehabilitation - Special Education Department,"Approval by the Board of Education of a Standard Agreement (Agreement No. 31788) - Subvention Contract - Vocational Rehabilitation Third Party Cooperative/Case Agreement - Transition Partnership Program - by and between District and California State Department of Rehabilitation, accepting grant in the amount of $1,252,156.00, as well as associated Board Resolution, authorizing Kyla Johnston-Trammell/ Superintendent to sign and execute any and all documents required by DOR to effectuate the execution of said Agreement and all amendments, California Civil Rights Laws Certification, Grant/Contract Signature Authorization, and Contractor Certification Clauses,  for the period July 1, 2021 through June 30, 2024, for services to Special Education pupils, as specified, pursuant to terms and conditions thereof, if any.",Agreement or Contract,General Counsel,,n-california-state-department-of-rehabilitation,,Accepts $1.25M from the state Department of Rehabilitation for special education transition services,"The district is accepting a $1,252,156 grant from the California Department of Rehabilitation under its Transition Partnership Program. The money pays for services to special education students over three years, July 1, 2021 through June 30, 2024. The board is also approving the related resolution authorizing the Superintendent to sign the agreement documents.",Special education,grant_or_funding_in,California State Department of Rehabilitation,organization,,revenue,fixed,1252156,,,,,true,2021-07-01,2024-06-30,after_work_began; multi_year,,,Adopted on the General Consent Report,2021-09-08,true,auto_ok,sonnet-agent,enrich.v3.md,true,
2021-09-08:21-1935,2021-09-08,2021-09-08,regular,V.-50,122,general,General Counsel,21-1935,https://ousd.legistar.com/LegislationDetail.aspx?ID=53070&GUID=3BDA43D7-D3BB-443A-ADDD-6A73984127FB,Services Agreement Contract - Robert Half - Labor Relations Department,"Ratification by the Board of Education of a Services Agreement 2021-2022 by and between the District and Robert Half, Inc., Los Angeles, CA,  for the latter to provide a temporary staffer to perform a desk audit to either address a grievance from an employee alleging out-of-class work or a request from an employee that requires analysis of an employee's duties and responsibilities in order to determine the proper classification, for the period of July 19, 2021 through August 19 2021, in amount not to exceed $3,700.00.",Agreement or Contract,General Counsel,003638,v-003638,General Purpose,"Pays Robert Half up to $3,700 for a temporary worker to do job-classification desk audits","Robert Half will supply a temporary staffer to perform a desk audit, which reviews an employee's duties to decide the proper job classification. It responds to grievances over out-of-class work or employee requests for review. The service period is July 19 to August 19, 2021, and the board is approving it after the start date.",Staff & hiring,new_agreement,"Robert Half, Inc.",organization,,expense,not_to_exceed,3700,,,,,true,2021-07-19,2021-08-19,after_work_began,,,Adopted on the General Consent Report,2021-09-08,true,auto_ok,sonnet-agent,enrich.v3.md,true,
2021-09-08:21-2182,2021-09-08,2021-09-08,regular,V.-51,123,general,General Counsel,21-2182,https://ousd.legistar.com/LegislationDetail.aspx?ID=53316&GUID=77F6D444-F499-4A18-9207-05D50F2D6C2B,Lease Agreement - Green Schoolyard at Bridges Academy - General Counsel,"Approval by the Board of Education of Lease Agreement by and between Trust for Public Land and the District to help the former be awarded a Statewide Park Program Proposition 68 Grant to develop a green schoolyard at Bridges Academy and for the former to perform community outreach, design, and construction of green schoolyard improvements, with a term of 30 years (September 9, 2021 - September 9, 2051).",Agreement or Contract,General Counsel,,n-trust-for-public-land,,Approves a 30-year lease with Trust for Public Land for a green schoolyard at Bridges Academy,"The district is leasing the Bridges Academy site to the Trust for Public Land for 30 years, September 9, 2021 to September 9, 2051. The lease helps the Trust win a Statewide Park Program Proposition 68 grant. The Trust would then do community outreach, design and construction of green schoolyard improvements. The text states no dollar amount.",Governance & board business,new_agreement,Trust for Public Land,organization,Bridges Academy,no_cost,,,,,,,true,2021-09-09,2051-09-09,pulled_from_consent; multi_year,,"Taken off the consent vote, then approved on a later consent report on September 22.",Adopted on the General Consent Report,2021-09-22,true,auto_ok,sonnet-agent,enrich.v3.md,false,
2021-09-08:21-2192,2021-09-08,2021-09-08,regular,V.-52,124,general,General Counsel,21-2192,https://ousd.legistar.com/LegislationDetail.aspx?ID=53326&GUID=5E97EB50-B480-4FD4-8BF7-ACD6FB31AEFF,"COVID-19 Addendum, Nonpublic, Nonsectarian School/Agency Services Master Contract 2021-22 - Maxim Healthcare Staffing Services, Inc. - COVID Support Personnel - Programs for Exceptional Children","Approval by the Board of Education of COVID-19 Addendum, Nonpublic, Nonsectarian School/Agency Services Master Contract 2021-22 by and between the District and Maxim Healthcare Services, Inc., Columbia, MD, for the latter to provide four addition categories of staff to support with COVID testing and contact tracing, via the Programs for Exceptional Children Department, for the period July 1, 2021 through June 30, 2022, with an unchanged total Master Contract not to exceed amount of $2,100,000.00.",Agreement or Contract,Chief Academic Officer,002767,v-002767,Special Education; Se-idea Preschool Non-ris; Learning Loss Mitigation GEER,Adds COVID testing and contact tracing staff to Maxim Healthcare's contract; $2.1M cap unchanged,"This addendum to Maxim Healthcare Services' nonpublic school and agency master contract adds four more categories of staff to help with COVID testing and contact tracing. It runs July 1, 2021 through June 30, 2022. The total contract limit stays at $2,100,000, so this vote adds no new money.","Student health, support & family services",amendment,"Maxim Healthcare Services, Inc.",organization,,no_cost,,,,,2100000,2100000,true,2021-07-01,2022-06-30,,,,Adopted on the General Consent Report,2021-09-08,true,auto_ok,sonnet-agent,enrich.v3.md,true,
2021-09-08:21-2218,2021-09-08,2021-09-08,regular,V.-53,125,general,General Counsel,21-2218,https://ousd.legistar.com/LegislationDetail.aspx?ID=53352&GUID=C6043C2B-D834-40FA-A384-44BB48EA67EB,"Amendment 2, Professional Services Agreement - Robert Half International Inc. - General Counsel","Approval by the Board of Education of Amendment No. 2, Professional Services Agreement by and  between Robert Half International Inc. and the District, for the former to provide individuals to perform data entry on campus (District's COVID response), extending the term of the existing Agreement from August 31, 2020 to June 30, 2021 through September 1, 2022 and increasing the not to exceed amount by $1,500,000, from $495,000.00  to $1,955,000.00. All other terms and conditions of the Agreement remain in full force and effect.",Agreement or Contract,General Counsel,,v-003638,Esser,Adds $1.5M and extends Robert Half's COVID-response data entry contract to September 2022,"Amendment No. 2 extends Robert Half International's agreement, which supplies people to do data entry on campuses for the district's COVID response, through September 1, 2022. It raises the contract limit by $1,500,000, from $495,000 to $1,995,000 according to the signed amendment; the agenda text misprints the new total as $1,955,000. All other terms stay the same.","Student health, support & family services",amendment,Robert Half International Inc.,organization,,expense,not_to_exceed,1500000,,,495000,1995000,true,,2022-09-01,raises_existing_contract; large_increase; source_issue; multi_year,"The official text's numbers don't add up: $495,000 plus $1,500,000 is $1,995,000, but it states a new total of $1,955,000. The attached amendment states $1,995,000.",,Adopted on the General Consent Report,2021-09-08,true,human_reviewed,sonnet-agent,enrich.v3.md,true,
2021-09-08:21-1932,2021-09-08,2021-09-08,regular,V.-54,127,general,Superintendent of Schools,21-1932,https://ousd.legistar.com/LegislationDetail.aspx?ID=53067&GUID=62B6A8A4-C2ED-4B5C-BDDA-83D5B543FD60,Services Agreement 2021-2022 - Clarissa Iliff - Technology Services Department,"Ratification by the Board of Education of a Services Agreement 2021-2022 by and between the District and Clarissa Iliff, Yorba Linda, CA, for the latter to provide training and support to District’s technical staff to enable them to successfully update Report Card configurations in Aeries: train staff to update District Report Cards to include new standards as needed and also format Report Cards appropriately for dual-language schools, via Technology Services Department, for the period of July 26, 2021 through June 30, 2022, in an amount not to exceed $3,000.00.",Agreement or Contract,Superintendent,007218,v-007218,General Purpose,"Pays a contractor up to $3,000 to train technology staff on Report Card setup in Aeries","The district is paying an individual contractor to train and support its technical staff in updating Report Card settings in the Aeries software. That includes adding new standards and formatting report cards for dual-language schools. The service period is July 26, 2021 to June 30, 2022, and the board is approving it after the start date.",Technology,new_agreement,Clarissa Iliff,individual,,expense,not_to_exceed,3000,,,,,true,2021-07-26,2022-06-30,after_work_began,,,Adopted on the General Consent Report,2021-09-08,true,auto_ok,sonnet-agent,enrich.v3.md,true,
2021-09-08:21-1967,2021-09-08,2021-09-08,regular,V.-55,128,general,Superintendent of Schools,21-1967,https://ousd.legistar.com/LegislationDetail.aspx?ID=53102&GUID=819ADF33-A299-4D49-AA84-6ACB047331FC,Services Agreement 2021-2022 - KNB Solutions LLC - Technology Services Department,"Approval by the Board of Education of a Services Agreement 2021-2022 by and between the District and KNB Solutions LLC, Long Beach, CA, for the latter to co-coordinate School Tech Leads (50%); co-chair the Oakland Undivided Devices and Operations Subcommittee (15%); co-chair the Oakland Undivided Digital Skills Subcommittee (10%); coordinate with Tech Exchange for Reporting (10%); Curate training materials for Teacher and Family Central (10%); Coordinate School-led Tech Support (5%), performing the services described under each task, in the attached Scope of Work 2021-2022, in Agreement, incorporated herein by reference as though fully set forth, via Technology Services Department, for the period of July 1, 2021 through June 30, 2022, in an amount not to exceed $130,000.00.",Agreement or Contract,Superintendent,007260,v-007260,General Purpose,"Pays KNB Solutions up to $130,000 to coordinate school tech leads and Oakland Undivided tech work","KNB Solutions LLC, of Long Beach, will coordinate School Tech Leads, co-chair two Oakland Undivided subcommittees (devices and operations; digital skills), and work with Tech Exchange on reporting. It will also curate training materials for Teacher and Family Central and coordinate school-led tech support. The agreement runs July 1, 2021 through June 30, 2022.",Technology,new_agreement,KNB Solutions LLC,organization,,expense,not_to_exceed,130000,,,,,true,2021-07-01,2022-06-30,after_work_began,,,Adopted on the General Consent Report,2021-09-08,true,auto_ok,sonnet-agent,enrich.v3.md,true,
2021-09-08:21-2059,2021-09-08,2021-09-08,regular,V.-56,130,general,"Measure G1 - Districtwide Teacher Retention and Middle School Improvement Act Oversight Commission - August 24, 2021 - David Kakishiba, Chairperson",21-2059,https://ousd.legistar.com/LegislationDetail.aspx?ID=53194&GUID=0A227918-F1E8-4A55-AC09-4D9A661AA69E,"Measure G1 - District Teacher Retention and Middle School Improvement Act Oversight Commission - 2021-2022 Charter Middle School - Amendment, Grant Application and Education Spending Plan - Named School","Adoption by the Board of Education of Resolution No. 2021-0275A- Measure G1 - District Teacher Retention and Middle School Improvement Act Oversight Commission - Recommendation - Amendment, 2021-2022 Charter Middle School Grant Application and Education Spending Plan (Award) - for Community School for Creative Education Charter School, utilizing approved 2021-2022 Funding Year allocation.",Resolution,Board of Education,,n-community-school-for-creative-education-charter-school,,Adopts a Measure G1 commission recommendation on a 2021-22 grant and spending plan for a charter middle school,"The board is adopting a resolution on the Measure G1 Oversight Commission's recommendation. It covers an amendment to the 2021-2022 charter middle school grant application and education spending plan for Community School for Creative Education Charter School, using its approved 2021-2022 funding allocation. The text states no dollar amount.",Governance & board business,resolution_or_policy,Community School for Creative Education Charter School,organization,Community School for Creative Education Charter School,expense,,,,,,,true,2021-07-01,2022-06-30,after_work_began,,,Adopted on the General Consent Report,2021-09-08,true,auto_ok,sonnet-agent,enrich.v3.md,true,
2021-09-08:21-1602,2021-09-08,2021-09-08,regular,V1.-1,132,bonds,,21-1602,https://ousd.legistar.com/LegislationDetail.aspx?ID=52738&GUID=716D94AF-3D86-4E85-B25F-301F8E725476,"Amendment No. 3, Lease Lease-Back- Overaa/Tulum/Eclipse, JV - Foster The Center Project - Division of Facilities Planning and Management","Approval by the Board of Education of Amendment No. 3, Lease Leaseback by and between the District and Overaa/Tulum/Eclipse, Richmond, CA, for the latter to provide Preconstruction services performed by the General Contractor and for interest that is required for the Lease Payments but was not included in the GMP*, for the Foster the Center Project, in an additional amount of $270,031.69, and including total amount from Change Order No 5, $519,015.06, increasing contract price from $50,551,133.91 to $51,450,180.66, and authorizing the President and Secretary of the Board to sign the Amendment for same with said Contractor. All other terms and conditions of the Agreement remain in full force and effect.
___

*The Pre-Construction Services is not construction work. It is assistance with negotiating with all the impacted vendors from Phase I (which was ended by OUSD) and assisting with value-engineering before finalizing the GMP",Agreement or Contract,"Deputy Chief, Facilities Planning and Management",003224,v-003224,Fund 21 Measure B,"Adds $270,031.69 for preconstruction services and lease interest on the Foster the Center project","Amendment No. 3 to the lease-leaseback contract with Overaa/Tulum/Eclipse covers $220,000 for extended preconstruction services and $50,031.69 of lease interest that was not included in the guaranteed maximum price, for a total increase of $270,031.69. The preconstruction work was help negotiating with vendors from the ended Phase I and value-engineering before the price was set. The attached amendment puts the contract price, including Change Orders 1-5 and this amendment, at $51,450,180.66; the starting total in the agenda text does not match the attachment.",School buildings & construction,amendment,Overaa/Tulum/Eclipse,organization,,expense,fixed,270031.69,,,,51450180.66,true,,,source_issue,"The official text's numbers don't add up: $50,551,133.91 plus $270,031.69 is $50,821,165.60, but it states a new total of $51,450,180.66. The attachment confirms the $270,031.69 increase and the $51,450,180.66 total but not the $50,551,133.91 starting figure.",,Adopted on the General Consent Report,2021-09-08,true,human_reviewed,sonnet-agent,enrich.v3.md,true,
2021-09-08:21-1796,2021-09-08,2021-09-08,regular,V1.-2,133,bonds,,21-1796,https://ousd.legistar.com/LegislationDetail.aspx?ID=52932&GUID=FE204153-A879-41F4-93B4-DAFDED790050,"Agreement Between Owner and Contractor – G & G Builders, Inc.– Franklin Elementary School Playmatting Project - Division of Facilities Planning and Management","Ratification by the Board of Education of Agreement Between Owner and Contractor by and between the District and G & G Builders, Inc., Livermore, CA, for the latter to perform the demolition services described in Section 1 of the Agreement: disposal of two(2) Play structures with PIP rubber matting, haul-out Chain Link fence, Basketball hoops and two (2) backboards, including all work described in the May 3, 2021 Scope attached to this Agreement as Exhibit A, for the Franklin Elementary School Playmatting Project, in the amount of $23,840.00, as the selected contractor, with work scheduled to commence on July 19, 2021, and scheduled to last until December 31, 2021.",Agreement or Contract,"Deputy Chief, Facilities Planning and Management",001722,v-001772,"Fund 21, Measure J","Ratifies a $23,840 contract with G & G Builders for demolition at Franklin Elementary's playmatting project","G & G Builders, of Livermore, will remove two play structures with rubber matting, chain link fence, and basketball hoops and backboards at Franklin Elementary School. This is part of the school's playmatting project. Work was scheduled to start July 19, 2021 and last until December 31, 2021, so the board is approving after work began.",School buildings & construction,new_agreement,"G & G Builders, Inc.",organization,Franklin Elementary School,expense,fixed,23840,,,,,true,2021-07-19,2021-12-31,after_work_began,,,Adopted on the General Consent Report,2021-09-08,true,auto_ok,sonnet-agent,enrich.v3.md,true,
2021-09-08:21-1798,2021-09-08,2021-09-08,regular,V1.-3,134,bonds,,21-1798,https://ousd.legistar.com/LegislationDetail.aspx?ID=52934&GUID=F2381256-A20B-4A90-9FEC-278719E84781,"Agreement Between Owner and Contractor – Alaniz Construction, Inc. – Franklin Elementary School Playmatting Project - Division of Facilities Planning and Management","Ratification by the Board of Education of Agreement Between Owner and Contractor by and between the District and Alaniz Construction, Inc., Fremont, CA, for the latter provide the following construction services which consists of AC overlay clean pavement surface, apply tack oil, place and compact average of 1.5"" of 3/8 medium ot-mix asphalt over approximately 4,275 SF. on two locations including all work described in the June 8, 2021 Proposal attached to this Agreement as Exhibit A, for the Franklin Elementary School Playmatting Project, in the amount of $22,785.00, as the selected contractor, with work scheduled to commence on July 19, 2021, and scheduled to last until December 31, 2021.",Agreement or Contract,"Deputy Chief, Facilities Planning and Management",000330,v-000330,"Fund 21, Measure J","Ratifies a $22,785 contract with Alaniz Construction for asphalt paving at Franklin Elementary","Alaniz Construction, of Fremont, will clean and overlay about 4,275 square feet of pavement at two locations at Franklin Elementary School with new asphalt. This is part of the school's playmatting project. Work was scheduled to start July 19, 2021 and last until December 31, 2021, so the board is approving after work began.",School buildings & construction,new_agreement,"Alaniz Construction, Inc.",organization,Franklin Elementary School,expense,fixed,22785,,,,,true,2021-07-19,2021-12-31,after_work_began,,,Adopted on the General Consent Report,2021-09-08,true,auto_ok,sonnet-agent,enrich.v3.md,true,
2021-09-08:21-1799,2021-09-08,2021-09-08,regular,V1.-4,135,bonds,,21-1799,https://ousd.legistar.com/LegislationDetail.aspx?ID=52935&GUID=551EB3B8-DA38-4FD3-9C6E-6201390FBB01,"Agreement for Special Inspection Services for Construction – Anthonio, Inc. – Markham Elementary School Playmatting Project - Division of Facilities Planning and Management","Ratification by the Board of Education of Agreement for Special Inspection Services for Construction by and between the District and Anthonio, Inc., Oakland, CA, for the latter to provide Inspections Services for the construction activities, as described in Exhibit B, attached to this Agreement, for the Markham Elementary School Playmatting & Accessibility Project, in the amount of $36,100.00, as the selected consultant, with work scheduled to commence on July 19, 2021, and scheduled to last until December 31, 2021.",Agreement or Contract,"Deputy Chief, Facilities Planning and Management",000453,v-000453,"Fund 21, Measure J","Ratifies a $36,100 contract with Anthonio, Inc. for construction inspections at Markham Elementary","Anthonio, Inc., of Oakland, will provide special inspection services for construction at Markham Elementary School's playmatting and accessibility project. Work was scheduled to start July 19, 2021 and last until December 31, 2021, so the board is approving after work began.",School buildings & construction,new_agreement,"Anthonio, Inc.",organization,Markham Elementary School,expense,fixed,36100,,,,,true,2021-07-19,2021-12-31,after_work_began,,,Adopted on the General Consent Report,2021-09-08,true,auto_ok,sonnet-agent,enrich.v3.md,true,
2021-09-08:21-1825,2021-09-08,2021-09-08,regular,V1.-5,136,bonds,,21-1825,https://ousd.legistar.com/LegislationDetail.aspx?ID=52961&GUID=7EB2B465-E411-42B0-9C08-F0D9D093C091,"Architectural Services Agreement – Dialog Design, LP – Markham Elementary School Playmatting & Accessibility Project – Division of Facilities Planning and Management","Approval by the Board of Education of Agreement for Architectural Services by and between the District and Dialog Design, LP, Oakland, CA, for the latter to provide coordination of construction administration for the new accessible parking signage; new entry ramp; new railing at entry stairs & at building (2) ramps; new ambulatory stall at boy's restroom; and install rubberized tile system for the playground structure, for the Markham Elementary School Playmatting & Accessibility Project, in the not-to exceed amount of $14,990.00, as the selected consultant, with work scheduled to commence on September 9, 2021, and scheduled to last until December 31, 2021.",Agreement or Contract,"Deputy Chief, Facilities Planning and Management",000832,v-000832,Fund 21 Measure J,"Hires Dialog Design for up to $14,990 on Markham Elementary accessibility and playground matting work","The district hires Dialog Design, LP, an architecture firm, to coordinate construction administration for the Markham Elementary School Playmatting & Accessibility Project. The work includes new accessible parking signage, a new entry ramp, new railings, a new accessible restroom stall and a rubberized tile surface for the playground structure. The cost is capped at $14,990, and work runs from September 9 to December 31, 2021.",School buildings & construction,new_agreement,"Dialog Design, LP",organization,Markham Elementary School,expense,not_to_exceed,14990,,,,,true,2021-09-09,2021-12-31,,,,Adopted on the General Consent Report,2021-09-08,true,auto_ok,sonnet-agent,enrich.v3.md,true,
2021-09-08:21-1829,2021-09-08,2021-09-08,regular,V1.-6,137,bonds,,21-1829,https://ousd.legistar.com/LegislationDetail.aspx?ID=52965&GUID=E81D37AB-8AA7-4E77-9DDB-89B363B5F39E,"Amendment No. 7, Architectural Services Agreement - LCA Architects - Fremont High School New Construction Project - Division of Facilities Planning and Management","Approval by the Board of Education of Amendment No. 7, Architectural Services Agreement by and between the District and LCA Architects, Oakland, CA, for the latter to provide construction services for the Increment Phase 4, as described in Proposal dated May 11, 2021, attached to this Agreement as Exhibit A, for the Fremont High School New Construction Project, in an additional amount of $189,181.17, increasing Agreement not to exceed amount from $9,107,465.00 to $9,296,646.17, and extending the term of the Agreement from  March 23, 2016 through February 28, 2022 to June 30, 2022 (an additional 122 calendar days). All other terms and conditions of the Agreement remain in full force and effect.",Agreement or Contract,"Deputy Chief, Facilities Planning and Management",002515,v-002515,Fund 21 Measure J,"Adds $189,181 to LCA Architects' Fremont High construction contract and extends it to June 2022","This is Amendment No. 7 to the architect's agreement for the Fremont High School New Construction Project. It adds $189,181.17 for construction services in Increment Phase 4, raising the contract cap from $9,107,465 to $9,296,646.17. It also extends the end date from February 28, 2022 to June 30, 2022, an additional 122 calendar days.",School buildings & construction,amendment,LCA Architects,organization,Fremont High School,expense,fixed,189181.17,,,9107465,9296646.17,true,2016-03-23,2022-06-30,raises_existing_contract; multi_year,,,Adopted on the General Consent Report,2021-09-08,true,auto_ok,sonnet-agent,enrich.v3.md,true,
2021-09-08:21-1834,2021-09-08,2021-09-08,regular,V1.-7,138,bonds,,21-1834,https://ousd.legistar.com/LegislationDetail.aspx?ID=52970&GUID=497DA68E-79D8-48CC-BCA6-A231C3155BD5,"Agreement for Materials Testing Services - Applied Materials and Engineering, [nc. - Franklin Elementary School Playmatting Project - Division of Facilities Planning and Management","Approval by the Board of Education to the Agreement for Materials Testing by and between the District and Applied Materials & Engineering, Inc., Oakland, CA, for the latter to provide Soil Testing, Compaction Testing, for the Franklin Elementary School Playmatting Project, in the not exceed amount of $1,412.00, as the selected consultant, with work scheduled to commence on September 9, 2021, and scheduled to last until December 31, 2021.",Agreement or Contract,"Deputy Chief, Facilities Planning and Management",000468,v-000468,Fund 21 Measure J,"Hires Applied Materials & Engineering for up to $1,412 in soil testing at Franklin Elementary","The district hires Applied Materials & Engineering, Inc. to do soil testing and compaction testing for the Franklin Elementary School Playmatting Project. The cost is capped at $1,412. Work runs from September 9 to December 31, 2021.",School buildings & construction,new_agreement,"Applied Materials & Engineering, Inc.",organization,Franklin Elementary School,expense,not_to_exceed,1412,,,,,true,2021-09-09,2021-12-31,,,,Adopted on the General Consent Report,2021-09-08,true,auto_ok,sonnet-agent,enrich.v3.md,true,
2021-09-08:21-1835,2021-09-08,2021-09-08,regular,V1.-8,139,bonds,,21-1835,https://ousd.legistar.com/LegislationDetail.aspx?ID=52971&GUID=1C7916CB-3068-4A36-B7D5-908D8E740FE0,General Services Agreement – Guttmann & Blaevoet Consulting Engineers – Foster the Center – Division of Facilities Planning and Management,"Approval by the Board of Education of the General Services Agreement by and between the District and Guttmann & Blaevoet Consulting Engineers, San Francisco, CA, for the latter to provide trouble shooting services for the boiler system for proper functioning purposes, with Basic Services including all work described in the August 5, 2021 Proposal which is attached to this Agreement as Exhibit A, for Foster The Center Project, in the not-to-exceed amount of $29,313.00, as the selected consultant, with work scheduled to commence on September 9, 2021, and shall terminate upon completion of the Services, but no later than July 1, 2022.",Agreement or Contract,"Deputy Chief, Facilities Planning and Management",001960,v-001960,Fund 21 Measure J,"Pays Guttmann & Blaevoet up to $29,313 to troubleshoot the boiler system at Foster the Center","The district hires Guttmann & Blaevoet Consulting Engineers to troubleshoot the boiler system so it works properly, for the Foster The Center Project. The work is described in an August 5, 2021 proposal, and the cost is capped at $29,313. Work starts September 9, 2021 and ends when the services are finished, no later than July 1, 2022.",School buildings & construction,new_agreement,Guttmann & Blaevoet Consulting Engineers,organization,,expense,not_to_exceed,29313,,,,,true,2021-09-09,2022-07-01,,,,Adopted on the General Consent Report,2021-09-08,true,auto_ok,sonnet-agent,enrich.v3.md,true,
2021-09-08:21-1836,2021-09-08,2021-09-08,regular,V1.-9,140,bonds,,21-1836,https://ousd.legistar.com/LegislationDetail.aspx?ID=52972&GUID=2D2C8795-BEF7-4E4C-8A36-DBEE7F540795,Agreement Between Owner and Contractor - Innovative Construction Company - Madison Park Academy Project - Division of Facilities Planning and Management,"Ratification by the Board of Education of the Agreement Between Owner and Contractor -  District and Innovative Construction Company, Oakland, CA, for the latter to install rubber cap on gaskets at walkway screen wall between buildings El and E2; gaskets are to be clipped on the first 8 feet in height, with the Services including all work described in the June 21, 2021 Proposal attached to this Agreement as Exhibit A, for the Madison Park Academy Project, in the amount of$2,500.00, with work commencing on July 21, 2021, and scheduled to last for Thirty (30) calendar days, ending on August 20, 2021.",Agreement or Contract,"Deputy Chief, Facilities Planning and Management",0006492,v-006492,Fund 21 Measure B,"Approves after the fact a $2,500 contract with Innovative Construction for rubber caps at Madison Park Academy","The board ratifies, or approves after the fact, an agreement with Innovative Construction Company to install rubber caps on gaskets at a walkway screen wall at the Madison Park Academy project. The cost is $2,500. Work began July 21, 2021, before board approval, and was scheduled to last 30 calendar days, ending August 20, 2021.",School buildings & construction,new_agreement,Innovative Construction Company,organization,Madison Park Academy,expense,fixed,2500,,,,,true,2021-07-21,2021-08-20,after_work_began,,,Adopted on the General Consent Report,2021-09-08,true,auto_ok,sonnet-agent,enrich.v3.md,true,
2021-09-08:21-1837,2021-09-08,2021-09-08,regular,V1.-10,141,bonds,,21-1837,https://ousd.legistar.com/LegislationDetail.aspx?ID=52973&GUID=A45B1D61-EED9-4ACF-BDD4-2ECE919853B9,Construction Management Agreement- Layas Partnership - Facilities Planning and Management Project - Division of Facilities Planning and Management,"Approval by the Board of Education of Construction Management Agreement between the District and Layas Partnership, Oakland, CA, for the latter to provide Construction Management Services. Layas will be responsible for the construction of Castlemont High School Field and Bleachers Project and the management of the monitoring activities performed by Ninyo & Moore with oversight by the Department of Toxic Substances control at LaEscuelita Education Center, for the Facilities Planning and Management Project, in the not-to-exceed amount of $48,720.00, as the selected consultant, with work scheduled to commence on July 1, 2021, and scheduled to last until December 31, 2021.",Agreement or Contract,"Deputy Chief, Facilities Planning and Management",002513,v-002513,"Fund 21, Measure J","Hires Layas Partnership for up to $48,720 to manage Castlemont field work and La Escuelita monitoring","The district hires Layas Partnership to provide construction management. Layas will be responsible for building the Castlemont High School Field and Bleachers Project and for managing environmental monitoring work by Ninyo & Moore at the La Escuelita Education Center, which is overseen by the state Department of Toxic Substances Control. The cost is capped at $48,720, and work runs from July 1 to December 31, 2021, which began before the board vote.",School buildings & construction,new_agreement,Layas Partnership,organization,Castlemont High School; La Escuelita Education Center,expense,not_to_exceed,48720,,,,,true,2021-07-01,2021-12-31,after_work_began,,,Adopted on the General Consent Report,2021-09-08,true,auto_ok,sonnet-agent,enrich.v3.md,true,
2021-09-08:21-1838,2021-09-08,2021-09-08,regular,V1.-11,142,bonds,,21-1838,https://ousd.legistar.com/LegislationDetail.aspx?ID=52974&GUID=F8EEB06D-A17D-4103-8107-005D386B3963,General Services Agreement - Xebec Data Corporation - Utility O & M Operations Project - Division of Facilities Planning and Management,"Approval by the Board of Education of General Services Agreement by and  between the District and Xebec Data Corporation, Lafayette, CO, for the latter to map and test documents with Subscriber's Partners to ensure that the Services are configured to communicate with them correctly and related services or activities as described in Section 1 of the Agreement, incorporated herein by reference as though fully set forth, for the Utility O & M Operations Project, in the not-to-exceed amount of $5,000.00, as the selected consultant, with work scheduled to commence on July 1, 2021, through June 30, 2022.",Agreement or Contract,"Deputy Chief, Facilities Planning and Management",006605,v-006605,"Fund 21, Measure J","Pays Xebec Data up to $5,000 to set up and test data connections for utility operations","The district hires Xebec Data Corporation to map and test documents with the subscriber's partners so that the services are configured to communicate with them correctly, for the Utility O & M Operations Project. The cost is capped at $5,000. The agreement runs from July 1, 2021 through June 30, 2022, and work began before the board vote.","Food, transportation & operations",new_agreement,Xebec Data Corporation,organization,,expense,not_to_exceed,5000,,,,,true,2021-07-01,2022-06-30,after_work_began,,,Adopted on the General Consent Report,2021-09-08,true,auto_ok,sonnet-agent,enrich.v3.md,true,
2021-09-08:21-1846,2021-09-08,2021-09-08,regular,V1.-12,143,bonds,,21-1846,https://ousd.legistar.com/LegislationDetail.aspx?ID=52982&GUID=3E124085-5894-4B5A-BE1B-0C0D37E4548A,General Services Agreement - Ninyo & Moore - LaEscuelita Educational Project - Division of Facilities Planning and Management,"Approval by the Board of Education to General Services Agreement by and between the District and Ninyo & Moore, Alameda, CA, for the latter to provide environmental services to include field activities associated with the second-half of 2021 and first-half of 2022 semi-annual soil gas mitigation system monitoring events, and reporting associated with the first and second-half of 2020 and first-half of 2021 semi-annual soil gas mitigation system monitoring events to Oakland Unified School District (OUSD), also addresses responding to Department of Toxic Substances Control (DTSC) 2020 Five Year Review Report, Soil Gas Mitigation for the LaEscuelita Education Center Project, including all work described in the July 1, 2021 Proposal which is attached to this Agreement as Exhibit A, for the La Escuelita Education Center Project, in the not-to-exceed amount of $58,300.00, with work scheduled to commence on September 9, 2021, and scheduled to last until June 30, 2022.",Agreement or Contract,"Deputy Chief, Facilities Planning and Management",003087,v-003087,"Fund 21, Measure J","Pays Ninyo & Moore up to $58,300 for soil gas monitoring and state reporting at La Escuelita","The district hires Ninyo & Moore for environmental services at the La Escuelita Education Center. The work covers twice-yearly monitoring of the soil gas mitigation system, reports on earlier monitoring, and a response to the state Department of Toxic Substances Control's 2020 Five Year Review Report. The cost is capped at $58,300, and work runs from September 9, 2021 to June 30, 2022.",School buildings & construction,new_agreement,Ninyo & Moore,organization,La Escuelita Education Center,expense,not_to_exceed,58300,,,,,true,2021-09-09,2022-06-30,,,,Adopted on the General Consent Report,2021-09-08,true,auto_ok,sonnet-agent,enrich.v3.md,true,
2021-09-08:21-1849,2021-09-08,2021-09-08,regular,V1.-13,144,bonds,,21-1849,https://ousd.legistar.com/LegislationDetail.aspx?ID=52985&GUID=F09758CD-8A89-4183-BE86-B4E5C60A5A30,"Amendment No. 3, Independent Consultant Agreement - KDI Group, Inc.- Fremont New Construction Project - Division of Facilities Planning and Management","Approval by the Board of Education of Amendment No.3, Independent Consultant Agreement by and between the District and KDI Group, Inc., Oakland, CA, for the latter to  provide additional inspections services according to the DSA requirements, as described in the proposal dated July 22, 2021 attached to this Amendment as Exhibit A, for the Fremont High School New Construction Project, in an additional amount of $78,430.00, which includes a contingency of $7,130.00, increasing Agreement not to exceed amount from $1,368,500.00 to $1,446,930.00. All other terms and conditions of the Agreement remain in full force and effect.",Agreement or Contract,"Deputy Chief, Facilities Planning and Management",002377,v-002377,Fund 21 Measure J,"Adds $78,430 to KDI Group's inspection contract for Fremont High's new construction","This is Amendment No. 3 to the inspection agreement with KDI Group, Inc. for the Fremont High School New Construction Project. It adds $78,430 for additional inspection services required by the Division of the State Architect (DSA), including a $7,130 contingency. The contract cap rises from $1,368,500 to $1,446,930.",School buildings & construction,amendment,"KDI Group, Inc.",organization,Fremont High School,expense,fixed,78430,,,1368500,1446930,true,,,raises_existing_contract,,,Adopted on the General Consent Report,2021-09-08,true,auto_ok,sonnet-agent,enrich.v3.md,true,
2021-09-08:21-1866,2021-09-08,2021-09-08,regular,V1.-14,145,bonds,,21-1866,https://ousd.legistar.com/LegislationDetail.aspx?ID=53001&GUID=0D0E2541-F403-4567-BF55-FBB150A6C5F7,"Amendment No. 2, Architectural Services Agreement - Murakami/Nelson Architectural Corporation - Castlemont High School Field & Bleachers Project - Division of Facilities Planning and Management","Approval by the Board of Education of Amendment No. 2, Architectural (Professional) Services Agreement by and  between the District and Murakami/Nelson Architectural Corporation, Oakland, CA, for the latter to provide additional design services to include preparing and submitting an application to EBMUD for the new fire hydrant and intrusion alarm, and prepare construction documents, as described in the Proposal dated July 20, 2021, attached to this Agreement as Exhibit A, for the Castlemont High School Field & Bleachers Project, in an additional amount of $180,400.00, which includes a $16,402.21 contingency, increasing Agreement's not-to-exceed amount from $864,500.00 to $1,044,900.00, and extending the term of the Agreement from October 25, 2018 through December 31, 2021 to December 31, 2022 (an additional 365 calendar days. All other terms and conditions of the Agreement remain in full force and effect.",Agreement or Contract,"Deputy Chief, Facilities Planning and Management",002960,v-002660,"Fund 21, Measure J","Adds $180,400 to Murakami/Nelson's Castlemont field design contract and extends it a year","This is Amendment No. 2 to the architect's agreement for the Castlemont High School Field & Bleachers Project. It adds $180,400, including a $16,402.21 contingency, for design work such as an EBMUD application for a new fire hydrant and intrusion alarm and construction documents. The contract cap rises from $864,500 to $1,044,900, and the end date moves from December 31, 2021 to December 31, 2022.",School buildings & construction,amendment,Murakami/Nelson Architectural Corporation,organization,Castlemont High School,expense,fixed,180400,,,864500,1044900,true,2018-10-25,2022-12-31,raises_existing_contract; multi_year,,,Adopted on the General Consent Report,2021-09-08,true,auto_ok,sonnet-agent,enrich.v3.md,true,
