item_id,meeting_key,meeting_date,meeting_kind,agenda_number,agenda_sequence,consent_section,group,file_number,legistar_url,title,official_text,matter_type,presenter,vendor_number,vendor_key,funding_source,headline,summary,category,subcategory,action_type,vendor_name,vendor_kind,schools,money_direction,amount_type,amount,amount_range_low,amount_range_high,prior_total,new_total,amount_verified,term_start,term_end,flags,source_issue,pulled_from_consent,outcome_action,outcome_date,adopted,review_status,model_id,prompt_version,counts_toward_totals,duplicate_of
2022-06-08:22-1305,2022-06-08,2022-06-08,regular,V.-2,67,general,"Chief, Systems and Services Officer",22-1305,https://ousd.legistar.com/gateway.aspx?M=L&ID=55599,"Amendment No. 3, Groceries Contract - Goldstar Foods, Inc. - Nutrition Services Department","Approval by the Board of Education of Amendment No. 3, Groceries Contract by and between District and Goldstar Foods, Inc., Ontario, CA, for the latter to provide groceries for Nutrition Services Programs, exercising the second of two one-year options, renewing the Contract, for the period of July 1, 2022 through June 30, 2023, in an additional amount not-to-exceed $6,269,349.25. All other terms and conditions in the Contract, adopted pursuant to Resolution No. 2021-0026, remain in full force and effect.",Agreement or Contract,Chief Systems and Services Officer,001859,v-001859,53105310 Nutrition School Program,Adds $6.27M to renew Goldstar Foods' school groceries contract for 2022-23,"Renews the district's groceries contract with Goldstar Foods, Inc. for Nutrition Services programs, using the second of two one-year options. It adds up to $6,269,349.25 for July 1, 2022 through June 30, 2023. All other contract terms stay the same.","Food, transportation & operations",,amendment,"Goldstar Foods, Inc.",organization,,expense,not_to_exceed,6269349.25,,,,,true,2022-07-01,2023-06-30,,,,Adopted on the General Consent Report,2022-06-08,true,auto_ok,sonnet-agent,enrich.v5.md,true,
2022-06-08:22-1306,2022-06-08,2022-06-08,regular,V.-3,68,general,"Chief, Systems and Services Officer",22-1306,https://ousd.legistar.com/gateway.aspx?M=L&ID=55600,"Amendment No. 1, Agreement for Food Service Supplies - Individual Foodservice, Inc.- Nutrition Services Department","Approval by the Board of Education of Amendment No. 1, Food Service Supplies Contract by and between District and Individual Foodservice, Inc., Bell, CA, for the latter to provide food service supplies for Nutrition Services Programs, exercising the first of two one-year options, renewing the Contract, for the period of June 15, 2022 through June 30, 2023, in an additional amount not-to-exceed $1,000,000.00. All other terms and conditions in the Contract, adopted pursuant to Resolution No. 2021-0282, remain in full force and effect.",Agreement or Contract,Chief Systems and Services Officer,006804,v-006804,5310 Nutrition School Program,Adds $1M to renew Individual Foodservice's food service supplies contract through June 2023,"Renews the district's contract with Individual Foodservice, Inc. for food service supplies for Nutrition Services programs, using the first of two one-year options. It adds up to $1,000,000.00 for June 15, 2022 through June 30, 2023. All other contract terms stay the same.","Food, transportation & operations",,amendment,"Individual Foodservice, Inc.",organization,,expense,not_to_exceed,1000000,,,,,true,2022-06-15,2023-06-30,,,,Adopted on the General Consent Report,2022-06-08,true,auto_ok,sonnet-agent,enrich.v5.md,true,
2022-06-08:22-1307,2022-06-08,2022-06-08,regular,V.-4,69,general,"Chief, Systems and Services Officer",22-1307,https://ousd.legistar.com/gateway.aspx?M=L&ID=55601,"Amendment No. 2, Dairy Supply Contract - Crystal Creamery, Inc. - Nutrition Services Department","Approval by the Board of Education of Amendment No. 2, Dairy Supply Contract by and between District and Crystal Creamery, Inc., Modesto, CA, for the latter to provide dairy products for Nutrition Services Programs, exercising the second of two one-year options, renewing the Contract, for the period of July 1, 2022, through June 30, 2023, in an additional amount not-to-exceed $1,000,000. All other terms and conditions in the Contract, adopted pursuant to Resolution No. 2021-0022, remain in full force and effect.",Agreement or Contract,Chief Systems and Services Officer,001249,v-001249,5310 Nutrition School Program,Adds $1M to renew Crystal Creamery's dairy supply contract for 2022-23,"Renews the district's contract with Crystal Creamery, Inc. to supply dairy products for Nutrition Services programs, using the second of two one-year options. It adds up to $1,000,000 for July 1, 2022 through June 30, 2023. All other contract terms stay the same.","Food, transportation & operations",,amendment,"Crystal Creamery, Inc.",organization,,expense,not_to_exceed,1000000,,,,,true,2022-07-01,2023-06-30,,,,Adopted on the General Consent Report,2022-06-08,true,auto_ok,sonnet-agent,enrich.v5.md,true,
2022-06-08:22-1308,2022-06-08,2022-06-08,regular,V.-5,70,general,"Chief, Systems and Services Officer",22-1308,https://ousd.legistar.com/gateway.aspx?M=L&ID=55602,"22-1090Amendment No. 2 , Fresh Produce Contract - Daylight Foods, Inc., Nutrition Services Department","Approval by the Board of Education of Amendment No. 2, Fresh Produce Contract by and between District and Daylight Foods, Inc., Union City, CA, for the provision of fresh produce for Nutrition Services Programs, exercising the second of two one-year options, renewing the Contract, for the period of July 1, 2022, through June 30, 2023, in an additional amount not-to-exceed $1,750,000.00. All other terms and conditions in the Contract, adopted pursuant to Resolution No. 2021-0023 remain in full force and effect.",Agreement or Contract,Chief Systems and Services Officer,001312,v-001312,5310 Nutrition Services Department,Adds $1.75M to renew Daylight Foods' fresh produce contract for 2022-23,"Renews the district's contract with Daylight Foods, Inc. to provide fresh produce for Nutrition Services programs, using the second of two one-year options. It adds up to $1,750,000.00 for July 1, 2022 through June 30, 2023. All other contract terms stay the same.","Food, transportation & operations",,amendment,"Daylight Foods, Inc.",organization,,expense,not_to_exceed,1750000,,,,,true,2022-07-01,2023-06-30,,,,Adopted on the General Consent Report,2022-06-08,true,auto_ok,sonnet-agent,enrich.v5.md,true,
2022-06-08:22-0530,2022-06-08,2022-06-08,regular,V.-6,72,general,Chief Business Officer,22-0530,https://ousd.legistar.com/gateway.aspx?M=L&ID=54825,Transfer of Unclaimed Property Funds From Their Respective Fund(s) - To General Fund – Pursuant to California Government Code Section 50053 - Fiscal Year 2021-2022,"Approval by the Board of Education of Resolution No.2122-0041 - Transfer Unclaimed Property Funds From Their Respective Fund(s) To The General Fund Pursuant To California Government Code Section 50053, for Fiscal Year 2021-2022, in the amount of $127,440.56, as stated in Exhibit A.",Resolution,Chief Financial Officer,,,,"Moves $127,440.56 in unclaimed property funds into the General Fund for 2021-22","Approves a resolution moving $127,440.56 of unclaimed property funds from their respective funds into the district's General Fund, as California Government Code Section 50053 allows. The transfer covers fiscal year 2021-2022. The individual amounts are listed in Exhibit A.","Budget, finance & payments",,resolution_or_policy,,,,revenue,fixed,127440.56,,,,,true,2021-07-01,2022-06-30,after_work_began,,,Adopted on the General Consent Report,2022-06-08,true,auto_ok,sonnet-agent,enrich.v5.md,true,
2022-06-08:22-0835,2022-06-08,2022-06-08,regular,V.-7,73,general,Chief Business Officer,22-0835,https://ousd.legistar.com/gateway.aspx?M=L&ID=55129,Services Agreement 2021-2022 - MGT EH&A Investor LLC - Chief Business Officer,"Ratification by the Board of Education of a Services Agreement 2021-2022 by and between the District and MGT EH&A Investor, LLC, Carlsbad, CA, for the latter to assist the District in the creation of evaluation tools designed to analyze prospective sites under consideration for merger or closure for potential cost savings; transportation impacts; transition issues; enrollment and capacity implications; portable and permanent classroom counts, and numerous other factors and/or tasks, enumerated in Exhibit A of the Agreement, incorporated herein by reference as though fully set forth, via the Chief Business Officer, for the period of December 16, 2021 through February 28, 2022, in an amount not to exceed $75,000.00.",Agreement or Contract,Chief Financial Officer,,n-mgt-eh-and-a-investor,,"Ratifies up to $75,000 for MGT to build tools to evaluate school mergers and closures","Ratifies, after the work began on December 16, 2021, an agreement with MGT EH&A Investor, LLC to help create tools for analyzing sites being considered for merger or closure. The tools look at cost savings, transportation, transition issues, enrollment and capacity, and classroom counts. The work ran through February 28, 2022, for up to $75,000.00.",Governance & board business,,new_agreement,"MGT EH&A Investor, LLC",organization,,expense,not_to_exceed,75000,,,,,true,2021-12-16,2022-02-28,pulled_from_consent; after_work_began,,"Adopted in its own vote at this meeting (5–1), instead of with the rest of the consent report.",Adopted,2022-06-08,true,auto_ok,sonnet-agent,enrich.v5.md,true,
2022-06-08:22-1281,2022-06-08,2022-06-08,regular,V.-8,74,general,Chief Business Officer,22-1281,https://ousd.legistar.com/gateway.aspx?M=L&ID=55575,ASB Works Software License Agreement 2021- 2025 - Gray Step Software - Chief Business Officer,"Approval by the Board of Education of ASBWorks Accounting Software License Agreement by and between the District and Gray Step Software, El Dorado Hills, CA, for the accounting of Associate Student Body funds at all school site that have student body activities, for the term beginning July 1, 2022 through June 30, 2025, in an amount not to exceed $12,167.00 each fiscal year.",Agreement or Contract,Chief Financial Officer,,n-gray-step-software,,"Pays Gray Step up to $12,167 a year for student body accounting software through 2025","Approves a license for ASBWorks accounting software from Gray Step Software. School sites use it to account for Associated Student Body funds, the money raised and spent by student groups. The three-year term runs July 1, 2022 through June 30, 2025, at up to $12,167.00 each fiscal year.",Technology,,new_agreement,Gray Step Software,organization,,expense,per_year,12167,,,,,true,2022-07-01,2025-06-30,yearly_cap; no_total_stated; multi_year,,,Adopted on the General Consent Report,2022-06-08,true,auto_ok,sonnet-agent,enrich.v5.md,true,
2022-06-08:22-1284,2022-06-08,2022-06-08,regular,V.-9,75,general,Chief Business Officer,22-1284,https://ousd.legistar.com/gateway.aspx?M=L&ID=55578,Services Agreement 2021-2022 - PowerSchool Group LLC - Chief Business Officer,"Approval by the Board of Education of  a Services Agreement 2021-2022 by and  between the District and PowerSchool Group LLC,  Folsom, CA, for the latter to perform Predictive Enrollment Analytics Platform Deployment, as described in Exhibit A of Agreement, incorporated herein by reference as though fully set forth, for the term July 1, 2022 through June 30, 2025, in an amount not to exceed  $150,000 ($50,000.00 annually).",Agreement or Contract,Chief Financial Officer,,n-powerschool-group,,"Pays PowerSchool up to $150,000 over three years for a predictive enrollment analytics platform","Approves a services agreement with PowerSchool Group LLC to set up a predictive enrollment analytics platform. The term runs July 1, 2022 through June 30, 2025, for up to $150,000, which the text lists as $50,000.00 annually.",Technology,,new_agreement,PowerSchool Group LLC,organization,,expense,not_to_exceed,150000,,,,,true,2022-07-01,2025-06-30,multi_year,,,Adopted on the General Consent Report,2022-06-08,true,auto_ok,sonnet-agent,enrich.v5.md,true,
2022-06-08:22-1423,2022-06-08,2022-06-08,regular,V.-10,76,general,Chief Business Officer,22-1423,https://ousd.legistar.com/gateway.aspx?M=L&ID=55717,"Payroll Warrants and Direct Deposits— Fiscal Year 2021-2022 - As of December 31, 2021 (October 2021 - December, 2021)","Approval by the Board of Education of Payroll Warrants and Direct Deposits - i.e., 3,165 Payroll Consolidated Checks printed, and 24,020 Direct Deposits made - Fiscal Year 2021-2022, in the cumulative Amount of $63,549,521.68 from October 1, 2021 through December 31, 2021, as stated in Exhibit 1.",Motion,Chief Financial Officer,,,,Ratifies $63.5M in payroll checks and direct deposits for October-December 2021,"Approves the payroll payments the district made from October 1, 2021 through December 31, 2021. They include 3,165 printed payroll checks and 24,020 direct deposits, for a cumulative total of $63,549,521.68. The details are in Exhibit 1.","Budget, finance & payments",,other,,,,expense,cumulative,63549521.68,,,,,true,2021-10-01,2021-12-31,payment_ratification; after_work_began,,,Adopted on the General Consent Report,2022-06-08,true,auto_ok,sonnet-agent,enrich.v5.md,true,
2022-06-08:22-1424,2022-06-08,2022-06-08,regular,V.-11,77,general,Chief Business Officer,22-1424,https://ousd.legistar.com/gateway.aspx?M=L&ID=55718,"Payroll Warrants and Direct Deposits— Fiscal Year 2021-2022 - As of March 31, 2022 (January, 2022 - March 2022)","Approval by the Board of Education of Payroll Warrants and Direct Deposits - i.e., 2,414 Payroll Consolidated Checks printed and 21,207 Direct Deposits made - Fiscal Year 2021-2022, in the cumulative Amount of $61,403,834.48 from January 1, 2022 through March 31, 2022, as stated in Exhibit 1.",Motion,Chief Financial Officer,,,,Ratifies $61.4M in payroll checks and direct deposits for January-March 2022,"Approves the payroll payments the district made from January 1, 2022 through March 31, 2022. They include 2,414 printed payroll checks and 21,207 direct deposits, for a cumulative total of $61,403,834.48. The details are in Exhibit 1.","Budget, finance & payments",,other,,,,expense,cumulative,61403834.48,,,,,true,2022-01-01,2022-03-31,payment_ratification; after_work_began,,,Adopted on the General Consent Report,2022-06-08,true,auto_ok,sonnet-agent,enrich.v5.md,true,
2022-06-08:22-1425,2022-06-08,2022-06-08,regular,V.-12,78,general,Chief Business Officer,22-1425,https://ousd.legistar.com/gateway.aspx?M=L&ID=55719,"Accounts Payable Warrants - Fiscal Year 2021-2022 – As of December 31, 2021 (October, 2021 - December, 2021)","Approval by the Board of Education of Accounts Payable Warrants - i.e., 2,830 Accounts Payable Consolidated Checks printed - Fiscal Year 2021-2022, in the cumulative amount of $69,842,273.22. from October 1, 2021 through December 31, 2021, as stated in Exhibit 1.",Motion,Chief Financial Officer,,,,Ratifies $69.8M in accounts payable checks for October-December 2021,"Approves the accounts payable payments, which are bills paid to vendors, that the district made from October 1, 2021 through December 31, 2021. They include 2,830 printed checks, for a cumulative total of $69,842,273.22. The details are in Exhibit 1.","Budget, finance & payments",,other,,,,expense,cumulative,69842273.22,,,,,true,2021-10-01,2021-12-31,payment_ratification; after_work_began,,,Adopted on the General Consent Report,2022-06-08,true,auto_ok,sonnet-agent,enrich.v5.md,true,
2022-06-08:22-1426,2022-06-08,2022-06-08,regular,V.-13,79,general,Chief Business Officer,22-1426,https://ousd.legistar.com/gateway.aspx?M=L&ID=55720,"Accounts Payable Warrants - Fiscal Year 2021-2022 – As of March 31, 2022 (January, 2022 - March, 2022)","Approval by the Board of Education of Accounts Payable Warrants - i.e., 2,901 Accounts Payable Consolidated Checks printed - Fiscal Year 2021-2022, in the cumulative Amount of $86,222,548.39 from January 1, 2022 through March 31, 2022, as stated in Exhibit 1.
.",Motion,Chief Financial Officer,,,,Ratifies $86.2M in accounts payable checks for January-March 2022,"Approves the accounts payable payments, which are bills paid to vendors, that the district made from January 1, 2022 through March 31, 2022. They include 2,901 printed checks, for a cumulative total of $86,222,548.39. The details are in Exhibit 1.","Budget, finance & payments",,other,,,,expense,cumulative,86222548.39,,,,,true,2022-01-01,2022-03-31,payment_ratification; after_work_began,,,Adopted on the General Consent Report,2022-06-08,true,auto_ok,sonnet-agent,enrich.v5.md,true,
2022-06-08:22-1002,2022-06-08,2022-06-08,regular,V.-14,81,general,"Deputy Chief, Facilities Planning and Management",22-1002,https://ousd.legistar.com/gateway.aspx?M=L&ID=55296,"Agreement for Inspector of Record Services for Construction – Anthonio, Inc. – Westlake Middle School Fire and Intrusion Alarm Upgrade Project –Division of Facilities Planning and Management","Approval by the Board of Education of Agreement for Inspector of Record Services for Construction by and between the District and Anthonio, Inc., Oakland, CA, for the latter to provide inspection services for all construction activities for the Westlake Middle School Intrusion Alarm System Upgrade Project, in the not-to-exceed amount of $61,215.00, which includes a not­to-exceed amount of $5,565.00 for any additional services, with work scheduled to commence on June 9, 2022, and scheduled to last until December 31, 2022.",Agreement or Contract,"Deputy Chief, Facilities Planning and Management",00453,v-000453,"Fund 25, Capital Facilities Fund","Pays Anthonio, Inc. up to $61,215 to inspect Westlake Middle School alarm upgrade work","Hires Anthonio, Inc. as inspector of record for all construction on the Westlake Middle School intrusion alarm system upgrade. The amount of up to $61,215.00 includes up to $5,565.00 for any additional services. Work is scheduled from June 9, 2022 to December 31, 2022.",School buildings & construction,,new_agreement,"Anthonio, Inc.",organization,Westlake Middle School,expense,not_to_exceed,61215,,,,,true,2022-06-09,2022-12-31,source_issue,"The title describes the Westlake Middle School Fire and Intrusion Alarm Upgrade Project, but the action text covers only the Intrusion Alarm System Upgrade Project, leaving unclear whether fire alarm work is included.",,Adopted on the General Consent Report,2022-06-08,true,auto_ok,sonnet-agent,enrich.v5.md,true,
2022-06-08:22-1239,2022-06-08,2022-06-08,regular,V.-15,82,general,"Deputy Chief, Facilities Planning and Management",22-1239,https://ousd.legistar.com/gateway.aspx?M=L&ID=55533,Agreement Between Owner and Contractor - Competitively Bid -Golden Bay Fence - Rolling Gate Repair - 900 High Street Project - Division of Facilities Planning and Management,"Approval by the Board of Education of Agreement Between Owner and Contractor by and between the District and Golden Bay Fence Plus Iron Works, Inc., Oakland, CA, for the latter to furnish and install 65' of new 8' tall 1"" mesh galvanized fence, including 1 each 20"" opening rolling gate with concrete grade beam and commercial 1 HP gate operator system. Includes access keypad on gooseneck pedestal with 2 each yellow bumper posts from either approach side, and includes safety loop and exit loop; fence to have 1 O' to 24"" outrigger mesh to prevent roof accessibility for the 900 High Street Rolling Gate Repair Project, in the amount of $84,849.00, which includes a general contingency allowance of $8,500.00, as the lowest responsible, responsive bidder, with the work anticipated to commence on June 9, 2022, and scheduled to last for ninety (90) days, with an anticipated ending of September 6, 2022.",Agreement or Contract,"Deputy Chief, Facilities Planning and Management",007862,v-007862,General Fund (Routine Restriction Maintenance Account (RRMA),"Awards Golden Bay Fence $84,849 to repair the 900 High Street rolling gate and fence","Awards a construction agreement to Golden Bay Fence Plus Iron Works, Inc., the lowest responsible, responsive bidder, to install new fencing and a rolling gate with an operator system and keypad at 900 High Street. The amount of $84,849.00 includes a $8,500.00 contingency allowance. Work is expected from June 9, 2022 to September 6, 2022.","Food, transportation & operations",,bid_award,"Golden Bay Fence Plus Iron Works, Inc.",organization,,expense,fixed,84849,,,,,true,2022-06-09,2022-09-06,,,,Adopted on the General Consent Report,2022-06-08,true,auto_ok,sonnet-agent,enrich.v5.md,true,
2022-06-08:22-1330,2022-06-08,2022-06-08,regular,V.-16,83,general,"Deputy Chief, Facilities Planning and Management",22-1330,https://ousd.legistar.com/gateway.aspx?M=L&ID=55624,Agreement for Maintenance – Competitively Bid - ER Plumbing & Construction – Skyline High School Sewer Line Camera Assessment Project - Division of Facilities Planning and Management,"Approval by the Board of Education of Agreement for Maintenance by and between the District and ER Plumbing & Construction, Alameda, CA, for the latter to provide Sewer Line Camera Assessment Maintenance Services, described in Exhibit A of Agreement, incorporated herein by reference as though fully set forth, for the Skyline High School Sewer Line Camera Assessment Maintenance Services Project, in the not-to-exceed amount of $100,000.00, as the lowest responsible, responsive bidder, with a contract term of two (2) months; with the work anticipated to commence on June 9, 2022, and with an anticipated ending of August 9, 2022.",Agreement or Contract,"Deputy Chief, Facilities Planning and Management",006328,v-006328,"Fund 40, Deferred Maintenance Fund","Awards ER Plumbing up to $100,000 for a sewer line camera assessment at Skyline High","Awards a maintenance agreement to ER Plumbing & Construction, the lowest responsible, responsive bidder, to inspect sewer lines with cameras at Skyline High School. The amount is up to $100,000.00 for a two-month term, with work expected from June 9, 2022 to August 9, 2022.","Food, transportation & operations",,bid_award,ER Plumbing & Construction,organization,Skyline High School,expense,not_to_exceed,100000,,,,,true,2022-06-09,2022-08-09,,,,Adopted on the General Consent Report,2022-06-08,true,auto_ok,sonnet-agent,enrich.v5.md,true,
2022-06-08:22-1349,2022-06-08,2022-06-08,regular,V.-17,84,general,"Deputy Chief, Facilities Planning and Management",22-1349,https://ousd.legistar.com/gateway.aspx?M=L&ID=55643,Agreement Between Owner and Contractor – Competitively Bid – Bay Construction Company – Special Education Office Exterior Painting Project - Division of Facilities Planning and Management,"Approval by the Board of Education of Agreement Between Owner and Contractor by and between the District and Bay Construction Company, Oakland, CA, for the latter to provide the Scope of Work consisting of but not limited to pressure wash, prep, prime, and paint the exterior of the site for the Special Education Office Exterior Painting Project, in the lump-sum amount of $236,500.00, which includes a contingency allowance of $15,000.00, as the lowest responsive, responsible bidder, with the work scheduled to last for thirty (30) Calendar days, with an anticipated start date of June 9, 2022, and end date of July 8, 2022.",Agreement or Contract,"Deputy Chief, Facilities Planning and Management",000642,v-000642,"Fund 140, Deferred Maintenance Fund","Awards Bay Construction $236,500 to repaint the Special Education Office exterior","Awards a construction agreement to Bay Construction Company, the lowest responsive, responsible bidder, to pressure wash, prep, prime and paint the exterior of the Special Education Office. The lump-sum amount of $236,500.00 includes a $15,000.00 contingency allowance. Work is scheduled for 30 calendar days, June 9 to July 8, 2022.","Food, transportation & operations",,bid_award,Bay Construction Company,organization,,expense,fixed,236500,,,,,true,2022-06-09,2022-07-08,,,,Adopted on the General Consent Report,2022-06-08,true,auto_ok,sonnet-agent,enrich.v5.md,true,
2022-06-08:22-1357,2022-06-08,2022-06-08,regular,V.-18,85,general,"Deputy Chief, Facilities Planning and Management",22-1357,https://ousd.legistar.com/gateway.aspx?M=L&ID=55651,"Agreement Between Owner and Contractor – Competitively Bid – George E. Masker, Inc. – Emiliano Zapata Street Academy Exterior Painting Project - Division of Facilities Planning and Management","Approval by the Board of Education of Agreement Between Owner and Contractor by and between the District and George E. Masker, Inc., Oakland, CA, for the latter to provide exterior painting for the Emiliano Zapata Street Academy Exterior Painting Project, in the lump-sum amount of $142,000.00, which includes a contingency allowance of $12,000.00, as the lowest responsible, responsive bidder, with the work scheduled to last for thirty (30) Calendar days, with an anticipated start date of June 9, 2022, and end date of July 8, 2022.",Agreement or Contract,"Deputy Chief, Facilities Planning and Management",001819,v-001819,"Fund 140, Deferred Maintenance Fund","Awards George E. Masker $142,000 to repaint Emiliano Zapata Street Academy's exterior","Awards a construction agreement to George E. Masker, Inc., the lowest responsible, responsive bidder, for exterior painting at Emiliano Zapata Street Academy. The lump-sum amount of $142,000.00 includes a $12,000.00 contingency allowance. Work is scheduled for 30 calendar days, June 9 to July 8, 2022.","Food, transportation & operations",,bid_award,"George E. Masker, Inc.",organization,Emiliano Zapata Street Academy,expense,fixed,142000,,,,,true,2022-06-09,2022-07-08,,,,Adopted on the General Consent Report,2022-06-08,true,auto_ok,sonnet-agent,enrich.v5.md,true,
2022-06-08:22-0280,2022-06-08,2022-06-08,regular,V.-19,87,general,"Chief, Talent",22-0280,https://ousd.legistar.com/gateway.aspx?M=L&ID=54575,Services Agreement 2021-2022 - Agncy Design Inc - Talent / Human Resources Department,"Ratification by the Board of Education of a Services Agreement 2021-2022 by and between the District and Agncy Design Inc, Brookline, MA, for the latter to work with the Talent Team to build a common vision from the ground up, distilling a shared narrative for the work of the Talent Division and of the Organizational Wellness Plan; to build/create, with vision clarified, a plan to amplify awareness of the team’s great work and impact, helping build program awareness, engaging employees in growth and community members in opportunities, helping to build awareness of the team’s impact by highlighting both data and narratives - the stories of the educators, staff and students who have been impacted by the team’s efforts, via Talent / Human Resources Department, for the period of January 1, 2022 through June 30, 2022, in an amount not to exceed $45,000.00.",Agreement or Contract,"Deputy Chief, Talent",007594,v-007594,General Purpose-unrestricted,"Ratifies up to $45,000 for Agncy Design to shape the Talent Division's vision and outreach","Ratifies, after the work began on January 1, 2022, an agreement with Agncy Design Inc to help the Talent team build a shared vision for its work and the Organizational Wellness Plan. The firm will also build a plan to raise awareness of the team's impact using data and stories. The term runs through June 30, 2022, for up to $45,000.00.",Staff & hiring,,new_agreement,Agncy Design Inc,organization,,expense,not_to_exceed,45000,,,,,true,2022-01-01,2022-06-30,after_work_began,,,Adopted on the General Consent Report,2022-06-08,true,auto_ok,sonnet-agent,enrich.v5.md,true,
2022-06-08:22-1361,2022-06-08,2022-06-08,regular,V.-20,88,general,"Chief, Talent",22-1361,https://ousd.legistar.com/gateway.aspx?M=L&ID=55655,Personnel Report No. 2122-0010 - Talent/Human Resources Department,Approval by the Board of Education of Personnel Report No. 2122-0010 - Talent/Human Resources Department.,Personnel Report,"Deputy Chief, Talent",,,,Approves Personnel Report No. 2122-0010 from the Talent/Human Resources Department,Approves a routine personnel report from the Talent/Human Resources Department. The official text does not list the individual actions or any dollar amounts.,Staff & hiring,,personnel,,,,expense,,,,,,,true,,,,,,Adopted on the General Consent Report,2022-06-08,true,auto_ok,sonnet-agent,enrich.v5.md,true,
2022-06-08:22-0341,2022-06-08,2022-06-08,regular,V.-21,90,general,Chief Academic Officer,22-0341,https://ousd.legistar.com/gateway.aspx?M=L&ID=54636,Services Agreement 2021-2022 - Reading Partners - Lockwood STEAM Academy,"Ratification by the Board of Education of a Services Agreement 2021-2022 by and between the District and Reading Partners, Oakland, CA, for the latter to provide identified/selected emerging readers with personalized one-on-one consistent tutoring, for two 45 minutes sessions per week, or make up session, if required, either during the school day or after school, described in Exhibit A of Agreement, at Lockwood STEAM Academy, for the period of October 5, 2021 through June 30, 2022, in an amount not to exceed $12,500.00.",Agreement or Contract,Chief Academic Officer,003539,v-003539,ESSER CA Community School Partner and Unrestricted Concentration,"Ratifies up to $12,500 for Reading Partners tutoring at Lockwood STEAM Academy","Ratifies, after the work began on October 5, 2021, an agreement with Reading Partners to give selected emerging readers one-on-one tutoring at Lockwood STEAM Academy. Students get two 45-minute sessions a week, during the school day or after school. The term runs through June 30, 2022, for up to $12,500.00.",Classroom & academic programs,,new_agreement,Reading Partners,organization,Lockwood STEAM Academy,expense,not_to_exceed,12500,,,,,true,2021-10-05,2022-06-30,after_work_began,,,Adopted on the General Consent Report,2022-06-08,true,auto_ok,sonnet-agent,enrich.v5.md,true,
2022-06-08:22-0342,2022-06-08,2022-06-08,regular,V.-22,91,general,Chief Academic Officer,22-0342,https://ousd.legistar.com/gateway.aspx?M=L&ID=54637,Services Agreement 2021-2022 - Julia DeGuzman - Oakland High School,"Ratification by the Board of Education of a Services Agreement 2021-2022 by and between the District and Julia DeGuzman, Oakland, CA, for the latter to provide a number of tasks that will serve to increase parent and community involvement: greet and support the enrollment of families in registration document completion at the start of the year; assist with seasonal parent and community events such as Back to School Night and Prospective Student/Family Orientation; work to engage the middle school families and feeder schools to initiate the transition from middle school to high school with planning and assisting in the implementation of the Incoming 9th Spring Invitational; and create and organize media and documents for the new families and the community about academics and resources available on campus at Oakland High School, for the period of September 1, 2021 through May 27, 2022, in an amount not to exceed $11,000.00.",Agreement or Contract,Chief Academic Officer,001329,v-001329,Unrestricted Supplemental,"Ratifies up to $11,000 for a contractor to boost family involvement at Oakland High","Ratifies, after the work began on September 1, 2021, an agreement with an individual contractor to increase parent and community involvement at Oakland High School. Tasks include helping families with registration, assisting at events like Back to School Night, and creating materials for new families. The term runs through May 27, 2022, for up to $11,000.00.","Student health, support & family services",,new_agreement,Julia DeGuzman,individual,Oakland High School,expense,not_to_exceed,11000,,,,,true,2021-09-01,2022-05-27,after_work_began,,,Adopted on the General Consent Report,2022-06-08,true,auto_ok,sonnet-agent,enrich.v5.md,true,
2022-06-08:22-1037,2022-06-08,2022-06-08,regular,V.-23,92,general,Chief Academic Officer,22-1037,https://ousd.legistar.com/gateway.aspx?M=L&ID=55331,"Amendment No. 1, Memorandum of Understanding (No Cost) 2019-2020 - Adventure Time Extended Day Care/Tuller Corporation - Community Schools and Student Services Department","Ratification by the Board of Education of Amendment No. 1, Memorandum of Understanding (No Cost) 2019-2020 (MOU) by and between the District and Adventure Time Extended Day Care/Tuller Corporation (Adventure Time) ending fee-based after school programs* at Chabot Elementary, Crocker Highlands Elementary, Glenview Elementary, Hillcrest Elementary, Kaiser Elementary, Montclair Elementary, and Thornhill Elementary Schools, by amending the term of the MOU from November 12, 2019 through November 11, 2022 to November 12, 2019 through May 25, 2022; and upon the expiration of said amended term, termination of Adventure Time use of school site facilities.  All other terms and conditions of the MOU remain in full force and effect.
___
*District expects to replace fee-based programs with expanded comprehensive grant-supported and fee-supported programming.",Agreement or Contract,Chief Academic Officer,,v-007002,No Fiscal Impact,Ends Adventure Time's fee-based after school programs at seven elementary schools early,"Ratifies a change to a no-cost memorandum of understanding (MOU) with Adventure Time Extended Day Care/Tuller Corporation. It moves the end date from November 11, 2022 up to May 25, 2022, ending fee-based after school programs at seven elementary schools. When the term ends, Adventure Time's use of school site facilities ends. The district expects to replace these with grant-supported and fee-supported programs.",After-school & summer programs,,amendment,Adventure Time Extended Day Care/Tuller Corporation,organization,Chabot Elementary; Crocker Highlands Elementary; Glenview Elementary; Hillcrest Elementary; Kaiser Elementary; Montclair Elementary; Thornhill Elementary,no_cost,,,,,,,true,2019-11-12,2022-05-25,after_work_began; multi_year,,,Adopted on the General Consent Report,2022-06-08,true,auto_ok,sonnet-agent,enrich.v5.md,true,
2022-06-08:22-1040,2022-06-08,2022-06-08,regular,V.-24,93,general,Chief Academic Officer,22-1040,https://ousd.legistar.com/gateway.aspx?M=L&ID=55334,Services Agreement 2021-2022 - Cypress Mandela Training Center - Summer Program - High School Linked Learning Department,"Ratification by the Board of Education of Services Agreement 2021-2022 by and between the District and Cypress Mandela Training Center, Oakland, CA, for the latter to provide up to 35 High School students five 6-week summer Pre-Apprenticeship summer programs in the construction trades [including  Basic Project Estimating, Construction Elements, Project Management, Construction Tools and Proper Usage, Resume Writing, Nutrition, and Soft Skills (Interview Skills)], for the period of June 13, 2022, through July 20, 2022, in an amount not to exceed $27,500.00.",Agreement or Contract,Chief Academic Officer,,v-001271,K12 Strong Workforce Grant,"Pays Cypress Mandela up to $27,500 for summer construction pre-apprenticeship programs","Ratifies an agreement with Cypress Mandela Training Center to give up to 35 high school students summer pre-apprenticeship programs in the construction trades. Topics include project estimating, tools, resume writing and interview skills. The term runs June 13, 2022 through July 20, 2022, for up to $27,500.00.",After-school & summer programs,,new_agreement,Cypress Mandela Training Center,organization,,expense,not_to_exceed,27500,,,,,true,2022-06-13,2022-07-20,,,,Adopted on the General Consent Report,2022-06-08,true,auto_ok,sonnet-agent,enrich.v5.md,true,
2022-06-08:22-1041,2022-06-08,2022-06-08,regular,V.-25,94,general,Chief Academic Officer,22-1041,https://ousd.legistar.com/gateway.aspx?M=L&ID=55335,"Agreement - East Bay Municipal Utility District - Exploring College, Career and Community Options (ECCCO) - Summer 2022 Internship Programs - High School Linked Learning Department","Approval by the Board of Education of an Agreement between the District and East Bay Municipal Utility District (EBMUD), Oakland, CA, for the latter to host the Exploring College, Career and Community Options (ECCCO) Summer Internship Program for up to ten (10) high school students who will participate in internship opportunities at EBMUD various facilities, offices and maintenance yards, pursuant to terms and conditions in Agreement, via High School Linked Learning Office, for the period of June 1, 2022 through September 15, 2022, in an amount paid by vendor not to exceed $7,500.00.",Agreement or Contract,Chief Academic Officer,,n-east-bay-municipal-utility-district,,Agreement with EBMUD to host summer internships for ten high school students,"Approves an agreement with East Bay Municipal Utility District (EBMUD) to host the Exploring College, Career and Community Options summer internship program for up to ten high school students. The text says the amount, up to $7,500.00, is paid by the vendor. The term runs June 1, 2022 through September 15, 2022.",After-school & summer programs,,new_agreement,East Bay Municipal Utility District,organization,,revenue,not_to_exceed,7500,,,,,true,2022-06-01,2022-09-15,after_work_began,,,Adopted on the General Consent Report,2022-06-08,true,auto_ok,sonnet-agent,enrich.v5.md,true,
2022-06-08:22-1115,2022-06-08,2022-06-08,regular,V.-26,95,general,Chief Academic Officer,22-1115,https://ousd.legistar.com/gateway.aspx?M=L&ID=55409,"Amendment No. 1, Memorandum of Understanding 2021-2022 - YMCA of the East Bay - After School Program - Piedmont Avenue Elementary School","Approval by the Board of Education of Amendment No. 1, Memorandum of Understanding 2021-2022 (MOU) by and between the District and YMCA of the East Bay, Oakland, CA, for the latter to increase after school staff compensation; increase enrichment contracts with Prescott Circus and Destiny Arts as well as enroll students to participate in athletics via a partnership with Oakland Athletic League for students in the after school program at Piedmont Avenue Elementary School, in an additional amount of $26,721.00, increasing the MOU not-to-exceed amount from $111,269.00 to $137,990.00, for the period August 1, 2021 through July 31, 2022.  All other terms and conditions of the MOU remains in full force and effect.",Agreement or Contract,Chief Academic Officer,004722,v-004722,After School Education and Safety (ASES) Grant; Expanded Learning Opportunities Program,"Adds $26,721 to YMCA's after school program at Piedmont Avenue Elementary","Changes a 2021-2022 memorandum of understanding (MOU) with YMCA of the East Bay for the after school program at Piedmont Avenue Elementary School. The added money raises staff pay, increases enrichment contracts with Prescott Circus and Destiny Arts, and enrolls students in athletics. The limit rises from $111,269.00 to $137,990.00.",After-school & summer programs,,amendment,YMCA of the East Bay,organization,Piedmont Avenue Elementary School,expense,not_to_exceed,26721,,,111269,137990,true,2021-08-01,2022-07-31,raises_existing_contract,,,Adopted on the General Consent Report,2022-06-08,true,auto_ok,sonnet-agent,enrich.v5.md,true,
2022-06-08:22-1125,2022-06-08,2022-06-08,regular,V.-27,96,general,Chief Academic Officer,22-1125,https://ousd.legistar.com/gateway.aspx?M=L&ID=55419,"Amendment No. 1, Memorandum of Understanding 2021-2022 - Oakland Kids First - After School Program - Castlemont High School","Approval by the Board of Education of Amendment No. 1, Memorandum of Understanding 2021-2022 (MOU) by and between the District and Oakland Kids First, Oakland, CA, for the latter to increase after school staff compensation; fund additional training for staff; fund additional hours for academic mentor and increase the number of internship youth stipends available to students in the after school program at Castlemont High School, in an additional amount of $92,161.00, increasing the MOU not-to-exceed amount from $208,978.00 to $301,139.00, for the period July 1, 2021 through June 30, 2022.  All other terms and conditions of the MOU remain in full force and effect.",Agreement or Contract,Chief Academic Officer,003136,v-003136,21st Century High School After School Safety and Enrichment for Teens (ASSETS) Grant; Expanded Learning Opportunities Program,"Adds $92,161 to Oakland Kids First's after school program at Castlemont High","Changes a 2021-2022 memorandum of understanding (MOU) with Oakland Kids First for the after school program at Castlemont High School. The added money raises staff pay, funds more staff training and academic mentor hours, and adds youth internship stipends. The limit rises from $208,978.00 to $301,139.00.",After-school & summer programs,,amendment,Oakland Kids First,organization,Castlemont High School,expense,not_to_exceed,92161,,,208978,301139,true,2021-07-01,2022-06-30,raises_existing_contract,,,Adopted on the General Consent Report,2022-06-08,true,auto_ok,sonnet-agent,enrich.v5.md,true,
2022-06-08:22-1197,2022-06-08,2022-06-08,regular,V.-28,97,general,Chief Academic Officer,22-1197,https://ousd.legistar.com/gateway.aspx?M=L&ID=55491,Services Agreement 2021-2022 - Black Tie Transportation - Summer Learning Field Trips - Community Schools and Student Services Department,"Ratification by the Board of Education of Services Agreement 2021-2022 by and between the District and Black Tie Transportation, Pleasanton, CA, for the latter to provide 40-passenger and/or 56-passenger motor coaches to transport Summer Learning Programs students to and from field trips, for the period June 1, 2022 through June 30, 2022, in an amount not to exceed $78,691.00.",Agreement or Contract,Chief Academic Officer,000709,v-000709,Expanded Learning Opportunities Grant,"Pays Black Tie Transportation up to $78,691 for summer learning field trip buses","Ratifies an agreement with Black Tie Transportation for 40- and 56-passenger motor coaches. They carry Summer Learning Programs students to and from field trips during June 2022, for up to $78,691.00.",After-school & summer programs,,new_agreement,Black Tie Transportation,organization,,expense,not_to_exceed,78691,,,,,true,2022-06-01,2022-06-30,after_work_began,,,Adopted on the General Consent Report,2022-06-08,true,auto_ok,sonnet-agent,enrich.v5.md,true,
2022-06-08:22-1210,2022-06-08,2022-06-08,regular,V.-29,98,general,Chief Academic Officer,22-1210,https://ousd.legistar.com/gateway.aspx?M=L&ID=55504,"Services Agreement 2021-2022 - Blueprint Schools Network, Inc. - Summer Math Intervention - Community Schools and Student Services Department","Approval by the Board of Education of Services Agreement 2021-2022 by and between the District and Blueprint Schools Network, Inc., Needham, MA, for the latter to provide Strategic Planning, Recruitment and Selection, and Implementation of Summer Learning Math Program, as described in Exhibit A, incorporated herein by reference a thought fully set forth, via the Community Schools and Student Services Department, for the period May 1, 2022 through July 31, 2022, in an amount not to exceed $35,000.00.",Agreement or Contract,Chief Academic Officer,000725,v-000725,Expanded Learning Opportunities Program,"Pays Blueprint Schools Network up to $35,000 to plan and run a summer math program","Approves an agreement with Blueprint Schools Network, Inc. for strategic planning, recruiting and selection, and implementation of the Summer Learning Math Program. The term runs May 1, 2022 through July 31, 2022, for up to $35,000.00.",After-school & summer programs,,new_agreement,"Blueprint Schools Network, Inc.",organization,,expense,not_to_exceed,35000,,,,,true,2022-05-01,2022-07-31,after_work_began,,,Adopted on the General Consent Report,2022-06-08,true,auto_ok,sonnet-agent,enrich.v5.md,true,
2022-06-08:22-1242,2022-06-08,2022-06-08,regular,V.-30,99,general,Chief Academic Officer,22-1242,https://ousd.legistar.com/gateway.aspx?M=L&ID=55536,Services Agreement 2021-2022 - Aim High - Summer Learning Program - Frick United Academy of Language,"Approval by the Board of Education of a Services Agreement 2021-2022 by and between the District and Aim High, San Francisco, CA, for the latter to provide nine hours of daily summer academic support and enrichment to OUSD students who are in need of summer services to counter summer learning loss, and related activities, as described in Exhibit A of Agreement, incorporated herein by reference as though fully set forth, at Frick United Academy of Language, for the period June 21, 2022 through July 22, 2022, in an amount not to exceed $30,188.00.",Agreement or Contract,Chief Academic Officer,000298,v-000298,Expanded Learning Opportunities Program,"Pays Aim High up to $30,188 for a summer learning program at Frick United Academy","Approves an agreement with Aim High to give OUSD students nine hours a day of summer academic support and enrichment at Frick United Academy of Language, to counter summer learning loss. The term runs June 21, 2022 through July 22, 2022, for up to $30,188.00.",After-school & summer programs,,new_agreement,Aim High,organization,Frick United Academy of Language,expense,not_to_exceed,30188,,,,,true,2022-06-21,2022-07-22,,,,Adopted on the General Consent Report,2022-06-08,true,auto_ok,sonnet-agent,enrich.v5.md,true,
2022-06-08:22-1244,2022-06-08,2022-06-08,regular,V.-31,100,general,Chief Academic Officer,22-1244,https://ousd.legistar.com/gateway.aspx?M=L&ID=55538,Services Agreement 2021-2022 - Loyola Marymount University - Strategic Resource Planning Department,"Ratification by the Board of Education of a Services Agreement 2021-2022 by and between the District and Loyola Marymount University, Los Angeles, CA, through its IDEAL Institute, for the latter to provide a series of courses and ten professional workshops with a focus on a hybrid school day and best practices for online teaching and will highlight strong classroom pedagogy to empower an educator to become a highly effective and accomplished practitioner in the principles and practices of in-person instruction as well as synchronous and asynchronous online and offline instruction, via Strategic Resource Planning Department, for the period of March 28, 2022 through June 30, 2022, in an amount not to exceed $53,647.72.",Agreement or Contract,Chief Academic Officer,002655,v-002655,Title Iii Lep Student Program Title 4-Student Support Title 2-a Teacher Quality Title I-Basic Grant Low Income,"Ratifies up to $53,647.72 for Loyola Marymount to train teachers in hybrid and online teaching","Ratifies, after the work began on March 28, 2022, an agreement with Loyola Marymount University, through its IDEAL Institute, for a series of courses and ten professional workshops. They focus on hybrid school days and online and in-person teaching practices. The term runs through June 30, 2022, for up to $53,647.72.",Classroom & academic programs,,new_agreement,Loyola Marymount University,organization,,expense,not_to_exceed,53647.72,,,,,true,2022-03-28,2022-06-30,after_work_began,,,Adopted on the General Consent Report,2022-06-08,true,auto_ok,sonnet-agent,enrich.v5.md,true,
2022-06-08:22-1246,2022-06-08,2022-06-08,regular,V.-32,101,general,Chief Academic Officer,22-1246,https://ousd.legistar.com/gateway.aspx?M=L&ID=55540,Services Agreement 2021-2022 - Aim High - Summer Learning Programs - Westlake Middle School,"Approval by the Board of Education of a Services Agreement 2021-2022 by and between the District and Aim High, San Francisco, CA, for the latter to provide nine hours of daily summer academic support and enrichment to OUSD students who are in need of summer services to counter summer learning loss, and related activities, as described in Exhibit A of Agreement, incorporated herein by reference as though fully set forth, at Westlake Middle School, for the period June 21, 2022 through July 22, 2022, in an amount not to exceed $30,188.00.",Agreement or Contract,Chief Academic Officer,000298,v-000298,Expanded Learning Opportunities Program,"Pays Aim High up to $30,188 for summer learning at Westlake Middle School","Aim High, a San Francisco organization, would provide nine hours of daily summer academic support and enrichment at Westlake Middle School for students who need help countering summer learning loss. The program runs June 21 to July 22, 2022, for no more than $30,188.00.",After-school & summer programs,,new_agreement,Aim High,organization,Westlake Middle School,expense,not_to_exceed,30188,,,,,true,2022-06-21,2022-07-22,,,,Adopted on the General Consent Report,2022-06-08,true,auto_ok,sonnet-agent,enrich.v5.md,true,
2022-06-08:22-1249,2022-06-08,2022-06-08,regular,V.-33,102,general,Chief Academic Officer,22-1249,https://ousd.legistar.com/gateway.aspx?M=L&ID=55543,"Services Agreement 2021-2022 - Aim High - Summer Learning Program - Madison Park Academy, Upper Campus","Approval by the Board of Education of a Services Agreement 2021-2022 by and between the District and Aim High, San Francisco, CA, for the latter to provide nine hours of daily summer academic support and enrichment to OUSD students who are in need of summer services to counter summer learning loss, and related activities, as described in Exhibit A of Agreement, incorporated herein by reference as though fully set forth, at Madison Park Academy, Upper Campus, for the period June 21, 2022 through July 22, 2022, in an amount not to exceed $20,125.00.",Agreement or Contract,Chief Academic Officer,000298,v-000298,Expanded Learning Opportunities Program,"Pays Aim High up to $20,125 for summer learning at Madison Park Academy, Upper Campus","Aim High, a San Francisco organization, would provide nine hours of daily summer academic support and enrichment at Madison Park Academy, Upper Campus for students who need help countering summer learning loss. The program runs June 21 to July 22, 2022, for no more than $20,125.00.",After-school & summer programs,,new_agreement,Aim High,organization,"Madison Park Academy, Upper Campus",expense,not_to_exceed,20125,,,,,true,2022-06-21,2022-07-22,,,,Adopted on the General Consent Report,2022-06-08,true,auto_ok,sonnet-agent,enrich.v5.md,true,
2022-06-08:22-1251,2022-06-08,2022-06-08,regular,V.-34,103,general,Chief Academic Officer,22-1251,https://ousd.legistar.com/gateway.aspx?M=L&ID=55545,Services Agreement 2021-2022 - Blueprint Schools Network - Greenleaf Elementary School (EMS),"Ratification by the Board of Education of a Services Agreement 2021-2022 by and between the District and Blueprint Schools Network, Needham, MA, for the latter to provide implementation of the Blueprint Math Fellows Program, as described in Exhibit A of the Agreement, incorporated herein by reference as though fully set forth, at Greenleaf Elementary School (EMS), for the period of April 6, 2022 through June 15, 2023, in an amount not to exceed $30,000.00.",Agreement or Contract,Chief Academic Officer,000725,v-000725,ESSA: Comp Support & Improvmt,"Ratifies up to $30,000 for Blueprint's math fellows program at Greenleaf Elementary","Blueprint Schools Network, a Massachusetts organization, runs its Blueprint Math Fellows Program at Greenleaf Elementary School (EMS). The agreement runs April 6, 2022 to June 15, 2023, and the Board is ratifying it after the work began, for no more than $30,000.",Classroom & academic programs,,new_agreement,Blueprint Schools Network,organization,Greenleaf Elementary School (EMS),expense,not_to_exceed,30000,,,,,true,2022-04-06,2023-06-15,after_work_began; multi_year,,,Adopted on the General Consent Report,2022-06-08,true,auto_ok,sonnet-agent,enrich.v5.md,true,
2022-06-08:22-1255,2022-06-08,2022-06-08,regular,V.-35,104,general,Chief Academic Officer,22-1255,https://ousd.legistar.com/gateway.aspx?M=L&ID=55549,Services Agreement 2021-2022 - Stephanie Michelle Maldonado - Castlemont High School,"Ratification by the Board of Education of a Services Agreement 2021-2022 by and between the District and Stephanie Michelle Maldonado, Los Angeles, CA, for the latter to provide Professional Development through its Farm to Fork Equity Team, as described in Exhibit A of the Agreement, incorporated herein by reference as though fully set forth, providing teachers  professional development and capacity building around integrating farm and culinary into curriculum and pathway experiences at Castlemont High School, for the period of May 1, 2022 through June 30, 2022, in an amount not to exceed $30,000.00.",Agreement or Contract,Chief Academic Officer,007613,v-007613,K12 Strong Workforce Grant,"Ratifies up to $30,000 for a consultant to train Castlemont teachers on farm and culinary curriculum","A Los Angeles consultant provides professional development, through a Farm to Fork Equity Team, to help Castlemont High School teachers build farm and culinary topics into their curriculum and career pathways. The period is May 1 to June 30, 2022, and the Board is ratifying it after the work began, for no more than $30,000.",Classroom & academic programs,,new_agreement,Stephanie Michelle Maldonado,individual,Castlemont High School,expense,not_to_exceed,30000,,,,,true,2022-05-01,2022-06-30,after_work_began,,,Adopted on the General Consent Report,2022-06-08,true,auto_ok,sonnet-agent,enrich.v5.md,true,
2022-06-08:22-1256,2022-06-08,2022-06-08,regular,V.-36,105,general,Chief Academic Officer,22-1256,https://ousd.legistar.com/gateway.aspx?M=L&ID=55550,Services Agreement 2021-2022 - Black Earth Farms - Castlemont High School,"Ratification by the Board of Education of a Services Agreement 2021-2022 by and between the District and Black Earth Farms, Davis, CA, for the latter to support the Castlemont Farm and Gardens by continuing to work with students, teachers, district staff, the academic pathway leads, and other community stakeholders in the implementation of supports that provides a pathway for students into careers aligned with Community Health Equity and Sustainable Urban Design Academies, as described in Exhibit A of the Agreement, incorporated herein by reference as though fully set forth, for Castlemont High School, for the period of March 20, 2022 through June 30, 2022, in an amount not to exceed $9,000.00.",Agreement or Contract,Chief Academic Officer,007719,v-007719,K12 Strong Workforce Grant and Green Calif. Partnership Academy,"Ratifies up to $9,000 for Black Earth Farms to support Castlemont's farm and gardens","Black Earth Farms, a Davis organization, continues working with students, teachers and staff on the Castlemont farm and gardens. The work supports career pathways in the school's Community Health Equity and Sustainable Urban Design Academies. The period is March 20 to June 30, 2022, and the Board is ratifying it after the work began, for no more than $9,000.",Classroom & academic programs,,new_agreement,Black Earth Farms,organization,Castlemont High School,expense,not_to_exceed,9000,,,,,true,2022-03-20,2022-06-30,after_work_began,,,Adopted on the General Consent Report,2022-06-08,true,auto_ok,sonnet-agent,enrich.v5.md,true,
2022-06-08:22-1257,2022-06-08,2022-06-08,regular,V.-37,106,general,Chief Academic Officer,22-1257,https://ousd.legistar.com/gateway.aspx?M=L&ID=55551,Services Agreement 2021-2022 - Philanthropic Ventures Foundation - Middle School Network,"Ratification by the Board of Education of a Services Agreement 2021-2022 by and between the District and Philanthropic Ventures Foundation, Oakland , CA, for the latter to create a Fellowship, a professional learning community to drive systemic change around school culture and climate within the District’s Middle School Network, engaging 100+ middle school educators and school community members, and 100% of site leaders, via Middle School Network, for the period of June 1, 2022 through May 31, 2023, in an amount not to exceed $30,000.00.",Agreement or Contract,Chief Academic Officer,006166,v-006166,Salesforce.org,"Ratifies up to $30,000 for Philanthropic Ventures Foundation's middle school culture fellowship","Philanthropic Ventures Foundation, an Oakland organization, creates a fellowship, a professional learning community, to improve school culture and climate in the district's Middle School Network. It aims to reach more than 100 educators and community members and all site leaders. The period is June 1, 2022 to May 31, 2023, and the Board is ratifying it after the start date, for no more than $30,000.",Classroom & academic programs,,new_agreement,Philanthropic Ventures Foundation,organization,,expense,not_to_exceed,30000,,,,,true,2022-06-01,2023-05-31,after_work_began,,,Adopted on the General Consent Report,2022-06-08,true,auto_ok,sonnet-agent,enrich.v5.md,true,
2022-06-08:22-1258,2022-06-08,2022-06-08,regular,V.-38,107,general,Chief Academic Officer,22-1258,https://ousd.legistar.com/gateway.aspx?M=L&ID=55552,Services Agreement 2021-2022 - Arnoldo Garcia - Office of Equity,"Ratification by the Board of Education of a Services Agreement 2021-2022 by and between the District and Arnoldo Garcia, Oakland, CA, for the latter to co-design training-based on the desired outcomes specified by the Frick leadership team and possible modules, which may include Social Emotional Learning (SEL), Racial Justice, restorative justice intersection tools and racial healing circle templates, via Office of Equity, for the period of April 29, 2022 through June 1, 2022, in an amount not to exceed $13,625.00.",Agreement or Contract,Chief Academic Officer,007739,v-007739,Title 2-a Teacher Quality,"Ratifies up to $13,625 for a consultant to co-design equity training for school leaders","An Oakland consultant co-designs training for the Frick leadership team through the Office of Equity. Possible topics include social emotional learning, racial justice, restorative justice tools and racial healing circles. The period is April 29 to June 1, 2022, and the Board is ratifying it after the work began, for no more than $13,625.",Classroom & academic programs,,new_agreement,Arnoldo Garcia,individual,,expense,not_to_exceed,13625,,,,,true,2022-04-29,2022-06-01,after_work_began,,,Adopted on the General Consent Report,2022-06-08,true,auto_ok,sonnet-agent,enrich.v5.md,true,
2022-06-08:22-1259,2022-06-08,2022-06-08,regular,V.-39,108,general,Chief Academic Officer,22-1259,https://ousd.legistar.com/gateway.aspx?M=L&ID=55553,Services Agreement 2021-2022 - BAY-Peace - West Oakland Middle School,"Ratification by the Board of Education of a Services Agreement 2021-2022 by and between the District and BAY-Peace, Oakland, CA, for the latter to provide a social justice-focused theatre class to students, and related activities, as described in Exhibit A of the Agreement, at West Oakland Middle School, for the period of April 28, 2022 through May 31, 2022, in an amount not to exceed $5,000.00.",Agreement or Contract,Chief Academic Officer,007696,v-007696,Measure G1 Parcel Tax,"Ratifies up to $5,000 for BAY-Peace to teach a social justice theatre class at West Oakland Middle","BAY-Peace, an Oakland organization, provides a social justice-focused theatre class and related activities to students at West Oakland Middle School. The period is April 28 to May 31, 2022, and the Board is ratifying it after the work began, for no more than $5,000.",Classroom & academic programs,,new_agreement,BAY-Peace,organization,West Oakland Middle School,expense,not_to_exceed,5000,,,,,true,2022-04-28,2022-05-31,after_work_began,,,Adopted on the General Consent Report,2022-06-08,true,auto_ok,sonnet-agent,enrich.v5.md,true,
2022-06-08:22-1260,2022-06-08,2022-06-08,regular,V.-40,109,general,Chief Academic Officer,22-1260,https://ousd.legistar.com/gateway.aspx?M=L&ID=55554,Services Agreement 2021-2022 - Aim High - Summer Learning Program - Urban Promise Academy,"Approval by the Board of Education of a Services Agreement 2021-2022 by and between the District and Aim High, San Francisco, CA, for the latter to provide nine hours of daily summer academic support and enrichment to OUSD students who are in need of summer services to counter summer learning loss, and related activities, as described in Exhibit A of Agreement, incorporated herein by reference as though fully set forth, at Urban Promise Academy, for the period June 21, 2022 through July 22, 2022, in an amount not to exceed $40,250.00.",Agreement or Contract,Chief Academic Officer,000298,v-000298,Expanded Learning Opportunities Program,"Pays Aim High up to $40,250 for summer learning at Urban Promise Academy","Aim High, a San Francisco organization, would provide nine hours of daily summer academic support and enrichment at Urban Promise Academy for students who need help countering summer learning loss. The program runs June 21 to July 22, 2022, for no more than $40,250.00.",After-school & summer programs,,new_agreement,Aim High,organization,Urban Promise Academy,expense,not_to_exceed,40250,,,,,true,2022-06-21,2022-07-22,,,,Adopted on the General Consent Report,2022-06-08,true,auto_ok,sonnet-agent,enrich.v5.md,true,
2022-06-08:22-1267,2022-06-08,2022-06-08,regular,V.-41,110,general,Chief Academic Officer,22-1267,https://ousd.legistar.com/gateway.aspx?M=L&ID=55561,Services Agreement 2021-2022 - Lincoln - Summer Learning Program - Bret Harte Middle School,"Approval by the Board of Education of a Services Agreement 2021-2022 by and between the District and Lincoln, Oakland, CA, for the latter to provide nine hours of daily summer academic support and enrichment to OUSD students who are in need of summer services to counter summer learning loss, and related activities, as described in Exhibit A of Agreement, incorporated herein by reference as though fully set forth, at Bret Harte Middle School, for the period June 13, 2022 through July 22, 2022, in an amount not to exceed $39,200.00.",Agreement or Contract,Chief Academic Officer,002590,v-002590,Expanded Learning Opportunities Program,"Pays Lincoln up to $39,200 for summer learning at Bret Harte Middle School","Lincoln, an Oakland organization, would provide nine hours of daily summer academic support and enrichment at Bret Harte Middle School for students who need help countering summer learning loss. The program runs June 13 to July 22, 2022, for no more than $39,200.",After-school & summer programs,,new_agreement,Lincoln,organization,Bret Harte Middle School,expense,not_to_exceed,39200,,,,,true,2022-06-13,2022-07-22,,,,Adopted on the General Consent Report,2022-06-08,true,auto_ok,sonnet-agent,enrich.v5.md,true,
2022-06-08:22-1270,2022-06-08,2022-06-08,regular,V.-42,111,general,Chief Academic Officer,22-1270,https://ousd.legistar.com/gateway.aspx?M=L&ID=55564,Services Agreement 2021-2022 - Franz Fischer - Greenleaf Elementary School (EMS),"Ratification by the Board of Education of a Services Agreement 2021-2022 by and between the District and Franz Fischer, Oakland, CA, for the latter to work with 12 students to design, and paint a mural at  Greenleaf Elementary School (EMS), for the period of April 1, 2022 through May 30, 2022, in an amount not to exceed $2,400.00.",Agreement or Contract,Chief Academic Officer,007705,v-007705,Measure G1 Parcel Tx,"Ratifies up to $2,400 for a muralist to paint a mural with 12 Greenleaf students","An Oakland contractor works with 12 students to design and paint a mural at Greenleaf Elementary School (EMS). The period is April 1 to May 30, 2022, and the Board is ratifying it after the work began, for no more than $2,400.",Classroom & academic programs,,new_agreement,Franz Fischer,individual,Greenleaf Elementary School (EMS),expense,not_to_exceed,2400,,,,,true,2022-04-01,2022-05-30,after_work_began,,,Adopted on the General Consent Report,2022-06-08,true,auto_ok,sonnet-agent,enrich.v5.md,true,
2022-06-08:22-1286,2022-06-08,2022-06-08,regular,V.-43,112,general,Chief Academic Officer,22-1286,https://ousd.legistar.com/gateway.aspx?M=L&ID=55580,Services Agreement 2021-2022 - Mycelium Youth Network - High School Linked Learning Office,"Ratification by the Board of Education of a Services Agreement 2021-2022 by and between the District and Mycelium Youth Network, Oakland, CA, for the latter to partner with the credentialed Biology and English teachers during the Central Academic Recovery Team’s Summer HAcK (Healing & Academics 4 Kids) ‘22 learning experience, including attending a planning session scheduled for Thursday, June 2nd, supporting students during all school exhibitions at the end of program celebration at the Chabot Space & Science Center on July 7, 2022 from 9:00 A.M. -1:00 P.M., to accomplish the objectives, expectations and outcomes stated in Exhibit A of the Agreement, via the High School Linked Learning Department, for the period of June 2, 2022 through July 8, 2022, in an amount not to exceed $5,000.00.",Agreement or Contract,Chief Academic Officer,006928,v-006928,Expanded Learning Opp Prop98,"Ratifies up to $5,000 for Mycelium Youth Network to support the Summer HAcK learning program","Mycelium Youth Network, an Oakland organization, partners with biology and English teachers during the district's Summer HAcK (Healing & Academics 4 Kids) '22 summer learning experience. That includes a planning session on June 2 and supporting students at the end-of-program exhibitions at the Chabot Space & Science Center on July 7, 2022. The period is June 2 to July 8, 2022, and the Board is ratifying it after the start date, for no more than $5,000.",After-school & summer programs,,new_agreement,Mycelium Youth Network,organization,,expense,not_to_exceed,5000,,,,,true,2022-06-02,2022-07-08,after_work_began,,,Adopted on the General Consent Report,2022-06-08,true,auto_ok,sonnet-agent,enrich.v5.md,true,
2022-06-08:22-1287,2022-06-08,2022-06-08,regular,V.-44,113,general,Chief Academic Officer,22-1287,https://ousd.legistar.com/gateway.aspx?M=L&ID=55581,Services Agreement 2021-2022 - Chabot Space & Science Center - High School Linked Learning Department,"Ratification by the Board of Education of a Services Agreement 2021-2022 by and between the District and Chabot Space & Science Center, Oakland, CA, for the latter to partner with the credentialed Algebra 1 teacher during the Central Academic Recovery Team’s Summer HAcK (Healing & Academics 4 Kids) ‘22 learning experience, including attending a planning session scheduled for Thursday June 2nd, supporting students during all school exhibitions at the end of program celebration at the Chabot Space & Science Center on July 7, 2022 from 9:00 A.M. -1:00 P.M., to accomplish the objectives, expectations and outcomes stated in Exhibit A of the Agreement, via the High School Linked Learning Department, for the period of June 2, 2022 through July 8, 2022, in an amount not to exceed $5,000.00.",Agreement or Contract,Chief Academic Officer,001024,v-001024,Expanded Learning Opp Prop98,"Ratifies up to $5,000 for Chabot Space & Science Center to support the Summer HAcK program","Chabot Space & Science Center, an Oakland organization, partners with an Algebra 1 teacher during the district's Summer HAcK (Healing & Academics 4 Kids) '22 summer learning experience. That includes a planning session on June 2 and supporting students at the end-of-program exhibitions at the Chabot Space & Science Center on July 7, 2022. The period is June 2 to July 8, 2022, and the Board is ratifying it after the start date, for no more than $5,000.",After-school & summer programs,,new_agreement,Chabot Space & Science Center,organization,,expense,not_to_exceed,5000,,,,,true,2022-06-02,2022-07-08,after_work_began,,,Adopted on the General Consent Report,2022-06-08,true,auto_ok,sonnet-agent,enrich.v5.md,true,
2022-06-08:22-1289,2022-06-08,2022-06-08,regular,V.-45,114,general,Chief Academic Officer,22-1289,https://ousd.legistar.com/gateway.aspx?M=L&ID=55583,Services Agreement 2021-2022 - Lincoln - Summer Learning Program - West Oakland Middle School,"Approval by the Board of Education of a Services Agreement 2021-2022 by and between the District and Lincoln, Oakland, CA, for the latter to provide nine hours of daily summer academic support and enrichment to OUSD students who are in need of summer services to counter summer learning loss, and related activities, as described in Exhibit A of Agreement, incorporated herein by reference as though fully set forth, at West Oakland Middle School, for the period June 13, 2022 through July 22, 2022, in an amount not to exceed $39,200.00.",Agreement or Contract,Chief Academic Officer,002590,v-002590,Expanded Learning Opportunities Program,"Pays Lincoln up to $39,200 for summer learning at West Oakland Middle School","Lincoln, an Oakland organization, would provide nine hours of daily summer academic support and enrichment at West Oakland Middle School for students who need help countering summer learning loss. The program runs June 13 to July 22, 2022, for no more than $39,200.",After-school & summer programs,,new_agreement,Lincoln,organization,West Oakland Middle School,expense,not_to_exceed,39200,,,,,true,2022-06-13,2022-07-22,,,,Adopted on the General Consent Report,2022-06-08,true,auto_ok,sonnet-agent,enrich.v5.md,true,
2022-06-08:22-1309,2022-06-08,2022-06-08,regular,V.-46,115,general,Chief Academic Officer,22-1309,https://ousd.legistar.com/gateway.aspx?M=L&ID=55603,Services Agreement 2021-2022 - Joan Tarika Lewis - Summer Learning Programs - Oakland Fine Arts Summer School,"Ratification by the Board of Education of a Services Agreement 2021-2022 by and between the District and Joan Tarika Lewis, Oakland, CA, for the latter to plan and organize visual arts and instrumental music activities that are aligned to the CA Core Content Standards for Visual and Performing Arts; explore various art and music forms and show their relationship to ELA and Math; delegate responsibilities to build leadership skills; utilize visual and performing arts as a means of career exploration for the Oakland Fine Arts Summer School, via the Chief Academic Officer, for the period June 6, 2022 through July 8, 2022, in an amount not to exceed $8,180.00.",Agreement or Contract,Chief Academic Officer,007641,v-007641,Measure G,"Ratifies up to $8,180 for a contractor to plan arts and music at Oakland Fine Arts Summer School","An Oakland contractor plans and organizes visual arts and instrumental music activities for the Oakland Fine Arts Summer School. The activities connect to state arts standards, to English and math, and to career exploration. The period is June 6 to July 8, 2022, and the Board is ratifying it after the start date, for no more than $8,180.00.",After-school & summer programs,,new_agreement,Joan Tarika Lewis,individual,Oakland Fine Arts Summer School,expense,not_to_exceed,8180,,,,,true,2022-06-06,2022-07-08,after_work_began,,,Adopted on the General Consent Report,2022-06-08,true,auto_ok,sonnet-agent,enrich.v5.md,true,
2022-06-08:22-1310,2022-06-08,2022-06-08,regular,V.-47,116,general,Chief Academic Officer,22-1310,https://ousd.legistar.com/gateway.aspx?M=L&ID=55604,Services Agreement 2021-2022 - Shooting Stars - Oakland Fine Arts Summer School - Community Schools and Student Services Department,"Ratification by the Board of Education of a Services Agreement 2021-2022 by and between the District and Shooting Stars, Oakland, CA, for the latter to support in fashion/costume design class as well as drama/oral skills components of the Oakland Fine Arts Summer School, via the Community Schools and Student Services Department, for the period June 6, 2022 through July 8, 2022, for an amount not to exceed $11,620.00.",Agreement or Contract,Chief Academic Officer,003912,v-003912,Measure G,"Ratifies up to $11,620 for Shooting Stars to teach costume design and drama in summer school","Shooting Stars, an Oakland organization, supports the fashion and costume design class and the drama and oral skills parts of the Oakland Fine Arts Summer School. The period is June 6 to July 8, 2022, and the Board is ratifying it after the start date, for no more than $11,620.00.",After-school & summer programs,,new_agreement,Shooting Stars,organization,Oakland Fine Arts Summer School,expense,not_to_exceed,11620,,,,,true,2022-06-06,2022-07-08,after_work_began,,,Adopted on the General Consent Report,2022-06-08,true,auto_ok,sonnet-agent,enrich.v5.md,true,
2022-06-08:22-1312,2022-06-08,2022-06-08,regular,V.-48,117,general,Chief Academic Officer,22-1312,https://ousd.legistar.com/gateway.aspx?M=L&ID=55606,Services Agreement 2021-2022 - Myrtha Muse - Oakland Fine Arts Summer School - Community Schools and Student Services Department,"Ratification by the Board of Education of a Services Agreement 2021-2022 by and between the District and Myrtha Muse, Oakland, CA, for the latter to teach varied styles of dance with emphasis on Katherine Dunham techniques, prepare students for short performances at assemblies, prepare students for professional culminating performance for parents and the community at-large, and introduce dance history and choregraph related activities, described in Exhibit A of Agreement, for Oakland Fine Arts Summer School, via the Community Schools and Student Services Department, for the period June 6, 2022 through July 8, 2022, in an amount not to exceed $7,080.00.",Agreement or Contract,Chief Academic Officer,002962,v-002962,Measure G,"Ratifies up to $7,080 for a dance teacher at Oakland Fine Arts Summer School","An Oakland contractor teaches varied styles of dance, with emphasis on Katherine Dunham techniques, and prepares students for performances at assemblies and for a final performance for parents and the community. The period is June 6 to July 8, 2022, and the Board is ratifying it after the start date, for no more than $7,080.00.",After-school & summer programs,,new_agreement,Myrtha Muse,individual,Oakland Fine Arts Summer School,expense,not_to_exceed,7080,,,,,true,2022-06-06,2022-07-08,after_work_began,,,Adopted on the General Consent Report,2022-06-08,true,auto_ok,sonnet-agent,enrich.v5.md,true,
2022-06-08:22-1313,2022-06-08,2022-06-08,regular,V.-49,118,general,Chief Academic Officer,22-1313,https://ousd.legistar.com/gateway.aspx?M=L&ID=55607,Services Agreement 2021-2022 - Corissa Johnson - Oakland Fine Arts Summer School - Community Schools and Student Services Department,"Ratification by the Board of Education of a Services Agreement 2021-2022 by and between the District and Corissa Johnson, Newark, CA, for the latter to teach varied styles of dance, prepare students for short performances at assemblies, prepare students for professional culminating performance for parents and the community at-large, introduce dance history and choreograph related activities,  for Oakland Fine Arts Summer School, via the Community Schools and Student Services Department, for the period June 6, 2022 through July 8, 2022, in an amount not to exceed $6,580.00.",Agreement or Contract,Chief Academic Officer,007115,v-007115,Measure G,"Ratifies up to $6,580 for a dance teacher at Oakland Fine Arts Summer School","A contractor from Newark, CA teaches varied styles of dance and prepares students for performances at assemblies and for a final performance for parents and the community. The period is June 6 to July 8, 2022, and the Board is ratifying it after the start date, for no more than $6,580.00.",After-school & summer programs,,new_agreement,Corissa Johnson,individual,Oakland Fine Arts Summer School,expense,not_to_exceed,6580,,,,,true,2022-06-06,2022-07-08,after_work_began,,,Adopted on the General Consent Report,2022-06-08,true,auto_ok,sonnet-agent,enrich.v5.md,true,
2022-06-08:22-1314,2022-06-08,2022-06-08,regular,V.-50,119,general,Chief Academic Officer,22-1314,https://ousd.legistar.com/gateway.aspx?M=L&ID=55608,Services Agreement 2021-2022 - Camp Phoenix - Summer Learning Program - Community Schools and Student Services Department,"Approval by the Board of Education of a Services Agreement 2021-2022 by and between the District and Camp Phoenix, Newark, CA, for the latter to provide nine hours of daily summer academic support and enrichment to OUSD students who are in need of summer services to counter summer learning loss, and related activities, through its Sierra Nevada Journeys Program, as described in Exhibit A of Agreement, incorporated herein by reference as though fully set forth, via the Community Schools and Student Services Department, for the period June 27, 2022 through July 8, 2022, in an amount not to exceed $8,400.00.",Agreement or Contract,Chief Academic Officer,000925,v-000925,Expanded Learning Opportunities Program,"Pays Camp Phoenix up to $8,400 for summer learning through its Sierra Nevada Journeys program","Camp Phoenix, a Newark, CA organization, would provide nine hours of daily summer academic support and enrichment, through its Sierra Nevada Journeys program, for students who need help countering summer learning loss. The period is June 27 to July 8, 2022, for no more than $8,400.00.",After-school & summer programs,,new_agreement,Camp Phoenix,organization,,expense,not_to_exceed,8400,,,,,true,2022-06-27,2022-07-08,,,,Adopted on the General Consent Report,2022-06-08,true,auto_ok,sonnet-agent,enrich.v5.md,true,
2022-06-08:22-1315,2022-06-08,2022-06-08,regular,V.-51,120,general,Chief Academic Officer,22-1315,https://ousd.legistar.com/gateway.aspx?M=L&ID=55609,Services Agreement 2021-2022 - Camp Phoenix - Optimistic Volunteers Youth - Community Schools and Student Services Department,"Approval by the Board of Education of a Services Agreement 2021-2022 by and between the District and Camp Phoenix, Newark, CA, for the latter to provide nine hours of daily summer academic support and enrichment to OUSD students who are in need of summer services to counter summer learning loss, and related activities, through its Optimistic Volunteers Youth Program, as described in Exhibit A of Agreement, incorporated herein by reference as though fully set forth, via the Community Schools and Student Services Department, for the period July 18, 2022 through August 5, 2022, in an amount not to exceed $13,300.00.",Agreement or Contract,Chief Academic Officer,000925,v-000925,Expanded Learning Opportunities Program,"Pays Camp Phoenix up to $13,300 for summer learning through its Optimistic Volunteers Youth program","Camp Phoenix, a Newark, CA organization, would provide nine hours of daily summer academic support and enrichment, through its Optimistic Volunteers Youth program, for students who need help countering summer learning loss. The period is July 18 to August 5, 2022, for no more than $13,300.00.",After-school & summer programs,,new_agreement,Camp Phoenix,organization,,expense,not_to_exceed,13300,,,,,true,2022-07-18,2022-08-05,,,,Adopted on the General Consent Report,2022-06-08,true,auto_ok,sonnet-agent,enrich.v5.md,true,
2022-06-08:22-1316,2022-06-08,2022-06-08,regular,V.-52,121,general,Chief Academic Officer,22-1316,https://ousd.legistar.com/gateway.aspx?M=L&ID=55610,Services Agreement 2021-2022 - Big Picture - Met West High School,"Ratification by the Board of Education of a Services Agreement 2021-2022 by and between the District and Big Picture, Providence, RI, for the latter to provide Leadership Coaching for Administration and Staff by partnering with district and school leaders to develop capacities needed to lead a Big Picture Learning school and engage in ongoing improvement, as described in Exhibit A of the Agreement, incorporated herein by reference as though fully set forth, at Met West High School, for the period of January 22, 2022 through May 25, 2022, in an amount not to exceed $3,000.00.",Agreement or Contract,Chief Academic Officer,000693,v-000693,Measure N,"Ratifies up to $3,000 for Big Picture to coach Met West High School leaders","Big Picture, a Rhode Island organization, provides leadership coaching for administrators and staff at Met West High School. It partners with district and school leaders to build the skills needed to lead a Big Picture Learning school. The period is January 22 to May 25, 2022, and the Board is ratifying it after the work began, for no more than $3,000.",Classroom & academic programs,,new_agreement,Big Picture,organization,Met West High School,expense,not_to_exceed,3000,,,,,true,2022-01-22,2022-05-25,after_work_began,,,Adopted on the General Consent Report,2022-06-08,true,auto_ok,sonnet-agent,enrich.v5.md,true,
2022-06-08:22-1317,2022-06-08,2022-06-08,regular,V.-53,122,general,Chief Academic Officer,22-1317,https://ousd.legistar.com/gateway.aspx?M=L&ID=55611,Services Agreement 2021-2022 - Ball for Life Oakland - La Escuelita Elementary School,"Ratification by the Board of Education of a Services Agreement 2021-2022 by and between the District and Ball for Life Oakland, LLC, Oakland, CA, for the latter to provide social justice education, yoga integrated fitness and basketball skill development to students through the lens of basketball, as described in Exhibit A of the Agreement, incorporated herein by reference as though fully set forth, at La Escuelita Elementary School, for the period of January 3, 2022 through June 30, 2022, in an amount not to exceed $10,637.93.",Agreement or Contract,Chief Academic Officer,006975,v-006975,Measure G1 Parcel Tax,"Ratifies up to $10,637.93 for Ball for Life Oakland's basketball-based program at La Escuelita","Ball for Life Oakland, LLC provides social justice education, yoga-integrated fitness and basketball skill development to students at La Escuelita Elementary School. The period is January 3 to June 30, 2022, and the Board is ratifying it after the work began, for no more than $10,637.93.",Classroom & academic programs,,new_agreement,"Ball for Life Oakland, LLC",organization,La Escuelita Elementary School,expense,not_to_exceed,10637.93,,,,,true,2022-01-03,2022-06-30,after_work_began,,,Adopted on the General Consent Report,2022-06-08,true,auto_ok,sonnet-agent,enrich.v5.md,true,
2022-06-08:22-1318,2022-06-08,2022-06-08,regular,V.-54,123,general,Chief Academic Officer,22-1318,https://ousd.legistar.com/gateway.aspx?M=L&ID=55612,"Amendment No. 1, Services Agreement 2021-2022 - Frontline Technologies Group - Chief Academic Officer","Approval by the Board of Education of Amendment No. 1, Master Services Agreement by and between the District and Frontline Technologies Group LLC dba Frontline Education, Malvern, PA, for the latter to provide its Professional Learning Management module, in conjunction with the Learning and Collaboration Resources module, to allow the district to create professional development courses for OUSD employees, as described in Exhibit A of the Agreement, via the Continuous School Improvement Department, for the period of November 30, 2021 thru June 30, 2025, in the amount of $55,561.00, increasing the Agreement not to exceed amount from $2,775,497.48 to $2,831,058.48.  All other terms and conditions of the Agreement remain in full force and effect.",Agreement or Contract,Chief Academic Officer,,v-006530,ESSER Funds,"Adds $55,561 to Frontline's contract for a professional learning module, through 2025","This amendment adds Frontline Education's Professional Learning Management module, with its Learning and Collaboration Resources module, so the district can create professional development courses for employees. It adds $55,561 and raises the contract's not-to-exceed amount from $2,775,497.48 to $2,831,058.48. The period runs November 30, 2021 to June 30, 2025.",Technology,,amendment,Frontline Technologies Group LLC dba Frontline Education,organization,,expense,not_to_exceed,55561,,,2775497.48,2831058.48,true,2021-11-30,2025-06-30,raises_existing_contract; multi_year,,,Adopted on the General Consent Report,2022-06-08,true,auto_ok,sonnet-agent,enrich.v5.md,true,
2022-06-08:22-1319,2022-06-08,2022-06-08,regular,V.-55,124,general,Chief Academic Officer,22-1319,https://ousd.legistar.com/gateway.aspx?M=L&ID=55613,"Amendment No. 1, Memorandum of Understanding 2021-2022 - Youth Together - After School Program - Skyline High School","Approval by the Board of Education of Amendment No. 1, Memorandum of Understanding 2021-2022 (MOU) by and between the District and Youth Together, Oakland, CA, for the latter to increase staff pay and benefits and implement a credit recovery program for twenty newcomerstudents during the month of June at Skyline High School, for the period July 1, 2021 through June 30, 2022, in an additional amount of $20,825.00, increasing the MOU not-to-exceed amount from $229,356.00 to $250,181.00.  All other terms and conditions of the MOU remain in full force and effect.",Agreement or Contract,Chief Academic Officer,004737,v-004737,21st Century High School After School Safety and Enrichment for Teens Grants,"Adds $20,825 to Youth Together's Skyline High program for staff pay and June credit recovery","This amendment to a memorandum of understanding with Youth Together increases staff pay and benefits and adds a credit recovery program for twenty newcomer students during June at Skyline High School. It adds $20,825 and raises the not-to-exceed amount from $229,356 to $250,181. The period is July 1, 2021 to June 30, 2022.",Classroom & academic programs,,amendment,Youth Together,organization,Skyline High School,expense,not_to_exceed,20825,,,229356,250181,true,2021-07-01,2022-06-30,raises_existing_contract,,,Adopted on the General Consent Report,2022-06-08,true,auto_ok,sonnet-agent,enrich.v5.md,true,
2022-06-08:22-1326,2022-06-08,2022-06-08,regular,V.-56,125,general,Chief Academic Officer,22-1326,https://ousd.legistar.com/gateway.aspx?M=L&ID=55620,"Amendment No. 1, Services Agreement 2021-2022 - Student Program for Academic & Athletic Transitioning (SPAAT) - Office of Equity","Approval by the Board of Education of Amendment No. 1, Services Agreement 2021-2022 by and between the District and Student Program for Academic & Athletic Transitioning (SPAAT), Oakland, CA, for the latter to provide service to 60 additional students addressing academic needs of at-risk students through tutoring, homework assistance, and preparation for college admissions, persistence and career transition, developing their academic and athletic talents, understanding the athletic recruiting process, and preparing for success in college and beyond, with or without sports, in an additional amount not to exceed $20,000.00, increasing the Agreement not to exceed amount from $50,000.00 to $70,000.00, via the Office of Equity, for the period of January 10, 2022 through May 27, 2022.  All other terms and conditions of the Agreement remain in full force and effect.",Agreement or Contract,Chief Academic Officer,004011,v-004011,Oakland Fund Children & Youth (OFCY) Grant,"Adds $20,000 for SPAAT to tutor 60 more at-risk students through May 2022","This amendment lets the Student Program for Academic & Athletic Transitioning (SPAAT) serve 60 additional at-risk students with tutoring, homework help and college and career preparation. It adds $20,000 and raises the not-to-exceed amount from $50,000 to $70,000. The period is January 10 to May 27, 2022.",Classroom & academic programs,,amendment,Student Program for Academic & Athletic Transitioning (SPAAT),organization,,expense,not_to_exceed,20000,,,50000,70000,true,2022-01-10,2022-05-27,raises_existing_contract,,,Adopted on the General Consent Report,2022-06-08,true,auto_ok,sonnet-agent,enrich.v5.md,true,
2022-06-08:22-1328,2022-06-08,2022-06-08,regular,V.-57,126,general,Chief Academic Officer,22-1328,https://ousd.legistar.com/gateway.aspx?M=L&ID=55622,"Amendment No. 1, Services Agreement - Marcus A. Foster Educational Institute - Community Schools and Student Services Department","Ratification by the Board of Education of Amendment No. 1, Services Agreement 2021-2022 by and between the District and Marcus A. Foster Educational Institute, Oakland, CA, for the latter to provide stipends for support of June/Summer Programming for students, including internships, for the period of November 16, 2021 through June 30, 2022, in the additional amount of $57,200.00, increasing the Agreement not to exceed amount from $37,675.00 to $94,875.00, via the Community Schools and Student Services Department.  All other terms and conditions of the Agreement remain in full force and effect.",Agreement or Contract,Chief Academic Officer,002714,v-002714,City of Oakland,"Ratifies $57,200 more for Marcus Foster Institute's summer program stipends and internships","This amendment adds money for Marcus A. Foster Educational Institute to provide stipends supporting June and summer programming for students, including internships. It adds $57,200 and raises the not-to-exceed amount from $37,675 to $94,875. The period is November 16, 2021 to June 30, 2022, and the Board is ratifying it after the work began.",After-school & summer programs,,amendment,Marcus A. Foster Educational Institute,organization,,expense,not_to_exceed,57200,,,37675,94875,true,2021-11-16,2022-06-30,after_work_began; raises_existing_contract; large_increase,,,Adopted on the General Consent Report,2022-06-08,true,auto_ok,sonnet-agent,enrich.v5.md,true,
2022-06-08:22-1329,2022-06-08,2022-06-08,regular,V.-58,127,general,Chief Academic Officer,22-1329,https://ousd.legistar.com/gateway.aspx?M=L&ID=55623,"Services Agreement 2021-2022 - About Wut, Inc. - Oakland Fine Arts Summer School - Community Schools and Student Services Department","Ratification by the Board of Education of a Services Agreement 2021-2022 by and between the District and About Wut, Inc., Duluth, GA, for the latter to engage students in activities that promote awareness of the arts, resulting in students appreciation of the arts, career exploration, and its relationship to daily living, as well as improved self-esteem, confidence, and pride in self, and related activities, specified in Exhibit A of the Agreement,  at Oakland Fine Arts Summer School, for the period June 6, 2022 through July 8, 2022, in an amount not to exceed $2,530.00.",Agreement or Contract,Chief Academic Officer,000219,v-000219,Measure G,"Ratifies up to $2,530 for About Wut, Inc. to run arts activities at summer school","About Wut, Inc., a Georgia company, engages students in arts activities that build appreciation of the arts, career exploration, confidence and self-esteem at the Oakland Fine Arts Summer School. The period is June 6 to July 8, 2022, and the Board is ratifying it after the start date, for no more than $2,530.00.",After-school & summer programs,,new_agreement,"About Wut, Inc.",organization,Oakland Fine Arts Summer School,expense,not_to_exceed,2530,,,,,true,2022-06-06,2022-07-08,after_work_began,,,Adopted on the General Consent Report,2022-06-08,true,auto_ok,sonnet-agent,enrich.v5.md,true,
2022-06-08:22-1331,2022-06-08,2022-06-08,regular,V.-59,128,general,Chief Academic Officer,22-1331,https://ousd.legistar.com/gateway.aspx?M=L&ID=55625,Services Agreement 2021-2022 - Twinkem Productions - Oakland Fine Arts Summer School - Community Schools and Student Services Department,"Ratification by the Board of Education of a Services Agreement 2021-2022 by and between the District and Twinkem Productions, Oakland, CA, for the latter to teach recording production techniques as well as vocal music/choir; engage students in activities that promote awareness of arts, resulting in student appreciation of the arts, career exploration, and its relationship to daily living; and participate in assemblies and related activities, described in Exhibit A of the Agreement, via the Community Schools and Student Services Department, for the period June 6, 2022 through July 8, 2022, in an amount not to exceed $6,580.00.",Agreement or Contract,Chief Academic Officer,007835,v-007835,Measure G,"Ratifies up to $6,580 for Twinkem Productions to teach recording and choir in summer school","Twinkem Productions, an Oakland organization, teaches recording production techniques and vocal music or choir at the Oakland Fine Arts Summer School. Students also take part in assemblies and related activities. The period is June 6 to July 8, 2022, and the Board is ratifying it after the start date, for no more than $6,580.00.",After-school & summer programs,,new_agreement,Twinkem Productions,organization,Oakland Fine Arts Summer School,expense,not_to_exceed,6580,,,,,true,2022-06-06,2022-07-08,after_work_began,,,Adopted on the General Consent Report,2022-06-08,true,auto_ok,sonnet-agent,enrich.v5.md,true,
2022-06-08:22-1332,2022-06-08,2022-06-08,regular,V.-60,129,general,Chief Academic Officer,22-1332,https://ousd.legistar.com/gateway.aspx?M=L&ID=55626,"Amendment No. 1, Services Agreement 2021-2022 - The Oakland REACH - Academics and Instruction Department","Approval by the Board of Education of a Amendment No. 1, Services Agreement 2021-2022 by and between the District and The Oakland REACH, CA, for the latter to provide fellowship stipends for literacy tutors, as described in Exhibit A of the Agreement, incorporated herein by reference as though fully set forth, for the period of May 1, 2022 through August 31, 2022, in an amount not to exceed $37,050.00, increasing the Agreement not to exceed amount from $54,580.00 to $91,630.00. All other terms and conditions of the Agreement remain in full force and effect.",Agreement or Contract,Chief Academic Officer,007784,v-007784,Kenneth Rainin Foundation Grant,"Adds $37,050 for The Oakland REACH's fellowship stipends for literacy tutors","This amendment adds money for The Oakland REACH to provide fellowship stipends for literacy tutors. It adds $37,050 and raises the not-to-exceed amount from $54,580 to $91,630. The period is May 1 to August 31, 2022, which began before this vote.",Classroom & academic programs,,amendment,The Oakland REACH,organization,,expense,not_to_exceed,37050,,,54580,91630,true,2022-05-01,2022-08-31,pulled_from_consent; raises_existing_contract; large_increase,,"Adopted in its own vote at this meeting (5–1), instead of with the rest of the consent report.",Adopted,2022-06-08,true,auto_ok,sonnet-agent,enrich.v5.md,true,
2022-06-08:22-1333,2022-06-08,2022-06-08,regular,V.-61,130,general,Chief Academic Officer,22-1333,https://ousd.legistar.com/gateway.aspx?M=L&ID=55627,Services Agreement 2021-2022 - Anese Henesley - Oakland Fine Arts Summer School - Community Schools and Student Services Department,"Ratification by the Board of Education of a Services Agreement 2021-2022 by and between the District and Anese Henesley, Hayward, CA, for the latter to engage students in mini classes (small groups of students in specialized areas) and provide support for building student confidence, self-esteem, and pride in self through the visual and performing arts - drama, dance, modeling, and art; assist students in the preparation for participation in a culminating program for parents, family, and community for students participating in the Oakland Fine Arts Summer School, via the Community Schools and Student Services Department, for the period June 6, 2022 through July 8, 2022, in an amount not to exceed $3,940.00.",Agreement or Contract,Chief Academic Officer,007831,v-007831,Measure G,"Ratifies up to $3,940 for a contractor to teach arts mini classes at summer school","A Hayward contractor leads mini classes in drama, dance, modeling and art that build student confidence and self-esteem, and helps students prepare for a final program for parents, family and the community at the Oakland Fine Arts Summer School. The period is June 6 to July 8, 2022, and the Board is ratifying it after the start date, for no more than $3,940.00.",After-school & summer programs,,new_agreement,Anese Henesley,individual,Oakland Fine Arts Summer School,expense,not_to_exceed,3940,,,,,true,2022-06-06,2022-07-08,after_work_began,,,Adopted on the General Consent Report,2022-06-08,true,auto_ok,sonnet-agent,enrich.v5.md,true,
2022-06-08:22-1334,2022-06-08,2022-06-08,regular,V.-62,131,general,Chief Academic Officer,22-1334,https://ousd.legistar.com/gateway.aspx?M=L&ID=55628,Services Agreement 2021-2022 - Sheldon Botler Photography - Oakland Fine Arts Summer School - Community Schools and Student Services Department,"Ratification by the Board of Education of a Services Agreement 2021-2022 by and between the District and Sheldon Botler Photography, Los Angeles, CA, for the latter to capture video of students participating in Oakland Fine Arts Summer School (OFASS) while they are participating in school activities and presentations and document the works students create; edit footage and deliver completed file to Director of OFASS, who will share with parents so they can see the growth that their child has made so that students will take pride in their accomplishments, described in Exhibit A of Agreement, via the Community Schools and Student Services Department, for the period June 6, 2022 through July 8, 2022, in an amount not to exceed $2,700.00.",Agreement or Contract,Chief Academic Officer,007483,v-007483,Measure G,"Ratifies up to $2,700 for Sheldon Botler Photography to video the Oakland Fine Arts Summer School","Sheldon Botler Photography, a Los Angeles company, will film students taking part in the Oakland Fine Arts Summer School (OFASS), edit the footage and give the finished file to the OFASS director to share with parents. The work runs June 6 to July 8, 2022, and the Board is approving it after the start date. The cost is capped at $2,700.",After-school & summer programs,,new_agreement,Sheldon Botler Photography,organization,,expense,not_to_exceed,2700,,,,,true,2022-06-06,2022-07-08,after_work_began,,,Adopted on the General Consent Report,2022-06-08,true,auto_ok,sonnet-agent,enrich.v5.md,true,
2022-06-08:22-1338,2022-06-08,2022-06-08,regular,V.-63,132,general,Chief Academic Officer,22-1338,https://ousd.legistar.com/gateway.aspx?M=L&ID=55632,"Amendment No. 3, Services Agreement - Hanna Interpreting Services LLC - Special Education Department","Approval by the Board of Education of Amendment No. 3, Services Agreement by and between the District and Hanna Interpreting Services LLC, Spring Valley, CA, for the latter to increase support in providing interpreting and document translations services to the consumer in their native language to better understand information throughout the remainder of the academic year; and provide services throughout the annual Special Education Extended School Year (ESY) Program giving continuous communication to families, for the period of July 01, 2021, through July 31, 2022, in the additional amount of $200,000.00, increasing the Agreement not to exceed amount from $296,700.00 to $496,700.00.  All other terms and conditions of the Agreement remain in full force and effect.",Agreement or Contract,Chief Academic Officer,006861,v-006861,Special Education,"Adds $200,000 for Hanna Interpreting's interpreting and translation services for special education families","This amendment adds $200,000 to the agreement with Hanna Interpreting Services LLC, raising the cap from $296,700 to $496,700. The company provides interpreting and document translation so families can understand information through the rest of the school year and the Special Education Extended School Year (ESY) program. The service period is July 1, 2021 through July 31, 2022.",Special education,Services & contract staff,amendment,Hanna Interpreting Services LLC,organization,,expense,not_to_exceed,200000,,,296700,496700,true,2021-07-01,2022-07-31,raises_existing_contract; large_increase,,,Adopted on the General Consent Report,2022-06-08,true,auto_ok,sonnet-agent,enrich.v5.md,true,
2022-06-08:22-1339,2022-06-08,2022-06-08,regular,V.-64,133,general,Chief Academic Officer,22-1339,https://ousd.legistar.com/gateway.aspx?M=L&ID=55633,"Nonpublic, Nonsectarian School/Agency Services Master Contract - Benchmark School - 2021-22 School Year - Special Education Department","Approval by the Board of Education of Special Education Services Nonpublic, Nonsectarian School/Agency Services Master Contract by and between the District and Benchmark School, Woods Cross, UT, for the latter to provide services to pupils as specified in Section 1 of Contract, for the period July 1, 2021 through June 30, 2022, pursuant to terms and conditions of Resolution No. 2122-0110.",Agreement or Contract,Chief Academic Officer,,n-benchmark-school,Special Education,Approves Benchmark School as a nonpublic school provider for special education in 2021-22,"The Board is approving a master contract with Benchmark School of Woods Cross, Utah, a nonpublic, nonsectarian school that serves students with special education needs. The contract covers July 1, 2021 through June 30, 2022 and follows the terms of Resolution No. 2122-0110. The text does not state a dollar amount.",Special education,Nonpublic schools & agencies,new_agreement,Benchmark School,organization,,expense,,,,,,,true,2021-07-01,2022-06-30,after_work_began,,,Adopted on the General Consent Report,2022-06-08,true,auto_ok,sonnet-agent,enrich.v5.md,true,
2022-06-08:22-1347,2022-06-08,2022-06-08,regular,V.-65,134,general,Chief Academic Officer,22-1347,https://ousd.legistar.com/gateway.aspx?M=L&ID=55641,Services Agreement 2021-2022 - Breathe For Change - Think College Now Elementary School,"Ratification by the Board of Education of a Services Agreement 2021-2022 by and between the District and Breathe For Change, San Francisco, CA, for the latter, designed specifically for educators and community leaders, to use wellness, social-emotional learning, to teach inclusive and trauma-informed yoga classes to adults and young people, as well as design and facilitate wellness and social-emotional learning workshops and professional development programs for schools, as described in Exhibit A of the Agreement, at Think College Now Elementary School, for the period of August 9, 2021, through May 25, 2022, in an amount not to exceed $3,590.00.",Agreement or Contract,Chief Academic Officer,007846,v-007846,Title I-Basic Grant Low Income,"Ratifies up to $3,590 for Breathe For Change wellness and yoga programs at Think College Now Elementary","Breathe For Change, a San Francisco organization, will teach trauma-informed yoga to adults and young people and lead wellness and social-emotional learning workshops and staff training at Think College Now Elementary School. The period is August 9, 2021 through May 25, 2022, and the Board is approving it after the start date. The cost is capped at $3,590.","Student health, support & family services",,new_agreement,Breathe For Change,organization,Think College Now Elementary School,expense,not_to_exceed,3590,,,,,true,2021-08-09,2022-05-25,after_work_began,,,Adopted on the General Consent Report,2022-06-08,true,auto_ok,sonnet-agent,enrich.v5.md,true,
2022-06-08:22-1350,2022-06-08,2022-06-08,regular,V.-66,135,general,Chief Academic Officer,22-1350,https://ousd.legistar.com/gateway.aspx?M=L&ID=55644,"Services Agreement 2021-2022 - A New Daylight, LLC - Oakland Fine Arts Summer School - Community Schools and Student Services Department","Ratification by the Board of Education of a Services Agreement 2021-2022 by and between the District and A New Day, LLC, Salem, OR, for the latter to engage students in activities that develop social-emotional skills, techniques to strengthen peer relationships, and develop methods to increase problem-solving and leadership skills; discuss and role play how these skills relate to daily life and can positively impact one’s personal and professional development for students enrolled in the Oakland Fine Arts Summer School, via the Community Schools and Student Services Department, for the period June 6, 2022 through July 8, 2022, in an amount not to exceed $1,100.00.",Agreement or Contract,Chief Academic Officer,007779,v-007779,Measure G,"Ratifies up to $1,100 for A New Day, LLC social-emotional lessons at Oakland Fine Arts Summer School","A New Day, LLC, of Salem, Oregon, will lead activities for students in the Oakland Fine Arts Summer School that build peer relationships, problem-solving and leadership skills, using role play tied to daily life. The work runs June 6 to July 8, 2022, and the Board is approving it after the start date. The cost is capped at $1,100.",After-school & summer programs,,new_agreement,"A New Day, LLC",organization,,expense,not_to_exceed,1100,,,,,true,2022-06-06,2022-07-08,after_work_began; source_issue,"The title names the vendor as A New Daylight, LLC, but the action text names the vendor as A New Day, LLC.",,Adopted on the General Consent Report,2022-06-08,true,auto_ok,sonnet-agent,enrich.v5.md,true,
2022-06-08:22-1353,2022-06-08,2022-06-08,regular,V.-67,136,general,Chief Academic Officer,22-1353,https://ousd.legistar.com/gateway.aspx?M=L&ID=55647,"Services Agreement 2022-2023 - William MacMorran, M.D. – Special Education Department","Ratification by the Board of Education of a Services Agreement 2022-2023 between the District and William MacMorran, M.D., Berkeley, CA, for the latter to provide psychiatric medication evaluations, management, and maintenance connection to students with Individual Education Plans who have been identified with a mental health diagnosis for which psychiatric medications may be warranted and would not otherwise have access to without this support once a week on a half day schedule, via the Special Education Department, for the period of August 8, 2022 through June 30, 2023, in an amount not to exceed $49,900.00.",Agreement or Contract,Chief Academic Officer,,n-william-macmorran-m-d,Special Education,"Pays a psychiatrist up to $49,900 for weekly medication evaluations for special education students","A Berkeley psychiatrist will provide psychiatric medication evaluations, management and follow-up one half day a week for students with Individual Education Plans who have a mental health diagnosis and might not otherwise have access to this care. The agreement runs August 8, 2022 through June 30, 2023. The cost is capped at $49,900.",Special education,Services & contract staff,new_agreement,"William MacMorran, M.D.",individual,,expense,not_to_exceed,49900,,,,,true,2022-08-08,2023-06-30,,,,Adopted on the General Consent Report,2022-06-08,true,auto_ok,sonnet-agent,enrich.v5.md,true,
2022-06-08:22-1360,2022-06-08,2022-06-08,regular,V.-68,137,general,Chief Academic Officer,22-1360,https://ousd.legistar.com/gateway.aspx?M=L&ID=55654,"Student Travel - National Association of Community and Restorative Justice (JACRJ) Conference, Chicago, IL - Bret Harte Middle School","Approval by the Board of Education of Resolution No. 2122-0200 - Authorization for Approval of Student Travel - by school site Bret Harte Middle School, for 12 students and 6 adults, as specified in Out of State Field Trip/Excursion Request, attached, to attend the National Community Restorative Justice Conference in Chicago, Illinois, as described in the itinerary, for the period of July 6, 2022 through July 9, 2022, at no cost to the District.",Agreement or Contract,Chief Academic Officer,,,No Fiscal Impact,Approves an out-of-state trip for 12 Bret Harte students to a restorative justice conference at no cost,"Twelve Bret Harte Middle School students and 6 adults will travel to Chicago, Illinois, for the National Community Restorative Justice Conference from July 6 to July 9, 2022. The Board is approving the trip through Resolution No. 2122-0200. The text says it is at no cost to the District.",Classroom & academic programs,,resolution_or_policy,,,Bret Harte Middle School,no_cost,,,,,,,true,2022-07-06,2022-07-09,,,,Adopted on the General Consent Report,2022-06-08,true,auto_ok,sonnet-agent,enrich.v5.md,true,
2022-06-08:22-1362,2022-06-08,2022-06-08,regular,V.-69,138,general,Chief Academic Officer,22-1362,https://ousd.legistar.com/gateway.aspx?M=L&ID=55656,Services Agreement 2021-2022 - Rainbow Chefs Academy - Counseling Department,"Ratification by the Board of Education of a Services Agreement 2021-2022 by and between the District and Rainbow Chefs Academy, Burlingame, CA, for the latter to Partner with a credentialed Spanish 1 teacher in the OUSD Central Academic Recovery Team’s Summer HAcK ’22 learning experience for 9th & 10th graders; educate students and consumers on how to live a healthy lifestyle, emphasizing nutrition and the culinary arts, that is sustainable for the individual and beneficial for society as a whole, as described in Exhibit A of Agreement, via the Counseling Department, for the period of June 2, 2022 through July 8, 2022, in an amount not to exceed $4,500.00.",Agreement or Contract,Chief Academic Officer,007797,v-007797,Expanded Learning Opp Prop98,"Ratifies up to $4,500 for Rainbow Chefs Academy to teach healthy cooking in a 9th-10th grade summer program","Rainbow Chefs Academy of Burlingame will team with a credentialed Spanish 1 teacher in the district's Summer HAcK '22 learning experience for 9th and 10th graders. Students learn about healthy living, nutrition and the culinary arts. The work runs June 2 to July 8, 2022, and the Board is approving it after the start date. The cost is capped at $4,500.",After-school & summer programs,,new_agreement,Rainbow Chefs Academy,organization,,expense,not_to_exceed,4500,,,,,true,2022-06-02,2022-07-08,after_work_began,,,Adopted on the General Consent Report,2022-06-08,true,auto_ok,sonnet-agent,enrich.v5.md,true,
2022-06-08:22-1363,2022-06-08,2022-06-08,regular,V.-70,139,general,Chief Academic Officer,22-1363,https://ousd.legistar.com/gateway.aspx?M=L&ID=55657,Services Agreement 2021-2022 - Public Health Institute - Castlemont High School,"Ratification by the Board of Education of a Services Agreement 2021-2022 by and between the District and Public Health Institute (PHI), Oakland, CA, for the latter to join in partnership with the school to assist in development of pathways with sustainability for students, as described in Exhibit A of the Agreement, incorporated herein by reference at Castlemont High School, for the period of May 1, 2022 through June 30, 2023, in an amount not to exceed $15,000.00.",Agreement or Contract,Chief Academic Officer,003481,v-003481,Measure N,"Ratifies up to $15,000 for Public Health Institute to help build student pathways at Castlemont High","Public Health Institute (PHI), an Oakland organization, will partner with Castlemont High School to help develop pathways for students and make them sustainable, as described in an exhibit to the agreement. The period is May 1, 2022 through June 30, 2023, and the Board is approving it after the start date. The cost is capped at $15,000.",Classroom & academic programs,,new_agreement,Public Health Institute,organization,Castlemont High School,expense,not_to_exceed,15000,,,,,true,2022-05-01,2023-06-30,after_work_began; multi_year,,,Adopted on the General Consent Report,2022-06-08,true,auto_ok,sonnet-agent,enrich.v5.md,true,
2022-06-08:22-1375,2022-06-08,2022-06-08,regular,V.-71,140,general,Chief Academic Officer,22-1375,https://ousd.legistar.com/gateway.aspx?M=L&ID=55669,Services Agreement 2022-2025 - No Cost and Data Sharing Agreement 2021-2022 - Oakland Natives Give Back - Community Schools and Student Services Department,"Approval by the Board of Education of a Services Agreement 2022-2025 - No Cost and a Data Sharing Agreement 2021-2022 by and between the District and Oakland Natives Give Back, Oakland, CA, for the latter to partner with local District schools to implement the Every Day Counts Attendance Challenge and out Kindergarten Attendance Challenge to raise student and parent awareness of the importance of daily school attendance; and provide other assistance and enrollment outreach and support at the request of the District, including but not limited to outreach to chronically absent District students, as described in Exhibit A of the Agreement, incorporated herein by reference as though fully set forth, via the Community Schools and Student Services Department, for the period June 1, 2022 through June 30, 2025, at no cost to the District.",Agreement or Contract,Chief Academic Officer,,v-007529,No Fiscal Impact,Approves no-cost partnership with Oakland Natives Give Back to raise school attendance through 2025,"Oakland Natives Give Back will work with district schools on the Every Day Counts Attendance Challenge and a Kindergarten Attendance Challenge, and will do outreach to chronically absent students and families. A data sharing agreement for 2021-2022 comes with it. The services run June 1, 2022 through June 30, 2025, at no cost to the District.","Student health, support & family services",,mou_or_data_sharing,Oakland Natives Give Back,organization,,no_cost,,,,,,,true,2022-06-01,2025-06-30,after_work_began; multi_year,,,Adopted on the General Consent Report,2022-06-08,true,auto_ok,sonnet-agent,enrich.v5.md,true,
2022-06-08:22-1379,2022-06-08,2022-06-08,regular,V.-72,141,general,Chief Academic Officer,22-1379,https://ousd.legistar.com/gateway.aspx?M=L&ID=55673,Grant Award/Agreement- Round 4 (21-22) K-12 Strong Workforce Program Pathway Improvement Grant - California Department of Education - High School Linked Learning Office,"Acceptance and Approval by the Board of Education of a Grant Award/Agreement by and between the Cabrillo Community College District, as Fiscal Agent, for the K12 Strong Workforce Program for the Bay Area Community College Consortium, and the District, with the latter accepting $1,843,322.00, for the project titled Pathways to Prosperity: Curriculum & Instruction/Work-Based Learning, as described in Sections 2 and 4 of the Agreement, incorporated herein by reference as though fully  set forth, via the  High School Linked Learning Office, for the period of January 1, 2022 through June 30, 2024, pursuant to the terms and conditions thereof, if any.",Agreement or Contract,Chief Academic Officer,,n-cabrillo-community-college-district,California Department of Education,Accepts $1.84M grant for career pathways curriculum and work-based learning,"The district accepts a $1,843,322 grant from the K12 Strong Workforce Program, managed through Cabrillo Community College District as fiscal agent for the Bay Area Community College Consortium. It funds the Pathways to Prosperity project for curriculum and instruction and work-based learning, run by the High School Linked Learning Office. The grant period is January 1, 2022 through June 30, 2024.",Classroom & academic programs,,grant_or_funding_in,Cabrillo Community College District,organization,,revenue,fixed,1843322,,,,,true,2022-01-01,2024-06-30,after_work_began; multi_year,,,Adopted on the General Consent Report,2022-06-08,true,auto_ok,sonnet-agent,enrich.v5.md,true,
2022-06-08:22-1268,2022-06-08,2022-06-08,regular,V.-73,142,general,Chief Academic Officer,22-1268,https://ousd.legistar.com/gateway.aspx?M=L&ID=55562,"Amendment No. 1, Services Agreement 2021-2022 - Spearitwurx - Office of the Chief of Staff","Approval by the Board of Education of Amendment No.1, Services Agreement by and between the District and Spearitwurx, Oakland, CA, for the latter to provide additional services aligning content and learning from the fall community listening sessions with the year two action planning for the strategic plan, including facilitating a component of the February Senior Leadership Team and Strategic Planning Lead Retreat; provide spring coaching and support for the year two planning of the Reparations Resolution implementation activities, for the period of September 01, 2021 through June 30, 2022, in the additional amount of $4,100.00, increasing the Agreement not to exceed amount from $94,999.00 to $99,099.00.  All other terms and conditions of the Agreement remain in full force and effect.",Agreement or Contract,Chief of Staff,005317,v-005317,,"Adds $4,100 to Spearitwurx's strategic planning and retreat support contract","This amendment adds $4,100 to the agreement with Spearitwurx, raising the cap from $94,999 to $99,099. The added work lines up what the district heard in fall community listening sessions with year two of its strategic plan, including part of the February leadership retreat, plus spring coaching on year two planning for the Reparations Resolution. The period is September 1, 2021 through June 30, 2022.",Governance & board business,,amendment,Spearitwurx,organization,,expense,not_to_exceed,4100,,,94999,99099,true,2021-09-01,2022-06-30,raises_existing_contract,,,Adopted on the General Consent Report,2022-06-08,true,auto_ok,sonnet-agent,enrich.v5.md,true,
2022-06-08:22-1365,2022-06-08,2022-06-08,regular,V.-74,144,general,Chief Governance Officer,22-1365,https://ousd.legistar.com/gateway.aspx?M=L&ID=55659,"Memorandum of Understanding and Engagement Policy - Burke, Williams & Sorensen, LLP - Chief Governance Officer","Approval by the Board of Education of a Memorandum of Understanding and Engagement Policy by and between District and Burke, Williams & Sorensen LLP, authorizing the Office of the General Counsel to retain Burke, Williams & Sorensen to provide legal services to the District for charter school matters and other legal services on an as needed basis, for the period of July 1,2022 through June 30, 2024, in an amount not to exceed $100,000 in a fiscal year.",Agreement or Contract,General Counsel,,n-burke-williams-and-sorensen,,"Hires Burke, Williams & Sorensen for charter school legal work, up to $100,000 a year through 2024","The Board is approving a legal services engagement agreement (formally a Memorandum of Understanding and Engagement Policy) that lets the Office of the General Counsel retain Burke, Williams & Sorensen LLP for charter school matters and other legal work as needed. It runs July 1, 2022 through June 30, 2024, with a limit of $100,000 in each fiscal year.","Legal, compliance & risk",,new_agreement,"Burke, Williams & Sorensen LLP",organization,,expense,per_year,100000,,,,,true,2022-07-01,2024-06-30,yearly_cap; no_total_stated; multi_year,,,Adopted on the General Consent Report,2022-06-08,true,auto_ok,sonnet-agent,enrich.v5.md,true,
2022-06-08:22-1366,2022-06-08,2022-06-08,regular,V.-75,145,general,Chief Governance Officer,22-1366,https://ousd.legistar.com/gateway.aspx?M=L&ID=55660,"Amendment No. 1, Memorandum of Understanding and Engagement Policy - Oppenheimer Investigations Group - Chief Governance Officer","Ratification by the Board of Education of Amendment No. 1 to the Memorandum of Understanding and Engagement Policy (“MOUEP”) by and between District and Oppenheimer Investigations Group, for the latter to provide more of the same legal service on an as needed basis for Title IX matters and to extend the term through June 30, 2023, for an additional amount of $60,000, for a total not to exceed amount of $93,000 through June 30, 2023. All other terms and conditions of the MOUEP remain in full force and effect.",Agreement or Contract,General Counsel,,n-oppenheimer-investigations-group,,"Ratifies $60,000 more for Oppenheimer Investigations Group's Title IX legal work, through June 2023","This amendment adds $60,000 for more of the same legal service, on an as-needed basis, for Title IX (federal sex-discrimination law) matters, and extends the agreement through June 30, 2023. The total cap through that date becomes $93,000. Other terms stay the same.","Legal, compliance & risk",,amendment,Oppenheimer Investigations Group,organization,,expense,not_to_exceed,60000,,,,93000,true,,2023-06-30,after_work_began,,,Adopted on the General Consent Report,2022-06-08,true,auto_ok,sonnet-agent,enrich.v5.md,true,
2022-06-08:22-1367,2022-06-08,2022-06-08,regular,V.-76,146,general,Chief Governance Officer,22-1367,https://ousd.legistar.com/gateway.aspx?M=L&ID=55661,"Memorandum of Understanding and Engagement Policy - Davis, Bengtson and Young - Chief Governance Officer","Approval by the Board of Education of a Memorandum of Understanding and Engagement Policy by and between the District and Davis, Bengtson & Young APLC, authorizing the Office of the General Counsel to retain Davis, Bengtson & Young APLC to provide legal services to the District for civil litigation matters and other legal services on an as needed basis, for the period of July 1, 2022 through June 30, 2024, in an amount not to exceed $150,000 in a fiscal year.",Agreement or Contract,General Counsel,,n-davis-bengtson-and-young-aplc,,"Hires Davis, Bengtson & Young for civil litigation legal work, up to $150,000 a year through 2024","The Board is approving a legal services engagement agreement (formally a Memorandum of Understanding and Engagement Policy) that lets the Office of the General Counsel retain Davis, Bengtson & Young APLC for civil litigation matters and other legal work as needed. It runs July 1, 2022 through June 30, 2024, with a limit of $150,000 in each fiscal year.","Legal, compliance & risk",,new_agreement,"Davis, Bengtson & Young APLC",organization,,expense,per_year,150000,,,,,true,2022-07-01,2024-06-30,yearly_cap; no_total_stated; multi_year,,,Adopted on the General Consent Report,2022-06-08,true,auto_ok,sonnet-agent,enrich.v5.md,true,
2022-06-08:22-1369,2022-06-08,2022-06-08,regular,V.-77,147,general,Chief Governance Officer,22-1369,https://ousd.legistar.com/gateway.aspx?M=L&ID=55663,Memorandum of Understanding and Engagement Policy - Fisher & Phillips LLP - Chief Governance Officer,"Ratification by the Board of Education of a Memorandum of Understanding and Engagement Policy by and between District and Fisher & Phillips LLP, authorizing the Office of the General Counsel to retain Fisher & Phillips to provide legal services to the District for immigration related matters and other legal services on an as needed basis, for the period of July 1, 2022 through June 30, 2024, in an amount not to exceed $50,000 in a fiscal year.",Agreement or Contract,General Counsel,,v-006657,,"Ratifies Fisher & Phillips for immigration-related legal work, up to $50,000 a year through 2024","The Board is ratifying a legal services engagement agreement (formally a Memorandum of Understanding and Engagement Policy) that lets the Office of the General Counsel retain Fisher & Phillips LLP for immigration-related matters and other legal work as needed. It runs July 1, 2022 through June 30, 2024, with a limit of $50,000 in each fiscal year.","Legal, compliance & risk",,new_agreement,Fisher & Phillips LLP,organization,,expense,per_year,50000,,,,,true,2022-07-01,2024-06-30,yearly_cap; no_total_stated; multi_year,,,Adopted on the General Consent Report,2022-06-08,true,auto_ok,sonnet-agent,enrich.v5.md,true,
2022-06-08:22-1370,2022-06-08,2022-06-08,regular,V.-78,148,general,Chief Governance Officer,22-1370,https://ousd.legistar.com/gateway.aspx?M=L&ID=55664,"Memorandum of Understanding and Engagement Policy - Leone, Alberts & Duus LLP - Chief Governance Officer","Approval by the Board of Education of a Memorandum of Understanding and Engagement Policy by and between District and Leone, Alberts and Duus law firm, authorizing the Office of the General Counsel to retain Leone, Alberts and Duus law firm to provide legal services to the District for civil litigation matters and other legal services on an as needed basis, for the period of July 1, 2022 through June 30, 2025, in an amount not to exceed $350,000 in a fiscal year.",Agreement or Contract,General Counsel,,n-leone-alberts-and-duus-law-firm,,"Hires Leone, Alberts & Duus for civil litigation legal work, up to $350,000 a year through 2025","The Board is approving a legal services engagement agreement (formally a Memorandum of Understanding and Engagement Policy) that lets the Office of the General Counsel retain the Leone, Alberts and Duus law firm for civil litigation matters and other legal work as needed. It runs July 1, 2022 through June 30, 2025, with a limit of $350,000 in each fiscal year.","Legal, compliance & risk",,new_agreement,"Leone, Alberts and Duus",organization,,expense,per_year,350000,,,,,true,2022-07-01,2025-06-30,yearly_cap; no_total_stated; multi_year,,,Adopted on the General Consent Report,2022-06-08,true,auto_ok,sonnet-agent,enrich.v5.md,true,
2022-06-08:22-1374,2022-06-08,2022-06-08,regular,V.-79,149,general,Chief Governance Officer,22-1374,https://ousd.legistar.com/gateway.aspx?M=L&ID=55668,"Memorandum of Understanding and Engagement Policy - Bertrand, Fox, Elliott, Osman and Wenzel Law Firm - Chief Governance Officer","Approval by the Board of Education of a Memorandum of Understanding and Engagement Policy by and between District and Bertrand, Fox, Elliot, Osman & Wenzel law firm, authorizing the Office of the General Counsel to retain Bertrand, Fox, Elliot, Osman & Wenzel law firm to provide legal services to the District for civil litigation matters and other legal services on an as needed basis, for the period of July 1, 2022 through June 30, 2025, in an amount not to exceed $250,000 in a fiscal year.",Agreement or Contract,General Counsel,,n-bertrand-fox-elliot-osman-and-wenzel,,"Hires Bertrand, Fox, Elliot, Osman & Wenzel for civil litigation, up to $250,000 a year through 2025","The Board is approving a legal services engagement agreement (formally a Memorandum of Understanding and Engagement Policy) that lets the Office of the General Counsel retain the Bertrand, Fox, Elliot, Osman & Wenzel law firm for civil litigation matters and other legal work as needed. It runs July 1, 2022 through June 30, 2025, with a limit of $250,000 in each fiscal year.","Legal, compliance & risk",,new_agreement,"Bertrand, Fox, Elliot, Osman & Wenzel",organization,,expense,per_year,250000,,,,,true,2022-07-01,2025-06-30,yearly_cap; no_total_stated; multi_year,,,Adopted on the General Consent Report,2022-06-08,true,auto_ok,sonnet-agent,enrich.v5.md,true,
2022-06-08:22-1238,2022-06-08,2022-06-08,regular,V1.-1,151,bonds,,22-1238,https://ousd.legistar.com/gateway.aspx?M=L&ID=55532,"Agreement Between Owner and Contractor - Competitively Bid – Group H Construction, Inc. – Madison Middle School Expansion Project - Division of Facilities Planning and Management","Approval by the Board of Education of Agreement Between Owner and Contractor by and between the District and Group H Construction, Inc., San Pablo, CA, for the latter to provide the following services: rebuild exterior sidewalk at the middle school campus; add drain inlet at low point in the parking lot; build housekeeping pad at the location of water heater; reset water heater; and all connections for the Madison Middle School Expansion Supplemental Project, in the amount of $109,000.00, which includes a contingency allowance of $9,000.00, as the lowest responsible, responsive bidder, with the work anticipated to commence on June 9,  2022, and scheduled to last for thirty (30) days,  with an anticipated ending of July 8, 2022.",Agreement or Contract,"Deputy Chief, Facilities Planning and Management",007824,v-007824,"Fund 21 Building Fund, Measure J","Awards Group H Construction $109,000 for sidewalk, drainage and water heater work at Madison Middle School","Group H Construction, Inc. of San Pablo was the lowest responsible, responsive bidder for supplemental work on the Madison Middle School Expansion Project: rebuilding the exterior sidewalk, adding a drain inlet in the parking lot, and building a pad and resetting the water heater. The $109,000 includes a $9,000 contingency allowance. Work is expected to run June 9 to July 8, 2022.",School buildings & construction,,bid_award,"Group H Construction, Inc.",organization,Madison Middle School,expense,fixed,109000,,,,,true,2022-06-09,2022-07-08,,,,Adopted on the General Consent Report,2022-06-08,true,auto_ok,sonnet-agent,enrich.v5.md,true,
2022-06-08:22-1248,2022-06-08,2022-06-08,regular,V1.-2,152,bonds,,22-1248,https://ousd.legistar.com/gateway.aspx?M=L&ID=55542,"Agreement for Engineering Services – AGS, Inc. – Roosevelt Middle School Modernization Project – Division of Facilities Planning and Management","Approval by the Board of Education an Agreement for Engineering Services by and between the District and AGS, Inc., Oakland, CA, for the latter to provide updated geotechnical recommendations in accordance with 2022 California Building Code (CBC) and plan review for the proposed modernization based on: updated Geotechnical Letter; and Plan and Specification Review for Main Classroom Building A and for New Cafeteria Building B, and for Owner Contingency, as specified in Vendor’s Proposal dated April 12, 2022 (Revised April 22, 2022), incorporated herein by reference as though fully set forth, for the Roosevelt Middle School Modernization Project, in the not-to-exceed amount of $17,071.00, which includes a not-to-exceed amount of $4,000.00, for additional services, as the selected consultant, with work scheduled to commence on June 9, 2022, and scheduled to last until June 26, 2026.",Agreement or Contract,"Deputy Chief, Facilities Planning and Management",006491,v-006491,"Fund 21 Building Fund, Measure J","Hires AGS, Inc. for up to $17,071 of geotechnical review for the Roosevelt Middle School modernization","AGS, Inc. of Oakland will update soil and foundation (geotechnical) recommendations to meet the 2022 California Building Code and review the plans for the main classroom building and the new cafeteria building. The cap of $17,071 includes $4,000 for additional services. Work starts June 9, 2022 and is scheduled to last until June 26, 2026.",School buildings & construction,,new_agreement,"AGS, Inc.",organization,Roosevelt Middle School,expense,not_to_exceed,17071,,,,,true,2022-06-09,2026-06-26,multi_year,,,Adopted on the General Consent Report,2022-06-08,true,auto_ok,sonnet-agent,enrich.v5.md,true,
2022-06-08:22-1277,2022-06-08,2022-06-08,regular,V1.-3,153,bonds,,22-1277,https://ousd.legistar.com/gateway.aspx?M=L&ID=55571,Agreement for Engineering Services – KW Engineering – Cole Administration Center Project – Division of Facilities Planning and Management,"Approval by the Board of Education of Agreement for Engineering Services by and between the District and KW Engineering, Oakland, CA, for the latter to provide cost effective and thorough commissioning services, that ensures all systems and controls operate and communicate properly to save operational costs for the Cole Administration Center Project, more specifically delineated in Exhibit C - Scope of Services - of the Agreement, incorporated herein by reference as though fully set forth, in the not-to-exceed amount of $306,101.00, which includes a not-to-exceed amount of $27,821.00 for additional services, with work scheduled to commence on June 9, 2022, and scheduled to last until June 30, 2024.",Agreement or Contract,"Deputy Chief, Facilities Planning and Management",002451,v-002451,"Fund 21 Building Fund, Measure Y","Hires KW Engineering for up to $306,101 to commission building systems at the Cole Administration Center","KW Engineering of Oakland will provide commissioning services, which test that all building systems and controls work and communicate properly, for the Cole Administration Center Project. The cap of $306,101 includes $27,821 for additional services. Work starts June 9, 2022 and is scheduled to last until June 30, 2024.",School buildings & construction,,new_agreement,KW Engineering,organization,Cole Administration Center,expense,not_to_exceed,306101,,,,,true,2022-06-09,2024-06-30,multi_year,,,Adopted on the General Consent Report,2022-06-08,true,auto_ok,sonnet-agent,enrich.v5.md,true,
2022-06-08:22-1324,2022-06-08,2022-06-08,regular,V1.-4,154,bonds,,22-1324,https://ousd.legistar.com/gateway.aspx?M=L&ID=55618,"Agreement for Architectural Services – Dialog Design, LP - DSA Legacy Project – Division of Facilities Planning and Management","Approval by the Board of Education of Agreement for Architectural Services by and between the District and Dialog Design, LP, Oakland, CA, for the latter to provide architectural services including Basic Services Discipline for Architecture and Project Coordination; Perform Site Reviews; Preparing DSA submittal documents; coordinate DSA approval lead by PSS; engaged by the District; and DSA Verified Reports for the following sites: Sherman Elementary School, Howard Elementary School, Oakland Technical High School Portable Classrooms, and Sequoia Elementary School for the DSA Legacy Facilities Project, delineated in Section 5 of Agreement, in the not-to exceed amount of $10,644.75, which includes a not-to-exceed contingency fee of $1,000.00 for additional services, with work scheduled to commence on June 9, 2022, and scheduled to last until December 31, 2022.",Agreement or Contract,"Deputy Chief, Facilities Planning and Management",000832,v-000832,"Fund 21 Building Fund, Measure J","Hires Dialog Design for up to $10,644.75 of architectural work on state approval for four school sites","Dialog Design, LP of Oakland will provide architectural services for the DSA Legacy Facilities Project, including site reviews and preparing documents for approval by the Division of the State Architect (DSA), for Sherman Elementary, Howard Elementary, Oakland Technical High School portable classrooms and Sequoia Elementary. The cap of $10,644.75 includes a $1,000 contingency. Work runs June 9 to December 31, 2022.",School buildings & construction,,new_agreement,"Dialog Design, LP",organization,Sherman Elementary School; Howard Elementary School; Oakland Technical High School; Sequoia Elementary School,expense,not_to_exceed,10644.75,,,,,true,2022-06-09,2022-12-31,,,,Adopted on the General Consent Report,2022-06-08,true,auto_ok,sonnet-agent,enrich.v5.md,true,
