item_id,meeting_key,meeting_date,meeting_kind,agenda_number,agenda_sequence,consent_section,group,file_number,legistar_url,title,official_text,matter_type,presenter,vendor_number,vendor_key,funding_source,headline,summary,category,action_type,vendor_name,vendor_kind,schools,money_direction,amount_type,amount,amount_range_low,amount_range_high,prior_total,new_total,amount_verified,term_start,term_end,flags,source_issue,pulled_from_consent,outcome_action,outcome_date,adopted,review_status,model_id,prompt_version
2022-11-30:22-2480,2022-11-30,2022-11-30,special,S.-1,61,general,Chief Business Officer,22-2480,https://ousd.legistar.com/LegislationDetail.aspx?ID=56748&GUID=BC4E2C4F-DFE0-47DD-8533-3F6D27BA315A,Services Agreement 2022-2023 - Professional Service Industries - Risk Management Department,"Ratification by the Board of Education of a Services Agreement 2022-2023 by and between the District and Professional Service Industries, Chicago, IL, for the latter to provide environmental related services to reduce risk at the school sites, including but not limited to collecting environmental samples, via Risk Management Department, for the period of July 1, 2022 through June 30, 2023, in an amount not to exceed $40,000.00.",Motion,Chief Financial Officer,003455,v-003455,Property & Liability,"Pays Professional Service Industries up to $40,000 for environmental sampling at school sites","The district is paying Professional Service Industries to collect environmental samples and do related work to reduce risk at school sites. The cost is capped at $40,000 for July 1, 2022 through June 30, 2023. This is a ratification, so the contract period began before the board vote.","Legal, insurance & risk",new_agreement,Professional Service Industries,organization,,expense,not_to_exceed,40000,,,,,true,2022-07-01,2023-06-30,after_work_began,,,Adopted on the General Consent Report,2022-11-30,true,auto_ok,sonnet-agent,enrich.v3.md
2022-11-30:22-2481,2022-11-30,2022-11-30,special,S.-2,62,general,Chief Business Officer,22-2481,https://ousd.legistar.com/LegislationDetail.aspx?ID=56749&GUID=D4E5A1C2-BE50-437A-AA26-731DFCD33616,"Services Agreement 2022-2023 - TMI Consulting, Inc. - Risk Management Department","Ratification by the Board of Education of a Services Agreement 2022-2023 by and between the District and TMI Consulting, Inc., Oakland, CA, for the latter to provide professional and quality care ergonomic services and education for employees to help reduce or prevent injuries in the workplace, as described in Exhibit A of the Agreement, incorporated herein by reference as though fully set forth, via Risk Management Department, for the period of July 1, 2022 through June 30, 2023, in an amount not to exceed $9,000.00.",Agreement or Contract,Chief Financial Officer,005344,v-005344,Property & Liability,"Pays TMI Consulting up to $9,000 for employee ergonomics services and training","The district is paying TMI Consulting to provide ergonomic services and education for employees to help reduce or prevent workplace injuries. The cost is capped at $9,000 for July 1, 2022 through June 30, 2023. This is a ratification, so the contract period began before the board vote.","Legal, insurance & risk",new_agreement,"TMI Consulting, Inc.",organization,,expense,not_to_exceed,9000,,,,,true,2022-07-01,2023-06-30,after_work_began,,,Adopted on the General Consent Report,2022-11-30,true,auto_ok,sonnet-agent,enrich.v3.md
2022-11-30:22-2550,2022-11-30,2022-11-30,special,S.-3,63,general,Chief Business Officer,22-2550,https://ousd.legistar.com/LegislationDetail.aspx?ID=56818&GUID=C6ACB94D-5223-4FBB-9BF7-FB049BBDC535,Services Agreement 2022-2023 - Hanna Interpreting Services LLC - Risk Management Department,"Approval by the Board of Education of a Services Agreement 2022-2023 by and between the District and Hanna Interpreting Services LLC, Spring Valley, CA, for the latter to provide Interpreter Services to hearing impaired staff as a form of a reasonable accommodation under Americans With Disabilities Act (ADA), via Risk Management Department, for the period of July 1, 2022 through June 30, 2023, in an amount not to exceed $99,000.00.",Agreement or Contract,Chief Financial Officer,006861,v-006861,Property & Liability,"Pays Hanna Interpreting Services up to $99,000 to interpret for hearing-impaired staff","The district is paying Hanna Interpreting Services to provide interpreters for staff who are hearing impaired, as a reasonable accommodation under the Americans with Disabilities Act. The cost is capped at $99,000 for July 1, 2022 through June 30, 2023.","Legal, insurance & risk",new_agreement,Hanna Interpreting Services LLC,organization,,expense,not_to_exceed,99000,,,,,true,2022-07-01,2023-06-30,after_work_began,,,Adopted on the General Consent Report,2022-11-30,true,auto_ok,sonnet-agent,enrich.v3.md
2022-11-30:22-2491,2022-11-30,2022-11-30,special,S.-4,65,general,"Deputy Chief, Facilities Planning and Management",22-2491,https://ousd.legistar.com/LegislationDetail.aspx?ID=56759,"Amendment No. 1, Agreement for Inspector of Record Services for Construction - Anthonio, Inc. - Westlake Middle School Intrusion Alarm System Upgrade Project - Division of Facilities Planning and Management","Approval by the Board of Education of Amendment No. 1, Agreement for Inspector of Record Services for Construction by and between the District and Anthonio, Inc, Oakland, CA, for the latter to continue to provide inspection services for all construction activities for the Westlake Middle School Intrusion Alarm System Upgrade Project, by extending time only, from June 9, 2022, thru December 31, 2022 to July 31, 2023 (an additional 212 calendar days). All other terms and conditions of the Agreement remain in full force and effect.",Agreement or Contract,,,n-anthonio,,"Extends Anthonio's inspection work on the Westlake Middle alarm upgrade to July 2023, no added cost","This amendment gives Anthonio, Inc. more time to keep inspecting all construction on the Westlake Middle School intrusion alarm upgrade. The end date moves from December 31, 2022 to July 31, 2023, an extra 212 days. It extends time only, and no money is added.",School buildings & construction,amendment,"Anthonio, Inc.",organization,Westlake Middle School,no_cost,,,,,,,true,2022-06-09,2023-07-31,multi_year; time_extension_only,,,Adopted on the General Consent Report,2022-11-30,true,auto_ok,sonnet-agent,enrich.v3.md
2022-11-30:22-2547,2022-11-30,2022-11-30,special,S.-5,66,general,"Deputy Chief, Facilities Planning and Management",22-2547,https://ousd.legistar.com/LegislationDetail.aspx?ID=56815&GUID=53794973-11DC-436B-965A-F46E4BF89753,"Change Order No. 2, Agreement Between Owner and Contractor - G & G Builders, Inc - East Oakland Pride Elementary School Playmatting & PlayStructure Project - Division of Facilities Planning and Management","Approval by the Board of Education of Change Order No. 2, Agreement Between Owner and Contractor by and between the District and G & G Builders, Inc., Livermore, CA, for the latter to provide, due to unforeseen conditions, PCO#3 additional Asphalt Patching at Play Area A & B; and additional asphalt repair and replacement needed outside of Play Structures A & B per the attached RFI #4 and RFI #5, for the East Oakland Pride Elementary School Playmatting & Structure Project, in the amount of $10,625.78, increasing the not to exceed amount of the Agreement from $629,002.36 to $639,628.14. All other terms and conditions of the Agreement remain in full force and effect.",Agreement or Contract,"Deputy Chief, Facilities Planning and Management",001772,v-001772,"Fund 25, County School Facilities Fund","Adds $10,625.78 for extra asphalt repair at East Oakland Pride Elementary play areas (G & G Builders)","This change order pays G & G Builders for extra asphalt patching, repair and replacement in and around the play areas at East Oakland Pride Elementary School. The work was needed because of unforeseen conditions found during the playmatting and play structure project. The contract's not-to-exceed amount rises from $629,002.36 to $639,628.14.",School buildings & construction,change_order,"G & G Builders, Inc.",organization,East Oakland Pride Elementary School,expense,not_to_exceed,10625.78,,,629002.36,639628.14,true,,,raises_existing_contract,,,Adopted on the General Consent Report,2022-11-30,true,auto_ok,sonnet-agent,enrich.v3.md
2022-11-30:22-2610,2022-11-30,2022-11-30,special,S.-6,68,general,"Chief, Talent",22-2610,https://ousd.legistar.com/LegislationDetail.aspx?ID=56878&GUID=03A9B3F8-3B85-4163-840A-E1F7B683C62E,Personnel Report No. 2223-0004 - Talent/Human Resources Department,Approval by the Board of Education of Personnel Report No. 2223-0004 - Talent/Human Resources Department.,Personnel Report,"Deputy Chief, Talent",,,,Approves Personnel Report No. 2223-0004 from the Talent/Human Resources Department,"The board is approving a routine personnel report from the Talent/Human Resources Department. The official text does not list the individual hires, changes or amounts in the report.",Staff & hiring,personnel,,,,no_cost,,,,,,,true,,,,,,Adopted on the General Consent Report,2022-11-30,true,auto_ok,sonnet-agent,enrich.v3.md
2022-11-30:22-2532,2022-11-30,2022-11-30,special,S.-7,69,general,"Chief, Talent",22-2532,https://ousd.legistar.com/LegislationDetail.aspx?ID=56800,"Amendment No. 2, Memorandum of Understanding and Engagement Policy (MOUEP) - Oppenheimer Investigations Group","Approval by the Board of Education of Amendment No. 2, Memorandum of Understanding and Engagement Policy (MOUEP), by and between District and Oppenheimer Investigations Group, for the latter to provide more of the same legal service on an as needed basis for employee investigations for an additional amount of $25,000.00, increasing the not to exceed amount of the MOUEP from $93,000.00 to $118,000.00, for the term January 15, 2022 through June 30, 2022. All other terms and conditions of the MOUEP remain in full force and effect.",Agreement or Contract,,,n-oppenheimer-investigations-group,,"Adds $25,000 for Oppenheimer Investigations Group's employee investigation legal services","This amendment adds $25,000 to the agreement with Oppenheimer Investigations Group for more of the same legal service on an as-needed basis for employee investigations. The not-to-exceed amount rises from $93,000 to $118,000. The stated term is January 15, 2022 through June 30, 2022, so the period ended before this vote.","Legal, insurance & risk",amendment,Oppenheimer Investigations Group,organization,,expense,not_to_exceed,25000,,,93000,118000,true,2022-01-15,2022-06-30,raises_existing_contract,,,Adopted on the General Consent Report,2022-11-30,true,auto_ok,sonnet-agent,enrich.v3.md
2022-11-30:22-2235,2022-11-30,2022-11-30,special,S.-8,71,general,Chief Academic Officer,22-2235,https://ousd.legistar.com/LegislationDetail.aspx?ID=56505,Services Agreement 2022-2023 - East Bay Agency for Children - Frick United Academy of Language,"Approval by the Board of Education of a Services Agreement 2022-2023 by and between the District and East Bay Agency for Children, Oakland, CA, for the latter to provide wellness support check-ins for staff, students, and parents; weekly tier II services for at-risk students in the formation of a mindfulness peer leadership cohort at Frick United Academy of Language, for the period of August 1, 2022 through July 31, 2023, in an amount not to exceed $85,000.00.",Agreement or Contract,,,v-001473,,"Pays East Bay Agency for Children up to $85,000 for wellness support at Frick United Academy of Language","East Bay Agency for Children will provide wellness check-ins for staff, students and parents at Frick United Academy of Language. It will also run weekly extra support sessions for at-risk students, including a mindfulness peer leadership group. The cost is capped at $85,000 for August 1, 2022 through July 31, 2023.","Student health, support & family services",new_agreement,East Bay Agency for Children,organization,Frick United Academy of Language,expense,not_to_exceed,85000,,,,,true,2022-08-01,2023-07-31,after_work_began,,,Adopted on the General Consent Report,2022-11-30,true,auto_ok,sonnet-agent,enrich.v3.md
2022-11-30:22-2277,2022-11-30,2022-11-30,special,S.-9,72,general,Chief Academic Officer,22-2277,https://ousd.legistar.com/LegislationDetail.aspx?ID=56547&GUID=149B38D0-F6DE-4F24-8267-E135CC2AB7CD,Grant Agreement - City of Oakland - Violence Prevention - Community Schools and Student Services Department,"Ratification by the Board of Education of a Grant Agreement by and between the District and the City of Oakland, with the District accepting $85,000.00 in City of Oakland Measure Z (2014 Oakland Public Safety and Services Violence Prevention Act) funding, for the placement of students existing the Juvenile Justice Transition Center (JJTC) into an Oakland Unified School District (OUSD) educational site or other educational institution and refer eligible youth to life coaching services, including the staffing of one Enrollment Coordinator, and the provision of services for up to 250 youth to be re-enrolled or assisted with enrollment back into an OUSD school and 150 youth to be referred for life coaching, via Community Schools and Student Services Department, for the period of July 1, 2022 through June 30, 2023.",Agreement or Contract,Chief Academic Officer,,n-city-of-oakland,City of Oakland Violence Prevention,"Accepts $85,000 from the City of Oakland to re-enroll youth leaving the Juvenile Justice Transition Center","The district is accepting $85,000 in City of Oakland Measure Z violence prevention funding. It pays for one Enrollment Coordinator to help students leaving the Juvenile Justice Transition Center re-enroll in an Oakland school or other educational program. The grant covers up to 250 youth re-enrolled or assisted and 150 youth referred for life coaching, for July 1, 2022 through June 30, 2023. This is a ratification, so the period began before the board vote.","Student health, support & family services",grant_or_funding_in,City of Oakland,organization,,revenue,fixed,85000,,,,,true,2022-07-01,2023-06-30,after_work_began,,,Adopted on the General Consent Report,2022-11-30,true,auto_ok,sonnet-agent,enrich.v3.md
2022-11-30:22-2345,2022-11-30,2022-11-30,special,S.-10,73,general,Chief Academic Officer,22-2345,https://ousd.legistar.com/LegislationDetail.aspx?ID=56613,Services Agreement 2022-2023 - Bay Area Community Resources - Castlemont High School,"Ratification by the Board of Education of a Services Agreement 2022-2023 by and between the District and Bay Area Community Resources, San Rafael, CA, for the latter’s assigned staffer to attend all COST and any other culture and climate relevant meetings; attend BACR meetings and meetings as they are scheduled while prioritizing Case-management and incident appointments; mediate and de-escalate all potential and active incidents within Scope of Work as well as connect youth to the appropriate support systems in and out of school; create restorative agreements with students, parents, faculty; and in conjunction with school site specific policy work towards resolving violent incidents or conflict resolution and restitution when applicable; collaborate and be part of the newly created OUSD’s Anti-Human Trafficking Taskforce; stay informed of and abide by all State, OUSD and Site Specific policies and mandates and reach out to supervisor for support, when necessary; report weekly to supervisor, any incidents, projects, requests for support or updates regarding work; report to site leadership at a rate to be determined by site; and maintain all BACR reporting schedules at Castlemont High School, for the period of September 1, 2022 through December 30, 2022, in an amount not to exceed $12,500.00.",Agreement or Contract,,,n-bay-area-community-resources,,"Pays Bay Area Community Resources up to $12,500 for conflict mediation staff at Castlemont High","Bay Area Community Resources will assign a staff member to Castlemont High School to mediate and de-escalate incidents, connect youth to support, and create restorative agreements with students, parents and faculty. The staffer will also join the district's new Anti-Human Trafficking Taskforce. The cost is capped at $12,500 for September 1, 2022 through December 30, 2022. This is a ratification, so the work began before the board vote.","Student health, support & family services",new_agreement,Bay Area Community Resources,organization,Castlemont High School,expense,not_to_exceed,12500,,,,,true,2022-09-01,2022-12-30,after_work_began,,,Adopted on the General Consent Report,2022-11-30,true,auto_ok,sonnet-agent,enrich.v3.md
2022-11-30:22-2490,2022-11-30,2022-11-30,special,S.-11,74,general,Chief Academic Officer,22-2490,https://ousd.legistar.com/LegislationDetail.aspx?ID=56758&GUID=03CCAEAF-98A8-4707-9A25-27D4D7C9346B,Services Agreement 2022-2023 - Refugee & Immigrant Transitions - Oakland International High School,"Ratification by the Board of Education of a Services Agreement 2022-2023 by and between the District and Refugee & Immigrant Transitions, San Francisco, CA, for the latter to provide two English As a Second Language (ELS) classes for parents and family members of students, as described in Exhibit A of the Agreement, at  Oakland International High School, for the period of November 1, 2022 through May 25, 2023, in an amount not to exceed $38,000.00.",Agreement or Contract,Chief Academic Officer,003563,v-003563,CCSPP Implementation Grant,"Pays Refugee & Immigrant Transitions up to $38,000 for family English classes at Oakland International","Refugee & Immigrant Transitions will teach two English as a Second Language classes for parents and family members of students at Oakland International High School. The cost is capped at $38,000 for November 1, 2022 through May 25, 2023, paid from a community schools implementation grant. This is a ratification, so the work began before the board vote.","Student health, support & family services",new_agreement,Refugee & Immigrant Transitions,organization,Oakland International High School,expense,not_to_exceed,38000,,,,,true,2022-11-01,2023-05-25,after_work_began,,,Adopted on the General Consent Report,2022-11-30,true,auto_ok,sonnet-agent,enrich.v3.md
2022-11-30:22-2492,2022-11-30,2022-11-30,special,S.-12,75,general,Chief Academic Officer,22-2492,https://ousd.legistar.com/LegislationDetail.aspx?ID=56760&GUID=8A61F5CD-CE9D-46EF-9BBC-84792EE76225,Services Agreement 2022-2023 - Nathan Gong - Community Schools and Student Services Department,"Ratification by the Board of Education of a Services Agreement 2022-2023 by and between the District and Nathan Gong, Honomu, HI, for the latter to provide Wayfinder Social-Emotional Learning (SEL) curriculum for four expanded learning sites and provide SEL training for adults who work with Asian Pacific Islander students during expanded learning hours, via Community Schools and Student Services Department, for the period of October 17, 2022 through May 31, 2023, in an amount not to exceed $8,000.00.",Agreement or Contract,Chief Academic Officer,008111,v-008111,Expanded Learning Opp Programs,"Pays up to $8,000 for social-emotional learning curriculum and training at four expanded learning sites","An individual contractor will provide the Wayfinder social-emotional learning curriculum for four expanded learning sites. The contractor will also train adults who work with Asian Pacific Islander students during expanded learning hours. The cost is capped at $8,000 for October 17, 2022 through May 31, 2023. This is a ratification, so the work began before the board vote.",After-school & summer programs,new_agreement,Nathan Gong,individual,,expense,not_to_exceed,8000,,,,,true,2022-10-17,2023-05-31,after_work_began,,,Adopted on the General Consent Report,2022-11-30,true,auto_ok,sonnet-agent,enrich.v3.md
2022-11-30:22-2498,2022-11-30,2022-11-30,special,S.-13,76,general,Chief Academic Officer,22-2498,https://ousd.legistar.com/LegislationDetail.aspx?ID=56766&GUID=3EF618D9-81A8-4C9A-9D31-141AFF855A74,Services Agreement 2022-2023 - Bay Area Video Coalition - Urban Promise Academy,"Ratification by the Board of Education of a Services Agreement 2022-2023 by and between the District and Bay Area Video Coalition, San Francisco, CA, for the latter to facilitate a series of filmmaking classes throughout each semester, for an average of 20 hours/month over the course of the year, as described in Exhibit A of the Agreement, incorporated herein by reference as though fully set forth, at Urban Promise Academy, for the period of August 8, 2022 through May 25, 2023, in an amount not to exceed $20,000.00.",Agreement or Contract,Chief Academic Officer,007829,v-007829,"Measure G, Parcel Tax","Pays Bay Area Video Coalition up to $20,000 for filmmaking classes at Urban Promise Academy","Bay Area Video Coalition will lead a series of filmmaking classes each semester at Urban Promise Academy, averaging 20 hours a month. The cost is capped at $20,000 for August 8, 2022 through May 25, 2023, paid from Measure G parcel tax funds. This is a ratification, so the work began before the board vote.",Classroom & academic programs,new_agreement,Bay Area Video Coalition,organization,Urban Promise Academy,expense,not_to_exceed,20000,,,,,true,2022-08-08,2023-05-25,after_work_began,,,Adopted on the General Consent Report,2022-11-30,true,auto_ok,sonnet-agent,enrich.v3.md
2022-11-30:22-2502,2022-11-30,2022-11-30,special,S.-14,77,general,Chief Academic Officer,22-2502,https://ousd.legistar.com/LegislationDetail.aspx?ID=56770&GUID=E8EC8AED-E163-487F-A38E-4344E3ED3EA3,Services Agreement 2022-2023 - No Cost - Cazadero Performing Arts Camp - Academics and Instruction Department,"Ratification by the Board of Education of a Services Agreement 2022-2023 - No Cost by and between the District and Cazadero Performing Arts Camp, Berkeley, CA, for the latter to provide participating music students from middle schools, with assistance from student high school mentors, its outdoor music education camps, entitled ""Jump Start In Music"" and ""Summer Music Camp"", via Academics and Instruction Department, for the period of September 15, 2022 through September 15, 2023, at no cost to the District.",Agreement or Contract,Chief Academic Officer,,v-008123,No Fiscal Impact,Accepts Cazadero Performing Arts Camp's free music camps for middle school students,"Cazadero Performing Arts Camp will offer its outdoor music camps, Jump Start In Music and Summer Music Camp, to participating middle school music students, with high school student mentors helping. The agreement runs September 15, 2022 through September 15, 2023 at no cost to the district. This is a ratification, so the period began before the board vote.",Classroom & academic programs,new_agreement,Cazadero Performing Arts Camp,organization,,no_cost,,,,,,,true,2022-09-15,2023-09-15,after_work_began,,,Adopted on the General Consent Report,2022-11-30,true,auto_ok,sonnet-agent,enrich.v3.md
2022-11-30:22-2504,2022-11-30,2022-11-30,special,S.-15,78,general,Chief Academic Officer,22-2504,https://ousd.legistar.com/LegislationDetail.aspx?ID=56772&GUID=57D63B4A-1303-4778-93F8-A472261C761A,"Services Agreement 2022-2023 - Sonja Biggs Educ. Svcs, Inc - Special Education Department","Approval by the Board of Education of a Services Agreement 2022-2023 by and between the District and Sonja Biggs Educ. Svcs, Inc, Gilroy, CA, for the latter to provide a Teacher of the Visually Impaired (TVI) to complete assessments and services for students who have documented or suspected visual impairments, via Special Education Department, for the period of November 10, 2022 through June 30, 2023, in an amount not to exceed $87,300.00.",Agreement or Contract,Chief Academic Officer,007411,v-007411,Special Education,"Pays Sonja Biggs Educ. Svcs up to $87,300 for a teacher of students with visual impairments","Sonja Biggs Educ. Svcs, Inc. will provide a Teacher of the Visually Impaired to complete assessments and services for students who have documented or suspected visual impairments. The cost is capped at $87,300 for November 10, 2022 through June 30, 2023.",Special education,new_agreement,"Sonja Biggs Educ. Svcs, Inc",organization,,expense,not_to_exceed,87300,,,,,true,2022-11-10,2023-06-30,after_work_began,,,Adopted on the General Consent Report,2022-11-30,true,auto_ok,sonnet-agent,enrich.v3.md
2022-11-30:22-2534,2022-11-30,2022-11-30,special,S.-16,79,general,Chief Academic Officer,22-2534,https://ousd.legistar.com/LegislationDetail.aspx?ID=56802&GUID=EE68696A-75A2-49DD-99C6-74274AADBFA6,Services Agreement 2022-2023 - The Mosaic Project - Community Schools and Student Services Department,"Ratification by the Board of Education of a Services Agreement 2022-2023 by and between the District and The Mosaic Project, Oakland, CA, for the latter to provide Social Emotional Learning (SEL) assemblies for TK-5 grade students for six (6) months; four sessions of peer mediation training for fourth and fifth grades students around student leadership and conflict; and five staff and family workshops around bully prevention, diversity inclusion and conflict resolution at Bella Vista Elementary School, via Community Schools and Student Services Department, for the period of October 1, 2022 through May 23, 2023, in an amount not to exceed $6,850.00.",Agreement or Contract,Chief Academic Officer,002941,v-002941,ESSER CA Comm School Partner,"Pays The Mosaic Project up to $6,850 for anti-bullying and social-emotional programs at Bella Vista","The Mosaic Project will provide social-emotional learning assemblies for TK-5 students, peer mediation training for fourth and fifth graders, and five staff and family workshops on bully prevention, diversity inclusion and conflict resolution at Bella Vista Elementary School. The cost is capped at $6,850 for October 1, 2022 through May 23, 2023. This is a ratification, so the work began before the board vote.","Student health, support & family services",new_agreement,The Mosaic Project,organization,Bella Vista Elementary School,expense,not_to_exceed,6850,,,,,true,2022-10-01,2023-05-23,after_work_began,,,Adopted on the General Consent Report,2022-11-30,true,auto_ok,sonnet-agent,enrich.v3.md
2022-11-30:22-2535,2022-11-30,2022-11-30,special,S.-17,80,general,Chief Academic Officer,22-2535,https://ousd.legistar.com/LegislationDetail.aspx?ID=56803&GUID=FB5C0DE1-17D1-4685-A123-7001A2A5EDF3,Services Agreement 2022-2023 - Planting Justice - Dewey Academy,"Ratification by the Board of Education of a Services Agreement 2022-2023 by and between the District and Planting Justice, Oakland, CA, for the latter to offer nutrition education that will enable students to test real-life nutritional situations; educate the students on nutrition, and the study of nutrients in food, how the body uses nutrients, and the relationship between diet, health, and disease,  and how to properly lose weight, maintain healthy weight and to gain weight, as described in Exhibit A of the Agreement, incorporated herein by reference as though fully set forth, at Dewey Academy, for the period of September 1, 2022 through June 30, 2023, in an amount not to exceed $10,000.00.",Agreement or Contract,Chief Academic Officer,005237,v-005237,Measure N,"Pays Planting Justice up to $10,000 for nutrition education at Dewey Academy","Planting Justice will teach students at Dewey Academy about nutrition, including how the body uses nutrients and how diet relates to health and disease. The cost is capped at $10,000 for September 1, 2022 through June 30, 2023, paid from Measure N funds. This is a ratification, so the work began before the board vote.",Classroom & academic programs,new_agreement,Planting Justice,organization,Dewey Academy,expense,not_to_exceed,10000,,,,,true,2022-09-01,2023-06-30,after_work_began,,,Adopted on the General Consent Report,2022-11-30,true,auto_ok,sonnet-agent,enrich.v3.md
2022-11-30:22-2536,2022-11-30,2022-11-30,special,S.-18,81,general,Chief Academic Officer,22-2536,https://ousd.legistar.com/LegislationDetail.aspx?ID=56804&GUID=3D622581-4D70-4D31-A5BD-9E52466443DD,Services Agreement 2022-2023 - Spanish Speaking Unity Council - Office of Equity,"Approval by the Board of Education of a Services Agreement 2022-2023 by and between the District and Spanish Speaking Unity Council, Oakland, CA, for the latter to offer its Latino Men and Boys Program (LMBP), a coordinated and comprehensive system of academic and support systems to Latino males and other students of color, their families, and the Oakland community for approximately two hundred young men and their families from Fremont High School, Skyline High School, Frick United Academy of Knowledge, Bret Harte Middle School, Roosevelt Middle School, and Oakland High School, via Office of Equity, for the period of September 1, 2022 through May 31, 2023, in an amount not to exceed $200,000.00.",Agreement or Contract,Chief Academic Officer,004014,v-004014,Central Concentration,"Pays Spanish Speaking Unity Council up to $200,000 for its Latino Men and Boys Program at six schools","Spanish Speaking Unity Council will run its Latino Men and Boys Program, which offers academic and support services to Latino males and other students of color and their families. It will serve about 200 young men and their families from six Oakland schools. The cost is capped at $200,000 for September 1, 2022 through May 31, 2023.","Student health, support & family services",new_agreement,Spanish Speaking Unity Council,organization,Fremont High School; Skyline High School; Frick United Academy of Knowledge; Bret Harte Middle School; Roosevelt Middle School; Oakland High School,expense,not_to_exceed,200000,,,,,true,2022-09-01,2023-05-31,after_work_began,,,Adopted on the General Consent Report,2022-11-30,true,auto_ok,sonnet-agent,enrich.v3.md
2022-11-30:22-2537,2022-11-30,2022-11-30,special,S.-19,82,general,Chief Academic Officer,22-2537,https://ousd.legistar.com/LegislationDetail.aspx?ID=56805&GUID=B02FB99D-663D-4B1E-A592-E5D28C346816,Services Agreement 2022-2023 - Instruction Partners - Acorn Woodland Elementary School,"Ratification by the Board of Education of a Services Agreement 2022-2023 by and between the District and Instruction Partners, Nashville, TN, for the latter to work on improving current goals for students and instructional improvement, as described in Exhibit A of the Agreement, incorporated herein by reference as though fully set forth at Acorn Woodland Elementary School, for the period of August 15, 2022 through May 25, 2023, in an amount not to exceed $42,594.00.",Agreement or Contract,Chief Academic Officer,007467,v-007467,ESSER II and ESSER III,"Pays Instruction Partners up to $42,594 for instructional improvement work at Acorn Woodland Elementary","Instruction Partners will work with Acorn Woodland Elementary School on improving student goals and teaching. The cost is capped at $42,594 for August 15, 2022 through May 25, 2023, paid from federal pandemic relief (ESSER) funds. This is a ratification, so the work began before the board vote.",Classroom & academic programs,new_agreement,Instruction Partners,organization,Acorn Woodland Elementary School,expense,not_to_exceed,42594,,,,,true,2022-08-15,2023-05-25,after_work_began,,,Adopted on the General Consent Report,2022-11-30,true,auto_ok,sonnet-agent,enrich.v3.md
2022-11-30:22-2538,2022-11-30,2022-11-30,special,S.-20,83,general,Chief Academic Officer,22-2538,https://ousd.legistar.com/LegislationDetail.aspx?ID=56806&GUID=4221656D-5F7C-49A5-BF1F-C73BBA3FE4A9,"Services Agreement 2022-2023 - Attitudinal Healing Connection, Inc - West Oakland Middle School","Ratification by the Board of Education of a Services Agreement 2022-2023 by and between the District and Attitudinal Healing Connection, Inc, Oakland, CA, for the latter to provide arts enrichment to students, including African drumming instruction two days per week and perform several times throughout the school year; and after school enrichment and daytime arts integration on a weekly basis to students at West Oakland Middle School, for the period of October 11, 2022 through May 31, 2023, in an amount not to exceed $25,000.00.",Agreement or Contract,Chief Academic Officer,000532,v-000532,"Measure G, Parcel Tax","Pays Attitudinal Healing Connection up to $25,000 for arts enrichment at West Oakland Middle School","Attitudinal Healing Connection will provide arts enrichment at West Oakland Middle School, including African drumming two days a week with performances during the year. It will also provide weekly after-school enrichment and arts work during the school day. The cost is capped at $25,000 for October 11, 2022 through May 31, 2023. This is a ratification, so the work began before the board vote.",Classroom & academic programs,new_agreement,"Attitudinal Healing Connection, Inc",organization,West Oakland Middle School,expense,not_to_exceed,25000,,,,,true,2022-10-11,2023-05-31,after_work_began,,,Adopted on the General Consent Report,2022-11-30,true,auto_ok,sonnet-agent,enrich.v3.md
2022-11-30:22-2543,2022-11-30,2022-11-30,special,S.-21,84,general,Chief Academic Officer,22-2543,https://ousd.legistar.com/LegislationDetail.aspx?ID=56811&GUID=4D18C31A-E4C9-4EFE-86D3-53FB332C3302,Services Agreement 2022-2023 - The Grove Consultants International - Community Schools and Student Services Department,"Ratification by the Board of Education of Services Agreement 2022-2023 by and between the District and The Grove Consultants International, Novato, CA, for the latter to convene District leaders to embrace and prepare for large-scale increase in Expanded Learning services throughout the District, as described in Exhibit A of the Agreement, incorporated herein by reference as though fully set forth, via the Community Schools and Student Services Department, for the period of November 1, 2022 through June 30, 2023, in an amount not to exceed $28,000.00.",Agreement or Contract,Chief Academic Officer,008133,v-008133,Expanded Learning Opportunities Program,"Pays The Grove Consultants up to $28,000 to help district leaders plan for expanded learning growth","The Grove Consultants International will bring district leaders together to prepare for a large increase in expanded learning services across the district. The cost is capped at $28,000 for November 1, 2022 through June 30, 2023, paid from the Expanded Learning Opportunities Program. This is a ratification, so the work began before the board vote.",After-school & summer programs,new_agreement,The Grove Consultants International,organization,,expense,not_to_exceed,28000,,,,,true,2022-11-01,2023-06-30,after_work_began,,,Adopted on the General Consent Report,2022-11-30,true,auto_ok,sonnet-agent,enrich.v3.md
2022-11-30:22-2544,2022-11-30,2022-11-30,special,S.-22,85,general,Chief Academic Officer,22-2544,https://ousd.legistar.com/LegislationDetail.aspx?ID=56812&GUID=2FC0ECC6-9D14-4EEF-A1D5-CB35A4C8D8ED,Services Agreement 2022-2023 - East Bay Consortium - Dewey Academy,"Ratification by the Board of Education of a Services Agreement 2022-2023 by and between the District and East Bay Consortium, Oakland, CA, for the latter to provide college student staff (3-4 tutors) to offer in class academic support to students in various classes, as described in Exhibit A of the Agreement, incorporated herein by reference as though fully set forth, at Dewey Academy, for the period of November 1, 2022 through May 24, 2023, in an amount not to exceed $20,000.00.",Agreement or Contract,Chief Academic Officer,001478,v-001478,Measure N,"Pays East Bay Consortium up to $20,000 for college tutors at Dewey Academy","East Bay Consortium will provide three to four college student tutors to give in-class academic support in various classes at Dewey Academy. The cost is capped at $20,000 for November 1, 2022 through May 24, 2023, paid from Measure N funds. This is a ratification, so the work began before the board vote.",Classroom & academic programs,new_agreement,East Bay Consortium,organization,Dewey Academy,expense,not_to_exceed,20000,,,,,true,2022-11-01,2023-05-24,after_work_began,,,Adopted on the General Consent Report,2022-11-30,true,auto_ok,sonnet-agent,enrich.v3.md
2022-11-30:22-2545,2022-11-30,2022-11-30,special,S.-23,86,general,Chief Academic Officer,22-2545,https://ousd.legistar.com/LegislationDetail.aspx?ID=56813&GUID=FA1B13A8-7DF4-439B-BC31-1AFD3A199D79,Services Agreement 2022-2023 - We Lead Ours - Roosevelt Middle School,"Approval by the Board of Education of a Services Agreement 2022-2023 by and between the District and We Lead Ours (WELO), Oakland, CA, for the latter to provide emotional regulation, strengths, based assessments, restorative justice and anger management for the students referred to the WELO caseload at Roosevelt Middle School, for the period of September 1, 2022 through May 31, 2023, in an amount not to exceed $28,800.00.",Agreement or Contract,Chief Academic Officer,004574,v-004574,AB1840 School Consolidation,"Pays We Lead Ours up to $28,800 for student behavior and restorative justice support at Roosevelt Middle","We Lead Ours (WELO) will work with students referred to its caseload at Roosevelt Middle School on emotional regulation, strengths-based assessments, restorative justice and anger management. The cost is capped at $28,800 for September 1, 2022 through May 31, 2023.","Student health, support & family services",new_agreement,We Lead Ours,organization,Roosevelt Middle School,expense,not_to_exceed,28800,,,,,true,2022-09-01,2023-05-31,after_work_began,,,Adopted on the General Consent Report,2022-11-30,true,auto_ok,sonnet-agent,enrich.v3.md
2022-11-30:22-2556,2022-11-30,2022-11-30,special,S.-24,87,general,Chief Academic Officer,22-2556,https://ousd.legistar.com/LegislationDetail.aspx?ID=56824&GUID=EC057248-163F-47F0-AABE-76904886679E,Services Agreement 2022-2023 - Cantare Con Vivo - La Escuelita Elementary School,"Ratification by the Board of Education of a Services Agreement 2022-2023 by and between the District and Cantare Con Vivo, Oakland, CA, for the latter to provide weekly music instruction for students, focusing on music fundamentals in a sequential curriculum fulfilling National Core Arts Standards that supports language development and social studies, as well as promoting community and teamwork at La Escuelita Elementary School, for the period of July 1, 2022 through June 30, 2023, in an amount not to exceed $21,448.00.",Agreement or Contract,Chief Academic Officer,000940,v-000940,"Measure G, Parcel Tax","Pays Cantare Con Vivo up to $21,448 for weekly music classes at La Escuelita Elementary","Cantare Con Vivo will give students weekly music instruction at La Escuelita Elementary School, teaching music fundamentals in a step-by-step curriculum that supports language development and social studies. The cost is capped at $21,448 for July 1, 2022 through June 30, 2023. This is a ratification, so the period began before the board vote.",Classroom & academic programs,new_agreement,Cantare Con Vivo,organization,La Escuelita Elementary School,expense,not_to_exceed,21448,,,,,true,2022-07-01,2023-06-30,after_work_began,,,Adopted on the General Consent Report,2022-11-30,true,auto_ok,sonnet-agent,enrich.v3.md
2022-11-30:22-2558,2022-11-30,2022-11-30,special,S.-25,88,general,Chief Academic Officer,22-2558,https://ousd.legistar.com/LegislationDetail.aspx?ID=56826&GUID=6013B8CA-02E1-4A5E-B6AB-48F08349328F,Services Agreement 2022-2023 - Zymbolic LLC - Office of Equity,"Ratification by the Board of Education of a Services Agreement 2022-2023 by and between the District and Zymbolic LLC, Oakland, CA, for the latter to provide training, consulting and professional development, incorporating elements of Restorative Justice, Psychology and Equity into a cohesive framework, via Office of Equity, for the period of October 3, 2022 through May 3, 2023, in an amount not to exceed $20,000.00.",Agreement or Contract,Chief Academic Officer,007679,v-007679,S&C Carryover,"Pays Zymbolic LLC up to $20,000 for restorative justice and equity training","Zymbolic LLC will provide training, consulting and professional development that combines restorative justice, psychology and equity into one framework, through the Office of Equity. The cost is capped at $20,000 for October 3, 2022 through May 3, 2023. This is a ratification, so the work began before the board vote.",Classroom & academic programs,new_agreement,Zymbolic LLC,organization,,expense,not_to_exceed,20000,,,,,true,2022-10-03,2023-05-03,after_work_began,,,Adopted on the General Consent Report,2022-11-30,true,auto_ok,sonnet-agent,enrich.v3.md
2022-11-30:22-2559,2022-11-30,2022-11-30,special,S.-26,89,general,Chief Academic Officer,22-2559,https://ousd.legistar.com/LegislationDetail.aspx?ID=56827&GUID=2A570721-D3F2-48D7-8000-2C4F64B0A684,Services Agreement 2022-2023 - Kids Cooking For Life - Franklin Elementary School,"Ratification by the Board of Education of a Services Agreement 2022-2023 by and between the District and Kids Cooking For Life, Larkspur, CA, for the latter to facilitate cooking lessons for 100  4-5 grade students, including exposure to the science of mixing ingredients, creative thinking, note taking, observation, attention to details, communication, team work, peer interaction, cultural foods, and the different flavors of food from around the world at Franklin Elementary School, for the period of October 19, 2022 through May 24, 2023, in an amount not to exceed $4,500.00.",Agreement or Contract,Chief Academic Officer,007225,v-007225,Donations,"Pays Kids Cooking For Life up to $4,500 for cooking lessons at Franklin Elementary","Kids Cooking For Life will teach cooking lessons to 100 fourth and fifth graders at Franklin Elementary School, covering the science of mixing ingredients, teamwork, cultural foods and flavors from around the world. The cost is capped at $4,500 for October 19, 2022 through May 24, 2023, paid from donations. This is a ratification, so the work began before the board vote.",Classroom & academic programs,new_agreement,Kids Cooking For Life,organization,Franklin Elementary School,expense,not_to_exceed,4500,,,,,true,2022-10-19,2023-05-24,after_work_began,,,Adopted on the General Consent Report,2022-11-30,true,auto_ok,sonnet-agent,enrich.v3.md
2022-11-30:22-2563,2022-11-30,2022-11-30,special,S.-27,90,general,Chief Academic Officer,22-2563,https://ousd.legistar.com/LegislationDetail.aspx?ID=56831&GUID=2D76ACC7-C96A-4A13-AB15-7FD92EDA6819,Services Agreement 2022-2023 - Design For Equity LLC - Office of Equity,"Ratification by the Board of Education of a Services Agreement 2022-2023 by and between the District and Design For Equity LLC, Oakland, CA, for the latter to provide “Administrative Regulations Policy and Process Leadership, Strategy and Grant Development Final Curriculum and support Facilitation of Trainings for Equity Index Tool use at school sites (Early Implementation in Racial Equity Champions Cohort 1 and 2) in collaboration with Antiracist”, via Office of Equity, for the period of October 3, 2022 through May 26, 2023, in an amount not to exceed $23,000.00.",Agreement or Contract,Chief Academic Officer,007190,v-007190,Central Concentration,"Pays Design For Equity LLC up to $23,000 for equity tool training and policy support","Design For Equity LLC will provide policy and process leadership, strategy and grant development, final curriculum, and trainings on using the Equity Index Tool at school sites, starting with two Racial Equity Champions groups. The work is done through the Office of Equity. The cost is capped at $23,000 for October 3, 2022 through May 26, 2023. This is a ratification, so the work began before the board vote.",Classroom & academic programs,new_agreement,Design For Equity LLC,organization,,expense,not_to_exceed,23000,,,,,true,2022-10-03,2023-05-26,after_work_began,,,Adopted on the General Consent Report,2022-11-30,true,auto_ok,sonnet-agent,enrich.v3.md
2022-11-30:22-2566,2022-11-30,2022-11-30,special,S.-28,91,general,Chief Academic Officer,22-2566,https://ousd.legistar.com/LegislationDetail.aspx?ID=56834&GUID=CAAAD439-2446-473A-A52A-639CD39645B5,Services Agreement 2022-2023 - Helena Jack - Elmhurst United Middle School,"Ratification by the Board of Education of a Services Agreement 2022-2023 by and between the District and Helena Jack, Antioch, CA, for the latter to provide technical support and assistance to build out a multi-faceted music and performing arts program at Elmhurst United Middle School, for the period of October 24, 2022 through May 31, 2023, in an amount not to exceed $20,000.00.",Agreement or Contract,Chief Academic Officer,007982,v-007982,Unrestricted Supplemental,"Pays a consultant up to $20,000 to build a music and performing arts program at Elmhurst United Middle","An individual consultant will provide technical support and assistance to build a multi-faceted music and performing arts program at Elmhurst United Middle School. The cost is capped at $20,000 for October 24, 2022 through May 31, 2023. This is a ratification, so the work began before the board vote.",Classroom & academic programs,new_agreement,Helena Jack,individual,Elmhurst United Middle School,expense,not_to_exceed,20000,,,,,true,2022-10-24,2023-05-31,after_work_began,,,Adopted on the General Consent Report,2022-11-30,true,auto_ok,sonnet-agent,enrich.v3.md
2022-11-30:22-2567,2022-11-30,2022-11-30,special,S.-29,92,general,Chief Academic Officer,22-2567,https://ousd.legistar.com/LegislationDetail.aspx?ID=56835&GUID=A84CC38C-0D2E-4CEE-A259-0318F76EDCD8,Services Agreement 2022-2023 - Lia Izenberg Coaching and Consulting - Chief Academic Officer,"Ratification by the Board of Education of a Services Agreement 2022-2023 by and between the District and Lia Izenberg Coaching and Consulting, Oakland, CA, for the latter to support the school staff’s hardware and software needs, using OUSD technology resources and personal knowledge, as stated in Exhibit A of the Agreement, incorporated herein by reference as though fully set forth, via Office of the Chief Academic Officer, for the period of September 1, 2022 through January 15, 2023, in an amount not to exceed $4,750.00.",Agreement or Contract,Chief Academic Officer,006721,v-006721,S&C Carryover,"Pays Lia Izenberg Coaching and Consulting up to $4,750 for school staff technology support","Lia Izenberg Coaching and Consulting will support school staff with their hardware and software needs, using district technology resources and personal knowledge. The work is done through the Office of the Chief Academic Officer. The cost is capped at $4,750 for September 1, 2022 through January 15, 2023. This is a ratification, so the work began before the board vote.",Technology,new_agreement,Lia Izenberg Coaching and Consulting,organization,,expense,not_to_exceed,4750,,,,,true,2022-09-01,2023-01-15,after_work_began,,,Adopted on the General Consent Report,2022-11-30,true,auto_ok,sonnet-agent,enrich.v3.md
2022-11-30:22-2569,2022-11-30,2022-11-30,special,S.-30,93,general,Chief Academic Officer,22-2569,https://ousd.legistar.com/LegislationDetail.aspx?ID=56837&GUID=7F8D6610-3747-4D9D-B7C0-AB869F5CAAC1,Services Agreement 2022-2023 - Lauren Markham - Oakland International High School,"Ratification by the Board of Education of a Services Agreement 2022-2023 by and between the District and Lauren Markham, Berkeley, CA, for the latter to assist with grant writing, grant reporting, with a focus on OFCY, Zellerbach, ACE grants, and 21st Century reapplication funding; assist with coaching the wellness staff/Community School Manager; and support the school’s Learning Lab with convenings and trainings on school’s community school model at Oakland International High School (OHIS), for the period of January 1, 2023 through April 30, 2023, in an amount not to exceed $20,000.00.",Agreement or Contract,Chief Academic Officer,008113,v-008113,Silicon Valley Foundation,"Pays a consultant up to $20,000 for grant writing and community school support at Oakland International","An individual consultant will help Oakland International High School with grant writing and reporting, coach the wellness staff and Community School Manager, and support the school's Learning Lab with convenings and trainings on its community school model. The cost is capped at $20,000 for January 1, 2023 through April 30, 2023, paid from Silicon Valley Foundation funds.","Student health, support & family services",new_agreement,Lauren Markham,individual,Oakland International High School,expense,not_to_exceed,20000,,,,,true,2023-01-01,2023-04-30,,,,Adopted on the General Consent Report,2022-11-30,true,auto_ok,sonnet-agent,enrich.v3.md
2022-11-30:22-2570,2022-11-30,2022-11-30,special,S.-31,94,general,Chief Academic Officer,22-2570,https://ousd.legistar.com/LegislationDetail.aspx?ID=56838&GUID=840DF7B5-A64E-4478-BCD6-F791AF61A061,Services Agreement 2022-2023 - Julia DeGuzman - Oakland High School,"Ratification by the Board of Education of a Services Agreement 2022-2023 by and between the District and Julia DeGuzman, Oakland, CA, for the latter to support families and parents by holding several family engagement nights, focusing on how to support the child and his/her academic success while transitioning from middle school to high school and other tasks, described in Exhibit A of the Agreement, incorporated herein by reference as though fully set forth, at Oakland High School, for the period of August 8, 2022 through May 25, 2023, in an amount not to exceed $6,000.00.",Agreement or Contract,Chief Academic Officer,001329,v-001329,Unrestricted Supplemental,"Pays a family engagement consultant up to $6,000 for Oakland High transition nights","The district hires an Oakland-based individual to hold several family engagement nights at Oakland High School. The nights help parents support their child's success in the move from middle school to high school. The term runs August 8, 2022 to May 25, 2023, and the agreement's start date is before this vote.","Student health, support & family services",new_agreement,Julia DeGuzman,individual,Oakland High School,expense,not_to_exceed,6000,,,,,true,2022-08-08,2023-05-25,after_work_began,,,Adopted on the General Consent Report,2022-11-30,true,auto_ok,sonnet-agent,enrich.v3.md
2022-11-30:22-2572,2022-11-30,2022-11-30,special,S.-32,95,general,Chief Academic Officer,22-2572,https://ousd.legistar.com/LegislationDetail.aspx?ID=56840&GUID=B8AEE546-AA93-4DBB-A77D-7D0B404EBD3F,Services Agreement 2022-2023 - Kristi Yamaguchi's Always Dream - Community Schools and Student Services Department,"Ratification by the Board of Education of a Services Agreement 2022-2023 by and between the District and Kristi Yamaguchi's Always Dream, Danville, CA, for the latter to provide to three (3) kindergarten, one (1) transitional kindergarten, and one (1) TK/K SDC classes, through it’s Always Reading TM Program, access to high quality books in the home environment and extensive family engagement support, as described in Exhibit A of the Agreement, incorporated herein by reference as though fully set forth, at Allendale Elementary School, via Community Schools and Student Services Department, for the period of September 1, 2022 through May 31, 2023, in an amount not to exceed $13,600.00.",Agreement or Contract,Chief Academic Officer,005797,v-005797,ESSER CA Comm School Partner,"Pays Kristi Yamaguchi's Always Dream up to $13,600 for books and family support at Allendale","The nonprofit's Always Reading program gives five kindergarten and transitional kindergarten classes at Allendale Elementary School high-quality books for home, plus family engagement support. The term runs September 1, 2022 to May 31, 2023, and the agreement's start date is before this vote.",Classroom & academic programs,new_agreement,Kristi Yamaguchi's Always Dream,organization,Allendale Elementary School,expense,not_to_exceed,13600,,,,,true,2022-09-01,2023-05-31,after_work_began,,,Adopted on the General Consent Report,2022-11-30,true,auto_ok,sonnet-agent,enrich.v3.md
2022-11-30:22-2579,2022-11-30,2022-11-30,special,S.-33,96,general,Chief Academic Officer,22-2579,https://ousd.legistar.com/LegislationDetail.aspx?ID=56847&GUID=FFCDA794-E921-45B0-8283-7D5734743986,Services Agreement 2022-2023 - Village-Connect - Community Schools and Student Services Department,"Ratification by the Board of Education of a Services Agreement 2022-2023 by and between the District and Village-Connect, San Leandro, CA, for the latter to provide a workshop based on ""coaching"" participants (15-20 parents selected by the McKinney Vento Team) in self-discovery and transformative change, as described in Exhibit A of Agreement, incorporated herein by reference as though fully set forth, via Community Schools and Student Services Department, for the period of January 9, 2023 through May 26, 2023, in an amount not to exceed $5,000.00.",Agreement or Contract,Chief Academic Officer,008021,v-008021,Homeless Children & Youth II,"Pays Village-Connect up to $5,000 for a coaching workshop for McKinney-Vento parents","Village-Connect will run a workshop that coaches 15 to 20 parents, chosen by the district's McKinney-Vento team (which supports students experiencing homelessness), in self-discovery and change. The term runs January 9, 2023 to May 26, 2023.","Student health, support & family services",new_agreement,Village-Connect,organization,,expense,not_to_exceed,5000,,,,,true,2023-01-09,2023-05-26,,,,Adopted on the General Consent Report,2022-11-30,true,auto_ok,sonnet-agent,enrich.v3.md
2022-11-30:22-2580,2022-11-30,2022-11-30,special,S.-34,97,general,Chief Academic Officer,22-2580,https://ousd.legistar.com/LegislationDetail.aspx?ID=56848&GUID=AC7ACDFB-FC04-489D-AE9D-60F80353A3FF,Services Agreement 2022-2023 - Laguna Physical Therapy and Hand Rehabilitation - Special Education Department,"Ratification by the Board of Education of a Services Agreement 2022-2023 by and between the District and Laguna Physical Therapy and Hand Rehabilitation, Elk Grove, CA, for the latter to provide direct physical and occupational therapy to students in their learning environment, work on gross motor activities, conduct comprehensive evaluations of individual movement limitations and areas of pain, provide reports for Individualized Education Plans (IEPs), provide treatment plans and attend IEP meetings, via Special Education Department, for the period of October 31, 2022 through July 31, 2023, in an amount not to exceed $50,000.00.",Agreement or Contract,Chief Academic Officer,008109,v-008109,Special Education,"Pays Laguna Physical Therapy up to $50,000 for student physical and occupational therapy","Laguna Physical Therapy and Hand Rehabilitation will give students physical and occupational therapy at school, evaluate their movement limits and pain, write treatment plans and reports for individual education plans (IEPs), and attend IEP meetings. The term runs October 31, 2022 to July 31, 2023, and the agreement's start date is before this vote.",Special education,new_agreement,Laguna Physical Therapy and Hand Rehabilitation,organization,,expense,not_to_exceed,50000,,,,,true,2022-10-31,2023-07-31,after_work_began,,,Adopted on the General Consent Report,2022-11-30,true,auto_ok,sonnet-agent,enrich.v3.md
2022-11-30:22-2581,2022-11-30,2022-11-30,special,S.-35,98,general,Chief Academic Officer,22-2581,https://ousd.legistar.com/LegislationDetail.aspx?ID=56849&GUID=7779729C-1C26-4A91-9FAB-346EB7353DFA,"Services Agreement 2022-2023 - Cityspan Technologies, Inc. - Community Schools and Student Services Department","Ratification by the Board of Education of a Services Agreement 2022-2023 by and between the District and Cityspan Technologies, Inc., Berkeley, CA, for the latter to provide licensed software, hosting it at the Cityspan Data Center, which will import after school attendance data from AERIES and will facilitate data transfer to Oakland Fund for Children and Youth (OFCY) Cityspan database, via Community Schools and Student Services Department, for the period of November 1, 2022 through June 30, 2023, in an amount not to exceed $15,000.00.",Agreement or Contract,Chief Academic Officer,001094,v-001094,After School Educ & Safety,"Pays Cityspan Technologies up to $15,000 for after-school attendance software","Cityspan provides licensed software, hosted in its own data center, that imports after-school attendance data from the district's AERIES student system and passes it to the Oakland Fund for Children and Youth database. The term runs November 1, 2022 to June 30, 2023, and the agreement's start date is before this vote.",Technology,new_agreement,"Cityspan Technologies, Inc.",organization,,expense,not_to_exceed,15000,,,,,true,2022-11-01,2023-06-30,after_work_began,,,Adopted on the General Consent Report,2022-11-30,true,auto_ok,sonnet-agent,enrich.v3.md
2022-11-30:22-2582,2022-11-30,2022-11-30,special,S.-36,99,general,Chief Academic Officer,22-2582,https://ousd.legistar.com/LegislationDetail.aspx?ID=56850&GUID=E54BEE34-0B93-4181-AEA7-A8AADDBA3BC5,Services Agreement 2022-2023 - The IKUNA Group - Community Schools and Student Services Department,"Approval by the Board of Education of a Services Agreement 2022-2023 by and between the District and The IKUNA Group, Oakland, CA, for the latter to provide programming that will engage students in ways that can help improve academic skill levels and introduce students to new subjects and ideas to strengthen their academic foundation and support growth during their academic journey, including using the Navigator curriculum to introduce Pacific Islander History & Culture in the classroom, via the Community Schools and Student Services Department, for the period of November 14, 2022 through May 30, 2023, in an amount not to exceed $96,000.00.",Agreement or Contract,Chief Academic Officer,006859,v-006859,Expanded Learning Opp Programs,"Pays The IKUNA Group up to $96,000 for student programming, including Pacific Islander history","The IKUNA Group will provide programming to strengthen students' academic skills and introduce new subjects, including a curriculum on Pacific Islander history and culture in the classroom. It is run through the Community Schools and Student Services Department. The term runs November 14, 2022 to May 30, 2023.",Classroom & academic programs,new_agreement,The IKUNA Group,organization,,expense,not_to_exceed,96000,,,,,true,2022-11-14,2023-05-30,after_work_began,,,Adopted on the General Consent Report,2022-11-30,true,auto_ok,sonnet-agent,enrich.v3.md
2022-11-30:22-2609,2022-11-30,2022-11-30,special,S.-37,100,general,Chief Academic Officer,22-2609,https://ousd.legistar.com/LegislationDetail.aspx?ID=56877&GUID=5EA6369A-1DAD-40C6-8388-22F0A1811B70,Services Agreement 2022-2023 - FOODCORPS - Community Schools and Student Services Department,"Approval by the Board of Education of a Services Agreement 2022-2023 by and between the District and FoodCorps, Oakland, CA, for the latter to provide partnership with 12 FoodCorps Service Members who will serve 20 Title 1 Elementary schools and centralized programming and supports at The Central Kitchen, Education Center and Instructional Garden and Farm, as described in Exhibit A of the Agreement, incorporated herein by reference as though fully set forth, via Community Schools and Student Services Department, for the period of August 8, 2022 through June 30, 2023, in an amount not to exceed $120,000.00.",Agreement or Contract,Chief Academic Officer,001717,v-001717,"Kaiser Health&wellness W/ebcf, Alam.cty.pub.health-health&wel","Pays FoodCorps up to $120,000 for 12 service members in 20 Title 1 elementary schools","FoodCorps partners with the district to place 12 service members who serve 20 Title 1 elementary schools. It also supports programming at the Central Kitchen, Education Center and Instructional Garden and Farm. The term runs August 8, 2022 to June 30, 2023, and the agreement's start date is before this vote.","Student health, support & family services",new_agreement,FoodCorps,organization,,expense,not_to_exceed,120000,,,,,true,2022-08-08,2023-06-30,after_work_began,,,Adopted on the General Consent Report,2022-11-30,true,auto_ok,sonnet-agent,enrich.v3.md
2022-11-30:22-2611,2022-11-30,2022-11-30,special,S.-38,101,general,Chief Academic Officer,22-2611,https://ousd.legistar.com/LegislationDetail.aspx?ID=56879&GUID=2EF8418F-C881-4307-8E53-2378E617A4ED,Services Agreement 2022-2023 - Rito Global LLC - Community Schools and Student Services Department,"Ratification by the Board of Education of a Services Agreement 2022-2023 by and between the District and Rito Global LLC, San Leandro, CA, for the latter to provide administrative support with the Expanded Learning Office with youth sports programs, as follows:

·	Assist with recruitment of students/families to the youth sports events -Project manage youth sports event throughout 2022-23 SY;
·	Develop a detailed calendar and plan to implement youth sports program for intercession period;
·	Ensure logistics and operational components are implemented to support program success -Assist with secure facilities and supplies for the event -Communication of intercession youth sports program prior events; and 
·	Design and implement youth sports survey or any data required by the district or grant - Manage district/grant compliance, like attendance, sign-in/out sheets,

via Community Schools and Student Services Department, for the period of October 1, 2022   through June 30, 2023, in an amount not to exceed $45,000.00.",Agreement or Contract,Chief Academic Officer,008101,v-008101,Expanded Learning Opp Programs,"Pays Rito Global up to $45,000 to help run youth sports programs for the Expanded Learning Office","Rito Global provides administrative support for youth sports programs: recruiting students and families, planning events and a calendar, handling logistics and supplies, running surveys, and managing attendance and grant paperwork. The term runs October 1, 2022 to June 30, 2023, and the agreement's start date is before this vote.",After-school & summer programs,new_agreement,Rito Global LLC,organization,,expense,not_to_exceed,45000,,,,,true,2022-10-01,2023-06-30,after_work_began,,,Adopted on the General Consent Report,2022-11-30,true,auto_ok,sonnet-agent,enrich.v3.md
2022-11-30:22-2612,2022-11-30,2022-11-30,special,S.-39,102,general,Chief Academic Officer,22-2612,https://ousd.legistar.com/LegislationDetail.aspx?ID=56880&GUID=9567AE71-7C8E-4936-8D16-A69E0196F854,"Services Agreement 2022-2023 - Mumford and Associates, LLC - Community Schools and Student Services Department","Ratification by the Board of Education of a Services Agreement 2022-2023 by and between the District and Mumford and Associates, LLC, Little Rock, AR, for the latter to provide consulting services to the District, including one-on-one coaching for a youth sports organization, program planning, implementation, and evaluation, emergency preparedness administration, and other public consulting services needs as determined during the duration of the contract; help the Expanded Learning Office design, implement, and reflect on the Elementary Sports Program as described in Exhibit A of the Agreement, incorporated herein by reference as though fully set forth, via Community Schools and Student Services Department, for the period of October 3, 2022 through June 30, 2023, in an amount not to exceed $80,000.00.",Agreement or Contract,Chief Academic Officer,008104,v-008104,Expanded Learning Opp Programs,"Pays Mumford and Associates up to $80,000 for consulting on the elementary sports program","Mumford and Associates, based in Little Rock, Arkansas, will coach a youth sports organization and help the Expanded Learning Office plan, run and evaluate the Elementary Sports Program. It will also advise on emergency preparedness and other consulting needs. The term runs October 3, 2022 to June 30, 2023, and the agreement's start date is before this vote.",After-school & summer programs,new_agreement,"Mumford and Associates, LLC",organization,,expense,not_to_exceed,80000,,,,,true,2022-10-03,2023-06-30,after_work_began,,,Adopted on the General Consent Report,2022-11-30,true,auto_ok,sonnet-agent,enrich.v3.md
2022-11-30:22-2613,2022-11-30,2022-11-30,special,S.-40,103,general,Chief Academic Officer,22-2613,https://ousd.legistar.com/LegislationDetail.aspx?ID=56881&GUID=726C5B36-F597-4D4C-B468-426F550B2987,Services Agreement 2022-2023 - The Pinkney Foundation - Community Schools and Student Services Department,"Ratification by the Board of Education of a Services Agreement 2022-2023 by and between the District and The Pinkney Foundation, Pittsburg, CA, for the latter, through its Ace Kids Golf Program, to provide course access, coaches, equipment, life skills training, and more, described in Exhibit A of the Agreement, via Community Schools and Student Services Department, for the period of November 1, 2022 through May 31, 2023, in an amount not to exceed $51,495.00.",Agreement or Contract,Chief Academic Officer,008077,v-008077,Expanded Learning Opp Programs,"Pays The Pinkney Foundation up to $51,495 for its Ace Kids Golf program","The Pinkney Foundation, through its Ace Kids Golf Program, provides course access, coaches, equipment and life skills training for students. The term runs November 1, 2022 to May 31, 2023, and the agreement's start date is before this vote.",After-school & summer programs,new_agreement,The Pinkney Foundation,organization,,expense,not_to_exceed,51495,,,,,true,2022-11-01,2023-05-31,after_work_began,,,Adopted on the General Consent Report,2022-11-30,true,auto_ok,sonnet-agent,enrich.v3.md
2022-11-30:22-2616,2022-11-30,2022-11-30,special,S.-41,104,general,Chief Academic Officer,22-2616,https://ousd.legistar.com/LegislationDetail.aspx?ID=56884&GUID=B655E9E2-07EE-400B-9731-869C4720B858,Services Agreement 2022-2023 - No Cost - Oakland Ballet - Oakland Academy of Knowledge,"Ratification by the Board of Education of a Services Agreement 2022-2023 - No Cost by and between the District and Oakland Ballet, Oakland, CA, for the latter to provide weekly dance classes to develop movement, creativity, problem solving and collaboration skills for 3rd grade students, with performance opportunities available for students to display the skills learned in class, at Oakland Academy of Knowledge, for the period of November 9, 2022 through March 8, 2023, at no cost to the District.",Agreement or Contract,Chief Academic Officer,007614,v-007614,No Fiscal Impact,Accepts free weekly dance classes from Oakland Ballet for 3rd graders at Oakland Academy of Knowledge,"Oakland Ballet will teach weekly dance classes to 3rd grade students to build movement, creativity, problem solving and teamwork, with chances to perform. It costs the district nothing. The term runs November 9, 2022 to March 8, 2023, and the agreement's start date is before this vote.",Classroom & academic programs,new_agreement,Oakland Ballet,organization,Oakland Academy of Knowledge,no_cost,,,,,,,true,2022-11-09,2023-03-08,after_work_began,,,Adopted on the General Consent Report,2022-11-30,true,auto_ok,sonnet-agent,enrich.v3.md
2022-11-30:22-2617,2022-11-30,2022-11-30,special,S.-42,105,general,Chief Academic Officer,22-2617,https://ousd.legistar.com/LegislationDetail.aspx?ID=56885&GUID=8EF09F72-E9B4-4F3E-98B2-27357A0F2F46,Services Agreement 2022-2023 - East Bay Agency for Children - Roosevelt Middle School,"Approval by the Board of Education of a Services Agreement 2022-2023 by and between the District and East Bay Agency for Children, Oakland, CA, for the latter to support leadership in identifying wellness models and components that will advance students' well-being and academic progress, by providing staff to deliver services in Tier 1 and Tier 3 at Roosevelt Middle School, for the period of September 1, 2022 through May 26, 2023, in an amount not to exceed $5,428.57.",Agreement or Contract,Chief Academic Officer,001473,v-001473,ESSER III,"Pays East Bay Agency for Children up to $5,428.57 for student wellness services at Roosevelt Middle","East Bay Agency for Children will provide staff to deliver student wellness services, from schoolwide support (Tier 1) to intensive individual support (Tier 3), at Roosevelt Middle School. It will also help school leaders identify wellness models. The term runs September 1, 2022 to May 26, 2023, and the agreement's start date is before this vote.","Student health, support & family services",new_agreement,East Bay Agency for Children,organization,Roosevelt Middle School,expense,not_to_exceed,5428.57,,,,,true,2022-09-01,2023-05-26,after_work_began,,,Adopted on the General Consent Report,2022-11-30,true,auto_ok,sonnet-agent,enrich.v3.md
2022-11-30:22-2618,2022-11-30,2022-11-30,special,S.-43,106,general,Chief Academic Officer,22-2618,https://ousd.legistar.com/LegislationDetail.aspx?ID=56886&GUID=FCAFE629-C2EF-4BEC-97D4-D4DFE9C0D2E1,Services Agreement 2022-2023 - Briahn Badelle - Community Schools and Student Services Department,"Ratification by the Board of Education of a Services Agreement 2022-2023 by and between the District and Briahn Badelle, Oakland, CA, for the latter to provide 360 hours of clinical supervision, to meet the requirements of the MSW/MFT internship placements, of Mental Health Interns placed in District by participating schools, as described in Exhibit A of the Agreement, incorporated herein by reference as though fully set forth, via Community Schools and Student Services Department, for the period of August 15, 2022 through May 31, 2023, in an amount not to exceed $27,000.00.",Agreement or Contract,Chief Academic Officer,007263,v-007263,Salesforce.org,"Pays a clinician up to $27,000 to supervise mental health interns for 360 hours","An Oakland-based individual will provide 360 hours of clinical supervision that mental health interns (social work and marriage and family therapy trainees placed in district schools) need to meet their internship requirements. The term runs August 15, 2022 to May 31, 2023, and the agreement's start date is before this vote.","Student health, support & family services",new_agreement,Briahn Badelle,individual,,expense,not_to_exceed,27000,,,,,true,2022-08-15,2023-05-31,after_work_began,,,Adopted on the General Consent Report,2022-11-30,true,auto_ok,sonnet-agent,enrich.v3.md
2022-11-30:22-2622,2022-11-30,2022-11-30,special,S.-44,107,general,Chief Academic Officer,22-2622,https://ousd.legistar.com/LegislationDetail.aspx?ID=56890&GUID=91EB0EE9-E9BA-4296-9C13-D0D8E9FC6CC5,"Amendment No. 1, Memorandum of Understanding - District, County of Alameda, East Bay Innovations - Project Search Program - Oakland Adult and Career Education Department","Approval by the Board of Education of Amendment No. 1, Memorandum of Understanding (MOU) by and between the District, under its Adult and Career Education Department (OUSD/ACE), the County of Alameda, and East Bay Innovations, Oakland, CA, for the Parties to continue to collaborate to replicate and build on the success of the Project SEARCH Program, Children’s Hospital Medical Center in Cincinnati, Ohio, a Career Technical Education Program, committed to maximizing learning potential with students with intellectual, physical, emotional and learning differences by implementing curriculum within the context of work experiences, … via the Oakland Adult and Career Education Department, extending the term of the Agreement from July 1, 2019 through June 30, 2022 through June 30, 2025, at no cost to the District. All other terms and conditions of the MOU remain in full force and effect.",Agreement or Contract,Chief Academic Officer,,n-east-bay-innovations,,Extends the Project SEARCH job-training partnership with East Bay Innovations to 2025 at no cost,"This amendment to a memorandum of understanding (MOU) with Alameda County and East Bay Innovations continues the Project SEARCH career-training program, which builds work experience into learning for students with intellectual, physical, emotional and learning differences. It extends the end date from June 30, 2022 to June 30, 2025 with no cost to the district. All other terms stay the same.",Classroom & academic programs,amendment,East Bay Innovations,organization,,no_cost,,,,,,,true,2019-07-01,2025-06-30,after_work_began; multi_year; time_extension_only,,,Adopted on the General Consent Report,2022-11-30,true,auto_ok,sonnet-agent,enrich.v3.md
2022-11-30:22-2623,2022-11-30,2022-11-30,special,S.-45,108,general,Chief Academic Officer,22-2623,https://ousd.legistar.com/LegislationDetail.aspx?ID=56891&GUID=1BE91184-ACAD-47BE-BC44-F75F371231D2,"Memorandum of Understanding - UnboundEd Learning, Inc. - Academics and Instruction Department","Approval by the Board of Education of a Memorandum of Understanding (MOU) by and between the District and UnboundEd Learning, Inc., New York NY, for the latter to provide services for a year-long Cohort Program comprising two paths - the System Leader Academy (SLA) and the Equity Influencer Residency (EIR), designed in tandem to build cohesive alignment and systemic capacity in a school system, as described in Exhibit A of MOU, incorporated herein by reference as though fully set forth,  via the Academics and Instruction Department, for the period of August 16, 2022 through June 30, 2023, at no cost to the District.",Agreement or Contract,Chief Academic Officer,,n-unbounded-learning,No Fiscal Impact,Approves a no-cost year-long leadership program with UnboundEd Learning,"UnboundEd Learning, of New York, will run a year-long program with two paths, the System Leader Academy and the Equity Influencer Residency, to build shared direction and capacity across the school system. It is a memorandum of understanding (MOU) at no cost to the district. The term runs August 16, 2022 to June 30, 2023, and the start date is before this vote.",Classroom & academic programs,mou_or_data_sharing,"UnboundEd Learning, Inc.",organization,,no_cost,,,,,,,true,2022-08-16,2023-06-30,after_work_began,,,Adopted on the General Consent Report,2022-11-30,true,auto_ok,sonnet-agent,enrich.v3.md
2022-11-30:22-2624,2022-11-30,2022-11-30,special,S.-46,109,general,Chief Academic Officer,22-2624,https://ousd.legistar.com/LegislationDetail.aspx?ID=56892&GUID=091C480E-CEA2-4C34-8AD2-E5BFC112A21B,Grant Award - California Department of Education - Dual Language Immersion Grant - English Language Learner and Multilingual Achievement Department,"Acceptance by the Board of Education of a Duel Language Immersion Grant, from the California Department of Education, for the English Language Learner, Multilingual Achievement Office, CDE Grant Number: 22-25598-6125-00, in the amount of $400,000.00, to “expand or establish dual language immersion (DLI) programs that provide integrated language learning and academic instruction for native speakers of English and native speakers of another language, with the goals of high academic achievement, first and second language proficiency, and cross-cultural understanding,” via the English Language Learner and Multilingual Achievement (ELLMA) Department, for the period of October 1, 2022 through June 30, 2025, pursuant to the terms and conditions thereof, if any.",Agreement or Contract,Chief Academic Officer,,n-california-department-of-education,California Department of Education,"Accepts a $400,000 state grant to expand dual language immersion programs","The California Department of Education is giving the district $400,000 to expand or start dual language immersion programs, where native English speakers and native speakers of another language learn together. The Board accepts the grant for the English Language Learner and Multilingual Achievement Department. The grant period runs October 1, 2022 to June 30, 2025.",Classroom & academic programs,grant_or_funding_in,California Department of Education,organization,,revenue,fixed,400000,,,,,true,2022-10-01,2025-06-30,after_work_began; multi_year,,,Adopted on the General Consent Report,2022-11-30,true,auto_ok,sonnet-agent,enrich.v3.md
2022-11-30:22-2620,2022-11-30,2022-11-30,special,S.-47,110,general,Chief Academic Officer,22-2620,https://ousd.legistar.com/LegislationDetail.aspx?ID=56888&GUID=1F020F7E-3EC1-4244-BFA7-484E4DBCC00A,"Amendment, Board Policy 5141.21 - Students - Administering Medication and Monitoring Health Conditions","Adoption by the Board of Education of Amendment, Board Policy 5141.21 - Students - Administering Medication and Monitoring Health Conditions, as enumerated herein.",Board Policy,Chief Academic Officer,,,No Fiscal Impact,Adopts an amendment to Board Policy 5141.21 on giving medication and monitoring student health,"The Board adopts changes to its policy on administering medication to students and monitoring health conditions. The text lists no dollar amount, and the specific changes are not described in the agenda text.",Governance & board business,resolution_or_policy,,,,no_cost,,,,,,,true,,,,,,Adopted on the General Consent Report,2022-11-30,true,auto_ok,sonnet-agent,enrich.v3.md
2022-11-30:22-2619,2022-11-30,2022-11-30,special,S.-48,112,general,Chief of Staff,22-2619,https://ousd.legistar.com/LegislationDetail.aspx?ID=56887&GUID=38F4054E-26AD-4D55-8F91-34A1B6D0AE23,Apple Developer Agreement - Apple TV - Chief of Staff,"Ratification by the Board of Education of an Apple Developer Agreement by and between the District and Apple, Inc. Cupertino, CA, for the latter, under its standard terms of service, to develop the OUSD/KDOL App for Apple TV that will allow 24 hour a day streaming of KDOL’s live feed, including all Board of Education and committee meetings to anyone anywhere on an Apple TV device, for the period of October 26, 2022 through October 26, 2027, at no cost to the District.",Agreement or Contract,Chief of Staff,,n-apple,No Fiscal Impact,Approves a no-cost Apple developer agreement to stream district meetings on Apple TV,"The district signs Apple's standard developer terms so an app can be built to stream KDOL's live feed, including all Board and committee meetings, 24 hours a day on Apple TV devices. It costs the district nothing. The term runs October 26, 2022 to October 26, 2027, and the agreement's start date is before this vote.",Technology,new_agreement,"Apple, Inc.",organization,,no_cost,,,,,,,true,2022-10-26,2027-10-26,after_work_began; multi_year,,,Adopted on the General Consent Report,2022-11-30,true,auto_ok,sonnet-agent,enrich.v3.md
2022-11-30:22-2621,2022-11-30,2022-11-30,special,S.-49,113,general,Chief of Staff,22-2621,https://ousd.legistar.com/LegislationDetail.aspx?ID=56889&GUID=66BF3025-0873-42A5-9035-8B57DDC60C68,"Google Play Console Terms of Service and Google Play Developer Distribution Agreement - Google, Inc. - Chief of Staff","Ratification by the Board of Education of a Google Play Console Terms of Service and a Google Play Developer Distribution Agreement, each, by and between the District and Google, Inc., Mountain View, CA, for the latter, under its standard terms of service, to develop the OUSD/KDOL App for Google Play that will allow 24 hour a day streaming of KDOL’s live feed (distribution), including all Board of Education and committee meetings to anyone anywhere on a Google Play device, for the period of October 3, 2022 through October 3, 2027, at no cost to the District.",Agreement or Contract,Chief of Staff,,n-google,No Fiscal Impact,Approves no-cost Google Play developer agreements to stream district meetings on Android,"The district signs Google's standard Play Console and developer distribution terms so an app can be built to stream KDOL's live feed, including all Board and committee meetings, 24 hours a day on Google Play devices. It costs the district nothing. The term runs October 3, 2022 to October 3, 2027, and the agreement's start date is before this vote.",Technology,new_agreement,"Google, Inc.",organization,,no_cost,,,,,,,true,2022-10-03,2027-10-03,after_work_began; multi_year,,,Adopted on the General Consent Report,2022-11-30,true,auto_ok,sonnet-agent,enrich.v3.md
2022-11-30:22-1371,2022-11-30,2022-11-30,special,S.-50,115,general,Chief Governance Officer,22-1371,https://ousd.legistar.com/LegislationDetail.aspx?ID=55665&GUID=0BF098F0-F94D-4CDA-9C39-C9DB0D67A389,"Memorandum of Understanding and Engagement Policy - Orrick, Herrington & Sutcliffe - Chief Governance Officer","Ratification by the Board of Education of Memorandum of Understanding and Engagement Policy by and between District and Orrick, Herrington & Sutcliffe LLP, San Francisco, CA, for the latter to provide legal services to the District for bond securities law, tax law, strategic planning and governance matters and other legal services on an as needed basis, for the period of July 1, 2022 through June 30, 2025, in an amount not to exceed $50,000.00 in a fiscal year.",Agreement or Contract,General Counsel,,n-orrick-herrington-and-sutcliffe,,"Pays Orrick, Herrington & Sutcliffe up to $50,000 a year for bond, tax and governance legal advice","Orrick, Herrington & Sutcliffe will give the district legal advice on bond securities law, tax law, strategic planning and governance, and other legal work as needed. Payments are capped at $50,000 in each fiscal year. The term runs July 1, 2022 to June 30, 2025, and the start date is before this vote.","Legal, insurance & risk",new_agreement,"Orrick, Herrington & Sutcliffe LLP",organization,,expense,per_year,50000,,,,,true,2022-07-01,2025-06-30,after_work_began; yearly_cap; no_total_stated; multi_year,,,Adopted on the General Consent Report,2022-11-30,true,auto_ok,sonnet-agent,enrich.v3.md
2022-11-30:22-2682,2022-11-30,2022-11-30,special,S.-51,116,general,Chief Governance Officer,22-2682,https://ousd.legistar.com/LegislationDetail.aspx?ID=56950&GUID=4877B759-0040-422E-8FEF-5EE3DA708E9D,"Memorandum of Understanding - OEA, SEIU Local 1021, UAOS, AFSCME and District - Safety and Safety Leads ... COVID-19 Pandemic 2022-2023 School Year - Chief Governance Officer; Director, Labor Strategy & ADR","Approval by the Board of Education of a Memorandum of Understanding (“MOU”) between Oakland Education Association (“OEA”), Service Employees International Union, Local 1021 (“SEIU Local 1021”), United Administrators of Oakland Schools (“UAOS”), American Federation of State, County and Municipal Employees (“AFSCME”) and the Oakland Unified School District (“OUSD”) Regarding Safety and Safety Leads During the COVID-19 Pandemic 2022-23 School Year pending compliance with Government Code Section 3547.5, all applicable AB 1200 disclosure requirements, and all necessary follow-up actions as determined by the Alameda County Office of Education (“ACOE”).",Agreement or Contract,General Counsel,,,Esser,Approves a safety agreement with four employee unions for the 2022-23 school year,"The district and four employee groups (Oakland Education Association, SEIU Local 1021, United Administrators of Oakland Schools and AFSCME) sign a memorandum of understanding (MOU) on safety and safety leads during the COVID-19 pandemic for 2022-23. Approval depends on meeting a state government code and disclosure rules and any follow-up required by the Alameda County Office of Education. The text states no dollar amount.",Staff & hiring,mou_or_data_sharing,,,,no_cost,,,,,,,true,2022-07-01,2023-06-30,after_work_began,,,Adopted on the General Consent Report,2022-11-30,true,auto_ok,sonnet-agent,enrich.v3.md
2022-11-30:22-2011C,2022-11-30,2022-11-30,special,S.-52,117,general,Chief Governance Officer,22-2011C,https://ousd.legistar.com/LegislationDetail.aspx?ID=56997&GUID=53AFB857-2475-4184-89CA-4103AEF9C487,"District ""Brown Act"" Legislative Bodies - December 2022 - Virtual Meetings - Board of Education",Adoption by the Board of Education of Resolution No. 2223-0028D - Making Certain Findings Necessary to Permit Virtual Meetings in Specified Circumstances for December 2022.,Resolution,General Counsel,,,,Adopts a resolution allowing virtual public meetings in December 2022,"The Board adopts Resolution No. 2223-0028D, which makes the findings required under state law to let district public bodies meet virtually under specified circumstances during December 2022. The text lists no dollar amount.",Governance & board business,resolution_or_policy,,,,no_cost,,,,,,,true,2022-12-01,2022-12-31,pulled_from_consent,,"Adopted in its own vote at this meeting (4–1), instead of with the rest of the consent report.",Adopted,2022-11-30,true,auto_ok,sonnet-agent,enrich.v3.md
2022-11-30:22-2565,2022-11-30,2022-11-30,special,S.-53,118,general,Chief Governance Officer,22-2565,https://ousd.legistar.com/LegislationDetail.aspx?ID=56833&GUID=52A82319-A7C4-4D11-BEBB-CEEC9FC2B911,"Memorandum of Understanding and Engagement Policy - Johnson, Schachter & Lewis Law Firm - Chief Governance Officer","Ratification by the Board of Education of a Memorandum of Understanding and Engagement Policy (MOUEP) by and between District and Johnson, Schachter & Lewis Law Firm, authorizing the District’s Legal Department, in the form of Letters of Engagement, to retain the latter to provide legal advice, counsel and defense (including defense of Government Code claims and lawsuits) as requested by the Legal Department, with the cumulative amount of Letters of Engagement under this MOUEP, not to exceed $99,100.00 in a fiscal year, for the period of September 1, 2022 through June 30, 2025.",Agreement or Contract,General Counsel,,n-johnson-schachter-and-lewis-law-firm,,"Approves Johnson, Schachter & Lewis as outside counsel, up to $99,100 a year","The law firm may be hired through letters of engagement to give legal advice and defend the district, including against government code claims and lawsuits. Combined letters under this agreement are capped at $99,100 in each fiscal year. The term runs September 1, 2022 to June 30, 2025, and the start date is before this vote.","Legal, insurance & risk",new_agreement,"Johnson, Schachter & Lewis Law Firm",organization,,expense,per_year,99100,,,,,true,2022-09-01,2025-06-30,after_work_began; yearly_cap; no_total_stated; multi_year,,,Adopted on the General Consent Report,2022-11-30,true,auto_ok,sonnet-agent,enrich.v3.md
2022-11-30:22-1817,2022-11-30,2022-11-30,special,S1.-1,120,general,,22-1817,https://ousd.legistar.com/LegislationDetail.aspx?ID=55723&GUID=AF764F22-BD7B-43C8-8E34-1995F942D892,"Minutes - Board of Education - Regular Meeting – March 23, 2022","Ratification by the Board of Education of its Regular Meeting Minutes of March 23, 2022, prepared by Staff shortly after said Meeting.","Minutes, Board of Education",Board of Education,,,,"Approves the minutes of the March 23, 2022 regular Board meeting","The Board ratifies the written minutes of its March 23, 2022 regular meeting, prepared by staff shortly after that meeting. There is no cost.",Governance & board business,other,,,,no_cost,,,,,,,true,,,after_work_began,,,Adopted on the General Consent Report,2022-11-30,true,auto_ok,sonnet-agent,enrich.v3.md
2022-11-30:22-1824,2022-11-30,2022-11-30,special,S1.-2,121,general,,22-1824,https://ousd.legistar.com/LegislationDetail.aspx?ID=56093&GUID=B3E8284F-8B15-40D9-94EE-815E50F50574,"Minutes - Board of Education - Regular Meeting – May 11, 2022","Ratification by the Board of Education of its Regular Meeting Minutes of May 11, 2022, prepared by Staff shortly after said Meeting.","Minutes, Board of Education",Board of Education,,,,"Approves the minutes of the May 11, 2022 regular Board meeting","The Board ratifies the written minutes of its May 11, 2022 regular meeting, prepared by staff shortly after that meeting. There is no cost.",Governance & board business,other,,,,no_cost,,,,,,,true,,,after_work_began,,,Adopted on the General Consent Report,2022-11-30,true,auto_ok,sonnet-agent,enrich.v3.md
2022-11-30:22-1825,2022-11-30,2022-11-30,special,S1.-3,122,general,,22-1825,https://ousd.legistar.com/LegislationDetail.aspx?ID=56103&GUID=D8C28AE2-18C6-4A1D-A83D-0F398D081109,"Minutes - Board of Education - Regular Meeting - May 25, 2022","Ratification by the Board of Education of its Regular Meeting Minutes of May 25, 2022, prepared by Staff shortly after said Meeting.","Minutes, Board of Education",Board of Education,,,,"Approves the minutes of the May 25, 2022 regular Board meeting","The Board ratifies the written minutes of its May 25, 2022 regular meeting, prepared by staff shortly after that meeting. There is no cost.",Governance & board business,other,,,,no_cost,,,,,,,true,,,after_work_began,,,Adopted on the General Consent Report,2022-11-30,true,auto_ok,sonnet-agent,enrich.v3.md
2022-11-30:22-1827,2022-11-30,2022-11-30,special,S1.-4,123,general,,22-1827,https://ousd.legistar.com/LegislationDetail.aspx?ID=55724&GUID=D4D57834-CAC6-4FD4-99CF-483ADEE1B61E,"Minutes - Board of Education - Regular Meeting – June 8, 2022","Ratification by the Board of Education of its Regular Meeting Minutes of June 8, 2022, prepared by Staff shortly after said Meeting.","Minutes, Board of Education",Board of Education,,,,"Approves the minutes of the June 8, 2022 regular Board meeting","The Board ratifies the written minutes of its June 8, 2022 regular meeting, prepared by staff shortly after that meeting. There is no cost.",Governance & board business,other,,,,no_cost,,,,,,,true,,,after_work_began,,,Adopted on the General Consent Report,2022-11-30,true,auto_ok,sonnet-agent,enrich.v3.md
2022-11-30:22-1829,2022-11-30,2022-11-30,special,S1.-5,124,general,,22-1829,https://ousd.legistar.com/LegislationDetail.aspx?ID=56104&GUID=3470C5CE-F7A4-424E-B5C1-C21C64AE1216,"Minutes - Board of Education - Special Meeting - June 21, 2022","Ratification by the Board of Education of its Special Meeting Minutes of June 21, 2022, prepared by Staff shortly after said Meeting.","Minutes, Board of Education",Board of Education,,,,"Approves the minutes of the June 21, 2022 special Board meeting","The Board ratifies the written minutes of its June 21, 2022 special meeting, prepared by staff shortly after that meeting. There is no cost.",Governance & board business,other,,,,no_cost,,,,,,,true,,,after_work_began,,,Adopted on the General Consent Report,2022-11-30,true,auto_ok,sonnet-agent,enrich.v3.md
2022-11-30:22-1830,2022-11-30,2022-11-30,special,S1.-6,125,general,,22-1830,https://ousd.legistar.com/LegislationDetail.aspx?ID=56105&GUID=F65F41BB-3B88-4453-9ADB-6BFA533A73B4,"Minutes - Board of Education - Regular Meeting - June 22, 2022","Ratification by the Board of Education of its Regular Meeting Minutes of June 22, 2022, prepared by Staff shortly after said Meeting.","Minutes, Board of Education",Board of Education,,,,"Approves the minutes of the June 22, 2022 regular Board meeting","The Board ratifies the written minutes of its June 22, 2022 regular meeting, prepared by staff shortly after that meeting. There is no cost.",Governance & board business,other,,,,no_cost,,,,,,,true,,,after_work_began,,,Adopted on the General Consent Report,2022-11-30,true,auto_ok,sonnet-agent,enrich.v3.md
2022-11-30:22-1831,2022-11-30,2022-11-30,special,S1.-7,126,general,,22-1831,https://ousd.legistar.com/LegislationDetail.aspx?ID=56106&GUID=C0946ECD-9B58-46E0-B9B0-CB2FBA85A5DA,"Minutes - Board of Education - Special Meeting - June 29, 2022","Ratification by the Board of Education of its Special Meeting Minutes of June 29, 2022, prepared by Staff shortly after said Meeting.","Minutes, Board of Education",Board of Education,,,,"Approves the minutes of the June 29, 2022 special Board meeting","The Board ratifies the written minutes of its June 29, 2022 special meeting, prepared by staff shortly after that meeting. There is no cost.",Governance & board business,other,,,,no_cost,,,,,,,true,,,after_work_began,,,Adopted on the General Consent Report,2022-11-30,true,auto_ok,sonnet-agent,enrich.v3.md
2022-11-30:22-1832,2022-11-30,2022-11-30,special,S1.-8,127,general,,22-1832,https://ousd.legistar.com/LegislationDetail.aspx?ID=56107&GUID=9BF57BDA-A001-402C-83E3-0FFC383E5D95,"Minutes - Board of Education - Regular Meeting - June 29, 2022","Ratification by the Board of Education of its Regular Meeting Minutes of June 29, 2022, prepared by Staff shortly after said Meeting.","Minutes, Board of Education",Board of Education,,,,"Approves the minutes of the Board of Education's June 29, 2022 regular meeting","The Board is formally approving the written record of its regular meeting held on June 29, 2022. Staff prepared the minutes shortly after that meeting. No money is involved.",Governance & board business,other,,,,no_cost,,,,,,,true,,,after_work_began,,,Adopted on the General Consent Report,2022-11-30,true,auto_ok,sonnet-agent,enrich.v3.md
2022-11-30:22-2258,2022-11-30,2022-11-30,special,S1.-9,128,general,,22-2258,https://ousd.legistar.com/LegislationDetail.aspx?ID=56528&GUID=811157B5-B71B-4487-B6F9-43AE935E0C88,Services Agreement 2022-2023 - Oakland Public Education Fund - Community Schools and Student Services Department,"Approval by the Board of Education of a Services Agreement 2022-2023 by and between the District and Oakland Public Education Fund, Oakland, CA, for the latter to hire a Parent/Volunteer who will serve as the program receptionist greeting parents, provide minimal clerical support, data entry and scheduling appointments, while position provides on the job training for a parent looking to build skills base, via Community Schools and Student Services Department, for the period of September 1, 2022 through May 31, 2023, in an amount not to exceed $5,000.00.",Agreement or Contract,Chief Academic Officer,003143,v-003143,Homeless Children & Youth II,"Pays Oakland Public Education Fund up to $5,000 to hire a parent as a program receptionist","The district is paying Oakland Public Education Fund to hire a parent or volunteer to greet families, do light clerical work, enter data and schedule appointments for the Community Schools and Student Services Department. The job also gives the parent on-the-job training to build skills. The agreement runs from September 1, 2022 through May 31, 2023 and is paid from Homeless Children & Youth II funding.","Student health, support & family services",new_agreement,Oakland Public Education Fund,organization,,expense,not_to_exceed,5000,,,,,true,2022-09-01,2023-05-31,pulled_from_consent; after_work_began,,"Adopted in its own vote at this meeting (4–1, 1 recused), instead of with the rest of the consent report.",Adopted,2022-11-30,true,auto_ok,sonnet-agent,enrich.v3.md
2022-11-30:22-2568,2022-11-30,2022-11-30,special,S1.-10,129,general,,22-2568,https://ousd.legistar.com/LegislationDetail.aspx?ID=56836&GUID=7F619E11-70FF-4829-870D-F469D01AB49A,Services Agreement 2022-2023 - Oakland Public Education Fund - Early Childhood Development Department,"Ratification by the Board of Education of a Services Agreement 2022-2023 by and between the District and Oakland Public Education Fund, Oakland, CA, for the latter to provide help with the administration and coordination of kindergarten readiness programming and services offered at District through year-round kinder transitions work, the Summer Pre-K Program and, early learning family engagement support, via Early Childhood Development Department, for the period of November 1, 2022 through June 30, 2023, in an amount not to exceed $5,000.00.",Agreement or Contract,Chief Academic Officer,003143,v-003143,First 5 Alameda County,"Ratifies up to $5,000 for Oakland Public Education Fund to help run kindergarten readiness programs","The district is paying Oakland Public Education Fund to help manage and coordinate kindergarten readiness work, including year-round kindergarten transition efforts, the Summer Pre-K Program and early learning family engagement support. The agreement began November 1, 2022, before this vote, and runs through June 30, 2023. It is paid from First 5 Alameda County funding.",Classroom & academic programs,new_agreement,Oakland Public Education Fund,organization,,expense,not_to_exceed,5000,,,,,true,2022-11-01,2023-06-30,pulled_from_consent; after_work_began,,"Adopted in its own vote at this meeting (4–1, 1 recused), instead of with the rest of the consent report.",Adopted,2022-11-30,true,auto_ok,sonnet-agent,enrich.v3.md
2022-11-30:22-2583,2022-11-30,2022-11-30,special,S1.-11,130,general,,22-2583,https://ousd.legistar.com/LegislationDetail.aspx?ID=56851&GUID=55A62880-4773-44E9-B050-C108945300D5,Services Agreement 2022-2023 - Oakland Public Education Fund - Community Schools and Student Services Department,"Approval by the Board of Education of a Services Agreement 2022-2023 by and between the District and Oakland Public Education Fund, Oakland, CA, for the latter to provide fiscal management for Yoga instruction at East Oakland Pride Elementary School, via Community Schools and Student Services Department, for the period of August 29, 2022 through May 12, 2023, in an amount not to exceed $18,595.00.",Agreement or Contract,Chief Academic Officer,003143,v-003143,ESSER CA Comm School Partner,"Pays Oakland Public Education Fund up to $18,595 to manage yoga at East Oakland Pride Elementary","The district is paying Oakland Public Education Fund to handle the fiscal management of yoga instruction at East Oakland Pride Elementary School, through the Community Schools and Student Services Department. The agreement runs from August 29, 2022 through May 12, 2023, so it started before this vote. It is paid from ESSER (federal COVID relief) community school partner funding.","Student health, support & family services",new_agreement,Oakland Public Education Fund,organization,East Oakland Pride Elementary School,expense,not_to_exceed,18595,,,,,true,2022-08-29,2023-05-12,pulled_from_consent; after_work_began,,"Adopted in its own vote at this meeting (4–1, 1 recused), instead of with the rest of the consent report.",Adopted,2022-11-30,true,auto_ok,sonnet-agent,enrich.v3.md
2022-11-30:22-2475,2022-11-30,2022-11-30,special,T.-1,132,bonds,,22-2475,https://ousd.legistar.com/LegislationDetail.aspx?ID=56743&GUID=CCF3B871-954A-4C65-A969-893F11BB551C,"Change Order No. 1, Agreement Between Owner and Contractor - Arntz Builders, Inc.. - Cole Campus Central Administration Center Project - Division of Facilities Planning and Management","Approval by the Board of Education of Change Order No. 1, Agreement Between Owner and Contractor by and between the District and Arntz Builders, Inc., Petaluma, CA, for additional construction services which includes RAW Phase 1 excavation and disposition of contaminated soil directed by Department Toxic Substance Control, for the Cole Campus Central Administration Center Project, in the amount of $2,819,358.81, increasing the not to exceed amount of the Agreement from  $35,752,816.00 to $38,572,174.81. All other terms and conditions of the Agreement remain in full force and effect.",Agreement or Contract,"Deputy Chief, Facilities Planning and Management",000493,v-000493,"Fund 21 Building Fund, Measure Y",Adds $2.82M to Arntz Builders' contract for soil cleanup at the Cole Campus administration center,"This change order adds extra construction work to the Cole Campus Central Administration Center project, including excavating and disposing of contaminated soil as directed by a state toxic substances agency. It raises the contract's not-to-exceed amount from $35,752,816.00 to $38,572,174.81. It is paid from the Measure Y building fund.",School buildings & construction,change_order,"Arntz Builders, Inc.",organization,,expense,fixed,2819358.81,,,35752816,38572174.81,true,,,pulled_from_consent; raises_existing_contract,,"Adopted in its own vote at this meeting (5–1), instead of with the rest of the consent report.",Adopted,2022-11-30,true,auto_ok,sonnet-agent,enrich.v3.md
2022-11-30:22-2541,2022-11-30,2022-11-30,special,T.-2,133,bonds,,22-2541,https://ousd.legistar.com/LegislationDetail.aspx?ID=56809&GUID=E8C402AB-DD45-4A19-BF85-E49CE8F5CA85,Agreement Between Owner and Contractor – Redgwick Construction Company– Global Elementary School Site Improvements Project - Division of Facilities Planning and Management,"Approval by the Board of Education of Agreement Between Owner and Contractor by and between the District and Redgwick Construction Company, Oakland, CA, for the latter, as the lowest responsive, responsible bidder, to provide construction services, which includes but not limited to: the demolition of existing basketball hoops and cut them flush with the surface; the area to be patched back after cutting the basketball hoops; install new Sofsurfaces playground tiles (50' X 50') on site; and perform other activities delineated in the Scope of Work, incorporated herein as though fully set forth, for the Global Family Elementary School Site Improvements Project, located at 2035 40th Avenue, Oakland, CA, in the amount of $99,600.00, which includes a contingency allowance of $7,400.00, with the work anticipated to commence on December 1, 2022, scheduled to last for sixty days (60), with an anticipated ending of January 30, 2023.",Agreement or Contract,"Deputy Chief, Facilities Planning and Management",003557,v-003557,"Fund 21 Building Fund, Measure J","Hires Redgwick Construction for $99,600 in playground work at Global Family Elementary","Redgwick Construction was the lowest responsive, responsible bidder for site improvements at Global Family Elementary School. The work includes removing basketball hoops, patching the surface and installing new playground tiles. The price includes a $7,400 contingency allowance, and work is expected to run from December 1, 2022 to January 30, 2023. It is paid from the Measure J building fund.",School buildings & construction,bid_award,Redgwick Construction Company,organization,Global Family Elementary School,expense,fixed,99600,,,,,true,2022-12-01,2023-01-30,,,,Adopted on the General Consent Report,2022-11-30,true,auto_ok,sonnet-agent,enrich.v3.md
2022-11-30:22-2546,2022-11-30,2022-11-30,special,T.-3,134,bonds,,22-2546,https://ousd.legistar.com/LegislationDetail.aspx?ID=56814&GUID=8D9218BF-8D16-49C8-9CD0-108717B280F5,Construction Agreement Between Owner and Contractor – DecoTech Systems – Skyline High School Expansion Project - Division of Facilities Planning and Management,"Approval by the Board of Education of Construction Agreement Between Owner and Contractor by and between the District and DecoTech Systems, Walnut Creek, CA, for the latter to provide construction services which consist of installation of wireless network for front entrance guard shack, procurement of 3 IP cameras, replacement of 2 existing cameras, installation of 1 new camera, integration and programming of cameras into Milestone server for the Skyline High School site as describe in the attached Proposal dated October 7, 2022, for the Skyline High School Security Improvement Project, in the lump sum amount of $19,089.31, with work scheduled to commence on December 1, 2022 and scheduled to last until February 28, 2023.",Agreement or Contract,"Deputy Chief, Facilities Planning and Management",001325,v-001325,"Fund 21 Building Fund, Measure Y","Pays DecoTech Systems $19,089 to upgrade security cameras at Skyline High School","DecoTech Systems will install a wireless network for the front entrance guard shack, add and replace security cameras, and connect them to the school's camera server at Skyline High School. The lump sum price is $19,089.31, paid from the Measure Y building fund. Work is scheduled from December 1, 2022 to February 28, 2023.",School buildings & construction,new_agreement,DecoTech Systems,organization,Skyline High School,expense,fixed,19089.31,,,,,true,2022-12-01,2023-02-28,,,,Adopted on the General Consent Report,2022-11-30,true,auto_ok,sonnet-agent,enrich.v3.md
2022-11-30:22-2523,2022-11-30,2022-11-30,special,T.-4,135,bonds,,22-2523,https://ousd.legistar.com/LegislationDetail.aspx?ID=56791&GUID=75FA0484-EEF4-41D4-A3EB-0A43A9618AED,"Change Order No. 1, Agreement Between Owner and Contractor – Bay Construction Company – East Oakland Pride Elementary School Fire and Intrusion Alarm Replacement Project - Division of Facilities Planning and Management","Approval by the Board of Education of Resolution No 2223-0155 - Declaring the Futility of Pubic Bidding for the Additional Asbestos Work at East Oakland Pride Elementary School and Approving Change Order No. 1 for that Work, as Specified [by and between District and Bay Construction, Inc., Oakland, CA, for the East Oakland Pride Elementary School Fire and Intrusion Alarm Replacement Project, in the amount of $138,382.76, increasing the not to exceed amount of the Agreement from  $1,153,000.00 to $1,291,382.76 and extending the term of the Agreement from May 26, 2022 through August 24, 2022 to February 13, 2023 (an additional 174 days). All other terms and conditions of the Agreement remain in full force and effect.]",Agreement or Contract,"Deputy Chief, Facilities Planning and Management",000642,v-000642,"Fund 21 Building Fund, Measure B",Adds $138K and 174 days to Bay Construction's alarm project at East Oakland Pride Elementary,"This change order covers additional asbestos work on the fire and intrusion alarm replacement at East Oakland Pride Elementary School. The Board is declaring that public bidding for this added work would be futile, so it is going to the existing contractor. The contract's not-to-exceed amount rises from $1,153,000.00 to $1,291,382.76, and the end date moves from August 24, 2022 to February 13, 2023.",School buildings & construction,change_order,"Bay Construction, Inc.",organization,East Oakland Pride Elementary School,expense,fixed,138382.76,,,1153000,1291382.76,true,2022-05-26,2023-02-13,after_work_began; no_competitive_bid; raises_existing_contract,,,Adopted on the General Consent Report,2022-11-30,true,auto_ok,sonnet-agent,enrich.v3.md
2022-11-30:22-2524,2022-11-30,2022-11-30,special,T.-5,136,bonds,,22-2524,https://ousd.legistar.com/LegislationDetail.aspx?ID=56792&GUID=B9297B37-B1F4-4435-B698-5FA04DAEB586,"Change Order No. 1, Agreement Between Owner and Contractor – Bay Construction Company – Martin Luther King Jr. Elementary School Fire and Intrusion Alarm Replacement Project - Division of Facilities Planning and Management","Approval by the Board of Education of Resolution No 2223-0156 - Declaring the Futility of Pubic Bidding for the Additional Asbestos Work at Martin Luther King Jr.  Elementary School and Approving Change Order No. 1 for that Work, as Specified [by and between District and Bay Construction, Inc., Oakland, CA, for the Martin Luther King Jr. Elementary School Fire and Intrusion Alarm Replacement Project, in the amount of $124,055.40, increasing the not to exceed amount of the Agreement from $998,000.00 to $1,122,055.40 and extending the term of the Agreement from May 26, 2022 through August 24, 2022 to February 13, 2023 (an additional 174 days). All other terms and conditions of the Agreement remain in full force and effect.]",Agreement or Contract,"Deputy Chief, Facilities Planning and Management",000642,v-000642,"Fund 21 Building Fund, Measure B",Adds $124K and 174 days to Bay Construction's alarm project at Martin Luther King Jr. Elementary,"This change order covers additional asbestos work on the fire and intrusion alarm replacement at Martin Luther King Jr. Elementary School. The Board is declaring that public bidding for this added work would be futile, so it is going to the existing contractor. The contract's not-to-exceed amount rises from $998,000.00 to $1,122,055.40, and the end date moves from August 24, 2022 to February 13, 2023.",School buildings & construction,change_order,"Bay Construction, Inc.",organization,Martin Luther King Jr. Elementary School,expense,fixed,124055.4,,,998000,1122055.4,true,2022-05-26,2023-02-13,after_work_began; no_competitive_bid; raises_existing_contract,,,Adopted on the General Consent Report,2022-11-30,true,auto_ok,sonnet-agent,enrich.v3.md
2022-11-30:22-2525,2022-11-30,2022-11-30,special,T.-6,137,bonds,,22-2525,https://ousd.legistar.com/LegislationDetail.aspx?ID=56793&GUID=EA1397C1-A52E-43A6-B39C-F6F48E2D996A,"Change Order No. 1, Agreement Between Owner and Contractor - CWS Construction Group, Inc.- Castlemont High School Field and Bleachers Project - Division of Facilities Planning and Management","Approval by the Board of Education of Change Order No. 1, Agreement Between Owner and Contractor by and between the District and CWS Construction Group, Inc., Novato, CA, for additional construction services which consists of the following: “PCO #1: Per district request. the WAP devices will be located in the press box and the antennas will extend to the outside. PCO #2: Due to an assault on a staff member. It was requested that the General Contractor procure security detail. PCO #3: Due to existing condition (Galvanized waterlines) it was recommended by the contractor and approved by the design team to replace the existing lines with copper piping. PCO #4: Drain hardware for the existing floor drain has been discontinued. In order to replace the strainer. as designed, new floor drains are required at the existing Restrooms. PCO #5: The existing urinal waste line in the North bathroom does not meet code size. Cost is to bring the plumbing up to code. PCO #6: The existing closet flanges are in unusable condition and need to be replaced for new fixtures. PCO #7: The trees that are required to stay are dormant and not accepting water. After a site visit and via the recommendation of the Architect, the cost is to remove and replace the trees. PCO #9: Per OUSD request. the contractor procured a new scoreboard for the Field and Bleacher Project. This cost is associated with the scoreboard product only and no labor in an effort to minimize lead time”, for the Castlemont High School Field and Bleachers Replacement Project, in the amount of $245,085.71, increasing the Agreement not to exceed amount from $8,374,500.00 to $8,619,585.71. All other terms and conditions of the Agreement remain in full force and effect.",Agreement or Contract,"Deputy Chief, Facilities Planning and Management",007886,v-007886,"Fund 21 Building Fund, Measure Y",Adds $245K to CWS Construction's Castlemont High School field and bleachers contract,"This change order pays for several unplanned items at Castlemont High School: moving wireless devices to the press box, a security detail after an assault on a staff member, plumbing repairs and code upgrades in the restrooms, replacing trees that were not taking water, and a new scoreboard. It raises the contract's not-to-exceed amount from $8,374,500.00 to $8,619,585.71. It is paid from the Measure Y building fund.",School buildings & construction,change_order,"CWS Construction Group, Inc.",organization,Castlemont High School,expense,fixed,245085.71,,,8374500,8619585.71,true,,,raises_existing_contract,,,Adopted on the General Consent Report,2022-11-30,true,auto_ok,sonnet-agent,enrich.v3.md
2022-11-30:22-2533,2022-11-30,2022-11-30,special,T.-7,138,bonds,,22-2533,https://ousd.legistar.com/LegislationDetail.aspx?ID=56801&GUID=613C72BB-F4B0-4186-B3B1-3245F794EEDE,General Services Agreement – Jensen Hughes – The Center Central Commissary at Foster Elementary School – Intrusion Alarm Testing Project – Division of Facilities Planning and Management,"Approval by the Board of Education of General Services Agreement by and between the District and Jensen Hughes, Concord, CA, for the latter to provide services for the Central Commissary at Foster Elementary School project: to witness one intrusion alarm system warranty test, prepare a letter report documenting the results of the test and submit letter to District, with the Basic Services including all work described in the October 13, 2022 proposal, attached to this Agreement as Exhibit A,  in the not-to-exceed amount of $5,500.00, which includes a contingency fee of $500.00, with work scheduled to commence on December 1, 2022, and scheduled to last until February 28, 2023.",Agreement or Contract,"Deputy Chief, Facilities Planning and Management",002281,v-002281,"Fund 21 Building Fund, Measure B","Pays Jensen Hughes up to $5,500 to witness an alarm test at the Foster Elementary commissary","Jensen Hughes will witness one intrusion alarm system warranty test at the Central Commissary at Foster Elementary School and write a letter report on the results for the district. The not-to-exceed amount includes a $500 contingency fee. Work is scheduled from December 1, 2022 to February 28, 2023, paid from the Measure B building fund.",School buildings & construction,new_agreement,Jensen Hughes,organization,Foster Elementary School,expense,not_to_exceed,5500,,,,,true,2022-12-01,2023-02-28,,,,Adopted on the General Consent Report,2022-11-30,true,auto_ok,sonnet-agent,enrich.v3.md
2022-11-30:22-2548,2022-11-30,2022-11-30,special,T.-8,139,bonds,,22-2548,https://ousd.legistar.com/LegislationDetail.aspx?ID=56816&GUID=7A6E81D6-DFA2-4BAE-BC86-982162E90E97,Agreement for Architectural Services – DSK Architects – West Oakland Middle School Window Replacement Project – Division of Facilities Planning and Management,"Approval by the Board of Education to the Agreement for Architectural Services by and between the District and DSK Architects, San Francisco, CA, for the latter “To provide architectural services, which consist of full design services during construction and project certification with the Division of the State Architect (“DSA”). The project is intended to remove and replace the entire window wall systems at Buildings “E” and “F” due to waterproof deficiencies and the assessment of the useful life. The intent is to remove the existing window wall system and replace in-kind with a new standard commercial aluminum window wall system with project windows that meets the current California code requirements for thermal performance”, for the West Oakland Middle School Window Replacement Project, in the amount of $598,000.00, which includes a not-to-exceed amount of $548,000.00, for Basic Services, and a not-to-exceed amount of $50,000.00 for Additional Services, with work scheduled to commence on December 15, 2022, and scheduled to last until December 31, 2024.",Agreement or Contract,"Deputy Chief, Facilities Planning and Management",001432,v-001432,Fund 21 Building Fund Measure Y,"Hires DSK Architects for $598,000 to design window replacement at West Oakland Middle School","DSK Architects will provide design services during construction and handle project certification with the Division of the State Architect for replacing the window wall systems at Buildings E and F, which have waterproofing problems. The $598,000 total includes up to $548,000 for basic services and up to $50,000 for additional services. Work runs from December 15, 2022 to December 31, 2024, paid from the Measure Y building fund.",School buildings & construction,new_agreement,DSK Architects,organization,West Oakland Middle School,expense,fixed,598000,,,,,true,2022-12-15,2024-12-31,multi_year,,,Adopted on the General Consent Report,2022-11-30,true,auto_ok,sonnet-agent,enrich.v3.md
