item_id,meeting_key,meeting_date,meeting_kind,agenda_number,agenda_sequence,consent_section,group,file_number,legistar_url,title,official_text,matter_type,presenter,vendor_number,vendor_key,funding_source,headline,summary,category,subcategory,action_type,vendor_name,vendor_kind,schools,money_direction,amount_type,amount,amount_range_low,amount_range_high,prior_total,new_total,amount_verified,term_start,term_end,flags,source_issue,pulled_from_consent,outcome_action,outcome_date,adopted,review_status,model_id,prompt_version,counts_toward_totals,duplicate_of
2022-09-14:22-2020,2022-09-14,2022-09-14,regular,S.-1,52,general,"Chief, Systems and Services Officer",22-2020,https://ousd.legistar.com/gateway.aspx?M=L&ID=56290,Grant Agreement – Oakland Public Education Fund – Regrant #22-07-05228421 – Pacific Gas and Electric Company,"Approval by the Board of Education of a Grant Agreement, Regrant #22-07-05228421, by and between the District and the Oakland Public Education Fund, accepting $97,839.00 for project: Oakland Unified School District, from Pacific Gas and Electric Company, to fund 2.5 hours/month for 86 OUSD Site Data Tech Leads to ensure students complete digital needs assessment and support device distribution at school sites, for the period of August 1, 2022 through June 30, 2023, pursuant to the terms and conditions thereof, if any.",Agreement or Contract,Chief Systems and Services Officer,003143,v-003143,,"Accepts $97,839 from PG&E, through the Oakland Public Education Fund, to pay school tech leads","The district accepts a $97,839 grant that the Oakland Public Education Fund is passing along from Pacific Gas and Electric Company. It pays 86 school site data tech leads for 2.5 hours a month each to make sure students complete a digital needs assessment and to support device handouts at schools. The grant covers August 1, 2022 through June 30, 2023.",Technology,,grant_or_funding_in,Oakland Public Education Fund,organization,,revenue,fixed,97839,,,,,true,2022-08-01,2023-06-30,pulled_from_consent; after_work_began,,"Adopted in its own vote at this meeting (5–1, 1 recused), instead of with the rest of the consent report.",Adopted,2022-09-14,true,auto_ok,sonnet-agent,enrich.v5.md,true,
2022-09-14:22-1884,2022-09-14,2022-09-14,regular,S.-2,53,general,"Chief, Systems and Services Officer",22-1884,https://ousd.legistar.com/gateway.aspx?M=L&ID=56154,Services Agreement 2022-23 - KNB Solutions LLC - Technology Services Department,"Ratification by the Board of Education of a Services Agreement 2022-2023 by and between the District and KNB Solutions LLC, Long Beach, CA, for the latter to 1.) Co-Coordinate School Tech Leads (40%), 2.) Co-Chair the Oakland Undivided Devices & Operations Subcommittee (15%), 3.) Co-Chair the Oakland Undivided Digital Skills Subcommittee (10%), 4.) Coordinate Tech Survey Reporting (10%), 5.) Curate training materials for Teacher and Family Central (5%), 6.) Coordinate School-led Tech Support (5%), and 7.) Coordinate Strategic Technology Planning (15%), as described in Exhibit A of the Agreement, for the term July 1, 2022 through September 30, 2022, in an amount not to exceed $60,000.00.",Agreement or Contract,Chief Systems and Services Officer,007260,v-007260,0000 - General Purpose,"Pays KNB Solutions up to $60,000 to coordinate school tech leads and technology planning, summer 2022","The Board is ratifying (approving after the fact) a services agreement with KNB Solutions LLC of Long Beach. The company coordinates school tech leads, co-chairs two Oakland Undivided technology subcommittees, handles tech survey reporting and training materials, and helps with technology planning. The term is July 1 through September 30, 2022, and the agreement began before this vote.",Technology,,new_agreement,KNB Solutions LLC,organization,,expense,not_to_exceed,60000,,,,,true,2022-07-01,2022-09-30,pulled_from_consent; after_work_began,,"Adopted in its own vote at this meeting (5–1, 1 recused), instead of with the rest of the consent report.",Adopted,2022-09-14,true,auto_ok,sonnet-agent,enrich.v5.md,true,
2022-09-14:22-1954,2022-09-14,2022-09-14,regular,S.-3,54,general,"Chief, Systems and Services Officer",22-1954,https://ousd.legistar.com/gateway.aspx?M=L&ID=56224,"Award of Bid - Accurate C&S Services, Inc. - RFP# 21-119CSSS - 40,000 COVID-19 Antigen Rapid Self-Test Kits – Chief Systems and Services Officer","Approval by the Board of Education of Resolution 2223-0076 - Award of Bid - Accurate C&S Services, Inc. - RFP# 21-119CSSS - 40,000 COVID-19 Antigen Rapid Self-Test Kits, including Agreement for the Purchase of Supplies/Materials 2022-2023 to Accurate C&S Services, Oakland, CA, as a responsive, responsible bidder, in an amount not to exceed One Million Dollars ($1,000,000.00), for COVID-19 Antigen Rapid Self-Test Kits, for the period August 1, 2022 through June 30, 2023.",Agreement or Contract,Chief Systems and Services Officer,007916,v-007916,3213 ESSERIII,"Awards Accurate C&S Services up to $1M for 40,000 COVID-19 rapid self-test kits, through June 2023","The district awards a purchasing agreement to Accurate C&S Services, Inc. of Oakland, CA for COVID-19 rapid antigen self-test kits, as a responsive, responsible bidder under request for proposals 21-119CSSS. The amount is capped at $1,000,000 and covers August 1, 2022 through June 30, 2023. The same request for proposals produced separate awards to other companies on neighboring agenda items.","Student health, support & family services",,bid_award,"Accurate C&S Services, Inc.",organization,,expense,not_to_exceed,1000000,,,,,true,2022-08-01,2023-06-30,after_work_began,,,Adopted on the General Consent Report,2022-09-14,true,auto_ok,sonnet-agent,enrich.v5.md,true,
2022-09-14:22-1955,2022-09-14,2022-09-14,regular,S.-4,55,general,"Chief, Systems and Services Officer",22-1955,https://ousd.legistar.com/gateway.aspx?M=L&ID=56225,"Award of Bid - Elevation Health LLC - RFP# 21-119CSSS - 40,000 COVID-19 Antigen Rapid Self-Test Kits – Chief Systems and Services Officer","Approval by the Board of Education of Resolution 2223-0077 - Award of Bid - Elevation Health LLC - RFP# 21-119CSSS - 40,000 COVID-19 Antigen Rapid Self-Test Kits, including Agreement for the Purchase of Supplies/Materials 2022-2023 to Elevation Health LLC, New York, NY, as a responsive, responsible bidder, in an amount not to exceed One Million Dollars ($1,000,000.00), for COVID-19 Antigen Rapid Self-Test Kits, for the period August 1, 2022 through June 30, 2023.",Agreement or Contract,Chief Systems and Services Officer,007917,v-007917,3213 ESSERIII,"Awards Elevation Health up to $1M for 40,000 COVID-19 rapid self-test kits, through June 2023","The district awards a purchasing agreement to Elevation Health LLC of New York, NY for COVID-19 rapid antigen self-test kits, as a responsive, responsible bidder under request for proposals 21-119CSSS. The amount is capped at $1,000,000 and covers August 1, 2022 through June 30, 2023. The same request for proposals produced separate awards to other companies on neighboring agenda items.","Student health, support & family services",,bid_award,Elevation Health LLC,organization,,expense,not_to_exceed,1000000,,,,,true,2022-08-01,2023-06-30,after_work_began,,,Adopted on the General Consent Report,2022-09-14,true,auto_ok,sonnet-agent,enrich.v5.md,true,
2022-09-14:22-1956,2022-09-14,2022-09-14,regular,S.-5,56,general,"Chief, Systems and Services Officer",22-1956,https://ousd.legistar.com/gateway.aspx?M=L&ID=56226,"Award of Bid - Indo Trading LLC - RFP# 21-119CSSS - 40,000 COVID-19 Antigen Rapid Self-Test Kits – Chief Systems and Services Officer","Approval by the Board of Education of Resolution 2223-0078 - Award of Bid - Indo Trading LLC - RFP# 21-119CSSS - 40,000 COVID-19 Antigen Rapid Self-Test Kits, including Agreement for the Purchase of Supplies/Materials 2022-2023 to Indo Trading LLC, Pomona, CA, as a responsive, responsible bidder, in an amount not to exceed One Million Dollars ($1,000,000.00), for COVID-19 Antigen Rapid Self-Test Kits, for the period August 1, 2022 through June 30, 2023.",Agreement or Contract,Chief Systems and Services Officer,007913,v-007913,3213 ESSERIII,"Awards Indo Trading up to $1M for 40,000 COVID-19 rapid self-test kits, through June 2023","The district awards a purchasing agreement to Indo Trading LLC of Pomona, CA for COVID-19 rapid antigen self-test kits, as a responsive, responsible bidder under request for proposals 21-119CSSS. The amount is capped at $1,000,000 and covers August 1, 2022 through June 30, 2023. The same request for proposals produced separate awards to other companies on neighboring agenda items.","Student health, support & family services",,bid_award,Indo Trading LLC,organization,,expense,not_to_exceed,1000000,,,,,true,2022-08-01,2023-06-30,after_work_began,,,Adopted on the General Consent Report,2022-09-14,true,auto_ok,sonnet-agent,enrich.v5.md,true,
2022-09-14:22-2013,2022-09-14,2022-09-14,regular,S.-6,57,general,"Chief, Systems and Services Officer",22-2013,https://ousd.legistar.com/gateway.aspx?M=L&ID=56283,"Services Agreement 2022-2023, Amendment No. 1, Services Agreement 2022-2023 and Data Sharing Agreement 2022-2023 – Healthcare IT Leaders, LLC – Chief Systems and Services Officer","Approval by the Board of Education of Services Agreement 2022-2023, Amendment No. 1, Services Agreement 2022-2023 (with all other terms and conditions of Agreement remaining in full force and effect), and Data Sharing Agreement (DSA) 2022-2023, each, for the term of July 1, 2022 through June 30, 2023, by and between District and Healthcare IT Leaders, LLC, Alpharetta, GA, for the latter to provide COVID-19 testing services and vaccination services for District staff and families, as specified in the Agreement’s Scope of Work, in an amount not to exceed $95,000.00 (Agreement); increase in an amount not to exceed $1,905,000.00 (Amendment No. 1, Agreement),  unchanged SOW, for a cumulative not to exceed $2,000,000.00 (Agreement and Amendment No. 1, Agreement); and a Data Sharing Agreement (DSA) 2022-2023, pursuant to terms and conditions of DSA.",Agreement or Contract,Chief Systems and Services Officer,007698,v-007698,ESSER III,"Adds $1.9M to Healthcare IT Leaders' contract for COVID-19 testing and vaccination, for $2M in all","The district raises its COVID-19 testing and vaccination services agreement with Healthcare IT Leaders, LLC of Alpharetta, GA, adding up to $1,905,000 to the original $95,000, for a cumulative cap of $2,000,000. The services for district staff and families are unchanged. The Board also approves a data sharing agreement with the company. Both cover July 1, 2022 through June 30, 2023.","Student health, support & family services",,amendment,"Healthcare IT Leaders, LLC",organization,,expense,not_to_exceed,1905000,,,95000,2000000,true,2022-07-01,2023-06-30,raises_existing_contract; large_increase,,,Adopted on the General Consent Report,2022-09-14,true,auto_ok,sonnet-agent,enrich.v5.md,true,
2022-09-14:22-2014,2022-09-14,2022-09-14,regular,S.-7,58,general,"Chief, Systems and Services Officer",22-2014,https://ousd.legistar.com/gateway.aspx?M=L&ID=56284,"Services Agreement 2022-2023, Amendment No. 1, Services Agreement 2022-2023 and Data Sharing Agreement 2022-2023 – Alliance for Community Wellness dba La Familia – Chief Systems and Services Officer","Approval by the Board of Education of Services Agreement 2022-2023, Amendment No. 1, Services Agreement 2022-2023 ((with all other terms and conditions of Agreement remaining in full force and effect), and Data Sharing Agreement 2022-2023, each, for the term of July 1, 2022 through June 30, 2023, by and between District and Alliance for Community Wellness dba La Familia, Hayward, CA, for the latter to provide COVID-19 testing services and vaccination services for District staff and families, as specified in the Agreement’s Scope of Work (SOW), in an amount not to exceed $95,000.00 (Agreement); increase in an amount not to exceed $905,000.00 (Amendment No. 1, Agreement),  unchanged SOW, for a cumulative not to exceed amount of $1,000,000.00 (Agreement and Amendment No. 1, Agreement), and Data Sharing Agreement, pursuant to terms and conditions of DSA.",Agreement or Contract,Chief Systems and Services Officer,007906,v-007906,3213 ESSER III,"Adds $905,000 to La Familia's contract for COVID-19 testing and vaccination, for $1M in all","The district raises its COVID-19 testing and vaccination services agreement with Alliance for Community Wellness (doing business as La Familia) of Hayward, CA, adding up to $905,000 to the original $95,000, for a cumulative cap of $1,000,000. The services for district staff and families are unchanged. The Board also approves a data sharing agreement. Both cover July 1, 2022 through June 30, 2023.","Student health, support & family services",,amendment,Alliance for Community Wellness dba La Familia,organization,,expense,not_to_exceed,905000,,,95000,1000000,true,2022-07-01,2023-06-30,raises_existing_contract; large_increase,,,Adopted on the General Consent Report,2022-09-14,true,auto_ok,sonnet-agent,enrich.v5.md,true,
2022-09-14:22-2015,2022-09-14,2022-09-14,regular,S.-8,59,general,"Chief, Systems and Services Officer",22-2015,https://ousd.legistar.com/gateway.aspx?M=L&ID=56285,"Services Agreement 2022-2023, Amendment No. 1, Services Agreement 2022-2023 and Data Sharing Agreement 2022-2023 – HR Support Inc – Chief Systems and Services Officer","Approval by the Board of Education of Services Agreement 2022-2023, Amendment No. 1, Services Agreement 2022-2023 (with all other terms and conditions of Agreement remaining in full force and effect), and Data Sharing Agreement )DSA) 2022-2023, each, for the term of July 1, 2022 through June 30, 2023, by and between District and HR Support, Inc, Castro Valley, CA, for the latter to provide COVID-19 testing and vaccination services for District staff and families, as specified in the Agreement’s Scope of Work (SOW), in an amount not to exceed $95,000.00 (Agreement); increase in an amount not to exceed $1,905,000.00 (Amendment No. 1, Agreement),  unchanged SOW, for a cumulative not to exceed amount of $2,000,000.00 (Agreement and Amendment No. 1, Agreement), and Data Sharing Agreement, pursuant to terms and conditions of DSA.",Agreement or Contract,Chief Systems and Services Officer,007884,v-007884,3213 ESSER III,"Adds $1.9M to HR Support's contract for COVID-19 testing and vaccination, for $2M in all","The district raises its COVID-19 testing and vaccination services agreement with HR Support, Inc. of Castro Valley, CA, adding up to $1,905,000 to the original $95,000, for a cumulative cap of $2,000,000. The services for district staff and families are unchanged. The Board also approves a data sharing agreement. Both cover July 1, 2022 through June 30, 2023.","Student health, support & family services",,amendment,"HR Support, Inc.",organization,,expense,not_to_exceed,1905000,,,95000,2000000,true,2022-07-01,2023-06-30,raises_existing_contract; large_increase,,,Adopted on the General Consent Report,2022-09-14,true,auto_ok,sonnet-agent,enrich.v5.md,true,
2022-09-14:22-2019,2022-09-14,2022-09-14,regular,S.-9,60,general,"Chief, Systems and Services Officer",22-2019,https://ousd.legistar.com/gateway.aspx?M=L&ID=56289,Grant Agreement – Oakland Public Education Fund – Regrant #22-07-05228521 – Pacific Gas and Electric Company,"Approval by the Board of Education of a Grant Agreement, Regrant #22-07-05228521, by and between the District and the Oakland Public Education Fund, accepting $86,245.00, for Project: Oakland Unified School District, from the Pacific Gas and Electric Company, to support District’s Emergency Connectivity Fund (ECF) consultant fees, supporting pupils student computers and hotspots as part of #OaklandUndivided, for the period of August 1, 2022 through June 30, 2023, pursuant to the terms and conditions thereof, if any.",Agreement or Contract,Chief Systems and Services Officer,003143,v-003143,,"Accepts $86,245 from PG&E, through the Oakland Public Education Fund, for student device support","The district accepts an $86,245 grant that the Oakland Public Education Fund is passing along from Pacific Gas and Electric Company. It helps pay consultant fees for the district's Emergency Connectivity Fund work, which supports student computers and hotspots as part of #OaklandUndivided. The grant covers August 1, 2022 through June 30, 2023.",Technology,,grant_or_funding_in,Oakland Public Education Fund,organization,,revenue,fixed,86245,,,,,true,2022-08-01,2023-06-30,pulled_from_consent; after_work_began,,"Adopted in its own vote at this meeting (5–1, 1 recused), instead of with the rest of the consent report.",Adopted,2022-09-14,true,auto_ok,sonnet-agent,enrich.v5.md,true,
2022-09-14:22-1656,2022-09-14,2022-09-14,regular,S.-10,62,general,Chief Business Officer,22-1656,https://ousd.legistar.com/gateway.aspx?M=L&ID=55948,22-1599Services Agreement - 2021-2022 - Keenan & Associates - Risk Management Department,"Approval by the Board of Education of a Services Agreement 2021-2022 by and between the District and Keenan & Associates, Torrance, CA, for the latter to provide Loss Prevention Services, as described in Exhibit A of Agreement, incorporated herein by reference as though fully set forth, for the period of July 1, 2021 through July 30, 2023, in an amount not to exceed $91,158.00.",Agreement or Contract,Chief Financial Officer,,n-keenan-and-associates,,"Pays Keenan & Associates up to $91,158 for loss prevention services through July 2023","The district approves a services agreement with Keenan & Associates of Torrance, CA to provide loss prevention services, which are described in an exhibit to the agreement. The term runs from July 1, 2021 through July 30, 2023, so it began before this vote. The amount is capped at $91,158.","Legal, compliance & risk",,new_agreement,Keenan & Associates,organization,,expense,not_to_exceed,91158,,,,,true,2021-07-01,2023-07-30,after_work_began; multi_year,,,Adopted on the General Consent Report,2022-09-14,true,auto_ok,sonnet-agent,enrich.v5.md,true,
2022-09-14:22-1976,2022-09-14,2022-09-14,regular,S.-11,63,general,Chief Business Officer,22-1976,https://ousd.legistar.com/gateway.aspx?M=L&ID=56246,Services Agreement - 2022-2023 - Junk King Contra Costa - Risk Management Department,"Ratification by the Board of Education of a Services Agreement 2022-2023 by and between the District and Junk King Contra Costa, Livermore, CA, for the latter to remove Obsolete Furniture and Equipment Damaged and Junk Property from the District’s schools and departments, via Warehouse Distribution Department, for the period of July 1, 2022 through June 30, 2023, in an amount not to exceed $25,000.00.",Agreement or Contract,Chief Financial Officer,,v-005413,,"Ratifies up to $25,000 for Junk King to haul away obsolete furniture and damaged equipment","The Board is ratifying (approving after the fact) a services agreement with Junk King Contra Costa of Livermore, CA to remove obsolete furniture, damaged equipment and junk from district schools and departments through the Warehouse Distribution Department. The term is July 1, 2022 through June 30, 2023, and the amount is capped at $25,000.","Food, transportation & operations",,new_agreement,Junk King Contra Costa,organization,,expense,not_to_exceed,25000,,,,,true,2022-07-01,2023-06-30,after_work_began,,,Adopted on the General Consent Report,2022-09-14,true,auto_ok,sonnet-agent,enrich.v5.md,true,
2022-09-14:22-2001,2022-09-14,2022-09-14,regular,S.-12,64,general,Chief Business Officer,22-2001,https://ousd.legistar.com/gateway.aspx?M=L&ID=56271,Services Agreement 2022-2023 - City Print & Mail - Warehouse Distribution Department,"Ratification by the Board of Education of a Services Agreement 2022-2023 by and between the District and City Print & Mail, Oakland, CA,  for the latter to provide printing and mailing service for the entire district and assist in keeping cost as low as possible with looking at rates for District; offer alternatives on ways to save on projects, via Warehouse Distribution Department, for the period of August 11, 2022 through June 30, 2023, in an amount not to exceed $95,000.00.",Agreement or Contract,Chief Financial Officer,,v-006681,,"Ratifies up to $95,000 for City Print & Mail to handle district printing and mailing","The Board is ratifying (approving after the fact) a services agreement with City Print & Mail of Oakland to provide printing and mailing for the whole district through the Warehouse Distribution Department. The vendor is also to look at rates and suggest ways to save on projects. The term is August 11, 2022 through June 30, 2023, and the amount is capped at $95,000.","Food, transportation & operations",,new_agreement,City Print & Mail,organization,,expense,not_to_exceed,95000,,,,,true,2022-08-11,2023-06-30,after_work_began,,,Adopted on the General Consent Report,2022-09-14,true,auto_ok,sonnet-agent,enrich.v5.md,true,
2022-09-14:22-2000,2022-09-14,2022-09-14,regular,S.-13,65,general,Chief Business Officer,22-2000,https://ousd.legistar.com/gateway.aspx?M=L&ID=56270,Services Agreement - 2022-2023- Junk King Contra Costa - Risk Management Department,"Ratification by the Board of Education of a Services Agreement 2022-2023 by and between the District and Junk King Contra Costa, Livermore, CA, for the latter to coordinate with the District on removing and disposing of salvaged furniture and equipment groups with zero useful life such as, musical equipment, kitchen equipment, file cabinets, multi-functional copiers, kitchen supplies, and pallets from the school sites or departments, for the period July 1, 2022 through June 30, 2023, via Risk Management Department, for the period of July 1, 2022 through June 30, 2023, in an amount not to exceed $50,000.00.",Motion,Chief Financial Officer,,v-005413,,"Ratifies up to $50,000 for Junk King to remove and dispose of salvaged furniture and equipment","The Board is ratifying (approving after the fact) a services agreement with Junk King Contra Costa of Livermore, CA to remove and dispose of salvaged furniture and equipment with no remaining useful life, such as musical and kitchen equipment, file cabinets, copiers and pallets, from school sites and departments. The term is July 1, 2022 through June 30, 2023, and the amount is capped at $50,000.","Food, transportation & operations",,new_agreement,Junk King Contra Costa,organization,,expense,not_to_exceed,50000,,,,,true,2022-07-01,2023-06-30,after_work_began,,,Adopted on the General Consent Report,2022-09-14,true,auto_ok,sonnet-agent,enrich.v5.md,true,
2022-09-14:22-1523,2022-09-14,2022-09-14,regular,S.-14,67,general,"Deputy Chief, Facilities Planning and Management",22-1523,https://ousd.legistar.com/gateway.aspx?M=L&ID=55817,"Amendment No. 1, General Services Agreement – Jensen Hughes – 2111 International Boulevard Fire Alarm Design Project – Division of Facilities Planning and Management","Approval by the Board of Education of Amendment No. 1, General Services Agreement by and between the District and Jensen Hughes, Concord, CA, for the latter to provide additional services, with Existing Conditions (Subcontractor), a three- dimensional (3D) scanning vendor, to develop basic building drawings for the facility, providing two-dimensional (2D) building floor plans and reflected ceiling plans only for the design of the new fire system, as described in the Proposal dated June 8, 2022, attached to this Amendment, as part of Exhibit A., for the 2111 International Boulevard [the Community School of Creative Education] Project, in an additional not-to-exceed amount of $28,090.00, increasing the Agreement’s not-to-exceed amount from $120,400.00 to $148,490.00. All other terms and conditions of the Agreement remain in full force and effect.",Agreement or Contract,"Deputy Chief, Facilities Planning and Management",002281,v-002281,Fund 25 Capital Facilities Fund,"Adds $28,090 to Jensen Hughes' contract for 3D scans for the 2111 International Blvd fire alarm design","The district amends its agreement with Jensen Hughes of Concord, CA, adding up to $28,090 and raising the cap from $120,400 to $148,490. The added work uses a subcontractor's three-dimensional scanning to produce basic floor plans and ceiling plans for designing a new fire alarm system at 2111 International Boulevard, the Community School of Creative Education. All other terms stay the same.",School buildings & construction,,amendment,Jensen Hughes,organization,Community School of Creative Education,expense,not_to_exceed,28090,,,120400,148490,true,,,raises_existing_contract,,,Adopted on the General Consent Report,2022-09-14,true,auto_ok,sonnet-agent,enrich.v5.md,true,
2022-09-14:22-1761,2022-09-14,2022-09-14,regular,S.-15,68,general,"Deputy Chief, Facilities Planning and Management",22-1761,https://ousd.legistar.com/gateway.aspx?M=L&ID=56053,"Amendment No. 1, Agreement for Engineering Services – Jensen Hughes – Hintil Kuu Child Development Center (CDC) Fire & Intrusion Alarm Project – Division of Facilities Planning and Management","Approval by the Board of Education of Amendment No. 1, Agreement for Engineering Services by and between the District and Jensen Hughes, Concord, CA, for the latter to provide additional services, with Existing Conditions (Subcontractor), a three- dimensional (3D) scanning vendor, to develop basic building drawings for the facility, providing two-dimensional (2D) building floor plans and reflected ceiling plans only for the design of the new fire system, as described in the Proposal dated June 8, 2022, attached to this Amendment, as part of Exhibit A, for the Hintil Kuu CDC Project, in an additional not-to-exceed amount of $15,850.00, increasing the Agreement’s not-to-exceed amount from $101,700.00 to $117,550.00. All other terms and conditions of the Agreement remain in full force and effect.",Agreement or Contract,"Deputy Chief, Facilities Planning and Management",002281,v-002281,Fund 25 Capital Facilities Fund,"Adds $15,850 to Jensen Hughes' contract for 3D building scans for the Hintil Kuu fire alarm design","The district amends its engineering agreement with Jensen Hughes of Concord, CA, adding up to $15,850 and raising the cap from $101,700 to $117,550. The added work uses a subcontractor's three-dimensional scanning to produce basic floor plans and ceiling plans for designing a new fire system at the Hintil Kuu Child Development Center. All other terms stay the same.",School buildings & construction,,amendment,Jensen Hughes,organization,Hintil Kuu Child Development Center,expense,not_to_exceed,15850,,,101700,117550,true,,,raises_existing_contract,,,Adopted on the General Consent Report,2022-09-14,true,auto_ok,sonnet-agent,enrich.v5.md,true,
2022-09-14:22-1763,2022-09-14,2022-09-14,regular,S.-16,69,general,"Deputy Chief, Facilities Planning and Management",22-1763,https://ousd.legistar.com/gateway.aspx?M=L&ID=56055,"Agreement for Maintenance – Competitively Bid – Graham Tree Services, Inc. – Community Day Tree Removal Project - Buildings and Grounds Department","Approval by the Board of Education of Agreement for Maintenance by and between the District and Graham Tree Service, Inc., Oakland, CA, for the latter to provide tree removal maintenance service with work consisting of but not limited to the removal, pruning, and/or cutting back of trees that pose the highest risk to the campus grounds, structures, and driveways on campus property for the Community Day School Tree Removal Maintenance Service Project, in the amount of $98,000.00, as the lowest responsive bidder, with a contract term of two (2) months; with the work anticipated to commence on September 15, 2022, and with an end date of  November 14, 2022.",Agreement or Contract,"Deputy Chief, Facilities Planning and Management",001907,v-001907,General Fund - Routine Restricted Maintenance Account,"Awards Graham Tree Service $98,000 to remove high-risk trees at the Community Day School campus","The district awards a maintenance agreement to Graham Tree Service, Inc. of Oakland, the lowest responsive bidder, to remove, prune or cut back the trees that pose the highest risk to campus grounds, buildings and driveways at Community Day School. Work is expected to run from September 15 to November 14, 2022, for $98,000.","Food, transportation & operations",,bid_award,"Graham Tree Service, Inc.",organization,Community Day School,expense,fixed,98000,,,,,true,2022-09-15,2022-11-14,,,,Adopted on the General Consent Report,2022-09-14,true,auto_ok,sonnet-agent,enrich.v5.md,true,
2022-09-14:22-1783,2022-09-14,2022-09-14,regular,S.-17,70,general,"Deputy Chief, Facilities Planning and Management",22-1783,https://ousd.legistar.com/gateway.aspx?M=L&ID=56075,"Amendment No. 1, General Services Agreement – Jensen Hughes – Facilities Planning and Management Buildings and Grounds Fire and Intrusion Alarm Project – Division of Facilities Planning and Management","Approval by the Board of Education of Amendment No. 1, General Services Agreement by and between the District and Jensen Hughes, Concord, CA, for the latter to provide additional services, with Existing Conditions (Subcontractor), a three-dimensional (3D) scanning vendor to develop basic building drawings for the facility, providing two-dimensional (2D) building floor plans and reflected ceiling plans only for the design of the new fire system, as described in the Proposal dated July 28, 2022, attached to this Amendment, as part of Exhibit A., for the Facilities Planning and Management Buildings and Grounds Fire & Intrusion Alarm Project, in an additional not-to-exceed amount of $41,740.00, increasing the Agreement’s not-to-exceed amount from $169,100.00 to $210,840.00. All other terms and conditions of the Agreement remain in full force and effect.",Agreement or Contract,"Deputy Chief, Facilities Planning and Management",002281,v-002281,Fund 25 Capital Facilities Fund,"Adds $41,740 to Jensen Hughes' contract for 3D scans for the Buildings and Grounds fire alarm project","The district amends its agreement with Jensen Hughes of Concord, CA, adding up to $41,740 and raising the cap from $169,100 to $210,840. The added work uses a subcontractor's three-dimensional scanning to produce basic floor plans and ceiling plans for designing a new fire and intrusion alarm system for the Facilities Planning and Management Buildings and Grounds facility. All other terms stay the same.",School buildings & construction,,amendment,Jensen Hughes,organization,,expense,not_to_exceed,41740,,,169100,210840,true,,,raises_existing_contract,,,Adopted on the General Consent Report,2022-09-14,true,auto_ok,sonnet-agent,enrich.v5.md,true,
2022-09-14:22-1861,2022-09-14,2022-09-14,regular,S.-18,71,general,"Deputy Chief, Facilities Planning and Management",22-1861,https://ousd.legistar.com/gateway.aspx?M=L&ID=56131,General Services Agreement – ACC Environmental Consultants – Westlake Middle School Intrusion Alarm Project - Division of Facilities Planning and Management,"Approval by the Board of Education of a General Services Agreement by and between the District and ACC Environmental Consultants, Oakland CA, for the latter to provide environmental services which consist of conducting a limited asbestos survey and lead paint screening, preparing asbestos work plans, and monitoring lead and asbestos oversight services, including the Basic Services described in the July 25, 2022 proposal, which are attached to this Agreement as Exhibit A, for the Westlake Middle School Intrusion Alarm Project, in the amount of $15,174.00, with work scheduled to commence on September 15, 2022, and scheduled to last until December 18, 2023.",Agreement or Contract,"Deputy Chief, Facilities Planning and Management",000230,v-000230,Fund 25 Capital Facilities Fund,"Pays ACC Environmental Consultants $15,174 for asbestos and lead checks at Westlake Middle School","The district hires ACC Environmental Consultants of Oakland to do a limited asbestos survey and lead paint screening, prepare asbestos work plans and oversee lead and asbestos work for the Westlake Middle School intrusion alarm project. The cost is $15,174. Work starts September 15, 2022 and is scheduled to last until December 18, 2023.",School buildings & construction,,new_agreement,ACC Environmental Consultants,organization,Westlake Middle School,expense,fixed,15174,,,,,true,2022-09-15,2023-12-18,multi_year,,,Adopted on the General Consent Report,2022-09-14,true,auto_ok,sonnet-agent,enrich.v5.md,true,
2022-09-14:22-1958,2022-09-14,2022-09-14,regular,S.-19,72,general,"Deputy Chief, Facilities Planning and Management",22-1958,https://ousd.legistar.com/gateway.aspx?M=L&ID=56228,"Change Order No. 1, Agreement Between Owner and Contractor – Bay Construction Company – Special Education Department Exterior Painting Project – Buildings and Grounds Department","Approval by the Board of Education of Change Order No. 1, Agreement Between Owner and Contractor by and between the District and Bay Construction Company, Oakland, CA, for additional construction services which include reinstalling 21 window screens and 1300 sq. ft. of stucco repair work, for the Special Education Department Exterior Painting Project, in the amount of $14,932.75, increasing the Agreement not to exceed amount from $236,500.00 to $251,432.75. All other terms and conditions of the Agreement remain in full force and effect.",Agreement or Contract,"Deputy Chief, Facilities Planning and Management",000642,v-000642,Fund 140 Deferred Maintenance Fund,"Adds $14,932.75 to Bay Construction's painting job for window screens and stucco repair","The district approves a change order adding $14,932.75 to its contract with Bay Construction Company of Oakland, raising the cap from $236,500 to $251,432.75. The added work is reinstalling 21 window screens and repairing 1,300 square feet of stucco on the Special Education Department Exterior Painting Project. All other terms stay the same.",School buildings & construction,,change_order,Bay Construction Company,organization,,expense,fixed,14932.75,,,236500,251432.75,true,,,raises_existing_contract,,,Adopted on the General Consent Report,2022-09-14,true,auto_ok,sonnet-agent,enrich.v5.md,true,
2022-09-14:22-2026,2022-09-14,2022-09-14,regular,S.-20,74,general,"Chief, Talent",22-2026,https://ousd.legistar.com/gateway.aspx?M=L&ID=56296,Personnel Report No. 2223-0001 - Talent/Human Resources Department,Approval by the Board of Education of Personnel Report No. 2223-0001 - Talent/Human Resources Department.,Personnel Report,"Deputy Chief, Talent",,,,Approves Personnel Report No. 2223-0001 from the Talent/Human Resources Department,"The Board approves Personnel Report No. 2223-0001 from the Talent/Human Resources Department. The official text does not list individual positions, people or dollar amounts, so the details are in the report itself.",Staff & hiring,,personnel,,,,no_cost,,,,,,,true,,,,,,Adopted on the General Consent Report,2022-09-14,true,auto_ok,sonnet-agent,enrich.v5.md,true,
2022-09-14:22-1942,2022-09-14,2022-09-14,regular,S.-21,75,general,"Chief, Talent",22-1942,https://ousd.legistar.com/gateway.aspx?M=L&ID=56212,Memorandum of Understanding and Data Sharing Agreement 2021-2022 - District and Loyola Marymount University - Intern Partnership Program and Practica Program - K-12 - Talent/Human Resources Department,"Approval by the Board of Education of Memorandum of Understanding - Intern Partnership Program and Practica Program- K-12 Teaching, as delineated therein, and a Data Sharing Agreement 2021-2022, as stated in Exhibit A thereof, each, by and between the District and Loyola Marymount University (University or LMU), for the term July 1, 2022 through June 30, 2025, at no cost to the District .",Agreement or Contract,"Deputy Chief, Talent",,v-002655,,"Approves a no-cost partnership with Loyola Marymount University for teacher interns, 2022 to 2025","The district approves a memorandum of understanding (an agreement outlining a partnership) with Loyola Marymount University for its Intern Partnership Program and Practica Program in K-12 teaching, along with a data sharing agreement. The term is July 1, 2022 through June 30, 2025, at no cost to the district.",Staff & hiring,,mou_or_data_sharing,Loyola Marymount University,organization,,no_cost,,,,,,,true,2022-07-01,2025-06-30,after_work_began; multi_year,,,Adopted on the General Consent Report,2022-09-14,true,auto_ok,sonnet-agent,enrich.v5.md,true,
2022-09-14:22-2027,2022-09-14,2022-09-14,regular,S.-22,76,general,"Chief, Talent",22-2027,https://ousd.legistar.com/gateway.aspx?M=L&ID=56297,"Services Agreement 2022-2023 - William L. Winston, Education Consulting LLC - Talent/Human Resources Department","Ratification by the Board of Education of a Services Agreement 2022-2023 by and between the District and William L. Winston, Education Consulting LLC, Oakland, CA, for the latter to ensure that partnership with colleges and universities for new teacher recruitment and pipelines are developed and maintained through development of Memorandums of Understanding, including initiating contact with the designated staff at the college responsible for the MOU, communicating with the college and university partners about the MOU process, the writing of the MOU, and the negotiation of the MOU content, receiving approval from the District's Legal Department, submitting and tracking the MOU through the approval process, via Talent / Human Resources Department, for the period of July 1, 2022 through June 30, 2023, in an amount not to exceed $10,000.00.",Agreement or Contract,"Deputy Chief, Talent",004664,v-004664,General Purpose-unrestricted,"Ratifies up to $10,000 for Winston Education Consulting to set up college partnerships for teacher hiring","The Board is ratifying (approving after the fact) a services agreement with William L. Winston, Education Consulting LLC of Oakland. The consultant sets up and maintains partnerships with colleges and universities to recruit new teachers, including drafting and negotiating memorandums of understanding and tracking them through approval. The term is July 1, 2022 through June 30, 2023, and the amount is capped at $10,000.",Staff & hiring,,new_agreement,"William L. Winston, Education Consulting LLC",organization,,expense,not_to_exceed,10000,,,,,true,2022-07-01,2023-06-30,after_work_began,,,Adopted on the General Consent Report,2022-09-14,true,auto_ok,sonnet-agent,enrich.v5.md,true,
2022-09-14:22-2032,2022-09-14,2022-09-14,regular,S.-23,77,general,"Chief, Talent",22-2032,https://ousd.legistar.com/gateway.aspx?M=L&ID=56302,Grant Award - California Commission on Teacher Credentialing - Classified School Employee Teacher Credentialing Program Grant - Talent/Human Resources Department,"Acceptance by the Board of Education of Grant Award No. 2021C25, from the California Commission on Teacher Credentialing, in the amount of $1,200,000.00 (5 years @$240,000.00 annually), for District's Classified Staff transition to becoming fully credentialed teachers, pursuant to the terms and conditions thereof, for the period of July 1, 2022 through June 30, 2027.",Application,"Deputy Chief, Talent",,n-california-commission-on-teacher-credentialing,,"Accepts a $1.2M state grant to help classified staff become credentialed teachers, through 2027","The district accepts a $1,200,000 grant from the California Commission on Teacher Credentialing, described as five years at $240,000 a year. It helps classified (non-teaching) district staff move toward becoming fully credentialed teachers. The grant period is July 1, 2022 through June 30, 2027.",Staff & hiring,,grant_or_funding_in,California Commission on Teacher Credentialing,organization,,revenue,fixed,1200000,,,,,true,2022-07-01,2027-06-30,after_work_began; multi_year,,,Adopted on the General Consent Report,2022-09-14,true,auto_ok,sonnet-agent,enrich.v5.md,true,
2022-09-14:22-1754,2022-09-14,2022-09-14,regular,S.-24,79,general,Chief Academic Officer,22-1754,https://ousd.legistar.com/gateway.aspx?M=L&ID=56046,Services Agreement 2022-2023 - Holden High School – Special Education Department,"Ratification by the Board of Education of a Services Agreement 2022-2023 by and between the District and Holden High School, Orinda, CA, for the latter to provide college preparatory academic instruction leading to a high school diploma for a student with disabilities; additionally provide grades, transcripts, and handle all other educational needs of the student, via the Special Education Department, for the period of August 1, 2022 through June 30, 2023, in an amount not to exceed $46,000.00.",Agreement or Contract,Chief Academic Officer,,v-008020,Special Education,"Ratifies up to $46,000 for Holden High School to educate one student with disabilities","The Board is ratifying (approving after the fact) a services agreement with Holden High School of Orinda, CA to provide college preparatory instruction leading to a high school diploma for one student with disabilities, including grades and transcripts. The term is August 1, 2022 through June 30, 2023, and the amount is capped at $46,000.",Special education,Nonpublic schools & agencies,new_agreement,Holden High School,organization,,expense,not_to_exceed,46000,,,,,true,2022-08-01,2023-06-30,after_work_began,,,Adopted on the General Consent Report,2022-09-14,true,auto_ok,sonnet-agent,enrich.v5.md,true,
2022-09-14:22-1760,2022-09-14,2022-09-14,regular,S.-25,80,general,Chief Academic Officer,22-1760,https://ousd.legistar.com/gateway.aspx?M=L&ID=56052,Services Agreement 2022-2023 - Deborah Jacobson – Special Education Department,"Approval by the Board of Education of a Services Agreement 2022-2023 by and between the District and Deborah Jacobson, Berkeley, CA, for the latter to serve as a mediator for Alternative Dispute Resolution (ADR) to proactively generate creative solutions to ongoing Special Education disputes or disagreements that were not successfully resolved through the standard Individualized Education Program (IEP) process;  actively respond to requests for ADR, liaising with participating families and district personnel; and generate agreements and coordinate next steps for execution with legal administrative support personnel, via the Special Education Department, for the period of September 15, 2022 through June 30, 2023, in an amount not to exceed $98,000.00.",Agreement or Contract,Chief Academic Officer,007618,v-007618,Special Education Alternative Dispute Resolution,"Pays a mediator up to $98,000 to resolve special education disagreements with families","The district approves a services agreement with Deborah Jacobson of Berkeley, CA to serve as a mediator in alternative dispute resolution for special education disagreements that were not settled through the usual Individualized Education Program (IEP) process. The mediator works with families and district staff and helps write up agreements. The term is September 15, 2022 through June 30, 2023, and the amount is capped at $98,000.",Special education,"Legal, compliance & policy",new_agreement,Deborah Jacobson,individual,,expense,not_to_exceed,98000,,,,,true,2022-09-15,2023-06-30,,,,Adopted on the General Consent Report,2022-09-14,true,auto_ok,sonnet-agent,enrich.v5.md,true,
2022-09-14:22-1793,2022-09-14,2022-09-14,regular,S.-26,81,general,Chief Academic Officer,22-1793,https://ousd.legistar.com/gateway.aspx?M=L&ID=56085,"Services Agreement 2022-2023 - MISSSEY, Inc. - Community Schools and Student Services Department","Ratification by the Board of Education of a Services Agreement 2022-2023 by and between the District and MISSSEY, Inc., Oakland, CA, for the latter to support OUSD Expanded Learning staff in building skills to recognize and respond to those at risk and impacted by human trafficking and sexual violence, as described in Exhibit A of Agreement, incorporated herein by reference as though fully set forth, via the Community Schools and Student Services Department, for the period July 15, 2022 through June 30, 2023, in an amount not to exceed $5,750.00.",Agreement or Contract,Chief Academic Officer,006860,v-006860,Expanded Learning Opportunities Program,"Ratifies up to $5,750 for MISSSEY to train Expanded Learning staff on human trafficking","The Board is ratifying (approving after the fact) a services agreement with MISSSEY, Inc. of Oakland to help district Expanded Learning (after-school) staff build skills to recognize and respond to students at risk of or affected by human trafficking and sexual violence. The term is July 15, 2022 through June 30, 2023, and the amount is capped at $5,750.",After-school & summer programs,,new_agreement,"MISSSEY, Inc.",organization,,expense,not_to_exceed,5750,,,,,true,2022-07-15,2023-06-30,after_work_began,,,Adopted on the General Consent Report,2022-09-14,true,auto_ok,sonnet-agent,enrich.v5.md,true,
2022-09-14:22-1794,2022-09-14,2022-09-14,regular,S.-27,82,general,Chief Academic Officer,22-1794,https://ousd.legistar.com/gateway.aspx?M=L&ID=56086,Memorandum of Understanding- Alameda County Office of Education - Google UX/UI Certificate Course - High School Linked Learning Office,"Ratification by the Board of Education of a Memorandum of Understanding (MOU) by and between the District and the Alameda County Office of Education (ACOE), Hayward, CA, to enable ACOE and the District to work in implementing the Google UX/UI Certificate Course for high school students, as described in the Scope of Services of the MOU, incorporated herein by reference as though fully set forth, for the period of April 28, 2022 through June 30, 2022, with ACOE paying District an amount not to exceed $3,000.00.",Agreement or Contract,Chief Academic Officer,,v-000318,Alameda County of Education,"Ratifies a deal where the county office of education pays the district up to $3,000 for a Google UX/UI course","The Board is ratifying (approving after the fact) a memorandum of understanding (an agreement outlining a partnership) with the Alameda County Office of Education to work together on a Google UX/UI Certificate Course for high school students. The county office pays the district up to $3,000. The term was April 28 through June 30, 2022, which ended before this vote.",Classroom & academic programs,,grant_or_funding_in,Alameda County Office of Education,organization,,revenue,not_to_exceed,3000,,,,,true,2022-04-28,2022-06-30,after_work_began,,,Adopted on the General Consent Report,2022-09-14,true,auto_ok,sonnet-agent,enrich.v5.md,true,
2022-09-14:22-1805,2022-09-14,2022-09-14,regular,S.-28,83,general,Chief Academic Officer,22-1805,https://ousd.legistar.com/gateway.aspx?M=L&ID=56097,"New Master Agreements or Contracts and Individual Service Agreements with Nonpublic, Nonsectarian School/Agency Services - Students of Special Education Program - School Year 2022-2023 – Special Education Department","Approval by the Board of Education of Resolution Number 2223-0152 - New Master Agreements or Contracts and Individual Service Agreements with Nonpublic, Nonsectarian School/Agency Services for students of the Special Education Program for Fiscal Year 2022-2023, in a cumulative amount* not to exceed $31,970,000.00.
_______
*Attachment “A” Non Public Schools -  $10,370,000,00 
  Attachment “B” Non-Public Agencies -$21,600,000.00",Resolution,Chief Academic Officer,,,Special Education,Authorizes up to $31.97M for nonpublic special education schools and agencies for 2022-23,"The Board approves a resolution authorizing new master agreements and individual service agreements with nonpublic, nonsectarian schools and agencies for students in special education in fiscal year 2022-23. The cumulative cap is $31,970,000, which the text splits between nonpublic schools ($10,370,000) and nonpublic agencies ($21,600,000).",Special education,Nonpublic schools & agencies,new_agreement,,,,expense,not_to_exceed,31970000,,,,,true,2022-07-01,2023-06-30,after_work_began,,,Adopted on the General Consent Report,2022-09-14,true,auto_ok,sonnet-agent,enrich.v5.md,true,
2022-09-14:22-1809,2022-09-14,2022-09-14,regular,S.-29,84,general,Chief Academic Officer,22-1809,https://ousd.legistar.com/gateway.aspx?M=L&ID=56101,Sole Source Exemption to Public Bidding and Special Education Information System License Agreement - San Joaquin County Office of Education - Chief Academic Officer,"Approval by the Board of Education of Resolution No. 2223-0001 - Authorizing Use of Sole Source Exception to Public Bidding for Contract With San Joaquin County Office of Education and Approving Special Education Information System License Agreement by and between the District and San Joaquin County Office of Education, DBA Special Education Information System (SEIS), Stockton, CA, for the latter to provide the District access to the web-based system, Special Education Information System (SEIS), in formulating, updating, tracking, storing and reporting on student data with Individualized Education Plans (IEPs), as specified therein, for the period of July 1, 2022 through June 30, 2025, in an amount not to exceed $213,429.00.",Agreement or Contract,Chief Academic Officer,003755,v-003755,Special Education,"Buys special education records software from the San Joaquin county office, up to $213,429, without bidding","The district approves using a sole source exception to public bidding (no competing bids) and a license agreement with the San Joaquin County Office of Education, which does business as the Special Education Information System (SEIS). The web-based system is used to write, update, track, store and report on students' individual special education plans. The term is July 1, 2022 through June 30, 2025, and the amount is capped at $213,429.",Special education,Programs & support,new_agreement,San Joaquin County Office of Education dba Special Education Information System (SEIS),organization,,expense,not_to_exceed,213429,,,,,true,2022-07-01,2025-06-30,after_work_began; no_competitive_bid; multi_year,,,Adopted on the General Consent Report,2022-09-14,true,auto_ok,sonnet-agent,enrich.v5.md,true,
2022-09-14:22-1845,2022-09-14,2022-09-14,regular,S.-30,85,general,Chief Academic Officer,22-1845,https://ousd.legistar.com/gateway.aspx?M=L&ID=56115,Services Agreement 2022-2023 - Be the Change Consulting - Expanded Learning Programs - Community Schools and Student Services Department,"Ratification by the Board of Education of a Services Agreement 2022-2023 by and between the District and Be the Change Consulting, Oakland, CA, for the latter to provide fifty Building Intentional Communities Kits; provide half day training on implementing the Building Intentional Communities model during the Expanded Learning Summer Institute, and one full-day training in the Fall, via the Community Schools and Student Services Department, for the period July 20, 2022 through December 30, 2022, in an amount not to exceed $38,500.00.",Agreement or Contract,Chief Academic Officer,000650,v-000650,Expanded Learning Opportunities Program,"Ratifies up to $38,500 for Be the Change Consulting kits and training for Expanded Learning staff","The Board is ratifying (approving after the fact) a services agreement with Be the Change Consulting of Oakland to provide fifty Building Intentional Communities Kits, a half-day training at the Expanded Learning Summer Institute and a full-day training in the fall. The term is July 20 through December 30, 2022, and the amount is capped at $38,500.",After-school & summer programs,,new_agreement,Be the Change Consulting,organization,,expense,not_to_exceed,38500,,,,,true,2022-07-20,2022-12-30,after_work_began,,,Adopted on the General Consent Report,2022-09-14,true,auto_ok,sonnet-agent,enrich.v5.md,true,
2022-09-14:22-1862,2022-09-14,2022-09-14,regular,S.-31,86,general,Chief Academic Officer,22-1862,https://ousd.legistar.com/gateway.aspx?M=L&ID=56132,"Services Agreement 2022-2023 - Michael Smith, ASL Interpreter – Special Education Department","Ratification by the Board of Education of a Services Agreement 2022-2023 between the District and Michael Smith, Moraga, CA, for the latter to provide legally mandated American Sign Language (ASL) interpretation services for students with disabilities who are deaf or significantly hard of hearing that are called for in Individualized Education Programs (IEPs) for these students, via the Special Education Department, for the period of August 5, 2022 through June 30, 2023, in an amount not to exceed $88,060.00.",Agreement or Contract,Chief Academic Officer,007976,v-007976,Special Education,"Pays an ASL interpreter up to $88,060 to serve deaf and hard-of-hearing students in 2022-23","The district is ratifying a contract with an individual to provide American Sign Language (ASL) interpretation for students who are deaf or significantly hard of hearing, as required by their Individualized Education Programs (IEPs). The contract runs August 5, 2022 through June 30, 2023, for up to $88,060. The service period began before this approval.",Special education,Services & contract staff,new_agreement,Michael Smith,individual,,expense,not_to_exceed,88060,,,,,true,2022-08-05,2023-06-30,after_work_began,,,Adopted on the General Consent Report,2022-09-14,true,auto_ok,sonnet-agent,enrich.v5.md,true,
2022-09-14:22-1869,2022-09-14,2022-09-14,regular,S.-32,87,general,Chief Academic Officer,22-1869,https://ousd.legistar.com/gateway.aspx?M=L&ID=56139,Services Agreement 2022-2023 - Whitney Francis - Community Schools and Student Services Department,"Ratification by the Board of Education of a Services Agreement 2022-2023 by and between the District and Whitney Francis, Oakland, CA, for the latter to conduct Literature Review (Synthesize relevant participatory research methods literature that can support evaluation design); Synthesize relevant community engagement literature to support development of a context-specific community engagement strategy; and perform other tasks stated in Exhibit A of the Agreement, incorporated herein by reference as though fully set forth, via Community Schools and Student Services Department, for the period of July 1, 2022 through August 31, 2022, in an amount not to exceed $4,704.00.",Agreement or Contract,Chief Academic Officer,007814,v-007814,City of Oakland,"Pays a researcher up to $4,704 for literature reviews supporting community schools evaluation and outreach","The district is ratifying a short contract with an individual to review research on evaluation methods and community engagement, and to help shape a community engagement strategy. The work ran July 1 through August 31, 2022, for up to $4,704, and began before this approval. It is run through the Community Schools and Student Services Department.","Student health, support & family services",,new_agreement,Whitney Francis,individual,,expense,not_to_exceed,4704,,,,,true,2022-07-01,2022-08-31,after_work_began,,,Adopted on the General Consent Report,2022-09-14,true,auto_ok,sonnet-agent,enrich.v5.md,true,
2022-09-14:22-1870,2022-09-14,2022-09-14,regular,S.-33,88,general,Chief Academic Officer,22-1870,https://ousd.legistar.com/gateway.aspx?M=L&ID=56140,Services Agreement 2022-2023 - Isabella Gross - Community Schools and Student Services Department,"Ratification by the Board of Education of a Services Agreement 2022-2023 by and between the District and Isabella Gross, Berkeley, CA, for the latter to complete Literature Review, Logic Model, Evaluation of Existing Data Tools, and an Evaluation Report in preparation for UC Berkeley year-round work for The Center, via the Community Schools and Student Services Department, for the period of July 1, 2022 through August 31, 2022, in an amount not to exceed $5,320.00.",Agreement or Contract,Chief Academic Officer,007813,v-007813,City of Oakland,"Pays an evaluator up to $5,320 for a literature review and evaluation report on community schools","The district is ratifying a short contract with an individual to complete a literature review, a logic model, a review of existing data tools and an evaluation report, in preparation for year-round work with UC Berkeley for a program called The Center. The work ran July 1 through August 31, 2022, for up to $5,320, and began before this approval.","Student health, support & family services",,new_agreement,Isabella Gross,individual,,expense,not_to_exceed,5320,,,,,true,2022-07-01,2022-08-31,after_work_began,,,Adopted on the General Consent Report,2022-09-14,true,auto_ok,sonnet-agent,enrich.v5.md,true,
2022-09-14:22-1871,2022-09-14,2022-09-14,regular,S.-34,89,general,Chief Academic Officer,22-1871,https://ousd.legistar.com/gateway.aspx?M=L&ID=56141,Services Agreement 2022-2023 - Elise De Cuba - Community Schools and Student Services Department,"Ratification by the Board of Education of a Services Agreement 2022-2023 by and between the District and Elise De Cuba, Altamonte Springs, FL, for the latter to take previously developed video footage and create an educational video for all school stakeholders about produce bars in the cafeterias, to be used for students, school site staff, nutrition services/cafeteria staff, partners and parents, in order to encourage proper set up and usage of the newly established produce bars, with the goal of more meal participation and higher consumption of fruits and vegetables, via Community Schools and Student Services Department, for the period of July 11, 2022 through September 30, 2022, in an amount not to exceed $5,050.00.",Agreement or Contract,Chief Academic Officer,007911,v-007911,City of Oakland,"Pays a contractor up to $5,050 to make a video on using school cafeteria produce bars","The district is ratifying a contract with an individual to turn existing footage into an educational video about the new produce bars in school cafeterias. The video is meant for students, school and nutrition staff, partners and parents, with the goal of more meal participation and more fruits and vegetables eaten. The work ran July 11 through September 30, 2022, for up to $5,050, and began before this approval.","Food, transportation & operations",,new_agreement,Elise De Cuba,individual,,expense,not_to_exceed,5050,,,,,true,2022-07-11,2022-09-30,after_work_began,,,Adopted on the General Consent Report,2022-09-14,true,auto_ok,sonnet-agent,enrich.v5.md,true,
2022-09-14:22-1902,2022-09-14,2022-09-14,regular,S.-35,90,general,Chief Academic Officer,22-1902,https://ousd.legistar.com/gateway.aspx?M=L&ID=56172,Services Agreement 2022-2023 - The Speech Pathology Group dba SPG Therapy & Education - Early Childhood Development Department,"Approval by the Board of Education of a Services Agreement 2022-2023 by and between the District and The Speech Pathology Group dba SPG Therapy & Education, Walnut Creek, CA, for the latter to provide 20 hours per week of onsite real time coaching, professional development support and training to District’s Early Learning Department including its community partners of the Inclusive Early Education Expansion Program (IEEEP) as required by the grant (funding source 6128), via Early Childhood Development Department, for the period of August 8, 2022 through June 30, 2023, in an amount not to exceed $99,000.00.",Agreement or Contract,Chief Academic Officer,004031,v-004031,Inclusive Early Education Expansion Program,"Pays SPG Therapy & Education up to $99,000 to coach and train early learning staff and partners","The district is approving a contract with SPG Therapy & Education for 20 hours a week of on-site coaching, professional development and training for the district's Early Learning Department and its partners in the Inclusive Early Education Expansion Program, as the grant requires. The contract runs August 8, 2022 through June 30, 2023, for up to $99,000.",Classroom & academic programs,,new_agreement,The Speech Pathology Group dba SPG Therapy & Education,organization,,expense,not_to_exceed,99000,,,,,true,2022-08-08,2023-06-30,after_work_began,,,Adopted on the General Consent Report,2022-09-14,true,auto_ok,sonnet-agent,enrich.v5.md,true,
2022-09-14:22-1911,2022-09-14,2022-09-14,regular,S.-36,91,general,Chief Academic Officer,22-1911,https://ousd.legistar.com/gateway.aspx?M=L&ID=56181,Services Agreement 2022-2023 - Cheryl Rodby - Pupil Disciplinary Hearing Panel - Community Schools and Student Services Department,"Ratification by the Board of Education of a Services Agreement 2022-2023 by and between the District and Cheryl Rodby, San Ramon, CA, for the latter to conduct, on a rotating basis, pupil expulsion hearings, admission, reinstatement and readmission hearings pursuant to Education Code Sections 48900-48927 for the term of the Agreement,  via the Community Schools and Student Services Department, for  the  period  of  August  1,  2022  through  June  30,  2025,  in  an  amount  not  to  exceed  $15,000.00.",Agreement or Contract,Chief Academic Officer,003662,v-003662,Unrestricted - General Purpose,"Pays a hearing panel member up to $15,000 through 2025 for student expulsion and readmission hearings","The district is ratifying a contract with an individual who will serve on a rotating basis to conduct student expulsion, admission, reinstatement and readmission hearings under the Education Code. The contract runs August 1, 2022 through June 30, 2025, for up to $15,000. The service period began before this approval.","Legal, compliance & risk",,new_agreement,Cheryl Rodby,individual,,expense,not_to_exceed,15000,,,,,true,2022-08-01,2025-06-30,after_work_began; multi_year,,,Adopted on the General Consent Report,2022-09-14,true,auto_ok,sonnet-agent,enrich.v5.md,true,
2022-09-14:22-1912,2022-09-14,2022-09-14,regular,S.-37,92,general,Chief Academic Officer,22-1912,https://ousd.legistar.com/gateway.aspx?M=L&ID=56182,Services Agreement 2022-2023 - Dr. William Riley - Pupil Disciplinary Hearing Panel - Community Schools and Student Services Department,"Ratification by the Board of Education of a Services Agreement 2022-2023 by and between the District and Dr. William Riley, Oakland, CA, latter to conduct, on a rotating basis, pupil expulsion hearings, admission, reinstatement and readmission hearings pursuant to Education Code Sections 48900-48927 for the term of the Agreement,  via the Community Schools and Student Services Department, for the period of August 1, 2022 through June 30, 2025, in an amount not to exceed $15,000.00.",Agreement or Contract,Chief Academic Officer,003618,v-003618,Unrestricted - General Purpose,"Pays a hearing panel member up to $15,000 through 2025 for student expulsion and readmission hearings","The district is ratifying a contract with an individual who will serve on a rotating basis to conduct student expulsion, admission, reinstatement and readmission hearings under the Education Code. The contract runs August 1, 2022 through June 30, 2025, for up to $15,000. The service period began before this approval.","Legal, compliance & risk",,new_agreement,Dr. William Riley,individual,,expense,not_to_exceed,15000,,,,,true,2022-08-01,2025-06-30,after_work_began; multi_year,,,Adopted on the General Consent Report,2022-09-14,true,auto_ok,sonnet-agent,enrich.v5.md,true,
2022-09-14:22-1913,2022-09-14,2022-09-14,regular,S.-38,93,general,Chief Academic Officer,22-1913,https://ousd.legistar.com/gateway.aspx?M=L&ID=56183,Services Agreement 2022-2023 - Halima Dotson-Franklin - Pupil Disciplinary Hearing Panel - Community Schools and Student Services Department,"Ratification by the Board of Education of a Services Agreement 2022-2023 by and between the District and Halima Dotson-Franklin, Berkeley, CA, for the latter to conduct, on a rotating basis, pupil expulsion hearings, admission, reinstatement and readmission hearings pursuant to Education Code Sections 48900-48927 for the term of the Agreement,  via the Community Schools and Student Services Department, for the period of August 1, 2022 through June 30, 2025 in an amount not to exceed $15,000.00.",Agreement or Contract,Chief Academic Officer,001417,v-001417,Unrestricted - General Purpose,"Pays a hearing panel member up to $15,000 through 2025 for student expulsion and readmission hearings","The district is ratifying a contract with an individual who will serve on a rotating basis to conduct student expulsion, admission, reinstatement and readmission hearings under the Education Code. The contract runs August 1, 2022 through June 30, 2025, for up to $15,000. The service period began before this approval.","Legal, compliance & risk",,new_agreement,Halima Dotson-Franklin,individual,,expense,not_to_exceed,15000,,,,,true,2022-08-01,2025-06-30,after_work_began; multi_year,,,Adopted on the General Consent Report,2022-09-14,true,auto_ok,sonnet-agent,enrich.v5.md,true,
2022-09-14:22-1914,2022-09-14,2022-09-14,regular,S.-39,94,general,Chief Academic Officer,22-1914,https://ousd.legistar.com/gateway.aspx?M=L&ID=56184,Services Agreement 2022-2023 - Johnny Lorigo - Pupil Disciplinary Hearing Panel - Community Schools and Student Services Department,"Ratification by the Board of Education of a Services Agreement 2022-2023 by and between the District and Johnny Lorigo, Oakland, CA, for the latter to conduct, on a rotating basis, pupil expulsion hearings, admission, reinstatement and readmission hearings pursuant to Education Code Sections 48900-48927 for the term of the Agreement, via the Community Schools and Student Services, for the period of August 1, 2022 through June 30, 2025, in an amount not to exceed $15,000.00.",Agreement or Contract,Chief Academic Officer,002638,v-002638,Unrestricted - General Purpose,"Pays a hearing panel member up to $15,000 through 2025 for student expulsion and readmission hearings","The district is ratifying a contract with an individual who will serve on a rotating basis to conduct student expulsion, admission, reinstatement and readmission hearings under the Education Code. The contract runs August 1, 2022 through June 30, 2025, for up to $15,000. The service period began before this approval.","Legal, compliance & risk",,new_agreement,Johnny Lorigo,individual,,expense,not_to_exceed,15000,,,,,true,2022-08-01,2025-06-30,after_work_began; multi_year,,,Adopted on the General Consent Report,2022-09-14,true,auto_ok,sonnet-agent,enrich.v5.md,true,
2022-09-14:22-1915,2022-09-14,2022-09-14,regular,S.-40,95,general,Chief Academic Officer,22-1915,https://ousd.legistar.com/gateway.aspx?M=L&ID=56185,Services Agreement 2022-2023 - Lauran Waters-Cherry - Pupil Disciplinary Hearing Panel - Community Schools and Student Services Department,"Ratification by the Board of Education of a Services Agreement 2022-2023 by and between the District and Lauran Waters-Cherry, Oakland, CA, for the latter to conduct, on a rotating basis, pupil expulsion hearings, admission, reinstatement and readmission hearings pursuant to Education Code Sections 48900-48927 for the term of the Agreement,  via the Community Schools and Student Services Department, for the period of August 1, 2022 through June 30, 2025, in an amount not to exceed $15,000.00.",Agreement or Contract,Chief Academic Officer,006320,v-006320,Unrestricted - General Purpose,"Pays a hearing panel member up to $15,000 through 2025 for student expulsion and readmission hearings","The district is ratifying a contract with an individual who will serve on a rotating basis to conduct student expulsion, admission, reinstatement and readmission hearings under the Education Code. The contract runs August 1, 2022 through June 30, 2025, for up to $15,000. The service period began before this approval.","Legal, compliance & risk",,new_agreement,Lauran Waters-Cherry,individual,,expense,not_to_exceed,15000,,,,,true,2022-08-01,2025-06-30,after_work_began; multi_year,,,Adopted on the General Consent Report,2022-09-14,true,auto_ok,sonnet-agent,enrich.v5.md,true,
2022-09-14:22-1916,2022-09-14,2022-09-14,regular,S.-41,96,general,Chief Academic Officer,22-1916,https://ousd.legistar.com/gateway.aspx?M=L&ID=56186,Services Agreement 2022-2023 - Linda Lu - Pupil Disciplinary Hearing Panel - Community Schools and Student Services Department,"Ratification by the Board of Education of a Services Agreement 2022-2023 by and between the District and Linda Lu, Hayward, CA, for the latter to conduct, on a rotating basis, pupil expulsion hearings, admission, reinstatement and readmission hearings pursuant to Education Code Sections 48900-48927 for the term of the Agreement, via the Community Schools and Student Services Department, for the period of August 1, 2022 through June 30, 2025, in an amount not to exceed $15,000.00.",Agreement or Contract,Chief Academic Officer,002657,v-002657,Unrestricted - General Purpose,"Pays a hearing panel member up to $15,000 through 2025 for student expulsion and readmission hearings","The district is ratifying a contract with an individual who will serve on a rotating basis to conduct student expulsion, admission, reinstatement and readmission hearings under the Education Code. The contract runs August 1, 2022 through June 30, 2025, for up to $15,000. The service period began before this approval.","Legal, compliance & risk",,new_agreement,Linda Lu,individual,,expense,not_to_exceed,15000,,,,,true,2022-08-01,2025-06-30,after_work_began; multi_year,,,Adopted on the General Consent Report,2022-09-14,true,auto_ok,sonnet-agent,enrich.v5.md,true,
2022-09-14:22-1917,2022-09-14,2022-09-14,regular,S.-42,97,general,Chief Academic Officer,22-1917,https://ousd.legistar.com/gateway.aspx?M=L&ID=56187,Services Agreement 2022-2023 - Theresa Clincy - Pupil Disciplinary Hearing Panel - Community Schools and Student Services Department,"Ratification by the Board of Education of a Services Agreement 2022-2023 by and between the District and Theresa Clincy, Oakland, CA, for the latter to conduct, on a rotating basis, pupil expulsion hearings, admission, reinstatement and readmission hearings pursuant to Education Code Sections 48900-48927 for the term of the Agreement,  via the Community Schools and Student Services Department, for the period of August 1, 2022 through June 30, 2025, in an amount not to exceed $15,000.00.",Agreement or Contract,Chief Academic Officer,006321,v-006321,Unrestricted - General Purpose,"Pays a hearing panel member up to $15,000 through 2025 for student expulsion and readmission hearings","The district is ratifying a contract with an individual who will serve on a rotating basis to conduct student expulsion, admission, reinstatement and readmission hearings under the Education Code. The contract runs August 1, 2022 through June 30, 2025, for up to $15,000. The service period began before this approval.","Legal, compliance & risk",,new_agreement,Theresa Clincy,individual,,expense,not_to_exceed,15000,,,,,true,2022-08-01,2025-06-30,after_work_began; multi_year,,,Adopted on the General Consent Report,2022-09-14,true,auto_ok,sonnet-agent,enrich.v5.md,true,
2022-09-14:22-1937,2022-09-14,2022-09-14,regular,S.-43,98,general,Chief Academic Officer,22-1937,https://ousd.legistar.com/gateway.aspx?M=L&ID=56207,Grant Proposal - California Department of Social Services - Opportunities for Youth Program - English Language Learner and Multilingual Achievement Office,"Approval by the Board of Education, pursuant to Board Policy 3290, of OUSD's application to the California Department of Social Services, seeking funding in the amount of $600,000 to continue the Opportunities for Youth Program providing outreach, reengagement and wellness supports for unaccompanied immigrant youth, as described in the proposal, incorporated herein by reference as though fully set forth, for the period July 1, 2022 through December 31, 2023, and, if granted, in whole or in part, acceptance of same pursuant to terms and conditions thereof, if any.",Agreement or Contract,Chief Academic Officer,,n-california-department-of-social-services,California Department of Social Services,"Seeks $600,000 from the state to continue outreach and wellness support for unaccompanied immigrant youth","The board is approving the district's application to the California Department of Social Services for $600,000 to continue the Opportunities for Youth Program, which provides outreach, re-engagement and wellness supports for unaccompanied immigrant youth. If the grant is awarded in whole or in part, the board also accepts it. The funding period is July 1, 2022 through December 31, 2023.","Student health, support & family services",,grant_or_funding_in,California Department of Social Services,organization,,revenue,fixed,600000,,,,,true,2022-07-01,2023-12-31,grant_application; after_work_began; multi_year,,,Adopted on the General Consent Report,2022-09-14,true,auto_ok,sonnet-agent,enrich.v5.md,true,
2022-09-14:22-1938,2022-09-14,2022-09-14,regular,S.-44,99,general,Chief Academic Officer,22-1938,https://ousd.legistar.com/gateway.aspx?M=L&ID=56208,Services Agreement 2022-2023 - Soccer Without Borders - Expanded Learning Programs - Community Schools and Student Services Department,"Ratification by the Board of Education of a Services Agreement 2022-2023 by and between the District and Soccer Without Borders, Oakland, CA, for the latter to work in partnership with Expanded Learning Office to create an inclusive, youth-development-focused soccer program for District's newcomer elementary school students, as described in Exhibit A of the Agreement, incorporated herein by reference as though fully set forth, via the Community Schools and Student Services Department, for the period August 8, 2022 through May 31, 2023, in an amount not to exceed $80,300.00.",Agreement or Contract,Chief Academic Officer,003978,v-003978,Expanded Learning Opportunities Program,"Pays Soccer Without Borders up to $80,300 for a soccer program for newcomer elementary students","The district is ratifying a contract with Soccer Without Borders to work with the Expanded Learning Office on an inclusive, youth-development-focused soccer program for newcomer elementary school students. The contract runs August 8, 2022 through May 31, 2023, for up to $80,300. The service period began before this approval.",Classroom & academic programs,,new_agreement,Soccer Without Borders,organization,,expense,not_to_exceed,80300,,,,,true,2022-08-08,2023-05-31,after_work_began,,,Adopted on the General Consent Report,2022-09-14,true,auto_ok,sonnet-agent,enrich.v5.md,true,
2022-09-14:22-1959,2022-09-14,2022-09-14,regular,S.-45,100,general,Chief Academic Officer,22-1959,https://ousd.legistar.com/gateway.aspx?M=L&ID=56229,Services Agreement 2022-2023 - Indi McCasey - Academics and Instruction Department,"Ratification by the Board of Education of a Services Agreement 2022-2023 by and between the District and Indi McCasey, Ithaca, NY, for the latter to enhance and support the increase of arts learning in District via the Visual and Performing Arts (VAPA) Design Team strategies; plan, create and implement Strategic Arts Blueprint support structures for District schools to engage the arts to advance learning and positive outcomes for students; participate in the VAPA monthly meetings of the Design Team, bi-monthly convening of VAPA teachers to build community and share practice, monthly meeting of community-based arts organizations and team members through participation of students, families, and District administration; professional learning, and participate in full-day retreat, via Academics and Instruction Department, for the period of August 22, 2022 through June 30, 2023, in an amount not to exceed $55,000.00.",Agreement or Contract,Chief Academic Officer,002782,v-002782,Measure G Parcel Tax,"Pays an arts consultant up to $55,000 to help expand arts learning in district schools","The district is ratifying a contract with an individual to support the Visual and Performing Arts (VAPA) Design Team and build structures, called the Strategic Arts Blueprint, so district schools can use the arts to advance learning. The work includes monthly team meetings, teacher gatherings, professional learning and a full-day retreat. The contract runs August 22, 2022 through June 30, 2023, for up to $55,000.",Classroom & academic programs,,new_agreement,Indi McCasey,individual,,expense,not_to_exceed,55000,,,,,true,2022-08-22,2023-06-30,after_work_began,,,Adopted on the General Consent Report,2022-09-14,true,auto_ok,sonnet-agent,enrich.v5.md,true,
2022-09-14:22-1960,2022-09-14,2022-09-14,regular,S.-46,101,general,Chief Academic Officer,22-1960,https://ousd.legistar.com/gateway.aspx?M=L&ID=56230,Services Agreement 2022-2023 - Tiratana Consulting - Academics and Instruction Department,"Ratification by the Board of Education of a Services Agreement 2022-2023 by and between the District and Tiratana Consulting, Alameda, CA, for the latter to enhance and support arts learning in District via the Visual and Performing Arts (VAPA) Design Team including strategies; plan, create and implement Strategic Arts Blueprint support structures for District schools to engage the arts to advance learning and positive outcomes for students; participate in the VAPA monthly meetings of the Design Team, bi-monthly convening of VAPA teachers to build community and share practice, monthly meeting of community-based arts organizations and team members through the participation of students, families, and District administration; professional learning, and participate in full-day retreat, via Academics and Instruction Department, for the period of August 22, 2022 through June 30, 2023, in an amount not to exceed $57,500.00.",Agreement or Contract,Chief Academic Officer,007522,v-007522,Measure G Parcel Tax,"Pays Tiratana Consulting up to $57,500 to help expand arts learning in district schools","The district is ratifying a contract with Tiratana Consulting to support the Visual and Performing Arts (VAPA) Design Team and build structures, called the Strategic Arts Blueprint, so district schools can use the arts to advance learning. The work includes monthly team meetings, teacher gatherings, professional learning and a full-day retreat. The contract runs August 22, 2022 through June 30, 2023, for up to $57,500.",Classroom & academic programs,,new_agreement,Tiratana Consulting,organization,,expense,not_to_exceed,57500,,,,,true,2022-08-22,2023-06-30,after_work_began,,,Adopted on the General Consent Report,2022-09-14,true,auto_ok,sonnet-agent,enrich.v5.md,true,
2022-09-14:22-1961,2022-09-14,2022-09-14,regular,S.-47,102,general,Chief Academic Officer,22-1961,https://ousd.legistar.com/gateway.aspx?M=L&ID=56231,Services Agreement 2022-2023 - Rona Zollinger - High School Linked Learning Department,"Ratification by the Board of Education of a Services Agreement 2022-2023 by and between the District and Rona Zollinger, Martinez, CA, for the latter to provide service as the Bay Area Community College Consortium (BACCC) K12 Pathway Coordinator, performing those functions stated in Exhibit A of the Agreement, incorporated herein by reference as though fully set forth,  via the High School Linked Learning Department, for the period of August 1, 2022 through December 31, 2022, in an amount not to exceed $51,250.00.",Agreement or Contract,Chief Academic Officer,007875,v-007875,K12 Strong Workforce Grant,"Pays a pathway coordinator up to $51,250 for the Bay Area community college consortium through Dec. 2022","The district is ratifying a contract with an individual to serve as the K-12 Pathway Coordinator for the Bay Area Community College Consortium (BACCC), which links high school career pathways with community colleges. The contract runs August 1 through December 31, 2022, for up to $51,250, and began before this approval. It is paid from a K12 Strong Workforce grant.",Classroom & academic programs,,new_agreement,Rona Zollinger,individual,,expense,not_to_exceed,51250,,,,,true,2022-08-01,2022-12-31,after_work_began,,,Adopted on the General Consent Report,2022-09-14,true,auto_ok,sonnet-agent,enrich.v5.md,true,
2022-09-14:22-1962,2022-09-14,2022-09-14,regular,S.-48,103,general,Chief Academic Officer,22-1962,https://ousd.legistar.com/gateway.aspx?M=L&ID=56232,Services Agreement 2022-2023 - Aimee Espiritu - Academics and Instruction Department,"Ratification by the Board of Education of a Services Agreement 2022-2023 by and between the District and Aimee Espiritu, San Francisco, CA, for the latter to enhance and support the increased arts learning in District via the Visual and Performing Arts (VAPA) Design Team strategies; plan, create and implement Strategic Arts Blueprint support structures for District schools to engage the arts to advance learning and positive outcomes for students; participate in the VAPA monthly meetings of the Design Team, bi-monthly convening of VAPA teachers to build community and share practice, monthly meeting of community-based arts organizations and team members through the participation of students, families, and District administration; professional learning, and participate in full-day retreat, via Academics and Instruction Department, for the period of August 22, 2022 through June 30, 2023, in an amount not to exceed $57,500.00.",Agreement or Contract,Chief Academic Officer,005180,v-005180,Measure G Parcel Tax,"Pays an arts consultant up to $57,500 to help expand arts learning in district schools","The district is ratifying a contract with an individual to support the Visual and Performing Arts (VAPA) Design Team and build structures, called the Strategic Arts Blueprint, so district schools can use the arts to advance learning. The work includes monthly team meetings, teacher gatherings, professional learning and a full-day retreat. The contract runs August 22, 2022 through June 30, 2023, for up to $57,500.",Classroom & academic programs,,new_agreement,Aimee Espiritu,individual,,expense,not_to_exceed,57500,,,,,true,2022-08-22,2023-06-30,after_work_began,,,Adopted on the General Consent Report,2022-09-14,true,auto_ok,sonnet-agent,enrich.v5.md,true,
2022-09-14:22-1968,2022-09-14,2022-09-14,regular,S.-49,104,general,Chief Academic Officer,22-1968,https://ousd.legistar.com/gateway.aspx?M=L&ID=56238,Services Agreement 2022-2023 - Destiny Arts Center - Community Schools and Student Services Department,"Ratification by the Board of Education of a Services Agreement 2022-2023 by and between the District and Destiny Arts Center, Oakland, CA, for the latter to provide over 210 hours of African arts and culture for Madison Primary Academy (MPA) for over 100 students over the course of the 2022-2023 school year, as described in Exhibit A of the Agreement, incorporated herein by reference as though fully set forth, via Community Schools and Student Services Department, for the period of August 27, 2022 through May 19, 2023, in an amount not to exceed $38,400.00.",Agreement or Contract,Chief Academic Officer,001363,v-001363,ESSER CA Comm School Partner,"Pays Destiny Arts Center up to $38,400 for African arts and culture classes at Madison Primary Academy","The district is ratifying a contract with Destiny Arts Center to provide more than 210 hours of African arts and culture instruction to over 100 students at Madison Primary Academy during the 2022-23 school year. The contract runs August 27, 2022 through May 19, 2023, for up to $38,400. The service period began before this approval.",Classroom & academic programs,,new_agreement,Destiny Arts Center,organization,Madison Primary Academy,expense,not_to_exceed,38400,,,,,true,2022-08-27,2023-05-19,after_work_began,,,Adopted on the General Consent Report,2022-09-14,true,auto_ok,sonnet-agent,enrich.v5.md,true,
2022-09-14:22-1969,2022-09-14,2022-09-14,regular,S.-50,105,general,Chief Academic Officer,22-1969,https://ousd.legistar.com/gateway.aspx?M=L&ID=56239,"Services Agreement 2022-2023 - Attitudinal Healing Connection, Inc - Community Schools and Student Services Department","Ratification by the Board of Education of a Services Agreement 2022-2023 by and between the District and Attitudinal Healing Connection, Inc, Oakland, CA, for the latter to conduct planning and design meetings with The Center team and students and perform other activities, all as specified in Exhibit A of the Agreement, via Community Schools and Student Services Department, for the period of July 1, 2022 through July 31, 2022, in an amount not to exceed $5,412.00.",Agreement or Contract,Chief Academic Officer,000532,v-000532,City of Oakland,"Pays Attitudinal Healing Connection up to $5,412 for planning meetings with students and a program team","The district is ratifying a short contract with Attitudinal Healing Connection, Inc. to hold planning and design meetings with The Center team and students and carry out other activities listed in the agreement. The work ran July 1 through July 31, 2022, for up to $5,412, and began before this approval.","Student health, support & family services",,new_agreement,"Attitudinal Healing Connection, Inc",organization,,expense,not_to_exceed,5412,,,,,true,2022-07-01,2022-07-31,after_work_began,,,Adopted on the General Consent Report,2022-09-14,true,auto_ok,sonnet-agent,enrich.v5.md,true,
2022-09-14:22-1973,2022-09-14,2022-09-14,regular,S.-51,106,general,Chief Academic Officer,22-1973,https://ousd.legistar.com/gateway.aspx?M=L&ID=56243,"Services Agreement - New Leaders, Inc. - Elementary School Networks","Approval by the Board of Education of a Service Agreement by and between  the District and New Leaders, Oakland, CA, for the latter to provide professional development for Elementary School Networks as follows: Breakthrough Leadership for Principals for principals in Networks #2 and #4, with whom New Leaders has not previously worked; and Coaching & Strategic Leadership Support for principals in Elementary Networks, as described in Exhibit A of Agreement, incorporated herein by reference as though fully set forth, for the period of August 1, 2022 through June 30, 2023, in an amount not to exceed  $90,000.00.",Agreement or Contract,Chief Academic Officer,003058,v-003058,Title 2a,"Pays New Leaders up to $90,000 for leadership training and coaching for elementary school principals","The district is approving a contract with New Leaders to provide professional development for elementary school principals. This includes a leadership program for principals in Networks #2 and #4, who have not worked with New Leaders before, and coaching and strategic support for principals across the elementary networks. The contract runs August 1, 2022 through June 30, 2023, for up to $90,000.",Classroom & academic programs,,new_agreement,New Leaders,organization,,expense,not_to_exceed,90000,,,,,true,2022-08-01,2023-06-30,after_work_began,,,Adopted on the General Consent Report,2022-09-14,true,auto_ok,sonnet-agent,enrich.v5.md,true,
2022-09-14:22-1975,2022-09-14,2022-09-14,regular,S.-52,107,general,Chief Academic Officer,22-1975,https://ousd.legistar.com/gateway.aspx?M=L&ID=56245,Services Agreement 2021-2022 - No Cost - Salvation Army - Oakland Adult & Career Education,"Approval by the Board of Education a Services Agreement 2021-2022 - No Cost by and between the District and the Salvation Army, Oakland, CA, for the latter to provide Oakland Adult and Career Education (OACE) with two classroom spaces at the Garden Ave location (2794 Garden St., Oakland, CA) to be used for adult education, daily ESL and HSE programming and additional space as needed for OACE events; refer and outreach to students from its Family Services and Vocational Programs to OACE for College and Career Readiness, Job Training and Job Placement assistance; and accept referrals of qualified OACE students into the Family Services and Vocational Programs based on need and availability, for the period of May 1, 2022 through June 30, 2023, at no cost to the District.",Agreement or Contract,Chief Academic Officer,,n-salvation-army,,Accepts free classroom space from the Salvation Army for Oakland Adult and Career Education,"The district is approving a no-cost agreement in which the Salvation Army provides two classroom spaces at its Garden Street location for adult education, daily English as a second language and high school equivalency programs, plus space for events. The two groups will also refer students to each other's family, vocational and job-training services. The agreement runs May 1, 2022 through June 30, 2023, and the district pays nothing.",Classroom & academic programs,,mou_or_data_sharing,Salvation Army,organization,,no_cost,,,,,,,true,2022-05-01,2023-06-30,after_work_began; multi_year,,,Adopted on the General Consent Report,2022-09-14,true,auto_ok,sonnet-agent,enrich.v5.md,true,
2022-09-14:22-1977,2022-09-14,2022-09-14,regular,S.-53,108,general,Chief Academic Officer,22-1977,https://ousd.legistar.com/gateway.aspx?M=L&ID=56247,Letter of Agreement – WestEd – NASA-Funded Mission Earth Program – Academics and Instruction Department,"Approval by the Board of Education of a Letter of Agreement by and between the District and WestEd, San Francisco, CA, for the latter to implement the GLOBE Mission Earth - West (GME-West) Fusing GLOBE with NASA Assets to Build Systemic Innovation in STEM Education Program (hereinafter the ""Project"") in participating high schools, as described in Agreement, incorporated herein by reference as though fully set forth, for the period of July 1, 2021, through June 30, 2026, at no cost to the District.",Agreement or Contract,Chief Academic Officer,,v-004597,No Fiscal Impact,Partners with WestEd on a no-cost NASA-funded Earth science program in participating high schools,"The district is approving a no-cost letter of agreement in which WestEd carries out the GLOBE Mission Earth - West program, which uses NASA resources to build STEM (science, technology, engineering and math) education, in participating high schools. The agreement period runs July 1, 2021 through June 30, 2026, and began before this approval.",Classroom & academic programs,,mou_or_data_sharing,WestEd,organization,,no_cost,,,,,,,true,2021-07-01,2026-06-30,after_work_began; multi_year,,,Adopted on the General Consent Report,2022-09-14,true,auto_ok,sonnet-agent,enrich.v5.md,true,
2022-09-14:22-1978,2022-09-14,2022-09-14,regular,S.-54,109,general,Chief Academic Officer,22-1978,https://ousd.legistar.com/gateway.aspx?M=L&ID=56248,Services Agreement 2022-2023 and Data Sharing Agreement 2022-2023 - Community Responsive Education - Academics and Instruction Department,"Approval by the Board of Education of a Services Agreement 2022-2023 (RFP #21-117AAI) by and between District and Community Responsive Education (CRE), Oakland, CA, the latter  to work with a team of District teachers to develop curriculum and pilot one 3rd grade social studies unit at a cost not to exceed $75,000.00, for the term July 1, 2022 through June 30, 2023 and a Data Sharing Agreement 2022-2023 by and between the herein named Parties, pertaining to the terms and conditions of District’s transmission of data to CRE, and CRE’s protection of such data, data to be provided, for the period specified in Section 3 - Term of the Data Agreement; with the full terms and conditions of each Agreement (Services and Data), incorporated herein by reference as though fully set forth.",Agreement or Contract,Chief Academic Officer,,n-community-responsive-education-cre,Concentration Funding,"Pays Community Responsive Education up to $75,000 to build a 3rd grade social studies unit with teachers","The district is approving a contract with Community Responsive Education to work with district teachers to develop curriculum and pilot one 3rd grade social studies unit, for up to $75,000 from July 1, 2022 through June 30, 2023. A separate data-sharing agreement sets the terms for the data the district sends the company and how it must protect that data.",Classroom & academic programs,,new_agreement,Community Responsive Education (CRE),organization,,expense,not_to_exceed,75000,,,,,true,2022-07-01,2023-06-30,after_work_began,,,Adopted on the General Consent Report,2022-09-14,true,auto_ok,sonnet-agent,enrich.v5.md,true,
2022-09-14:22-1979,2022-09-14,2022-09-14,regular,S.-55,110,general,Chief Academic Officer,22-1979,https://ousd.legistar.com/gateway.aspx?M=L&ID=56249,Memorandum of Understanding – Education for Change Public Schools – Special Education Local Plan Area (SELPA) - Special Education Department,"Ratification by the Board of Education of a Memorandum of Understanding by and between Education for Change Public Schools (EFCPS), Oakland, CA, and District, for the latter to provide special education placement and/or services to a student enrolled in Cox Academy Charter School, for the period of September 14, 2022, through July 7, 2023, with EFCPS paying District $68,890.00 for said placement.",Agreement or Contract,Chief Academic Officer,,n-education-for-change-public-schools,No Fiscal Impact,"Receives $68,890 from Education for Change for district special education placement of a charter student","The district is ratifying a memorandum of understanding (MOU) with Education for Change Public Schools. Under it, the district provides special education placement or services to one student enrolled at Cox Academy Charter School, and Education for Change pays the district $68,890. The agreement runs September 14, 2022 through July 7, 2023.",Special education,Nonpublic schools & agencies,new_agreement,Education for Change Public Schools,organization,Cox Academy Charter School,revenue,fixed,68890,,,,,true,2022-09-14,2023-07-07,,,,Adopted on the General Consent Report,2022-09-14,true,auto_ok,sonnet-agent,enrich.v5.md,true,
2022-09-14:22-1980,2022-09-14,2022-09-14,regular,S.-56,111,general,Chief Academic Officer,22-1980,https://ousd.legistar.com/gateway.aspx?M=L&ID=56250,Grant Award/Agreement - California Department of Education - Round 4 (2022-23) - K-12 Strong Workforce Program Pathways to Prosperity: Postsecondary Transitions (NOVA ID 15670) - High School Linked Learning Office,"Approval by the Board of Education of a Grant Award/Agreement by and between the Cabrillo Community College District, as Fiscal Agent, for the K12 Strong Workforce Program for the Bay Area Community College Consortium, and the District, with the latter accepting $1,613,222.00 Grant, Pathways to Prosperity: Postsecondary Transitions (NOVA ID 15670), from the California Department of Education via the California Community Colleges Chancellor’s Office, as described in Sections 2 and 4 of the Agreement, incorporated herein by reference as though fully  set forth, via the  High School Linked Learning Office, for the period of January 1, 2022 through June 30, 2024, pursuant to the terms and conditions thereof, if any.",Agreement or Contract,Chief Academic Officer,,n-cabrillo-community-college-district,California Department of Education,Accepts a $1.61M state-funded grant to help high school students move on to college and careers,"The board is approving a grant agreement in which the district accepts $1,613,222 for the K12 Strong Workforce Program's Pathways to Prosperity: Postsecondary Transitions project. The money comes from the California Department of Education through the community colleges system, with Cabrillo Community College District as fiscal agent, and is managed by the High School Linked Learning Office. The grant period is January 1, 2022 through June 30, 2024.",Classroom & academic programs,,grant_or_funding_in,Cabrillo Community College District,organization,,revenue,fixed,1613222,,,,,true,2022-01-01,2024-06-30,after_work_began; multi_year,,,Adopted on the General Consent Report,2022-09-14,true,auto_ok,sonnet-agent,enrich.v5.md,true,
2022-09-14:22-1982,2022-09-14,2022-09-14,regular,S.-57,112,general,Chief Academic Officer,22-1982,https://ousd.legistar.com/gateway.aspx?M=L&ID=56252,"Services Agreement 2022-2023 and Data Sharing Agreement 2022-2023 - Edmentum, Inc. - High School Linked Learning Office","Approval by the Board of Education of a Services Agreement 2022-2023 by and between District and Edmentum, Inc., Bloomington, MN, for the latter to provide District with 1,000 single-enrollment (renewal) Apex Course Subscriptions, as described in Exhibit A of the Agreement, at a cost not to exceed $77,500.00, for the period of August 26, 2022 through August 25, 2023 and a Data Services Agreement 2022-2023 by and between the herein named Parties, pertaining to the terms and conditions of District’s transmission of data to  recipient, and recipient’s protection of such data, data to be provided, and for the period specified in Section 3 - Term of the Data Agreement-; with the full terms and conditions of each Agreement (Services and Data), incorporated herein by reference as though fully set forth.",Agreement or Contract,Chief Academic Officer,,v-001519,Expanded Learning Opportunities Fund,"Pays Edmentum up to $77,500 to renew 1,000 Apex online course subscriptions for a year","The district is approving a contract with Edmentum, Inc. to renew 1,000 single-enrollment Apex Course Subscriptions, for up to $77,500, from August 26, 2022 through August 25, 2023. A separate data services agreement sets the terms for the student data the district shares and how it must be protected.",Classroom & academic programs,,new_agreement,"Edmentum, Inc.",organization,,expense,not_to_exceed,77500,,,,,true,2022-08-26,2023-08-25,after_work_began,,,Adopted on the General Consent Report,2022-09-14,true,auto_ok,sonnet-agent,enrich.v5.md,true,
2022-09-14:22-1983,2022-09-14,2022-09-14,regular,S.-58,113,general,Chief Academic Officer,22-1983,https://ousd.legistar.com/gateway.aspx?M=L&ID=56253,Grant Award - California Department of Education - Specialized Secondary Programs: Cohort 7 Year 1 Implementation - Oakland High School Engineering - High School Linked Learning Office,"Acceptance by the Board of Education of a Specialized Secondary Programs: Cohort 7 Year 1 Implementation Grant Award from the California Department of Education, for Oakland High Engineering at Oakland High School, CDE Grant Number 2021-23112-61259-70, in the amount of $100,000.00, for purpose described in the attachment, for the period of June 1, 2022, through June 30, 2023, pursuant to the terms and conditions thereof.",Agreement or Contract,Chief Academic Officer,,n-california-department-of-education,,"Accepts a $100,000 state grant for the Oakland High School engineering program","The board is accepting a $100,000 Specialized Secondary Programs (Cohort 7, Year 1) implementation grant from the California Department of Education for Oakland High Engineering at Oakland High School. The grant period is June 1, 2022 through June 30, 2023, and began before this vote.",Classroom & academic programs,,grant_or_funding_in,California Department of Education,organization,Oakland High School,revenue,fixed,100000,,,,,true,2022-06-01,2023-06-30,after_work_began,,,Adopted on the General Consent Report,2022-09-14,true,auto_ok,sonnet-agent,enrich.v5.md,true,
2022-09-14:22-1984,2022-09-14,2022-09-14,regular,S.-59,114,general,Chief Academic Officer,22-1984,https://ousd.legistar.com/gateway.aspx?M=L&ID=56254,Grant Award - California Department of Education - Specialized Secondary Programs: Cohort 6 Supplemental Grant - Oakland High School Rise Business Leaders of Tomorrow - High School Linked Learning Office,"Acceptance by the Board of Education of a Specialized Secondary Programs: Cohort 6 Supplemental Grant Award from the California Department of Education, for Oakland High School, for students in the RISE Business Leaders of Tomorrow Program, CDE Grant Number 2021-23112-61259-60, in the amount of $40,000.00, for purpose described in the attachment, for the period of June 1, 2022 through December 31, 2023, pursuant to the terms and conditions thereof.",Agreement or Contract,Chief Academic Officer,,n-california-department-of-education,California Department of Education,"Accepts a $40,000 state supplemental grant for Oakland High School's business leadership program","The board is accepting a $40,000 Specialized Secondary Programs (Cohort 6) supplemental grant from the California Department of Education for students in the RISE Business Leaders of Tomorrow Program at Oakland High School. The grant period is June 1, 2022 through December 31, 2023, and began before this vote.",Classroom & academic programs,,grant_or_funding_in,California Department of Education,organization,Oakland High School,revenue,fixed,40000,,,,,true,2022-06-01,2023-12-31,after_work_began; multi_year,,,Adopted on the General Consent Report,2022-09-14,true,auto_ok,sonnet-agent,enrich.v5.md,true,
2022-09-14:22-1985,2022-09-14,2022-09-14,regular,S.-60,115,general,Chief Academic Officer,22-1985,https://ousd.legistar.com/gateway.aspx?M=L&ID=56255,"California Technical Education Advise Project, Site Agreement No. 1350-OUSD-2500-01 - MDRC - High School Linked Learning Department","Ratification by the Board of Education of California Technical Education; Advise Project, Site Agreement No. 1350-OUSD-2500-01- No Cost - by and between MDRC and District, with District agreeing to be MDRC’s research partner in the Project in accordance with the roles and responsibilities set forth in the Scope of Work, attached hereto as Exhibit A and incorporated herein as though fully set forth; and District also agrees to provide de-identified data according to the terms outlined in the Data Sharing Agreement, attached hereto as Exhibit B, with MDRC paying offset of costs related to participation in the Project to the District of fixed payments up to $9,004.00, for the term August 31, 2022 through August 31, 2025.",Agreement or Contract,Chief Academic Officer,,n-mdrc,No Fiscal Impact,"Joins an MDRC research study on career technical education, with up to $9,004 offsetting district costs","The board is ratifying a no-cost site agreement in which the district becomes MDRC's research partner in the California Technical Education Advise Project and provides de-identified data under a data-sharing agreement. MDRC will pay the district fixed payments of up to $9,004 to offset its participation costs. The term runs August 31, 2022 through August 31, 2025.",Partnerships & data sharing,,mou_or_data_sharing,MDRC,organization,,revenue,fixed,9004,,,,,true,2022-08-31,2025-08-31,after_work_began; multi_year,,,Adopted on the General Consent Report,2022-09-14,true,auto_ok,sonnet-agent,enrich.v5.md,true,
2022-09-14:22-2017,2022-09-14,2022-09-14,regular,S.-61,116,general,Chief Academic Officer,22-2017,https://ousd.legistar.com/gateway.aspx?M=L&ID=56287,Sole Source Exemption to Public Bidding and Services Agreement 2022-2023 - Bay Area Community Resources - Community Schools Partnership Pilot Program - Named Elementary Schools,"Approval by the Board of Education of Resolution No. 2223-0151 - Authorizing Use Of Sole Source Exception To Public Bidding For Contract with Bay Area Community Resources (BACR-BAYAC), and the Services Agreement 2022-2023 by and between District and Bay Area Community Resources (BACR-BAYAC), San Rafael, CA, for the latter to provide AmeriCorps members to serve as Student Support Specialists at Allendale Elementary, Bridges Academy, Brookfield Elementary, Lockwood STEAM Academy, East Oakland Pride Elementary, Fred T. Korematsu Discovery Academy, Martin Luther King, Jr. Elementary, Highland Community School, Sankofa United Elementary, and Think College Now Elementary Schools, for performance of tasks as stated in Exhibit A of Agreement,, a Community Schools Partnership Program Pilot,  for the period September 15, 2022 through June 30, 2023, in an amount not to exceed $153,000.00.",Agreement or Contract,Chief Academic Officer,000624,v-000624,Resource 3211 - California Community School Partnership PILOT Grant,"Pays Bay Area Community Resources up to $153,000 for AmeriCorps student support specialists at 10 schools","The district hires Bay Area Community Resources to provide AmeriCorps members who work as student support specialists at ten elementary schools, as part of a Community Schools pilot program. The agreement runs from September 15, 2022 to June 30, 2023 and is paid for by a state community schools grant. The district is skipping public bidding under a legal exception for contracts with a single possible source.","Student health, support & family services",,new_agreement,Bay Area Community Resources (BACR-BAYAC),organization,"Allendale Elementary; Bridges Academy; Brookfield Elementary; Lockwood STEAM Academy; East Oakland Pride Elementary; Fred T. Korematsu Discovery Academy; Martin Luther King, Jr. Elementary; Highland Community School; Sankofa United Elementary; Think College Now Elementary",expense,not_to_exceed,153000,,,,,true,2022-09-15,2023-06-30,no_competitive_bid,,,Adopted on the General Consent Report,2022-09-14,true,auto_ok,sonnet-agent,enrich.v5.md,true,
2022-09-14:22-2018,2022-09-14,2022-09-14,regular,S.-62,117,general,Chief Academic Officer,22-2018,https://ousd.legistar.com/gateway.aspx?M=L&ID=56288,Services Agreement 2022-2023 - Rob Skate Academy - Community Schools and Student Services Department,"Approval by the Board of Education of a Services Agreement 2022-2023 by and between the District and Rob Skate Academy, San Leandro, CA, for the latter to teach mindfulness through skateboarding and provide a safe and fun environment for youth to learn and grow through the art of skateboarding, as described in Exhibit A of the Agreement, incorporated herein by reference as though fully set forth, via the Community Schools and Student Services Department, for the period August 24, 2022, through May 31, 2023, in an amount not to exceed $82,368.00.",Agreement or Contract,Chief Academic Officer,007960,v-007960,Expanded Learning Opportunities Program,"Pays Rob Skate Academy up to $82,368 to teach mindfulness through skateboarding","The district contracts with Rob Skate Academy to teach mindfulness through skateboarding and give youth a safe place to learn and grow. The work goes through the Community Schools and Student Services Department and runs from August 24, 2022 to May 31, 2023.",Classroom & academic programs,,new_agreement,Rob Skate Academy,organization,,expense,not_to_exceed,82368,,,,,true,2022-08-24,2023-05-31,after_work_began,,,Adopted on the General Consent Report,2022-09-14,true,auto_ok,sonnet-agent,enrich.v5.md,true,
2022-09-14:22-1873,2022-09-14,2022-09-14,regular,S.-63,118,general,Chief Academic Officer,22-1873,https://ousd.legistar.com/gateway.aspx?M=L&ID=56143,Grant Application - California Department of Education Expanded Learning Division - Elementary and Secondary School Emergency Relief III Summer Grant Program - Community Schools and Student Services Department,"Approval by the Board of Education, pursuant to Board Policy 3290,  of District’s Grant Application (ID:22-04-01-01-ESSER-78) to California Department of Education Expanded Learning Division’s Elementary and Secondary School Emergency Relief III Summer Grant Program seeking $4,375,000 to expand summer programming at sixty-eight OUSD school sites, via the Community Schools and Student Services Department, for the period July 1, 2022 through August 23, 2023, and acceptance of funding, if awarded, in whole or in part.",Application,Chief Academic Officer,,n-california-department-of-education-expanded-learning-division,,"Applies for $4,375,000 in state emergency relief funds to expand summer programs at 68 school sites","The district asks the California Department of Education for $4,375,000 from the Elementary and Secondary School Emergency Relief III Summer Grant Program to expand summer programming at sixty-eight school sites. The board is also approving acceptance of the money if it is awarded, in whole or in part. The grant period runs from July 1, 2022 to August 23, 2023.",After-school & summer programs,,grant_or_funding_in,California Department of Education Expanded Learning Division,organization,,revenue,fixed,4375000,,,,,true,2022-07-01,2023-08-23,grant_application; after_work_began; multi_year,,,Adopted on the General Consent Report,2022-09-14,true,auto_ok,sonnet-agent,enrich.v5.md,true,
2022-09-14:22-1863,2022-09-14,2022-09-14,regular,S.-64,119,general,Chief Academic Officer,22-1863,https://ousd.legistar.com/gateway.aspx?M=L&ID=56133,Services Agreement 2022-2023 – Kirstin Hernandez – Chief of Staff,"Ratification by the Board of Education of a Services Agreement 2022-2023 by and between the District and Kirstin Hernandez, Oakland, CA, for the latter to provide project management over the continued district-wide implementation of ParentSquare, including the coordination with and support of school sites and central office units, assistance with HelpDesk tickets, and collaboration with the Tech Services Team, more specifically described in Exhibit A, incorporated herein by reference as though fully set forth, via Office of the Chief of Staff, for the period of July 1, 2022 through June 30, 2023, in an amount not to exceed $99,100.00.",Agreement or Contract,Chief of Staff,007311,v-007311,,"Ratifies up to $99,100 for a contractor to manage the districtwide ParentSquare rollout","The district pays an individual contractor to manage the continued districtwide rollout of ParentSquare, including working with school sites and central offices, helping with help-desk tickets and working with the Tech Services Team. The agreement covers July 1, 2022 to June 30, 2023, so it began before the board's vote to ratify it.",Technology,,new_agreement,Kirstin Hernandez,individual,,expense,not_to_exceed,99100,,,,,true,2022-07-01,2023-06-30,after_work_began,,,Adopted on the General Consent Report,2022-09-14,true,auto_ok,sonnet-agent,enrich.v5.md,true,
2022-09-14:22-1864,2022-09-14,2022-09-14,regular,S.-65,120,general,Chief Academic Officer,22-1864,https://ousd.legistar.com/gateway.aspx?M=L&ID=56134,Services Agreement 2022-2023 – School Services of California – Chief of Staff,"Ratification by the Board of Education of a Services Agreement 2022-2023 by and between the District and School Services of California, Sacramento, CA, for the latter to work proactively to protect and advance the District's interest in Sacramento, including developing strategies, monitoring legislation and budget items that would impact OUSD, and lobbying the Legislature and State Administration, including meeting with both Board Directors and district administrative leadership twice monthly and with district administrative leadership once monthly to provide timely updates and to assist OUSD with policy implementation, position writing, or other issues, as needed, via Office of the Chief of Staff, for the period of July 1, 2022 through June 30, 2023, in an amount not to exceed $50,000.00.",Agreement or Contract,Chief of Staff,003823,v-003823,,"Ratifies up to $50,000 for School Services of California to represent the district in Sacramento","The district pays School Services of California to protect and advance its interests in Sacramento, including developing strategies, monitoring legislation and budget items, and lobbying the Legislature and State Administration. The firm meets with Board Directors twice a month and with district leaders once a month. The agreement covers July 1, 2022 to June 30, 2023, so it began before the board's vote to ratify it.",Governance & board business,,new_agreement,School Services of California,organization,,expense,not_to_exceed,50000,,,,,true,2022-07-01,2023-06-30,after_work_began,,,Adopted on the General Consent Report,2022-09-14,true,auto_ok,sonnet-agent,enrich.v5.md,true,
2022-09-14:22-1860,2022-09-14,2022-09-14,regular,S.-66,122,general,Chief Governance Officer,22-1860,https://ousd.legistar.com/gateway.aspx?M=L&ID=56130,Services Agreement 2022-2023 – Jane Henzerling – Office of the Chief Governance Officer,"Ratification by the Board of Education of a Services Agreement 2022-2023 by and between the District and Jane Henzerling, Santa Fe, NM, for the latter to provide weekly 1:1 executive coaching sessions, materials review and feedback, meeting preparation consultation, management problem-solving and decision-making support, strategy consultation, observation and feedback on internal and external meetings and presentations, and conduct in-person coaching visits, for Director, Office of Charter Schools, via Office of the Chief Governance Officer, for the period of August 1, 2022 through June 30, 2023, in an amount not to exceed $65,000.00.",Agreement or Contract,Chief of Staff,007898,v-007898,,"Ratifies up to $65,000 for an executive coach for the Office of Charter Schools director","The district pays an individual consultant to give weekly one-on-one executive coaching to the Director of the Office of Charter Schools, along with feedback on meetings and presentations, strategy advice and in-person coaching visits. The agreement covers August 1, 2022 to June 30, 2023, so it began before the board's vote to ratify it.",Staff & hiring,,new_agreement,Jane Henzerling,individual,,expense,not_to_exceed,65000,,,,,true,2022-08-01,2023-06-30,after_work_began,,,Adopted on the General Consent Report,2022-09-14,true,auto_ok,sonnet-agent,enrich.v5.md,true,
2022-09-14:22-1909,2022-09-14,2022-09-14,regular,S.-67,123,general,Chief Governance Officer,22-1909,https://ousd.legistar.com/gateway.aspx?M=L&ID=56179,"Real Estate Listing Agreement - 2455 Church Street - DCG Strategies, Inc. - Chief Governance Officer","Approval by the Board of Education of AIRCRE Disclosure Regarding Real Estate Agency Relationship, AIRCRE Exclusive Right to Represent Owner for Sale or Lease of Real Property, Addendum to AIRCRE Exclusive Right to Represent Owner for Sale or Lease of Real Property, and Amendment No. 1 to Addendum to AIRCRE Exclusive Right to Represent Owner for Sale or Lease of Real Property, by and between the District and DCG Strategies, Inc., Dublin, CA, for the latter to provide the District with real estate listing services and granting the latter exclusive right to represent the District for sale or lease of real property located at 2455 Church Street, Oakland, CA, commonly known as the former Edward Shands Adult Education Center.",Agreement or Contract,General Counsel,,n-dcg-strategies,General Fund; Fund 40,Gives DCG Strategies exclusive rights to list the former Edward Shands center for sale or lease,"The district hires DCG Strategies, Inc. as its exclusive real estate agent to sell or lease the property at 2455 Church Street in Oakland, the former Edward Shands Adult Education Center. The approval covers the standard real estate agency disclosure, the listing agreement and its addendums. The text does not state a fee or a term.",Governance & board business,,new_agreement,"DCG Strategies, Inc.",organization,,no_cost,,,,,,,true,,,,,,Adopted on the General Consent Report,2022-09-14,true,auto_ok,sonnet-agent,enrich.v5.md,true,
2022-09-14:22-1910,2022-09-14,2022-09-14,regular,S.-68,124,general,Chief Governance Officer,22-1910,https://ousd.legistar.com/gateway.aspx?M=L&ID=56180,"Real Estate Listing Agreement - 4551 Steele Street - DCG Strategies, Inc. - Chief Governance Officer","Approval by the Board of Education of AIRCRE Disclosure Regarding Real Estate Agency Relationship, AIRCRE Exclusive Right to Represent Owner for Sale or Lease of Real Property, Addendum to AIRCRE Exclusive Right to Represent Owner for Sale or Lease of Real Property, and Amendment No. 1 to Addendum to AIRCRE Exclusive Right to Represent Owner for Sale or Lease of Real Property, by and between the District and DCG Strategies, Inc., Dublin, CA, for the latter to provide the District with real estate listing services and granting the latter exclusive right to represent the District for sale or lease of real property located at 4551 Steele Street, Oakland, CA, commonly known as the former Tilden CDC site.",Agreement or Contract,General Counsel,,n-dcg-strategies,General Fund; Fund 40,Gives DCG Strategies exclusive rights to list the former Tilden child development site for sale or lease,"The district hires DCG Strategies, Inc. as its exclusive real estate agent to sell or lease the property at 4551 Steele Street in Oakland, the former Tilden child development center site. The approval covers the standard real estate agency disclosure, the listing agreement and its addendums. The text does not state a fee or a term.",Governance & board business,,new_agreement,"DCG Strategies, Inc.",organization,,no_cost,,,,,,,true,,,,,,Adopted on the General Consent Report,2022-09-14,true,auto_ok,sonnet-agent,enrich.v5.md,true,
2022-09-14:22-2009,2022-09-14,2022-09-14,regular,S.-69,125,general,Chief Governance Officer,22-2009,https://ousd.legistar.com/gateway.aspx?M=L&ID=56279,"Memorandum of Understanding - Transfer of Possession of World War I Memorial - District, Native Sons of the Golden West Piedmont Parlor No. 120 and Aspire Public Schools, Inc. - Chief Governance Officer","Approval by the Board of Education of a Memorandum of Understanding by and between District, Native Sons of the Golden West Piedmont Parlor No. 120, and Aspire Public Schools, Inc. for Piedmont Parlor’s relocation of the Golden Gate District WWI Memorial “In Memoriam of the boys of this District who made the supreme sacrifice” located at 6200 San Pablo Avenue, Oakland, CA to the Fratellanza Club, Inc., located at 1140 66th Street, Oakland, CA.",Agreement or Contract,General Counsel,,n-native-sons-of-golden-west-piedmont-parlor-no-120,,Approves agreement to move a World War I memorial from 6200 San Pablo Avenue to the Fratellanza Club,"The district, the Native Sons of the Golden West Piedmont Parlor No. 120 and Aspire Public Schools sign a memorandum of understanding (an agreement that sets out each party's role). Under it, the Piedmont Parlor will move the Golden Gate District World War I memorial from 6200 San Pablo Avenue to the Fratellanza Club at 1140 66th Street in Oakland. The text states no dollar amount.",Partnerships & data sharing,,mou_or_data_sharing,Native Sons of the Golden West Piedmont Parlor No. 120,organization,,no_cost,,,,,,,true,,,,,,Adopted on the General Consent Report,2022-09-14,true,auto_ok,sonnet-agent,enrich.v5.md,true,
2022-09-14:22-2031,2022-09-14,2022-09-14,regular,S.-70,127,general,Superintendent of Schools,22-2031,https://ousd.legistar.com/gateway.aspx?M=L&ID=56301,Memorandum of Understanding and Engagement Policy - Sloan Sakai Yeung & Wong LLP - Superintendent of Schools,"Ratification by the Board of Education of a Memorandum of Understanding and Engagement Policy between District and Sloan Sakai Yeung & Wong LLP, authorizing the Office of the Superintendent to retain Sloan Sakai Yeung & Wong LLP to provide legal services to the District in connection with the review and reports related to Parker Elementary, for the period of August 15, 2022, through December 31, 2022, in an amount not to exceed $75,000.00.",Agreement or Contract,Superintendent,,n-sloan-sakai-yeung-and-wong,General Purpose,"Ratifies up to $75,000 for Sloan Sakai Yeung & Wong law firm's work on Parker Elementary reviews and reports","The district pays the law firm Sloan Sakai Yeung & Wong LLP for legal services connected to reviews and reports about Parker Elementary. The agreement is styled as a memorandum of understanding and engagement policy and is a paid legal services contract. It runs from August 15, 2022 to December 31, 2022, so it began before the board's vote to ratify it.","Legal, compliance & risk",,new_agreement,Sloan Sakai Yeung & Wong LLP,organization,Parker Elementary,expense,not_to_exceed,75000,,,,,true,2022-08-15,2022-12-31,after_work_began,,,Adopted on the General Consent Report,2022-09-14,true,auto_ok,sonnet-agent,enrich.v5.md,true,
2022-09-14:22-2008,2022-09-14,2022-09-14,regular,S.-71,129,general,Board of Education,22-2008,https://ousd.legistar.com/gateway.aspx?M=L&ID=56278,"Endorsement - Proposition 28 - The Arts and Music in Schools - Funding Guarantee and Accountability Act - Benjamin ""Sam"" Davis, Vice President, Board of Education","Adoption by the Board of Education of Resolution No. 2122-0027 - Endorsing Proposition 28 - The Arts and Music in Schools - Funding Guarantee and Accountability Act - on the November 8, 2022 General Election Statewide Ballot.",Resolution,General Counsel,,,,"Board endorses Proposition 28, the Arts and Music in Schools measure on the November 2022 ballot","The board adopts a resolution endorsing Proposition 28, the Arts and Music in Schools - Funding Guarantee and Accountability Act, which is on the November 8, 2022 statewide general election ballot. The item has no cost to the district.",Governance & board business,,resolution_or_policy,,,,no_cost,,,,,,,true,,,,,,Adopted on the General Consent Report,2022-09-14,true,auto_ok,sonnet-agent,enrich.v5.md,true,
2022-09-14:22-1762,2022-09-14,2022-09-14,regular,T.-1,131,bonds,,22-1762,https://ousd.legistar.com/gateway.aspx?M=L&ID=56054,Construction Agreement Between Owner and Contractor - Innovative Construction Company – DSA Legacy Projects - Howard Elementary School and Oakland Technical High School – Division of Facilities Planning & Management,"Ratification by the Board of Education of the Construction Agreement Between Owner and Contractor by and between the District and Innovative Construction Company, Oakland, CA, for the latter to provide services as described in Contract Documents, required for construction of the work described in the April 12 and 26, 2022, proposals from Contractor for Howard Elementary School (Demo and Patch Wall Surface - $7,900.00) and Oakland Technical High School (Demo and Side Skirt and Flooring - $11,200.00), in the cumulative amount of $19,100.00, with work scheduled to commence on July 11, 2022, and scheduled to last until July 22, 2022.",Agreement or Contract,"Deputy Chief, Facilities Planning and Management",006492,v-006492,Fund 21 Measure J,"Ratifies $19,100 for Innovative Construction Company demolition work at Howard Elementary and Oakland Tech","The district pays Innovative Construction Company $7,900 for demolition and wall patching at Howard Elementary School and $11,200 for demolition and flooring work at Oakland Technical High School. The work was scheduled for July 11 to July 22, 2022, so it started before the board's vote to ratify the agreement.",School buildings & construction,,new_agreement,Innovative Construction Company,organization,Howard Elementary School; Oakland Technical High School,expense,cumulative,19100,,,,,true,2022-07-11,2022-07-22,after_work_began,,,Adopted on the General Consent Report,2022-09-14,true,auto_ok,sonnet-agent,enrich.v5.md,true,
2022-09-14:22-1768,2022-09-14,2022-09-14,regular,T.-2,132,bonds,,22-1768,https://ousd.legistar.com/gateway.aspx?M=L&ID=56060,"Amendment No. 1, General Services Agreement – Guttmann & Blaevoet – Term Extension Only - Foster the Center Project - Division of Facilities Planning and Management","Approval by the Board of Education of Amendment No. 1, General Services Agreement by and between the District and Guttmann & Blaevoet, San Francisco, CA, extending the term of the Agreement from 
September 9, 2021 thru July 1, 2022, to December 30, 2022 (an additional 182 calendar days), for the latter to provide continued troubleshooting services for the boiler system at Foster the Center Project. All other terms and conditions of the Agreement remain in full force and effect.",Agreement or Contract,"Deputy Chief, Facilities Planning and Management",001960,v-001960,Fund 21 Building Fund Measure J,"Extends Guttmann & Blaevoet's boiler troubleshooting at Foster the Center to December 30, 2022, no added cost","This amendment gives Guttmann & Blaevoet 182 more calendar days, moving the end date from July 1, 2022 to December 30, 2022, to keep troubleshooting the boiler system at the Foster the Center Project. It only adds time and no money. All other terms stay the same.",School buildings & construction,,amendment,Guttmann & Blaevoet,organization,,no_cost,,,,,,,true,2021-09-09,2022-12-30,after_work_began; multi_year; time_extension_only,,,Adopted on the General Consent Report,2022-09-14,true,auto_ok,sonnet-agent,enrich.v5.md,true,
2022-09-14:22-1844,2022-09-14,2022-09-14,regular,T.-3,133,bonds,,22-1844,https://ousd.legistar.com/gateway.aspx?M=L&ID=56114,General Services Agreement – Baines Security Consulting – Security Services for Various School Sites District-Wide Project - Division of Facilities Planning and Management,"Ratification by the Board of Education of General Services Agreement by and between the District and Baines Security Consulting, Oakland, CA, for the latter to provide security and patrol roving services for security, fire and safety monitoring and reporting persons attempting to gain unauthorized access to the property under construction more specifically, Basic Services include all work described in the April 14, 2022 Proposal, which is attached to this Agreement as Exhibit A, in the amount of $99,000.00, which includes a not-to-exceed amount of  $90,000.00, for Basic Services, and a not-to-exceed contingency fee of $9,000.00 for Additional Service, with work scheduled to commence on August 8, 2022, and scheduled to last until June 30, 2024.",Agreement or Contract,"Deputy Chief, Facilities Planning and Management",007952,v-007952,Fund 21 Building Fund Measure J,"Ratifies $99,000 for Baines Security Consulting patrols of school construction sites through June 2024","The district pays Baines Security Consulting for roving security and patrol services at property under construction, watching for fire and safety problems and for people trying to get in without permission. The $99,000 includes $90,000 for basic services and a $9,000 reserve for extra services. Work was scheduled to start August 8, 2022 and run to June 30, 2024.",School buildings & construction,,new_agreement,Baines Security Consulting,organization,,expense,not_to_exceed,99000,,,,,true,2022-08-08,2024-06-30,after_work_began; multi_year,,,Adopted on the General Consent Report,2022-09-14,true,auto_ok,sonnet-agent,enrich.v5.md,true,
2022-09-14:22-1846,2022-09-14,2022-09-14,regular,T.-4,134,bonds,,22-1846,https://ousd.legistar.com/gateway.aspx?M=L&ID=56116,Agreement for Architectural Services – HKIT Architects – Melrose Leadership Academy at Maxwell Park Elementary School & Sherman Campus Project – Division of Facilities Planning and Management,"Approval by the Board of Education of the Agreement for Architectural Services by and between the District and HKIT Architects, Oakland, CA, for the latter to provide architectural services, which consist of a feasibility study that includes programming services and schematic designs for the Melrose Leadership Academy at Maxwell Park Elementary School & Sherman Campus Project, more specifically described in Articles 3, 5, 6 of Agreement, in the amount of $1,104,910.00, which includes a not-to-exceed amount of $934,424.00, for Basic Services, a not-to-exceed amount of $100,446.00.00 for additional services, and a not-to-exceed amount of $70,040.00 for reimbursable expenses (Sections 4.1, 4.2, and 4.3 of Agreement), as the selected consultant, with work scheduled to commence on September 15, 2022, and scheduled to last until May 31, 2024.",Agreement or Contract,"Deputy Chief, Facilities Planning and Management",001995,v-001995,Fund 21 Building Fund Measure Y,"Approves $1,104,910 for HKIT Architects to study and design the Melrose and Sherman Campus project","The district hires HKIT Architects for a feasibility study, programming and early designs for the Melrose Leadership Academy at Maxwell Park Elementary School and Sherman Campus project. The total includes $934,424 for basic services, $100,446 for additional services and $70,040 for reimbursable expenses. Work is scheduled from September 15, 2022 to May 31, 2024.",School buildings & construction,,new_agreement,HKIT Architects,organization,Melrose Leadership Academy; Maxwell Park Elementary School; Sherman Campus,expense,not_to_exceed,1104910,,,,,true,2022-09-15,2024-05-31,multi_year,,,Adopted on the General Consent Report,2022-09-14,true,auto_ok,sonnet-agent,enrich.v5.md,true,
2022-09-14:22-1847,2022-09-14,2022-09-14,regular,T.-5,135,bonds,,22-1847,https://ousd.legistar.com/gateway.aspx?M=L&ID=56117,Agreement Between Owner and Contractor – Safetight Security – Madison Park Academy Surveillance Camera Installation Project - Division of Facilities Planning and Management,"Ratification by the Board of Education of a Construction Agreement Between Owner and Contractor by and between the District and Safetight Security, Oakland, CA, for the latter to provide construction services which consist of adding seven (7) additional cameras needed in areas on the site to provide coverage to the parking lot and second floor of the new building, as described, with services including all work described in the June 19, 2022; Scope of Work, attached to this Agreement as Exhibit A, for the Madison Park Academy Surveillance Camera Installation Project, in the amount of $9,875.42, which includes a not-to-exceed contingency fee of $897.76, with work scheduled to commence on August 1, 2022, and scheduled to last until August 30, 2022.",Agreement or Contract,"Deputy Chief, Facilities Planning and Management",007930,v-007930,Fund 21 Building Fund Measure J,"Ratifies $9,875 for Safetight Security to add seven cameras at Madison Park Academy","The district pays Safetight Security to install seven more surveillance cameras covering the parking lot and second floor of the new building at Madison Park Academy. The price includes a $897.76 reserve for extra costs. Work was scheduled for August 1 to August 30, 2022, so it started before the board's vote to ratify the agreement.",School buildings & construction,,new_agreement,Safetight Security,organization,Madison Park Academy,expense,not_to_exceed,9875.42,,,,,true,2022-08-01,2022-08-30,after_work_began,,,Adopted on the General Consent Report,2022-09-14,true,auto_ok,sonnet-agent,enrich.v5.md,true,
2022-09-14:22-1857,2022-09-14,2022-09-14,regular,T.-6,136,bonds,,22-1857,https://ousd.legistar.com/gateway.aspx?M=L&ID=56127,"General Services Agreement – West Michigan Warehouse Outfitters, Inc., dba Building Maps – Evacuation Signage at Various School Sites Project - Division of Facilities Planning and Management","Approval by the Board of Education of General Services Agreement by and between the District and West Michigan Warehouse Outfitters, Inc., dba Building Maps, Rockford, MI, for the latter to provide consulting design and prepare camera-ready graphics to produce evacuation signage with a specific focus on schools identified as being non-compliant with the City of Oakland fire regulations within the District, including the Basic Services described in the April 8, 2022, request for Proposal and the May 5, 2022 proposal from Contractor, which are attached to this Agreement as Exhibit A, known as the Evacuation Signage at Various School Sites Project, in the not-to-exceed amount of $258,143.00, which includes a lump sum amount of $172,675.00 for Basic Services, a not-to-exceed amount of $23,468.00 for additional services, and a not-to-exceed amount of $62,000.00 for reimbursable expenses, with work scheduled to commence on September 15, 2022, and scheduled to last until October 31, 2023.",Agreement or Contract,"Deputy Chief, Facilities Planning and Management",007949,v-007949,Fund 21 Building Fund Measure Y,"Approves up to $258,143 for Building Maps to design evacuation signage for Oakland schools","The district hires West Michigan Warehouse Outfitters, Inc., doing business as Building Maps, to design and prepare evacuation signs, focusing on schools found not to meet City of Oakland fire regulations. The limit includes $172,675 for basic services, $23,468 for additional services and $62,000 for reimbursable expenses. Work runs from September 15, 2022 to October 31, 2023.",School buildings & construction,,new_agreement,"West Michigan Warehouse Outfitters, Inc., dba Building Maps",organization,,expense,not_to_exceed,258143,,,,,true,2022-09-15,2023-10-31,multi_year,,,Adopted on the General Consent Report,2022-09-14,true,auto_ok,sonnet-agent,enrich.v5.md,true,
2022-09-14:22-1858,2022-09-14,2022-09-14,regular,T.-7,137,bonds,,22-1858,https://ousd.legistar.com/gateway.aspx?M=L&ID=56128,"Amendment No. 2, Architectural Services Agreement – Multistudio(formerly known as Gould Evans) – Laurel Child Development Center Replacement Project – Division of Facilities Planning and Management","Approval by the Board of Education of Amendment No. 2, Agreement for Architectural Services by and between the District and Multistudio (formerly Gould Evans), San Francisco, CA, for the latter to provide additional design and architectural services to change the mechanical system from a 4-pipe hydronic system and radiant floors to dedicated rooftop package units serving individual classrooms, as described in the Proposal dated July 7, 2022, attached to this Amendment as Exhibit A, for the Laurel Child Development Center Replacement Project, in an additional not-to-exceed amount of $55,776.00, increasing the Agreement’s not-to-exceed amount from $847,100.00 to $902,876.00. All other terms and conditions of the Agreement remain in full force and effect.",Agreement or Contract,"Deputy Chief, Facilities Planning and Management",001901,v-001901,Fund 21 Building Fund Measure J,"Adds $55,776 to Multistudio's contract to redesign heating and cooling at Laurel Child Development Center","This amendment adds design work for Multistudio (formerly Gould Evans) to change the Laurel Child Development Center Replacement Project's mechanical system from a 4-pipe hydronic system with radiant floors to rooftop package units serving individual classrooms. It raises the contract limit from $847,100 to $902,876. All other terms stay the same.",School buildings & construction,,amendment,Multistudio (formerly Gould Evans),organization,Laurel Child Development Center,expense,not_to_exceed,55776,,,847100,902876,true,,,raises_existing_contract,,,Adopted on the General Consent Report,2022-09-14,true,auto_ok,sonnet-agent,enrich.v5.md,true,
2022-09-14:22-1919,2022-09-14,2022-09-14,regular,T.-8,138,bonds,,22-1919,https://ousd.legistar.com/gateway.aspx?M=L&ID=56189,"Amendment No. 3, Agreement for Architectural Services – S. Meek Architecture –Claremont Middle School New Multi-Purpose Building Project – Division of Facilities Planning and Management","Approval by the Board of Education of Amendment No. 3, Agreement for Architectural Services by and between the District and S Meek Architecture, San Francisco CA, for the latter to provide further Basic Services which include re-design of the braced frame system associated with the steel structure changes, as described in the proposal dated July 22, 2022, attached to this Amendment as part of Exhibit A, for the Claremont Middle School New Multi-Purpose Building Project, in an additional amount of $68,540.00, which includes an increase of $58,540.00 for Basic Services, and an increase of $10,000.00 for Additional Services, increasing Agreement not-to-exceed amount from $1,330,305.00 to 1,398,845.00. All other terms and conditions of the Agreement remain in full force and effect.",Agreement or Contract,"Deputy Chief, Facilities Planning and Management",003710,v-003710,Fund 21 Building Fund Measure Y,"Adds $68,540 to S Meek Architecture's contract for Claremont Middle School's new multi-purpose building","This amendment pays S Meek Architecture for more design work to re-design the braced frame system after steel structure changes at the Claremont Middle School new multi-purpose building. It adds $58,540 for basic services and $10,000 for additional services, raising the contract limit from $1,330,305 to $1,398,845. All other terms stay the same.",School buildings & construction,,amendment,S Meek Architecture,organization,Claremont Middle School,expense,not_to_exceed,68540,,,1330305,1398845,true,,,raises_existing_contract,,,Adopted on the General Consent Report,2022-09-14,true,auto_ok,sonnet-agent,enrich.v5.md,true,
2022-09-14:22-1926,2022-09-14,2022-09-14,regular,T.-9,139,bonds,,22-1926,https://ousd.legistar.com/gateway.aspx?M=L&ID=56196,"Amendment No. 3, General Services Agreement– Ninyo & Moore - Cole Administration Center Project - Division of Facilities Planning and Management","Approval by the Board of Education of Amendment No. 3, General Services Agreement by and between the District and Ninyo & Moore, Alameda, CA, for the latter to provide further environmental Basic Services, include conducting several soil samplings, preparing an investigation Workplan, a Remedial Action Correction Report, a Supplemental Sampling Investigation (SSI) report, and a Removal Action Workplan for Phase 2, preparing a Remedial Action Correction Report (RACR) documenting the Phase 1 and Phase 2 RAW implementation, as described in the Proposal dated July 21, 2022, attached to this amendment, as part of Exhibit A, for the Cole Administration Center Project, in an additional amount of $184,540.00, which includes an increase of $166,086 for Basic Services, and an increase of $18,454.00 for Additional Services, increasing Agreement not-to-exceed amount from $384,495.00 to $569,035.00. All other terms and conditions of the Agreement remain in full force and effect.",Agreement or Contract,"Deputy Chief, Facilities Planning and Management",003087,v-003087,Fund 21 Building Fund Measure Y,"Adds $184,540 to Ninyo & Moore's environmental testing and cleanup planning at Cole Administration Center","This amendment pays Ninyo & Moore for more environmental work at the Cole Administration Center Project, including soil sampling, investigation and removal action workplans, and reports on the cleanup work. It adds $166,086 for basic services and $18,454 for additional services, raising the contract limit from $384,495 to $569,035. All other terms stay the same.",School buildings & construction,,amendment,Ninyo & Moore,organization,,expense,not_to_exceed,184540,,,384495,569035,true,,,raises_existing_contract,,,Adopted on the General Consent Report,2022-09-14,true,auto_ok,sonnet-agent,enrich.v5.md,true,
2022-09-14:22-1990,2022-09-14,2022-09-14,regular,T.-10,140,bonds,,22-1990,https://ousd.legistar.com/gateway.aspx?M=L&ID=56260,Agreement for Engineering Services – Sandis Civil Engineers Surveyors Planners – Melrose Leadership Academy Site Expansion Project – Division of Facilities Planning and Management,"Approval by the Board of Education of Agreement for Engineering Services by and between the District and Sandis Civil Engineers Surveyors Planners, Oakland, CA, for the latter to provide site surveying services which include mapping of school property, preparation of topographic survey, and mechanical locating services for subsurface utilities, as described in Article 5 and Exhibit C of the Agreement, for the Melrose Leadership Academy Site Expansion Project, in the amount of $30,470.00, which includes a not-to-exceed amount of $27,700.00 for Basic Services, and a not-to-exceed amount of $2,770.00 for additional services, with work scheduled to commence on September 15, 2022, and scheduled to last until December 31, 2023.",Agreement or Contract,"Deputy Chief, Facilities Planning and Management",003768,v-003768,Fund 21 Building Fund Measure Y,"Approves $30,470 for Sandis to survey the Melrose Leadership Academy site for its expansion","The district hires Sandis Civil Engineers Surveyors Planners to map the school property, prepare a topographic survey and locate underground utilities for the Melrose Leadership Academy Site Expansion Project. The total includes $27,700 for basic services and $2,770 for additional services. Work runs from September 15, 2022 to December 31, 2023.",School buildings & construction,,new_agreement,Sandis Civil Engineers Surveyors Planners,organization,Melrose Leadership Academy,expense,not_to_exceed,30470,,,,,true,2022-09-15,2023-12-31,multi_year,,,Adopted on the General Consent Report,2022-09-14,true,auto_ok,sonnet-agent,enrich.v5.md,true,
2022-09-14:22-1992,2022-09-14,2022-09-14,regular,T.-11,141,bonds,,22-1992,https://ousd.legistar.com/gateway.aspx?M=L&ID=56262,Agreement for Engineering Services - Melrose Leadership Academy Site Expansion Project - Division of Facilities Planning Management,"Approval by the Board of Education of Agreement for Engineering Services by and between the District and AGS, Inc., San Francisco, Ca, for the latter to perform a geotechnical field study to explore and evaluate subsurface conditions and develop site-specific geotechnical conclusions including seismic design parameters in accordance with the latest adopted CBC, a corrosion evaluation, and detailed foundation design recommendations; and provide geo­ technical plan review services, as described in Article 5 and Exhibit C of the Agreement, for the Melrose Leadership Academy Site Expansion Project, in the amount of $151,690.00, which includes a not-to-exceed amount of $137,900.00 for Basic Services, and a not-to-exceed amount of $13,790.00 for additional services, with work scheduled to commence on September 15, 2022, and scheduled to last until December 31, 2023.",Agreement or Contract,"Deputy Chief, Facilities Planning and Management",006491,v-006491,Fund 21 Building Fund Measure Y,"Approves $151,690 for AGS to study soil and foundation conditions for Melrose Leadership Academy's expansion","The district hires AGS, Inc. to study underground conditions at the Melrose Leadership Academy site, including earthquake design needs, a corrosion evaluation and foundation design advice, and to review the geotechnical plans. The total includes $137,900 for basic services and $13,790 for additional services. Work runs from September 15, 2022 to December 31, 2023.",School buildings & construction,,new_agreement,"AGS, Inc.",organization,Melrose Leadership Academy,expense,not_to_exceed,151690,,,,,true,2022-09-15,2023-12-31,multi_year,,,Adopted on the General Consent Report,2022-09-14,true,auto_ok,sonnet-agent,enrich.v5.md,true,
