item_id,meeting_key,meeting_date,meeting_kind,agenda_number,agenda_sequence,consent_section,group,file_number,legistar_url,title,official_text,matter_type,presenter,vendor_number,vendor_key,funding_source,headline,summary,category,action_type,vendor_name,vendor_kind,schools,money_direction,amount_type,amount,amount_range_low,amount_range_high,prior_total,new_total,amount_verified,term_start,term_end,flags,source_issue,pulled_from_consent,outcome_action,outcome_date,adopted,review_status,model_id,prompt_version,counts_toward_totals,duplicate_of
2023-01-17:22-2696,2023-01-17,2023-01-17,special,I.-1,24,general,"Chief, Systems and Services Officer",22-2696,https://ousd.legistar.com/LegislationDetail.aspx?ID=56964&GUID=A5B50823-6659-4B19-9472-37A762E75036,Declaring It Is In The Best Interest Of The District To Piggyback On And Enter Into A Contract - Finalsite - Purchase Agreement - Technology Services Department,"Approval by the Board of Education of Resolution No. 2223-0079 - Declaring It Is In The Best Of The District To Piggyback On And Enter Into A Contract With Active Internet Technologies dba Finalsite Properly Entered Into Through the Education Technology Joint Powers Authority [to provide a) initial conversion and setup of district and school websites, including the OUSD intranet during the 2022‐23 school year, and b) licensing, upgrades and support for the Finalsite web design and hosting platform, for the period January 12, 2023 to June 30, 2025, for an amount not to exceed $263,930.00: consisting of $77,350.00 in one‐time professional services fees due in 2022‐23, and $93,290.00 in annual licensing and hosting fees due in both 2023‐24 and 2024‐25 Fiscal Years].",Agreement or Contract,Chief Systems and Services Officer,008162,v-008162,3213 and 0000,"Buys Finalsite website platform and setup for up to $263,930 through another agency's contract","The district would pay Active Internet Technologies (Finalsite) to convert and set up district and school websites, including the OUSD intranet, and to provide the Finalsite web design and hosting platform with upgrades and support. The cost is $77,350 in one-time setup fees in 2022-23, plus $93,290 a year in licensing and hosting fees in each of 2023-24 and 2024-25, for a total of up to $263,930 from January 12, 2023 to June 30, 2025. The district is buying through an existing contract held by the Education Technology Joint Powers Authority instead of running its own bid.",Technology,cooperative_purchase,Active Internet Technologies (Finalsite),organization,,expense,not_to_exceed,263930,,,,,true,2023-01-12,2025-06-30,after_work_began; no_competitive_bid; previously_delayed; multi_year,,,Adopted on the General Consent Report,2023-01-17,true,auto_ok,sonnet-agent,enrich.v3.md,true,
2023-01-17:22-2814,2023-01-17,2023-01-17,special,I.-2,25,general,"Chief, Systems and Services Officer",22-2814,https://ousd.legistar.com/LegislationDetail.aspx?ID=57082&GUID=1F741BD8-9F97-419D-9D52-B97EAFD85E62,Services Agreement 2022-23 - RDV Consulting Services - E-Rate Activities - Technology Services Department,"Ratification by the Board of Education of a Services Agreement 2022-2023 by and between District and RDV Consulting Services, Oakland, CA, for the latter to perform E-Rate activities required to support the submission of documentation needed to obtain funding of E-Rate discounts for the District, including the E-Rate Funding Years 2022-23 (project completion, closeout), and 2023-24 filing; additional services to file any change forms needed with the E-Rate Program and respond to any requests or audits, via Technology Services Department, for the period of January 1, 2023 through December 31, 2023, in an amount not to exceed $30,000.00.",Agreement or Contract,Chief Systems and Services Officer,003533,v-003533,0000 - General Purpose,"Ratifies up to $30,000 for RDV Consulting to handle the district's E-Rate discount paperwork","RDV Consulting Services of Oakland will prepare and file the documents the district needs to get E-Rate discounts (a federal program that lowers the cost of school internet and technology). The work covers closing out the 2022-23 funding year, the 2023-24 filing, any change forms, and responding to requests or audits. The agreement runs January 1 to December 31, 2023, and the board is approving it after the fact (ratifying it).",Technology,new_agreement,RDV Consulting Services,organization,,expense,not_to_exceed,30000,,,,,true,2023-01-01,2023-12-31,after_work_began; previously_delayed,,,Adopted on the General Consent Report,2023-01-17,true,auto_ok,sonnet-agent,enrich.v3.md,true,
2023-01-17:22-2947,2023-01-17,2023-01-17,special,I.-3,26,general,"Chief, Systems and Services Officer",22-2947,https://ousd.legistar.com/LegislationDetail.aspx?ID=57215&GUID=709D6F93-3352-4270-A4C0-E521EC82E26F,Memorandum of Understanding and Engagement Policy - Lozano Smith Law Firm - Nutrition Services Department,"Approval by the Board of Education of a Memorandum of Understanding and Engagement Policy by and between District and Lozano Smith, Attorneys at Law, Walnut Creek, CA, for the latter to provide legal services to the District’s Nutrition Services Department on an as needed basis, for the period of October 17, 2022 through June 30, 2023, in an amount not to exceed $50,000.00 in a fiscal year.",Agreement or Contract,Chief Systems and Services Officer,005396,v-005396,Nutrition Services Department,"Hires Lozano Smith law firm for Nutrition Services legal advice, up to $50,000 a fiscal year","Lozano Smith, a law firm in Walnut Creek, will give legal advice to the district's Nutrition Services Department as needed. The cap is $50,000 in a fiscal year, and the agreement runs from October 17, 2022 through June 30, 2023. The agreement period began before this vote.","Legal, insurance & risk",new_agreement,Lozano Smith,organization,,expense,per_year,50000,,,,,true,2022-10-17,2023-06-30,after_work_began; previously_delayed; yearly_cap,,,Adopted on the General Consent Report,2023-01-17,true,auto_ok,sonnet-agent,enrich.v3.md,true,
2023-01-17:22-2564,2023-01-17,2023-01-17,special,I.-4,28,general,"Deputy Chief, Facilities Planning and Management",22-2564,https://ousd.legistar.com/LegislationDetail.aspx?ID=56832&GUID=2A190BB9-E769-4373-AFAA-6D1F879036C8,"Data Sharing Agreement 2022-2023 – Viatron Systems, Inc., - Division of Facilities Planning and Management","Approval by the Board of Education of a Data Sharing Agreement 2022-2023 by and between the District and Viatron Systems, Inc., Gardena, CA, defining the terms and conditions, incorporated herein by reference as though fully set forth, by which the District will share data with and by which Viatron Systems. Inc. will protect data shared by/received from the District under the General Service Agreement (Legislative File No. 22-2567, Enactment No 22-1332 and Amendments thereto, if any) between the Parties for the Central Office 1000 Broadway Digitalization Project.",Agreement or Contract,"Deputy Chief, Facilities Planning and Management",,v-007248,,Sets data-sharing rules with Viatron Systems for the 1000 Broadway digitalization project,"This data sharing agreement sets the terms for how the district shares data with Viatron Systems, Inc. of Gardena, and how Viatron must protect it. It supports Viatron's existing general service agreement for the Central Office 1000 Broadway Digitalization Project. No dollar amount is stated for this agreement.",Partnerships & data sharing,mou_or_data_sharing,"Viatron Systems, Inc.",organization,,no_cost,,,,,,,true,2022-07-01,2023-06-30,after_work_began; previously_delayed,,,Adopted on the General Consent Report,2023-01-17,true,auto_ok,sonnet-agent,enrich.v3.md,true,
2023-01-17:22-2803,2023-01-17,2023-01-17,special,I.-5,29,general,"Deputy Chief, Facilities Planning and Management",22-2803,https://ousd.legistar.com/LegislationDetail.aspx?ID=57071&GUID=C171E206-5505-4150-B89B-977F685752C5,"Agreement Between Owner and Contractor – G & G Builders, Inc. – Centro Infantil Child Development Center Play Matting and Play Structure Project - Division of Facilities Planning and Management","Approval by the Board of Education of Agreement Between Owner and Contractor by and between the District and G & G Builders, Inc., Livermore, CA, for the latter to provide site preparation required for the installation of equipment and matting on site to be done by Contractor, for the Centro Infantil Child Development Center Play Matting and Play Structure Project, in an amount not to exceed $83,995.00, which includes a contingency allowance of $13,000.00, as the lowest responsive, responsible bidder, with the work anticipated to commence on January 23, 2023, and scheduled to last for thirty days (30), with an anticipated ending on February 21, 2023.",Agreement or Contract,"Deputy Chief, Facilities Planning and Management",001772,v-001772,"Fund 12, Child Development Fund","Awards G & G Builders up to $83,995 to prepare ground for new play matting at Centro Infantil","G & G Builders, Inc. of Livermore was the lowest responsive, responsible bidder for site preparation before play matting and play structure equipment is installed at the Centro Infantil Child Development Center. The cap of $83,995 includes a $13,000 contingency allowance. Work is expected to start January 23, 2023 and last thirty days, ending around February 21, 2023.",School buildings & construction,bid_award,"G & G Builders, Inc.",organization,Centro Infantil Child Development Center,expense,not_to_exceed,83995,,,,,true,2023-01-23,2023-02-21,previously_delayed,,,Adopted on the General Consent Report,2023-01-17,true,auto_ok,sonnet-agent,enrich.v3.md,true,
2023-01-17:22-2880,2023-01-17,2023-01-17,special,I.-6,30,general,"Deputy Chief, Facilities Planning and Management",22-2880,https://ousd.legistar.com/LegislationDetail.aspx?ID=57148&GUID=D5CC2ADB-895E-42A6-ADA2-652D4A053002,23-0056General Services Agreement – ACC Environmental Consultants – 2111 International Fire Alarm Project - Division of Facilities Planning and Management,"Approval by the Board of Education of General Services Agreement by and between the District and ACC Environmental Consultants, Oakland, CA, for the latter to provide environmental services which consist of abatement survey compliance, observing worker safety procedures, preparing and conducting daily log of contractor activities, prepare report writing and consulting services, with Basic Services including all work described in the November 22, 2022 proposal, which is attached to this Agreement as Exhibit A, for the 2111 International Fire Alarm Project, in the not-to-exceed amount of $15,368.00, with the work scheduled to commence on January 18, 2023, and scheduled to last until December 31, 2023.",Agreement or Contract,"Deputy Chief, Facilities Planning and Management",000230,v-000230,"Fund 25, Capital Facilities Fund","Hires ACC Environmental for up to $15,368 of abatement monitoring on the 2111 International fire alarm project","ACC Environmental Consultants of Oakland will check for hazardous materials, observe worker safety procedures, keep a daily log of the contractor's activities, and write reports for the 2111 International Fire Alarm Project. The cap is $15,368, and the work is scheduled from January 18 to December 31, 2023.",School buildings & construction,new_agreement,ACC Environmental Consultants,organization,,expense,not_to_exceed,15368,,,,,true,2023-01-18,2023-12-31,previously_delayed,,,Adopted on the General Consent Report,2023-01-17,true,auto_ok,sonnet-agent,enrich.v3.md,true,
2023-01-17:22-2887,2023-01-17,2023-01-17,special,I.-7,32,general,"Chief, Talent",22-2887,https://ousd.legistar.com/LegislationDetail.aspx?ID=57155&GUID=FD4C5BD6-D64A-43DA-8193-C71043E9371E,Personnel Report No. 2223-0005 - Talent/Human Resources Department,Approval by the Board of Education of Personnel Report No. 2223-0005 - Talent/Human Resources Department.,Personnel Report,"Deputy Chief, Talent",,,,Approves Personnel Report No. 2223-0005 from the Talent/Human Resources Department,"The board is approving Personnel Report No. 2223-0005, the Human Resources Department's regular list of staffing actions. The agenda text does not describe the individual actions or give any dollar amounts.",Staff & hiring,personnel,,,,expense,,,,,,,true,,,previously_delayed,,,Adopted on the General Consent Report,2023-01-17,true,auto_ok,sonnet-agent,enrich.v3.md,true,
2023-01-17:22-2908,2023-01-17,2023-01-17,special,I.-8,33,general,"Chief, Talent",22-2908,https://ousd.legistar.com/LegislationDetail.aspx?ID=57176&GUID=7CF3B1E8-8BD0-4DF6-B545-08C2053C8261,Services Agreement 2022-2023 - Jennifer Herriot-Hatfield - Talent / Human Resources Department,"Ratification by the Board of Education of a Services Agreement 2022-2023 by and between the District and Jennifer Herriot-Hatfield, San Francisco, CA, for the latter to provide 167 hours of  consulting services, exploring the possibility of building a Preliminary or Clear Administrative Services Credential Program (CASC or PASC), as described in Exhibit A of the Agreement, incorporated herein by reference as though fully set forth, via Talent / Human Resources Department, for the period of October 1, 2022 through February 1, 2023, in an amount not to exceed $25,000.00.",Agreement or Contract,"Deputy Chief, Talent",008148,v-008148,General Purpose,"Ratifies up to $25,000 for a consultant to study an administrator credential program","A San Francisco consultant will provide 167 hours of work exploring whether the district could build its own Preliminary or Clear Administrative Services Credential program (the credentials school administrators need). The cap is $25,000 for October 1, 2022 through February 1, 2023, and the board is approving it after the fact (ratifying it).",Staff & hiring,new_agreement,Jennifer Herriot-Hatfield,individual,,expense,not_to_exceed,25000,,,,,true,2022-10-01,2023-02-01,after_work_began; previously_delayed,,,Adopted on the General Consent Report,2023-01-17,true,auto_ok,sonnet-agent,enrich.v3.md,true,
2023-01-17:22-2937,2023-01-17,2023-01-17,special,I.-9,34,general,"Chief, Talent",22-2937,https://ousd.legistar.com/LegislationDetail.aspx?ID=57205&GUID=654A857E-D5D0-4FB8-B2F6-105E28B91A76,Notice - Possible Reassignment or Release - Administrative and/or Supervisory Certificated Employees - Effective School Year 2023-2024,"Approval by the Board of Education authorizing the Superintendent of Schools or designee to send a Notice to Administrative and/or Supervisory Certificated Employees of Possible Reassignment from or Release from Current Position for School Year 2023-2024, pursuant to provisions of California Education Code Section 44951.",Motion,"Deputy Chief, Talent",,,,Authorizes notices of possible reassignment or release to administrators for 2023-24,"This lets the Superintendent send notices to administrative and supervisory certificated employees (staff who hold teaching or administrative credentials) that they may be reassigned or released from their current positions for the 2023-24 school year. It is done under California Education Code Section 44951. A notice is a warning, not a final decision about any person.",Staff & hiring,personnel,,,,no_cost,,,,,,,true,,,previously_delayed,,,Adopted on the General Consent Report,2023-01-17,true,auto_ok,sonnet-agent,enrich.v3.md,true,
2023-01-17:22-2939,2023-01-17,2023-01-17,special,I.-10,35,general,"Chief, Talent",22-2939,https://ousd.legistar.com/LegislationDetail.aspx?ID=57207&GUID=349B7A4F-EC0E-4440-AA6C-A152FC59CAD3,Notice of Release - Probationary and Temporary Contract Certificated Employees - Non Re-elects - School Year 2023-2024,"Approval by the Board of Education authorizing the Superintendent of Schools or designee to send a Notice of Release from Position to each and every probationary and temporary certificated employee who will not be reelected for employment for the School Year 2023-2024, pursuant to provisions of California Education Code Sections 44929.21 and 44954.",Motion,"Deputy Chief, Talent",,,,Authorizes release notices to probationary and temporary teachers not re-elected for 2023-24,This lets the Superintendent send a Notice of Release to each probationary and temporary certificated employee (staff who hold teaching credentials) who will not be re-elected for the 2023-24 school year. It is done under California Education Code Sections 44929.21 and 44954.,Staff & hiring,personnel,,,,no_cost,,,,,,,true,,,previously_delayed,,,Adopted on the General Consent Report,2023-01-17,true,auto_ok,sonnet-agent,enrich.v3.md,true,
2023-01-17:22-2940,2023-01-17,2023-01-17,special,I.-11,36,general,"Chief, Talent",22-2940,https://ousd.legistar.com/LegislationDetail.aspx?ID=57208&GUID=5EBE8E1D-1E1D-4F70-8D05-9B57ACC27616,Notice to Categorically - Funded Certificated Employees of Possible Reassignment - School Year 2023-2024,"Approval by the Board of Education authorizing the Superintendent of Schools or designee to send a Notice of Possible Reassignment for the School Year 2023-2024, to any and all Categorically-Funded, Certificated Employees, pursuant to provisions of California Education Code Section 44909.",Motion,"Deputy Chief, Talent",,,,Authorizes possible-reassignment notices to grant-funded certificated staff for 2023-24,"This lets the Superintendent send a Notice of Possible Reassignment for the 2023-24 school year to all categorically-funded certificated employees (credentialed staff paid from specific state or federal program money). It is done under California Education Code Section 44909. A notice is a warning, not a final decision about any person.",Staff & hiring,personnel,,,,no_cost,,,,,,,true,,,previously_delayed,,,Adopted on the General Consent Report,2023-01-17,true,auto_ok,sonnet-agent,enrich.v3.md,true,
2023-01-17:22-2118,2023-01-17,2023-01-17,special,I.-12,38,general,Chief Academic Officer,22-2118,https://ousd.legistar.com/LegislationDetail.aspx?ID=56388&GUID=40A647DA-A4A6-4E66-9A31-A788BB96937A,Grant Agreement – Oakland Public Education Fund – Regrant #22-05-05174126 – Schwab Charitable - Early Childhood Education Department,"Approval by the Board of Education of a Grant Agreement, Regrant#22-05-05174126, by and between the District and the Oakland Public Education Fund, Oakland, CA, with the former accepting $25,000.00, for Project: Oakland Unified School District - ECE, from Schwab Charitable, for purpose of: “1. PreK teachers in Oakland will learn and/or elevate teaching practices to support multilingual learners in PreK classrooms with teacher stipends and extended contract hours by attending 3-day POLL training; 2. Develop leadership skills, collaboration and sharing of best practices with teachers leading trainings and coaching after the POLL training”, via the Early Childhood Education Department, for the period of July 1, 2022 through June 30, 2023.",Agreement or Contract,Chief Academic Officer,,v-003143,Schwab Charitable,"Accepts $25,000 from Schwab Charitable via Oakland Public Education Fund for PreK teacher training","The district will receive $25,000 through the Oakland Public Education Fund, from Schwab Charitable, for its Early Childhood Education program. PreK teachers will attend a 3-day training on supporting multilingual learners and receive stipends and extended contract hours, and some teachers will lead trainings and coaching. The grant covers July 1, 2022 through June 30, 2023.",Classroom & academic programs,grant_or_funding_in,Oakland Public Education Fund,organization,,revenue,fixed,25000,,,,,true,2022-07-01,2023-06-30,after_work_began; previously_delayed,,,Adopted on the General Consent Report,2023-01-17,true,auto_ok,sonnet-agent,enrich.v3.md,true,
2023-01-17:22-2326,2023-01-17,2023-01-17,special,I.-13,39,general,Chief Academic Officer,22-2326,https://ousd.legistar.com/LegislationDetail.aspx?ID=56594&GUID=D4C9F82F-AEE2-40B8-9DA6-806C441FAE20,Termination - Services Agreement 2022-2023 - STAC Physical Therapy – Special Education Department,"Approval by the Board of Education of Resolution No. 2223-0008 - Ratification of Termination, For Convenience [Section 11.a], of the District’s Services Agreement 2022-2023 with STAC Physical Therapy Emeryville, Inc., Emeryville, CA [Enactment No. 22-1399].",Agreement or Contract,Chief Academic Officer,007726,v-007726,Special Education,Ratifies the district's early termination of its STAC Physical Therapy services agreement,"The board is approving, after the fact, the district's decision to end its 2022-2023 services agreement with STAC Physical Therapy Emeryville, Inc. The agreement was ended ""for convenience"" under Section 11.a, which allows termination without a stated cause. The text gives no dollar amounts.",Special education,termination,"STAC Physical Therapy Emeryville, Inc.",organization,,no_cost,,,,,,,true,,,after_work_began; previously_delayed,,,Adopted on the General Consent Report,2023-01-17,true,auto_ok,sonnet-agent,enrich.v3.md,true,
2023-01-17:22-2660,2023-01-17,2023-01-17,special,I.-14,40,general,Chief Academic Officer,22-2660,https://ousd.legistar.com/LegislationDetail.aspx?ID=56928&GUID=1FD8DAF2-B55F-4009-9C9A-EB83D12BAF5E,Services Agreement 2022-2023 - Oakland Public Education Fund - Bella Vista Elementary School,"Approval by the Board of Education of a Services Agreement 2022-2023 by and between the District and Oakland Public Education Fund, Oakland, CA, for the latter to provide a Residential Artist once a month to support TK-5th grade visual art lessons for pupils at Bella Vista Elementary School, for the period of October 3, 2022 through May 25, 2023, in an amount not to exceed $3,000.00.",Agreement or Contract,Chief Academic Officer,003143,v-003143,ESSER CA Community School Partners and ESSER II,"Pays Oakland Public Education Fund up to $3,000 for a monthly artist at Bella Vista Elementary","The Oakland Public Education Fund will provide a Residential Artist once a month to support visual art lessons for TK-5th grade students at Bella Vista Elementary School. The cap is $3,000, for October 3, 2022 through May 25, 2023. The agreement period began before this vote.",Classroom & academic programs,new_agreement,Oakland Public Education Fund,organization,Bella Vista Elementary School,expense,not_to_exceed,3000,,,,,true,2022-10-03,2023-05-25,after_work_began; previously_delayed,,,Adopted on the General Consent Report,2023-01-17,true,auto_ok,sonnet-agent,enrich.v3.md,true,
2023-01-17:22-2665,2023-01-17,2023-01-17,special,I.-15,41,general,Chief Academic Officer,22-2665,https://ousd.legistar.com/LegislationDetail.aspx?ID=56933&GUID=B15175FE-F44B-4F4A-B338-2711CF959EC6,Services Agreement 2022-2023 - BLk - Oakland Technical High School,"Ratification by the Board of Education of a Services Agreement 2022-2023 by and between the District and BLk, Oakland, CA, for the latter to provide a “Fashion Industry Consultant” to assist in Career Technical Education for Fashion Fundamentals, Fashion Design History and Fashion Marketing courses to connect summative learning, apply, and evaluate the current inspiration and sources of design and illustration techniques used for developing a line, as described in Exhibit A of the Agreement, for the Fashion Art & Design Academy at Oakland Technical High School, for the period of September 1, 2022 through June 30, 2023, in an amount not to exceed $27,000.00.",Agreement or Contract,Chief Academic Officer,007582,v-007582,Riverside Community College,"Ratifies up to $27,000 for BLk to consult on fashion courses at Oakland Technical High","BLk of Oakland will provide a Fashion Industry Consultant to help with career technical education courses in Fashion Fundamentals, Fashion Design History and Fashion Marketing for the Fashion Art & Design Academy at Oakland Technical High School. The cap is $27,000 for September 1, 2022 through June 30, 2023, and the board is approving it after the fact (ratifying it).",Classroom & academic programs,new_agreement,BLk,organization,Oakland Technical High School,expense,not_to_exceed,27000,,,,,true,2022-09-01,2023-06-30,after_work_began; previously_delayed,,,Adopted on the General Consent Report,2023-01-17,true,auto_ok,sonnet-agent,enrich.v3.md,true,
2023-01-17:22-2721,2023-01-17,2023-01-17,special,I.-16,42,general,Chief Academic Officer,22-2721,https://ousd.legistar.com/LegislationDetail.aspx?ID=56989&GUID=7755EDD6-2F99-4B97-8E23-4E3A22732EC2,"Services Agreement 2022-2023 - Public Works, LLC - District Redesign - Chief Academic Officer","Approval by the Board of Education of a Services Agreement 2022-2023 by and between the District and Public Works, LLC, West Chester, PA, for the latter to provide a team of highly skilled and experienced individuals with expertise in conducting central office staffing and redesign projects as per RFP #22-127CSI; submit a written analysis of each Continuous School Improvement (CSI) Department against the LCAP goals and recommendations for consideration that augment CSI Department configurations, for the period of December 27, 2022 through June 30, 2023, in an amount not to exceed $148,060.00.",Agreement or Contract,Chief Academic Officer,008223,v-008223,AB1840 Fund,"Pays Public Works, LLC up to $148,060 to analyze and redesign central office departments","Public Works, LLC of West Chester, PA will provide a team with expertise in central office staffing and redesign, under a request for proposals (RFP #22-127CSI). The team will write an analysis of each Continuous School Improvement department measured against the district's Local Control and Accountability Plan (LCAP) goals, with recommendations for how to change those departments. The cap is $148,060 for December 27, 2022 through June 30, 2023.","Food, transportation & operations",new_agreement,"Public Works, LLC",organization,,expense,not_to_exceed,148060,,,,,true,2022-12-27,2023-06-30,after_work_began; previously_delayed,,,Adopted,2023-01-25,true,auto_ok,sonnet-agent,enrich.v3.md,true,
2023-01-17:22-2743,2023-01-17,2023-01-17,special,I.-17,43,general,Chief Academic Officer,22-2743,https://ousd.legistar.com/LegislationDetail.aspx?ID=57011&GUID=D9874988-90EE-4107-99DE-364CA0B10C8A,Services Agreement 2022-2023 - Moira De Nike - Community Schools and Student Services Department,"Ratification by the Board of Education of a Services Agreement 2022-2023 by and between the District and Moira De Nike, San Francisco, CA, for the latter to attend regular meetings with project design teams, meetings serving to organize ongoing work; plan cross work-stream activities (e.g., Professional development), and generate and follow-up on action items; document the process and track follow-up items to help ensure that the meetings are focused on action items and that they continually move the project toward its objectives; review the practices other districts are using to advance school safety alongside positive school climate and incorporate these findings into discussions with OUSD leaders and stakeholders, and into the Plan as needed; and facilitate the writing of the Phase 2 George Floyd Implementation Plan in partnership with the design team, via Community Schools and Student Services Department, for the period of October 3, 2022 through June 30, 2023, in an amount not to exceed $45,000.00.",Agreement or Contract,Chief Academic Officer,001318,v-001318,General Purpose-unrestricted,"Ratifies up to $45,000 for a consultant on the George Floyd Implementation Plan, Phase 2","A San Francisco consultant will attend project design team meetings, organize and track the work, review how other districts combine school safety with a positive school climate, and help write the Phase 2 George Floyd Implementation Plan. The cap is $45,000 for October 3, 2022 through June 30, 2023, and the board is approving it after the fact (ratifying it).","Student health, support & family services",new_agreement,Moira De Nike,individual,,expense,not_to_exceed,45000,,,,,true,2022-10-03,2023-06-30,after_work_began; previously_delayed,,,Adopted on the General Consent Report,2023-01-17,true,auto_ok,sonnet-agent,enrich.v3.md,true,
2023-01-17:22-2744,2023-01-17,2023-01-17,special,I.-18,44,general,Chief Academic Officer,22-2744,https://ousd.legistar.com/LegislationDetail.aspx?ID=57012&GUID=BED6D9B8-5A66-4C4E-8E44-4861E82DE7C3,Services Agreement 2022-2023 - Wellness Together - Community Schools and Student Services Department,"Ratification by the Board of Education of a Services Agreement 2022-2023 by and between the District and Wellness Together, Roseville, CA, for the latter to assign a mental health consultant who will over a period of approximately 50 weeks provide as follows: five additional hours a week (to supplement Blue Sky Initiative Contract) of Tier II intervention: individual weekly check-ins; at least two groups in the academic year around social emotional skill building; family engagement when needed: Psycho-social interventions and Crisis Intervention when needed and Classroom Presentations on social emotional skill building when requested by site; and attend COST Meetings, via Community Schools and Student Services Department, for the period of August 27, 2022 through June 1, 2023, in an amount not to exceed $40,000.00.",Agreement or Contract,Chief Academic Officer,007308,v-007308,Salesforce.org,"Ratifies up to $40,000 for Wellness Together to add mental health support for students","Wellness Together of Roseville will assign a mental health consultant for about 50 weeks, adding five hours a week to its existing Blue Sky Initiative contract. The consultant will do weekly check-ins, skill-building groups, family engagement, crisis support and classroom presentations on request. The cap is $40,000 for August 27, 2022 through June 1, 2023, and the board is approving it after the fact (ratifying it).","Student health, support & family services",new_agreement,Wellness Together,organization,,expense,not_to_exceed,40000,,,,,true,2022-08-27,2023-06-01,after_work_began; previously_delayed,,,Adopted on the General Consent Report,2023-01-17,true,auto_ok,sonnet-agent,enrich.v3.md,true,
2023-01-17:22-2745,2023-01-17,2023-01-17,special,I.-19,45,general,Chief Academic Officer,22-2745,https://ousd.legistar.com/LegislationDetail.aspx?ID=57013&GUID=B3DA0CAA-CBA6-4736-8471-7F0D1179CA8E,Services Agreement 2022-2023 - Wellness Together - Edna Brewer Middle School,"Ratification by the Board of Education of a Services Agreement 2022-2023 by and between the District and Wellness Together, Roseville, CA, for the latter to provide a therapist who will work directly with students to develop solutions and set achievable goals while they advocate and collaborate to promote equity and access for all students; listen to students' academic, emotional, social, and behavioral concerns in an open and nonjudgmental way and establish positive, trusting rapport with students to provide one-on-one emotional guidance which can help students achieve their goals at Edna Brewer Middle School, for the period, of November 14, 2022 through May 25, 2023, in an amount not to exceed $23,760.00.",Agreement or Contract,Chief Academic Officer,007308,v-007308,AB1840 School Consolidation,"Ratifies up to $23,760 for Wellness Together to provide a therapist at Edna Brewer Middle School","Wellness Together of Roseville will provide a therapist who works directly with students at Edna Brewer Middle School, offering one-on-one emotional guidance and helping students set goals. The cap is $23,760 for November 14, 2022 through May 25, 2023, and the board is approving it after the fact (ratifying it).","Student health, support & family services",new_agreement,Wellness Together,organization,Edna Brewer Middle School,expense,not_to_exceed,23760,,,,,true,2022-11-14,2023-05-25,after_work_began; previously_delayed,,,Adopted on the General Consent Report,2023-01-17,true,auto_ok,sonnet-agent,enrich.v3.md,true,
2023-01-17:22-2746,2023-01-17,2023-01-17,special,I.-20,46,general,Chief Academic Officer,22-2746,https://ousd.legistar.com/LegislationDetail.aspx?ID=57014&GUID=0ECC8188-0D71-400F-AFD4-B08E14DC7112,Services Agreement 2022-2023 - Radicle Root Collective LLC - English Language Learner and Multilingual Achievement Department,"Ratification by the Board of Education of a Services Agreement 2022-2023 by and between the District and Radicle Root Collective LLC, Oakland, CA, for the latter to provide a facilitator of a 4-hour retreat, in Sonoma, CA, for staff of the District’s Newcomer Wellness Initiative, where participants will explore the concept of resiliency through a psychological, spiritual/energetic, and intergenerational lens; where participants throughout the day will engage in somatic exercises as well as have an opportunity to reflect in small and large groups, via English Language Learner and Multilingual Achievement Department, for the period of October 26, 2022 through October 27, 2022, in an amount not to exceed $3,700.00.",Agreement or Contract,Chief Academic Officer,007729,v-007729,Salesforce.org,"Ratifies up to $3,700 for Radicle Root Collective to lead a Newcomer Wellness staff retreat","Radicle Root Collective LLC of Oakland will facilitate a 4-hour retreat in Sonoma for staff of the district's Newcomer Wellness Initiative. Participants will explore resiliency through group reflection and body-based exercises. The cap is $3,700 for October 26 to 27, 2022, and the board is approving it after the fact (ratifying it).","Student health, support & family services",new_agreement,Radicle Root Collective LLC,organization,,expense,not_to_exceed,3700,,,,,true,2022-10-26,2022-10-27,after_work_began; previously_delayed,,,Adopted on the General Consent Report,2023-01-17,true,auto_ok,sonnet-agent,enrich.v3.md,true,
2023-01-17:22-2747,2023-01-17,2023-01-17,special,I.-21,47,general,Chief Academic Officer,22-2747,https://ousd.legistar.com/LegislationDetail.aspx?ID=57015&GUID=E304C0FE-67F8-4F77-8707-138552D58534,Services Agreement 2022-2023 - One on One Learning - Strategic Resource Planning Department,"Ratification by the Board of Education of a Services Agreement 2022-2023 by and between the District and One on One Learning, Miami, FL, for the latter to provide learning software licenses for up to 53 students, staff training on utilizing data and delivering targeted instruction, and ongoing teacher coaching and data analyses, via Strategic Resource Planning Department, for the period of October 1, 2022 through December 30, 2022, in an amount not to exceed $21,000.00.",Agreement or Contract,Chief Academic Officer,006832,v-006832,GEER Learning Loss Mitigation; ESSER ElemScdrySchlEmgcyRelief,"Ratifies up to $21,000 for One on One Learning software and coaching for up to 53 students","One on One Learning of Miami, FL will provide learning software licenses for up to 53 students, staff training on using data to deliver targeted instruction, and ongoing teacher coaching and data analysis. The cap is $21,000 for October 1 to December 30, 2022, and the board is approving it after the fact (ratifying it).",Classroom & academic programs,new_agreement,One on One Learning,organization,,expense,not_to_exceed,21000,,,,,true,2022-10-01,2022-12-30,after_work_began; previously_delayed,,,Adopted on the General Consent Report,2023-01-17,true,auto_ok,sonnet-agent,enrich.v3.md,true,
2023-01-17:22-2748,2023-01-17,2023-01-17,special,I.-22,48,general,Chief Academic Officer,22-2748,https://ousd.legistar.com/LegislationDetail.aspx?ID=57016&GUID=83834B61-F540-46A7-A9CB-4630664BE0C5,"Amendment No. 1, Services Agreement - Benjamin Knowles - English Language Learner and Multilingual Achievement Department","Ratification by the Board of Education of Amendment No. 1,  Services Agreement 2022-2023 by and between the District and Benjamin Knowles, Oakland, CA, for the latter to provide Supplemental Lesson Plan for designated ELD to support ELA grade 8, Module 2 and scope and sequence for ELA grade 8, Module 4, in the additional amount of $11,375.00, increasing the Agreement not to exceed amount from $5,500.00 to $16,875.00 and extending the term of Agreement from September 10, 2022 through October 31, 2022 to April 30, 2023. All other terms and conditions of the Agreement remain in full force and effect.",Agreement or Contract,Chief Academic Officer,007957,v-007957,Title Iii Lep Student Program,"Adds $11,375 to a contract for 8th grade English language lesson plans, extending it to April 2023","This amendment adds $11,375 to a services agreement with an Oakland contractor who is writing a supplemental lesson plan for designated English Language Development and a scope and sequence for 8th grade English Language Arts. It raises the cap from $5,500 to $16,875 and extends the end date from October 31, 2022 to April 30, 2023. The board is approving it after the fact (ratifying it).",Classroom & academic programs,amendment,Benjamin Knowles,individual,,expense,not_to_exceed,11375,,,5500,16875,true,2022-09-10,2023-04-30,after_work_began; raises_existing_contract; large_increase; previously_delayed,,,Adopted on the General Consent Report,2023-01-17,true,auto_ok,sonnet-agent,enrich.v3.md,true,
2023-01-17:22-2753,2023-01-17,2023-01-17,special,I.-23,49,general,Chief Academic Officer,22-2753,https://ousd.legistar.com/LegislationDetail.aspx?ID=57021&GUID=01B563CA-A27E-40C8-8442-FF926941CB11,"Services Agreement 2022-2023 - No Cost - Our Own Non Profit, Inc. - McClymonds High School","Ratification by the Board of Education of a Services Agreement 2022-2023 - No Cost by and between the District and Our Own Non-Profit, Inc., Long Beach, CA, for the latter to establish an Esports & STEAM modernized classroom, with a focus on modern aesthetics, featuring PC & console-based system stations along with stations for mobile application development and digital content creation, with anticipated outcomes stated, at McClymonds High School, for the period of November 4, 2022 through June 30, 2023, at no cost to the District.",Agreement or Contract,Chief Academic Officer,008131,v-008131,No Fiscal Impact,Ratifies a no-cost agreement with Our Own Non-Profit to set up an Esports classroom at McClymonds,"Our Own Non-Profit, Inc. of Long Beach will establish an Esports and STEAM classroom at McClymonds High School, with computer and console stations plus stations for mobile app development and digital content creation. It runs November 4, 2022 through June 30, 2023 at no cost to the district, and the board is approving it after the fact (ratifying it).",Classroom & academic programs,new_agreement,"Our Own Non-Profit, Inc.",organization,McClymonds High School,no_cost,,,,,,,true,2022-11-04,2023-06-30,after_work_began; previously_delayed,,,Adopted on the General Consent Report,2023-01-17,true,auto_ok,sonnet-agent,enrich.v3.md,true,
2023-01-17:22-2757,2023-01-17,2023-01-17,special,I.-24,50,general,Chief Academic Officer,22-2757,https://ousd.legistar.com/LegislationDetail.aspx?ID=57025&GUID=FFE20EFE-9B7B-4BCE-B6DF-F7940B71307A,Services Agreement 2021-2022 - No Cost and Data Sharing Agreement 2022-2023 - Stanford University - Community Schools and Student Services Department,"Ratification by the Board of Education of a Services Agreement 2021-2022 - No Cost and a Data Sharing Agreement 2022-2023 by and between the District and the Board of Trustees of the Leland Stanford (“Stanford”) Junior University, Stanford, CA, for the latter, under the Services Agreement, to support Hattie Tate (OUSD) in training OUSD staff to implement a research-validated intervention for students returning to school from the juvenile justice system, and provide tools to do so; provide PowerPoint training modules, scripts for contacting stakeholders, email templates, informational flyers, and access to the online activity via a secure URL for the term November 29, 2022 through June 30, 2024 and under the Data Agreement the terms and conditions of District’s transmission of data to Stanford and the protection by Stanford of such data pursuant to the terms and conditions stated in latter Agreement for the term specified therein, each at no cost to the District.",Agreement or Contract,Chief Academic Officer,,n-stanford-university,No Fiscal Impact,Ratifies no-cost Stanford agreements for training on supporting students back from juvenile justice,"Stanford University will help train district staff to use a research-validated approach for students returning to school from the juvenile justice system, and will provide training modules, scripts, email templates, flyers and an online activity. A separate data sharing agreement covers what student data the district sends to Stanford and how Stanford must protect it. Both are at no cost to the district, run from November 29, 2022 through June 30, 2024, and the board is approving them after the fact (ratifying them).","Student health, support & family services",mou_or_data_sharing,Stanford University,organization,,no_cost,,,,,,,true,2022-11-29,2024-06-30,after_work_began; previously_delayed; multi_year,,,Adopted on the General Consent Report,2023-01-17,true,auto_ok,sonnet-agent,enrich.v3.md,true,
2023-01-17:22-2758,2023-01-17,2023-01-17,special,I.-25,51,general,Chief Academic Officer,22-2758,https://ousd.legistar.com/LegislationDetail.aspx?ID=57026&GUID=8D1FB947-754E-477C-B385-0F62654FD369,Services Agreement 2022-2023 - TransformCA - Community Schools and Student Services Department,"Ratification by the Board of Education of a Services Agreement 2022-2023 by and between the District and TransformCA, Oakland, CA, for the latter to implement the Safe Routes to School Program, promoting safe pedestrian and biking education, activities and events with the Scope of Work being: Champion recruitment and sustainability; Program Implementation for the """"Big Three Events: International Walk and Roll to School Day, Golden Sneaker Contest; Bike to School Day, and provide support to participating ASO schools and other activities; Affordable Housing Partnership for SRTS work; Play Lead Role in timely evaluation submissions on a quarterly basis, via Community Schools and Student Services Department, for the period of November 1, 2022 through June 30, 2023, in an amount not to exceed $49,027.99.",Agreement or Contract,Chief Academic Officer,004357,v-004357,Alam.cty.pub.health-health&wel,"Ratifies up to $49,027.99 for TransformCA to run the Safe Routes to School program","TransformCA of Oakland will run the Safe Routes to School program, which promotes safe walking and biking education and events, including International Walk and Roll to School Day, a Golden Sneaker Contest and Bike to School Day. It will also recruit champions, support participating schools, partner on affordable housing outreach and submit quarterly evaluations. The cap is $49,027.99 for November 1, 2022 through June 30, 2023, and the board is approving it after the fact (ratifying it).","Student health, support & family services",new_agreement,TransformCA,organization,,expense,not_to_exceed,49027.99,,,,,true,2022-11-01,2023-06-30,after_work_began; previously_delayed,,,Adopted on the General Consent Report,2023-01-17,true,auto_ok,sonnet-agent,enrich.v3.md,true,
2023-01-17:22-2759,2023-01-17,2023-01-17,special,I.-26,52,general,Chief Academic Officer,22-2759,https://ousd.legistar.com/LegislationDetail.aspx?ID=57027&GUID=E5443C6E-25B1-4C5C-B986-8A8998ADA569,"Amendment No. 1, Services Agreement 2022-2023 - HERO - Highland Community School","Approval by the Board of Education of Amendment No. 1, Services Agreement 2022-2023 by and between the District and HERO, Oakland, CA, for the latter to implement organized recess games and activity sessions, offered to upper grade students five days a week, with students involved in interactive cooperative activities that will include conflict management, safety, inclusion, responsibility, and fair play,  for the period of August 29, 2022 through May 25, 2023, in the additional amount of $13,000.00, increasing the Agreement not to exceed amount from $38,000.00 to $51,000.00 at Highland Community School.  All other terms and conditions of the Agreement remain in full force and effect.",Agreement or Contract,Chief Academic Officer,002055,v-002055,ESSER CA Comm School Partner,"Adds $13,000 to HERO's recess games contract at Highland Community School, now $51,000","This amendment adds $13,000 to the agreement with HERO of Oakland, raising the cap from $38,000 to $51,000. HERO runs organized recess games and activities five days a week for upper grade students at Highland Community School, teaching conflict management, safety, inclusion and fair play. The term stays August 29, 2022 through May 25, 2023, which began before this vote.","Student health, support & family services",amendment,HERO,organization,Highland Community School,expense,not_to_exceed,13000,,,38000,51000,true,2022-08-29,2023-05-25,raises_existing_contract; previously_delayed,,,Adopted on the General Consent Report,2023-01-17,true,auto_ok,sonnet-agent,enrich.v3.md,true,
2023-01-17:22-2773,2023-01-17,2023-01-17,special,I.-27,53,general,Chief Academic Officer,22-2773,https://ousd.legistar.com/LegislationDetail.aspx?ID=57041&GUID=E67EB19F-053F-4745-A64D-7D6F4BFB0E49,Services Agreement 2022-2023 - Mind Growers - High School Linked Learning Department,"Ratification by the Board of Education of a Services Agreement 2022-2023 by and between the District and Mind Growers, Claremont, CA, for the latter to provide a facilitator to enable an in-person training from 8:30 AM to 3:30 PM once a month over the span of five months, meeting objectives of the Adaptive Schools Foundation Seminar, to produce self-directed persons who are complex thinkers, inquirers, and collaborators, via the High School Linked Learning Department, for the period of August 1, 2022 through December 31, 2022, in an amount not to exceed $18,000.00.",Agreement or Contract,Chief Academic Officer,007657,v-007657,K12 Strong Workforce Grant,"Ratifies up to $18,000 for Mind Growers to lead monthly Adaptive Schools training","Mind Growers of Claremont will provide a facilitator for in-person training once a month for five months, covering the Adaptive Schools Foundation Seminar, through the High School Linked Learning Department. The cap is $18,000 for August 1 to December 31, 2022, and the board is approving it after the fact (ratifying it).",Classroom & academic programs,new_agreement,Mind Growers,organization,,expense,not_to_exceed,18000,,,,,true,2022-08-01,2022-12-31,after_work_began; previously_delayed,,,Adopted on the General Consent Report,2023-01-17,true,auto_ok,sonnet-agent,enrich.v3.md,true,
2023-01-17:22-2788,2023-01-17,2023-01-17,special,I.-28,54,general,Chief Academic Officer,22-2788,https://ousd.legistar.com/LegislationDetail.aspx?ID=57056&GUID=5A05E45F-7043-4C8B-B543-65A8792A3BB5,Services Agreement 2022-2023 - Zymbolic LLC - Oakland Technical High School,"Ratification by the Board of Education of a Services Agreement 2022-2023 by and between the District and Zymbolic LLC, Oakland, CA, for the latter to provide programmatic, community-wide Transformative SEL support to educators and students, blend exciting SEL lessons with high-energy games, Restorative Justice community-building circles, and interactive role-playing activities, as described in Exhibit A, at Oakland Technical High School, for the period of November 1, 2022 through May 31, 2023, in an amount not to exceed $8,400.00.",Agreement or Contract,Chief Academic Officer,007679,v-007679,Educator Effectiveness,"Ratifies up to $8,400 for Zymbolic to provide social-emotional learning support at Oakland Tech","Zymbolic LLC of Oakland will provide community-wide social-emotional learning (SEL) support to educators and students at Oakland Technical High School, using SEL lessons, games, restorative justice community circles and role-playing. The cap is $8,400 for November 1, 2022 through May 31, 2023, and the board is approving it after the fact (ratifying it).","Student health, support & family services",new_agreement,Zymbolic LLC,organization,Oakland Technical High School,expense,not_to_exceed,8400,,,,,true,2022-11-01,2023-05-31,after_work_began; previously_delayed,,,Adopted on the General Consent Report,2023-01-17,true,auto_ok,sonnet-agent,enrich.v3.md,true,
2023-01-17:22-2795,2023-01-17,2023-01-17,special,I.-29,55,general,Chief Academic Officer,22-2795,https://ousd.legistar.com/LegislationDetail.aspx?ID=57063&GUID=0187AF49-519B-49BF-A115-7CDE1D0B9B9F,Services Agreement 2022-2023 - Kendell Hunt Publishers - Academics and Instruction Department,"Ratification by the Board of Education of a Services Agreement 2022-2023 by and between the District and Kendall Hunt Publishers, Dubuque, IA, for the latter to provide IM Certified Professional Learning sessions to support teachers with the implementation of adopted math curriculum for grades 6-12, via Academics and Instruction Department, for the period of October 1, 2022 through June 30, 2023, in an amount not to exceed $5,000.00.",Agreement or Contract,Chief Academic Officer,002389,v-002389,California Education Partners,"Ratifies up to $5,000 for Kendall Hunt to train teachers on the grades 6-12 math curriculum","Kendall Hunt Publishers of Dubuque, IA will run certified professional learning sessions to help teachers use the district's adopted math curriculum in grades 6-12. The cap is $5,000 for October 1, 2022 through June 30, 2023, and the board is approving it after the fact (ratifying it).",Classroom & academic programs,new_agreement,Kendall Hunt Publishers,organization,,expense,not_to_exceed,5000,,,,,true,2022-10-01,2023-06-30,after_work_began; previously_delayed,,,Adopted on the General Consent Report,2023-01-17,true,auto_ok,sonnet-agent,enrich.v3.md,true,
2023-01-17:22-2796,2023-01-17,2023-01-17,special,I.-30,56,general,Chief Academic Officer,22-2796,https://ousd.legistar.com/LegislationDetail.aspx?ID=57064&GUID=F40F8F05-0C82-492B-B81C-03A1263704BF,Services Agreement 2022-2023 - Rigorous Love - LIFE Academy,"Ratification by the Board of Education of a Services Agreement 2022-2023 by and between the District and Rigorous Love, Oakland, CA, for the latter to offer nine workshops/trainings to all staff and parents about building an anti-racist school community for LIFE Academy, for the period of January 3, 2023 through January 31, 2023, in an amount not to exceed $6,000.00.",Agreement or Contract,Chief Academic Officer,007089,v-007089,Unrestricted Supplemental,"Ratifies up to $6,000 for Rigorous Love to lead anti-racism workshops at LIFE Academy","Rigorous Love of Oakland will offer nine workshops or trainings for all staff and parents at LIFE Academy about building an anti-racist school community. The cap is $6,000 for January 3 to January 31, 2023, and the board is approving it after the fact (ratifying it).","Student health, support & family services",new_agreement,Rigorous Love,organization,LIFE Academy,expense,not_to_exceed,6000,,,,,true,2023-01-03,2023-01-31,after_work_began; previously_delayed,,,Adopted on the General Consent Report,2023-01-17,true,auto_ok,sonnet-agent,enrich.v3.md,true,
2023-01-17:22-2797,2023-01-17,2023-01-17,special,I.-31,57,general,Chief Academic Officer,22-2797,https://ousd.legistar.com/LegislationDetail.aspx?ID=57065&GUID=B269642A-A572-4CA7-B56C-B61FA19AF145,Services Agreement 2022-2023 - Tierra Knight - West Oakland Middle School,"Ratification by the Board of Education of a Services Agreement 2022-2023 by and between the District and Tierra Knight, San Leandro, CA, for the latter to serve as a culture keeper and facilitator for African American girls' groups; work each day, from 9-4, and addresses student issues, conduct mediations, holds in-house suspensions, supervises lunchtime activities, and supports new teachers with their classroom management at West Oakland Middle School, for the period of September 27, 2022 through May 31, 2023, in an amount not to exceed $48,000.00.",Agreement or Contract,Chief Academic Officer,006141,v-006141,Measure G1 Parcel Tax,"Pays a culture keeper up to $48,000 to support students at West Oakland Middle School","The district hired an individual to serve as a culture keeper and facilitator for African American girls' groups at West Oakland Middle School. The role covers daily student support, mediations, in-house suspensions, lunchtime supervision and help for new teachers with classroom management. The work ran from September 27, 2022 through May 31, 2023, and the board is approving the agreement after the work began.","Student health, support & family services",new_agreement,Tierra Knight,individual,West Oakland Middle School,expense,not_to_exceed,48000,,,,,true,2022-09-27,2023-05-31,after_work_began; previously_delayed,,,Adopted on the General Consent Report,2023-01-17,true,auto_ok,sonnet-agent,enrich.v3.md,true,
2023-01-17:22-2798,2023-01-17,2023-01-17,special,I.-32,58,general,Chief Academic Officer,22-2798,https://ousd.legistar.com/LegislationDetail.aspx?ID=57066&GUID=F6868D30-132C-4206-8589-AC979B52CE84,"Services Agreement 2022-2023 - Attitudinal Healing Connection, Inc - Allendale Elementary School","Ratification by the Board of Education of a Services Agreement 2022-2023 by and between the District and Attitudinal Healing Connection, Inc, Oakland, CA, for the latter to provide  ArtEsteem Visual Arts programming for the 2022-2023 school year and after-school visual arts classes for the 2022-2023 school year, each, as described in Exhibit A, incorporated herein by reference as though fully set forth, at Allendale Elementary School, for the period of November 14, 2022 through May 25, 2023, in an amount not to exceed $23,750.00.",Agreement or Contract,Chief Academic Officer,000532,v-000532,Measure G Parcel Tax,"Pays Attitudinal Healing Connection up to $23,750 for visual arts programs at Allendale Elementary","Attitudinal Healing Connection will provide ArtEsteem visual arts programming and after-school visual arts classes at Allendale Elementary School. The agreement runs from November 14, 2022 through May 25, 2023. The board is approving it after the work began.",Classroom & academic programs,new_agreement,"Attitudinal Healing Connection, Inc",organization,Allendale Elementary School,expense,not_to_exceed,23750,,,,,true,2022-11-14,2023-05-25,after_work_began; previously_delayed,,,Adopted on the General Consent Report,2023-01-17,true,auto_ok,sonnet-agent,enrich.v3.md,true,
2023-01-17:22-2799,2023-01-17,2023-01-17,special,I.-33,59,general,Chief Academic Officer,22-2799,https://ousd.legistar.com/LegislationDetail.aspx?ID=57067&GUID=8837D5F7-0B3B-4ABB-95FE-6B85ACC1713E,Services Agreement 2022-2023 - Carter/Kelly Consulting/Lifepoint - Dewey Academy,"Ratification by the Board of Education of a Services Agreement 2022-2023 by and between the District and Carter-Kelly Consulting/Lifepoint, Oakland, CA, for the latter to provide 65 hours of services to students as they engage more fully in the instructional and extra-curricular programs of the school to successfully achieve the state standards in core courses and electives to meet the graduation requirements; assist students in overcoming barriers that interfere with the accomplishment of these objectives and experience both academic and socio-emotional development as described in the school’s Schoolwide Learner Outcomes; and to serve as the Student Success Team Coordinator for Dewey Academy, for the period of December 1, 2022 through May 26, 2023, in an amount not to exceed $7,000.00.",Agreement or Contract,Chief Academic Officer,000972,v-000972,T Iv 21st Century Com Learning,"Pays Carter-Kelly Consulting/Lifepoint up to $7,000 to coordinate student support at Dewey Academy","The vendor will provide 65 hours of services to help Dewey Academy students meet graduation requirements and overcome barriers to learning. It will also serve as the Student Success Team Coordinator for the school. The agreement runs from December 1, 2022 through May 26, 2023, and the board is approving it after the work began.","Student health, support & family services",new_agreement,Carter-Kelly Consulting/Lifepoint,organization,Dewey Academy,expense,not_to_exceed,7000,,,,,true,2022-12-01,2023-05-26,after_work_began; previously_delayed,,,Adopted on the General Consent Report,2023-01-17,true,auto_ok,sonnet-agent,enrich.v3.md,true,
2023-01-17:22-2804,2023-01-17,2023-01-17,special,I.-34,60,general,Chief Academic Officer,22-2804,https://ousd.legistar.com/LegislationDetail.aspx?ID=57072&GUID=D45C50D6-4A76-4467-9344-79193571D0A4,Services Agreement 2022-2023 - No Cost - My Other Brother - Castlemont High School,"Ratification by the Board of Education of a Services Agreement 2022-2023 - No Cost by and between the District and My Other Brother, Oakland, CA, for the latter to work with teachers and staff to convene weekly individual and group meetings to provide academic and social-emotional support for participating students, providing cultural programming, tutoring support and lead after school program study hall for Football programming to facilitate leadership development, life Skills, and research (Youth Participatory Action Research) opportunities for school’s  youth; establish support systems, a culturally affirming space, and sense of community among students to aid in their retention, personal/identity, and leadership development at Castlemont High School, for the period of September 1, 2022 through June 30, 2023, at no cost to the District.",Agreement or Contract,Chief Academic Officer,008018,v-008018,No Fiscal Impact,Accepts no-cost support from My Other Brother for students at Castlemont High School,"My Other Brother will work with teachers and staff at Castlemont High School to hold weekly individual and group meetings, tutoring, and a study hall for football players. The program also offers leadership development, life skills and youth research opportunities. It runs from September 1, 2022 through June 30, 2023 at no cost to the district, and the board is approving it after the work began.","Student health, support & family services",new_agreement,My Other Brother,organization,Castlemont High School,no_cost,,,,,,,true,2022-09-01,2023-06-30,after_work_began; previously_delayed,,,Adopted on the General Consent Report,2023-01-17,true,auto_ok,sonnet-agent,enrich.v3.md,true,
2023-01-17:22-2806,2023-01-17,2023-01-17,special,I.-35,61,general,Chief Academic Officer,22-2806,https://ousd.legistar.com/LegislationDetail.aspx?ID=57074&GUID=EE66AC9A-2C70-40A4-8CB3-CE4287A719A4,Services Agreement 2022-2023 - My Other Brother - Hoover Elementary School,"Ratification by the Board of Education of a Services Agreement 2022-2023 by and between the District and My Other Brother, Oakland, CA, for the latter to serve 4th and 5th grade black male students: meet after school on Mondays and Wednesdays to do community building activities, receive workshops on topics related to identity and leadership, and work on a youth participatory action research project; and participate in intergroup dialogues and present their work to their peers and classmates at Hoover Elementary School, for the period of November 1, 2022 through May 25, 2023, in an amount not to exceed $20,000.00.",Agreement or Contract,Chief Academic Officer,008018,v-008018,CCSPP Implementation Grant,"Pays My Other Brother up to $20,000 for after-school program for Black boys at Hoover Elementary","My Other Brother will serve 4th and 5th grade Black male students at Hoover Elementary School, meeting after school on Mondays and Wednesdays. Students will do community building, attend workshops on identity and leadership, and work on a youth research project. The agreement runs from November 1, 2022 through May 25, 2023, and the board is approving it after the work began.","Student health, support & family services",new_agreement,My Other Brother,organization,Hoover Elementary School,expense,not_to_exceed,20000,,,,,true,2022-11-01,2023-05-25,after_work_began; previously_delayed,,,Adopted on the General Consent Report,2023-01-17,true,auto_ok,sonnet-agent,enrich.v3.md,true,
2023-01-17:22-2807,2023-01-17,2023-01-17,special,I.-36,62,general,Chief Academic Officer,22-2807,https://ousd.legistar.com/LegislationDetail.aspx?ID=57075&GUID=84EDF889-9313-4B4A-94F8-F87F00245D20,Services Agreement 2022-2023 - No Cost - My Other Brother - Dewey Academy,"Ratification by the Board of Education of a Services Agreement 2022-2023 - No Cost by and between the District and My Other Brother, Oakland, CA, for the latter to provide college black men and women to mentor underrepresented black youth in K-12 within the District, in particular the mentorship, workshops and cultural dialogue sessions will support the strengthening of the pipeline to college for K- 12 black youth and increase a sense of belonging and personal, academic, cultural identity development and professional development of District  youth at Dewey Academy, for the period of October 3, 2022 through May 25, 2023, at no cost to the District.",Agreement or Contract,Chief Academic Officer,008018,v-008018,No Fiscal Impact,Accepts no-cost college mentoring for Black youth from My Other Brother at Dewey Academy,"My Other Brother will bring college students to mentor underrepresented Black youth. Mentoring, workshops and cultural dialogue sessions aim to strengthen the path to college for K-12 students, including those at Dewey Academy. It runs from October 3, 2022 through May 25, 2023 at no cost to the district, and the board is approving it after the work began.",Classroom & academic programs,new_agreement,My Other Brother,organization,Dewey Academy,no_cost,,,,,,,true,2022-10-03,2023-05-25,after_work_began; previously_delayed,,,Adopted on the General Consent Report,2023-01-17,true,auto_ok,sonnet-agent,enrich.v3.md,true,
2023-01-17:22-2808,2023-01-17,2023-01-17,special,I.-37,63,general,Chief Academic Officer,22-2808,https://ousd.legistar.com/LegislationDetail.aspx?ID=57076&GUID=EAF97F6C-D523-4529-A427-C21DE986B20D,Services Agreement 2022-2023 - Junior Center of Art and Science - Emerson Elementary School,"Ratification by the Board of Education of a Services Agreement 2022-2023 by and between the District and Junior Center of Art and Science, Oakland, CA, for the latter to introduce students to a diverse sampling of Contemporary Artists and works; grounding the program in Contemporary Arts allowing students to learn about Visual Representation, Art History, how artists give voice and life to big ideas that affect themselves and their communities, as described in Exhibit A, incorporated herein by reference as though fully set forth, at Emerson Elementary School, for the period of September 12, 2022 through May 25, 2023, in an amount not to exceed $23,100.00.",Agreement or Contract,Chief Academic Officer,002345,v-002345,Measure G Parcel Tax,"Pays Junior Center of Art and Science up to $23,100 for contemporary art lessons at Emerson Elementary","The Junior Center of Art and Science will introduce Emerson Elementary students to contemporary artists and their work. Lessons cover visual representation, art history and how artists express ideas that affect their communities. The agreement runs from September 12, 2022 through May 25, 2023, and the board is approving it after the work began.",Classroom & academic programs,new_agreement,Junior Center of Art and Science,organization,Emerson Elementary School,expense,not_to_exceed,23100,,,,,true,2022-09-12,2023-05-25,after_work_began; previously_delayed,,,Adopted on the General Consent Report,2023-01-17,true,auto_ok,sonnet-agent,enrich.v3.md,true,
2023-01-17:22-2809,2023-01-17,2023-01-17,special,I.-38,64,general,Chief Academic Officer,22-2809,https://ousd.legistar.com/LegislationDetail.aspx?ID=57077&GUID=128DA15D-51DF-45E9-ACFD-A56845ECA021,"Amendment No. 1, Services Agreement 2022-2023 - Rona Zollinger - Linked Learning Department","Approval by the Board of Education of Amendment No. 1, Services Agreement  2022-2023 by and between the District and Rona Zollinger, Martinez, CA, for the latter to improve the performance of the K14 Career Technical Education (CTE)  Program between the District and Peralta Community College District as measured by the CTEIG, K-12 SWP Metrics, and guided by the K14 Pathway Quality Rubric, by providing direct support to, linking, and aligning program efforts funded by CTEIG, K-12 SWP, and Community College SWP investments in the service area; through drawing attention to and engagement with labor market and program performance information and the region’s workforce development plan; and through coordination with other regional key talents, in an additional amount of $73,750.00, increasing the not to exceed amount of the Agreement from $51,250.00 to $125,000.00, and extending the Agreement term from August 01, 2022 through December 31, 2022 to June 30, 2023. All other terms and conditions of the Agreement remain in full force and effect.",Agreement or Contract,Chief Academic Officer,007875,v-007875,K12 Strong Workforce Grant,"Adds $73,750 and extends a consultant's contract to $125,000 to support career technical education","This amendment adds $73,750 to an agreement with an individual consultant who works to improve the district's career technical education program with Peralta Community College District. It raises the contract limit from $51,250 to $125,000 and extends the end date from December 31, 2022 to June 30, 2023. The consultant links and aligns programs funded by state career and workforce grants.",Classroom & academic programs,amendment,Rona Zollinger,individual,,expense,not_to_exceed,73750,,,51250,125000,true,2022-08-01,2023-06-30,after_work_began; raises_existing_contract; large_increase; previously_delayed,,,Adopted on the General Consent Report,2023-01-17,true,auto_ok,sonnet-agent,enrich.v3.md,true,
2023-01-17:22-2810,2023-01-17,2023-01-17,special,I.-39,65,general,Chief Academic Officer,22-2810,https://ousd.legistar.com/LegislationDetail.aspx?ID=57078&GUID=F7A3344B-C42B-4EB7-BD2D-561D601BD6D5,"Services Agreement 2022-2023 - Attitudinal Healing Connection, Inc - Bret Harte Middle School","Ratification by the Board of Education of a Services Agreement 2022-2023 by and between the District and Attitudinal Healing Connection, Inc, Oakland, CA, for the latter to provide a consultant to work collaboratively to share with and educate students, families, and staff about the services provided by both the partner agency and the school site through school meetings, events, school site plan, and site-based and partner agency marketing materials; meet regularly to drive collaborative, site-based planning, alignment, implementation, and evaluation structures to ensure success of the Art Incentive Grant (AIG) 2025 Program, with school providing a certified teacher in the classroom during any classroom instruction at Bret Harte Middle School, for the period of October 10, 2022 through May 31, 2023, in an amount not to exceed $25,000.00.",Agreement or Contract,Chief Academic Officer,000532,v-000532,Measure G Parcel Tax,"Pays Attitudinal Healing Connection up to $25,000 for arts program coordination at Bret Harte Middle","Attitudinal Healing Connection will provide a consultant to work with Bret Harte Middle School on planning and outreach to students, families and staff about the partnership. The work supports the school's Art Incentive Grant (AIG) 2025 program. The agreement runs from October 10, 2022 through May 31, 2023, and the board is approving it after the work began.",Classroom & academic programs,new_agreement,"Attitudinal Healing Connection, Inc",organization,Bret Harte Middle School,expense,not_to_exceed,25000,,,,,true,2022-10-10,2023-05-31,after_work_began; previously_delayed,,,Adopted on the General Consent Report,2023-01-17,true,auto_ok,sonnet-agent,enrich.v3.md,true,
2023-01-17:22-2811,2023-01-17,2023-01-17,special,I.-40,66,general,Chief Academic Officer,22-2811,https://ousd.legistar.com/LegislationDetail.aspx?ID=57079&GUID=017AAE53-917B-447A-949E-A2796BD46894,Services Agreement 2022-2023 - Bay Area Community Resources - Oakland International High School,"Approval by the Board of Education of a Services Agreement 2022-2023 by and between the District and Bay Area Community Resources, San Rafael, CA, for the latter to provide six AmeriCorps staff who will support instruction and learning in classes, the after school program and throughout the school … at Oakland International High School, for the period of November 1, 2022 through May 25, 2023, in an amount not to exceed $85,200.00.",Agreement or Contract,Chief Academic Officer,000624,v-000624,"International Network for Publication, Association for Continuing Education (ACE)","Pays Bay Area Community Resources up to $85,200 for six AmeriCorps staff at Oakland International High","Bay Area Community Resources will provide six AmeriCorps staff to support instruction and learning in classes, the after-school program and across Oakland International High School. The agreement runs from November 1, 2022 through May 25, 2023.",Classroom & academic programs,new_agreement,Bay Area Community Resources,organization,Oakland International High School,expense,not_to_exceed,85200,,,,,true,2022-11-01,2023-05-25,after_work_began; previously_delayed,,,Adopted on the General Consent Report,2023-01-17,true,auto_ok,sonnet-agent,enrich.v3.md,true,
2023-01-17:22-2812,2023-01-17,2023-01-17,special,I.-41,67,general,Chief Academic Officer,22-2812,https://ousd.legistar.com/LegislationDetail.aspx?ID=57080&GUID=F5670A63-B23B-4C57-ACD4-ACD877386DF5,"Amendment No. 1, Services Agreement 2022-2023 - Bay Area Community Resources - Office of Equity","Approval by the Board of Education of Amendment No. 1, Services Agreement 2022-2023 by and between the District and Bay Area Community Resources, San Rafael, CA, for the latter to provide additional student safety intervention specialist and student social emotional support and case management for Non-newcomer students impacted by COVID- 19 school closures, for the period of August 15, 2022 through May 26, 2023, in the additional amount of $120,000.00, increasing the Agreement not to exceed amount from $60,000.00 to $180,000.00.  All other terms and conditions of the Agreement remain in full force and effect.",Agreement or Contract,Chief Academic Officer,000624,v-000624,ESSER II,"Adds $120,000 to Bay Area Community Resources' contract for student safety and support, now $180,000","This amendment adds $120,000 and raises the contract limit from $60,000 to $180,000. The extra money pays for a student safety intervention specialist and social-emotional support and case management for students who are not newcomers and were affected by COVID-19 school closures. The service period is August 15, 2022 through May 26, 2023.","Student health, support & family services",amendment,Bay Area Community Resources,organization,,expense,not_to_exceed,120000,,,60000,180000,true,2022-08-15,2023-05-26,raises_existing_contract; large_increase; previously_delayed,,,Adopted on the General Consent Report,2023-01-17,true,auto_ok,sonnet-agent,enrich.v3.md,true,
2023-01-17:22-2813,2023-01-17,2023-01-17,special,I.-42,68,general,Chief Academic Officer,22-2813,https://ousd.legistar.com/LegislationDetail.aspx?ID=57081&GUID=D03E4C91-69C5-49E0-A76F-FAC919F912A3,Services Agreement 2022-2023 - SmoothSynsations - Oakland Tech High School,"Ratification by the Board of Education of a Services Agreement 2022-2023 by and between the District and SmoothSynsations, Oakland, CA, for the latter to provide Fashion Industry Mentor” (Consultant) to assist in Career Technical Education for Introduction to Fashion Design, Fashion Design History and Fashion Marketing courses by developing the piloting for a business incubator or Student Based Enterprise (SBE) and developing projects for students, with high-speed electronic and technological fashion industry equipment (Epson Sure color Dye Sublimation Printer, Brother Scan and Cutter, Juki 8 Needle Computerized Embroidery, Autograph Wall and Canvas Reproduction Projector, Schacht Textile Floor Loom) mixed medium production and more, via the Fashion Academy at Oakland Technical High School, for the period of September 1, 2022 through June 30, 2023, in an amount not to exceed $21,600.00.",Agreement or Contract,Chief Academic Officer,007633,v-007633,Riverside Community College,"Pays SmoothSynsations up to $21,600 to mentor fashion design students at Oakland Tech","SmoothSynsations will serve as a fashion industry mentor for career technical education courses in fashion design, history and marketing at Oakland Technical High School's Fashion Academy. The work includes developing a pilot business incubator or student-run enterprise and projects using professional fashion equipment. The agreement runs from September 1, 2022 through June 30, 2023, and the board is approving it after the work began.",Classroom & academic programs,new_agreement,SmoothSynsations,organization,Oakland Technical High School,expense,not_to_exceed,21600,,,,,true,2022-09-01,2023-06-30,after_work_began; previously_delayed,,,Adopted on the General Consent Report,2023-01-17,true,auto_ok,sonnet-agent,enrich.v3.md,true,
2023-01-17:22-2815,2023-01-17,2023-01-17,special,I.-43,69,general,Chief Academic Officer,22-2815,https://ousd.legistar.com/LegislationDetail.aspx?ID=57083&GUID=F48BB800-9A7A-4E1B-B5DE-9BDEB5FB8D73,"Services Agreement 2022-2023 - Tandem, Partners in Early Learning - Early Childhood Development Department","Approval by the Board of Education of a Services Agreement 2022-2023 by and between the District and Tandem, Partners in  Early Learning, San Francisco, CA, for the latter to provide workshops for families and educators on trauma-informed practices and social emotional development; access to a collection of high-quality, multicultural, multilingual age-appropriate books and book-sharing materials through the StoryCycles program, Access to Tandem’s online events: monthly trilingual (English, Spanish, Cantonese) workshops for educators and Read Aloud for families and classrooms, and Ongoing implementation support for educators through phone and email including access to online tools and videos to support child development and family engagement efforts, via Early Childhood Development Department, for the period of November 14, 2022 through June 30, 2023, in an amount not to exceed $150,000.00.",Agreement or Contract,Chief Academic Officer,004184,v-004184,American Rescue Plan Act IX,"Pays Tandem, Partners in Early Learning up to $150,000 for family and educator workshops and books","Tandem will provide workshops for families and educators on trauma-informed practices and social-emotional development. It will also provide multicultural, multilingual children's books through its StoryCycles program, online events in English, Spanish and Cantonese, and ongoing support for educators. The work is through the Early Childhood Development Department from November 14, 2022 through June 30, 2023.","Student health, support & family services",new_agreement,"Tandem, Partners in Early Learning",organization,,expense,not_to_exceed,150000,,,,,true,2022-11-14,2023-06-30,after_work_began; previously_delayed,,,Adopted on the General Consent Report,2023-01-17,true,auto_ok,sonnet-agent,enrich.v3.md,true,
2023-01-17:22-2816,2023-01-17,2023-01-17,special,I.-44,70,general,Chief Academic Officer,22-2816,https://ousd.legistar.com/LegislationDetail.aspx?ID=57084&GUID=4E378E39-9F96-4115-93A6-9906E159D7A9,Services Agreement 2022-2023 - The Speech Pathology Group dba SPG Therapy & Education - Community Schools and Student Services Department,"Ratification by the Board of Education of a Services Agreement 2022-2023 by and between the District and The Speech Pathology Group dba SPG Therapy & Education, Walnut Creek, CA, for the latter to  provide monthly professional development to expanded learning program staff for elementary, middle, and high school programs, as described in Exhibit A of Agreement, incorporated herein by reference as though fully set forth, via the Community Schools and Student Services Department, for the period of January 3, 2023 through June 30, 2023 in an amount not to exceed $90,514.00.",Agreement or Contract,Chief Academic Officer,004031,v-004031,Expanded Learning Opportunities Program,"Pays SPG Therapy & Education up to $90,514 for monthly training of after-school program staff","The Speech Pathology Group, doing business as SPG Therapy & Education, will provide monthly professional development to staff in the district's expanded learning (after-school) programs at elementary, middle and high schools. The agreement runs from January 3, 2023 through June 30, 2023, and the board is approving it after the work began.",After-school & summer programs,new_agreement,The Speech Pathology Group dba SPG Therapy & Education,organization,,expense,not_to_exceed,90514,,,,,true,2023-01-03,2023-06-30,after_work_began; previously_delayed,,,Adopted on the General Consent Report,2023-01-17,true,auto_ok,sonnet-agent,enrich.v3.md,true,
2023-01-17:22-2817,2023-01-17,2023-01-17,special,I.-45,71,general,Chief Academic Officer,22-2817,https://ousd.legistar.com/LegislationDetail.aspx?ID=57085&GUID=1FCBCC6F-B50B-4510-A989-056642337266,Services Agreement 2022-2023 - Thescorecard - Community Schools and Student Services Department,"Ratification by the Board of Education of a Services Agreement 2022-2023 by and between the District and Thescorecard, Roseville, CA, for the latter to Project Manage: by researching and coordinating the “scaling convening of the Expanded Learning Opportunity Plan (aka ELOP)” by working with the Expanded Learning office, Grove Consultant, and other stakeholders--like district department and leadership, expanded learning lead agency, and other CBOs, to name a few to understand, embrace, and prepare for a large-scale increase in Expanded Learning in OUSD;  Convene regular meetings with the Expanded Learning (ExL) Office team and, at times, in conjunction with Grove Consultant International to ensure the project meets necessary deliverables and timelines Communication; be responsible for managing regular communication between the various stakeholders--e.g., Within the ExL Office, intra-district, and external partners of the project to advance the moment of the project; and Management of Projects; manage, In partnership with the ExL team, various projects of the “scaling of ELOP” to meet critical deadlines, deliverables, and other tasks required, via Community Schools and Student Services Department, for the period of December 1, 2022 through June 30, 2023, in an amount not to exceed $84,000.00.",Agreement or Contract,Chief Academic Officer,008155,v-008155,Expanded Learning Opp Programs,"Pays Thescorecard up to $84,000 to manage the expansion of after-school programs","Thescorecard will act as project manager for scaling up the Expanded Learning Opportunity Plan (ELOP), the district's large increase in after-school and summer learning. It will coordinate meetings with the Expanded Learning office, a consultant and community partners, and manage communication and deadlines. The agreement runs from December 1, 2022 through June 30, 2023, and the board is approving it after the work began.",After-school & summer programs,new_agreement,Thescorecard,organization,,expense,not_to_exceed,84000,,,,,true,2022-12-01,2023-06-30,after_work_began; previously_delayed,,,Adopted on the General Consent Report,2023-01-17,true,auto_ok,sonnet-agent,enrich.v3.md,true,
2023-01-17:22-2873,2023-01-17,2023-01-17,special,I.-46,72,general,Chief Academic Officer,22-2873,https://ousd.legistar.com/LegislationDetail.aspx?ID=57141&GUID=09CA296E-425D-4011-9449-E297A9E92665,Services Agreement 2022-2023 - Yvonne Salvador - Sojourner Truth Independent Study,"Ratification by the Board of Education of a Services Agreement 2022-2023 by and between the District and Yvonne Salvador, Tracy, CA, for the latter to provide instructional support that centers around the technology skills for the Technology Pathway, assist with increasing student participation with monthly work-based learning opportunities, and schedule student meetings for internship/job readiness, e-portfolio completion, and technology career search; support students to acquire technology skills during technology elective course offerings on Wednesdays and core class technology integration Mondays, Tuesdays, Thursdays; and participate in bi-weekly Measure N team and College and Career readiness meetings to support pathway development at Sojourner Truth Independent Study Program, for the period of September 1, 2022 through December 1, 2022, in an amount not to exceed $21,704.32.",Agreement or Contract,Chief Academic Officer,006397,v-006397,Measure N,"Pays a technology instructor up to $21,704.32 at Sojourner Truth Independent Study","An individual contractor will provide instructional support for the Technology Pathway at Sojourner Truth Independent Study. Duties include teaching technology skills, helping students find work-based learning opportunities, and preparing them for internships and jobs. The agreement runs from September 1, 2022 through December 1, 2022, and the board is approving it after the work ended.",Classroom & academic programs,new_agreement,Yvonne Salvador,individual,Sojourner Truth Independent Study,expense,not_to_exceed,21704.32,,,,,true,2022-09-01,2022-12-01,after_work_began; previously_delayed,,,Adopted on the General Consent Report,2023-01-17,true,auto_ok,sonnet-agent,enrich.v3.md,true,
2023-01-17:22-2874,2023-01-17,2023-01-17,special,I.-47,73,general,Chief Academic Officer,22-2874,https://ousd.legistar.com/LegislationDetail.aspx?ID=57142&GUID=0C518607-6E52-428A-BCF4-4857DAF3F6F9,Services Agreement 2022-2023 - Global Seed - Linked Learning Department,"Ratification by the Board of Education of a Services Agreement 2022-2023 by and between the District and Global Seed, Oakland, CA, for the latter, with school staff, to coordinate the development and implementation of three distinct, civic client-based curricular projects in the 2022-23 academic year for each of the following high school linked learning pathways: Innovation Design Engineering Academy (IDEA) at Oakland High School; Law and Social Justice Academy (LSJ) at Oakland High School; and the Green Academy at Skyline High School, as described in Exhibit A of the Agreement, incorporated herein by reference as though fully set forth, via Linked Learning Department, for the period of August 1, 2022 through May 25, 2023, in an amount not to exceed $55,000.00.",Agreement or Contract,Chief Academic Officer,007459,v-007459,CTE Incentive Grant,"Pays Global Seed up to $55,000 to develop real-world projects for three high school career pathways","Global Seed will work with school staff to develop and carry out three civic, client-based class projects for each of three high school career pathways. The pathways are the engineering academy and the law and social justice academy at Oakland High School, and the Green Academy at Skyline High School. The agreement runs from August 1, 2022 through May 25, 2023, and the board is approving it after the work began.",Classroom & academic programs,new_agreement,Global Seed,organization,Oakland High School; Skyline High School,expense,not_to_exceed,55000,,,,,true,2022-08-01,2023-05-25,after_work_began; previously_delayed,,,Adopted on the General Consent Report,2023-01-17,true,auto_ok,sonnet-agent,enrich.v3.md,true,
2023-01-17:22-2876,2023-01-17,2023-01-17,special,I.-48,74,general,Chief Academic Officer,22-2876,https://ousd.legistar.com/LegislationDetail.aspx?ID=57144&GUID=FFA07775-3740-488B-A255-019BD9410784,Services Agreement 2022-2023 - Rigorous Love - LIFE Academy,"Ratification by the Board of Education of a Services Agreement 2022-2023 by and between the District and Rigorous Love, Oakland, CA, for the latter to offer 9 workshops/trainings to all staff about building an anti-racist school community and ensuring a trauma informed classroom for all students; and observe 20 teachers and give them coaching and feedback on their creation and support of anti-racist and trauma informed classroom spaces at LIFE Academy, for the period of January 9, 2023 through June 2, 2023, in an amount not to exceed $30,000.00.",Agreement or Contract,Chief Academic Officer,007089,v-007089,Salesforce.org,"Pays Rigorous Love up to $30,000 for anti-racist and trauma-informed teacher training at LIFE Academy","Rigorous Love will lead nine workshops for all LIFE Academy staff on building an anti-racist school community and trauma-informed classrooms. It will also observe 20 teachers and give them coaching and feedback. The agreement runs from January 9, 2023 through June 2, 2023, and the board is approving it after the work began.",Classroom & academic programs,new_agreement,Rigorous Love,organization,LIFE Academy,expense,not_to_exceed,30000,,,,,true,2023-01-09,2023-06-02,after_work_began; previously_delayed,,,Adopted on the General Consent Report,2023-01-17,true,auto_ok,sonnet-agent,enrich.v3.md,true,
2023-01-17:22-2886,2023-01-17,2023-01-17,special,I.-49,75,general,Chief Academic Officer,22-2886,https://ousd.legistar.com/LegislationDetail.aspx?ID=57154&GUID=D9B441AB-DB10-4EBB-BE6C-5D40F9B2EBBA,Services Agreement 2022-2023 - Jeff Zwiers LLC - English Language Learner and Multilingual Achievement Department,"Ratification by the Board of Education of a Services Agreement 2022-2023 by and between the District and Jeff Zwiers LLC, Truckee, CA, for the latter to support the creation of supplemental materials for designated English Language Development (ELD) curriculum, as descried in Exhibit A of Agreement, incorporated herein by reference as though fully set forth, via English Language Learner and Multilingual Achievement Department, for the period of November 15, 2022 through June 4, 2023, in an amount not to exceed $15,000.00.",Agreement or Contract,Chief Academic Officer,004766,v-004766,Title Iii Lep Student Program,"Pays Jeff Zwiers LLC up to $15,000 to help create English language development materials","Jeff Zwiers LLC will help create supplemental materials for the district's designated English Language Development curriculum, which serves students learning English. The work is through the English Language Learner and Multilingual Achievement Department from November 15, 2022 through June 4, 2023. The board is approving it after the work began.",Classroom & academic programs,new_agreement,Jeff Zwiers LLC,organization,,expense,not_to_exceed,15000,,,,,true,2022-11-15,2023-06-04,after_work_began; previously_delayed,,,Adopted on the General Consent Report,2023-01-17,true,auto_ok,sonnet-agent,enrich.v3.md,true,
2023-01-17:22-2911,2023-01-17,2023-01-17,special,I.-50,76,general,Chief Academic Officer,22-2911,https://ousd.legistar.com/LegislationDetail.aspx?ID=57179&GUID=03EFB136-A22B-447C-8CB1-566523F66488,"Nonpublic, Nonsectarian School/Agency Services Master Contract 2022-2023 – The Behavior Center, Therapeutic Pathways – Special Education Department","Approval by the Board of Education of a Nonpublic, Nonsectarian School/Agency Services Master Contract 2022-2023 by and between the District and The Behavior Center, Therapeutic Pathways, Modesto, CA, for the latter to provide Special Education services mandated per students Individualized Education Programs, for the period of July 1, 2022 through June 30, 2023, in an amount not to exceed $400,000.00.",Agreement or Contract,Chief Academic Officer,005113,v-005113,Special Education,"Approves up to $400,000 for The Behavior Center to provide special education services","This master contract with The Behavior Center, Therapeutic Pathways, a nonpublic, nonsectarian school or agency, covers special education services required by students' Individualized Education Programs. The contract runs from July 1, 2022 through June 30, 2023.",Special education,new_agreement,"The Behavior Center, Therapeutic Pathways",organization,,expense,not_to_exceed,400000,,,,,true,2022-07-01,2023-06-30,after_work_began; previously_delayed,,,Adopted on the General Consent Report,2023-01-17,true,auto_ok,sonnet-agent,enrich.v3.md,true,
2023-01-17:22-2912,2023-01-17,2023-01-17,special,I.-51,77,general,Chief Academic Officer,22-2912,https://ousd.legistar.com/LegislationDetail.aspx?ID=57180&GUID=187C0C90-6054-4033-A516-2F2F9FE615E8,Services Agreement 2022-2023 - Safe Passages - Chabot Elementary School,"Approval by the Board of Education of a Services Agreement 2022-2023 by and between the District and Safe Passages, Oakland, CA, for the latter to provide two staff members to run a positive school yard focused on student SEL development, inclusivity and proactive conflict resolution at Chabot Elementary School, for the period of August 1, 2022 through September 30, 2022, in an amount not to exceed $25,060.00.",Agreement or Contract,Chief Academic Officer,003729,v-003729,Unrestricted Supplemental,"Pays Safe Passages up to $25,060 for two schoolyard staff at Chabot Elementary","Safe Passages will provide two staff members to run a positive schoolyard program at Chabot Elementary School, focused on social-emotional development, inclusivity and conflict resolution. The agreement ran from August 1, 2022 through September 30, 2022. A separate agreement with the same vendor and school covers a later period.","Student health, support & family services",new_agreement,Safe Passages,organization,Chabot Elementary School,expense,not_to_exceed,25060,,,,,true,2022-08-01,2022-09-30,after_work_began; previously_delayed,,,Adopted on the General Consent Report,2023-01-17,true,auto_ok,sonnet-agent,enrich.v3.md,true,
2023-01-17:22-2913,2023-01-17,2023-01-17,special,I.-52,78,general,Chief Academic Officer,22-2913,https://ousd.legistar.com/LegislationDetail.aspx?ID=57181&GUID=46459DBB-DE08-4C27-935B-08A1C3A2A84C,Services Agreement 2022-2023 - Safe Passages - Chabot Elementary School,"Approval by the Board of Education of a Services Agreement 2022-2023 by and between the District and Safe Passages, Oakland, CA, for the latter to provide two staff members to run a positive school yard focused on student SEL development, inclusivity and proactive conflict resolution at Chabot Elementary School, for the period of October 3, 2022 through June 15, 2023, in an amount not to exceed $50,000.00.",Agreement or Contract,Chief Academic Officer,003729,v-003729,PTA Local Schools,"Pays Safe Passages up to $50,000 for two schoolyard staff at Chabot Elementary","Safe Passages will provide two staff members to run a positive schoolyard program at Chabot Elementary School, focused on social-emotional development, inclusivity and conflict resolution. This agreement covers October 3, 2022 through June 15, 2023. A separate agreement with the same vendor and school covers the earlier period of August and September 2022.","Student health, support & family services",new_agreement,Safe Passages,organization,Chabot Elementary School,expense,not_to_exceed,50000,,,,,true,2022-10-03,2023-06-15,after_work_began; previously_delayed,,,Adopted on the General Consent Report,2023-01-17,true,auto_ok,sonnet-agent,enrich.v3.md,true,
2023-01-17:22-2914,2023-01-17,2023-01-17,special,I.-53,79,general,Chief Academic Officer,22-2914,https://ousd.legistar.com/LegislationDetail.aspx?ID=57182&GUID=A89E859B-9142-42A3-B8FC-9F184BB000AF,Services Agreement 2022-2023 - Museum of Children's Arts - East Oakland Pride Elementary School,"Ratification by the Board of Education of a Services Agreement 2022-2023 by and between the District and Museum of Children's Arts, Oakland, CA, for the latter to provide art classes in 14 classrooms, 15 visual art lessons in each classroom for T-K through 5th Grade students, in 45-60 minute increments as mutually agreed by school staff and artist at East Oakland Pride Elementary School, for the period of August 8, 2022 through May 25, 2023, in an amount not to exceed $25,000.00.",Agreement or Contract,Chief Academic Officer,002963,v-002963,"Measure G, Parcel Tax","Pays Museum of Children's Arts up to $25,000 for art classes at East Oakland Pride Elementary","The Museum of Children's Arts will teach art in 14 classrooms at East Oakland Pride Elementary School, with 15 visual art lessons in each classroom for students from transitional kindergarten through 5th grade. The agreement runs from August 8, 2022 through May 25, 2023, and the board is approving it after the work began.",Classroom & academic programs,new_agreement,Museum of Children's Arts,organization,East Oakland Pride Elementary School,expense,not_to_exceed,25000,,,,,true,2022-08-08,2023-05-25,after_work_began; previously_delayed,,,Adopted on the General Consent Report,2023-01-17,true,auto_ok,sonnet-agent,enrich.v3.md,true,
2023-01-17:22-2915,2023-01-17,2023-01-17,special,I.-54,80,general,Chief Academic Officer,22-2915,https://ousd.legistar.com/LegislationDetail.aspx?ID=57183&GUID=27E62D95-51EF-47F3-A3F5-67C70EF6CFE7,Services Agreement 2022-2023 - Children Rising - Martin Luther King Jr (Lafayette) Elementary School,"Ratification by the Board of Education of a Services Agreement 2022-2023 by and between the District and Children Rising, Oakland, CA, for the latter to provide, both, its Math Clinic and its Reading Clinic,  weekly,  that has two 50- minute pull-out one-on-one tutoring sessions for students who have been identified by school staff as being significantly below grade level in the respective subject matter, at Martin Luther King Jr (Lafayette) Elementary School, for the period of December 8, 2022 through May 25, 2023, in an amount not to exceed $8,125.00.",Agreement or Contract,Chief Academic Officer,001645,v-001645,Title 4-Student Support,"Pays Children Rising up to $8,125 for math and reading tutoring at MLK Jr Elementary","Children Rising will run its Math Clinic and Reading Clinic each week at Martin Luther King Jr (Lafayette) Elementary School. Students who school staff identify as significantly below grade level get two 50-minute one-on-one tutoring sessions. The agreement runs from December 8, 2022 through May 25, 2023, and the board is approving it after the work began.",Classroom & academic programs,new_agreement,Children Rising,organization,Martin Luther King Jr (Lafayette) Elementary School,expense,not_to_exceed,8125,,,,,true,2022-12-08,2023-05-25,after_work_began; previously_delayed,,,Adopted on the General Consent Report,2023-01-17,true,auto_ok,sonnet-agent,enrich.v3.md,true,
2023-01-17:22-2916,2023-01-17,2023-01-17,special,I.-55,81,general,Chief Academic Officer,22-2916,https://ousd.legistar.com/LegislationDetail.aspx?ID=57184&GUID=D6318003-96BF-4083-A6D0-1A78D178798E,Services Agreement 2022-2023 - Higher Ground Neighborhood Development Corp - East Oakland Pride Elementary School,"Approval by the Board of Education of a Services Agreement 2022-2023 by and between the District and Higher Ground Neighborhood Development Corp, Oakland, CA, for the latter to provide in-class support, gender specific behavioral skill building group rehabilitation, general supervision, contract staffing and preventive mentoring, each as described in Exhibit A of the Agreement, incorporated herein by reference as though fully set forth, at East Oakland Pride Elementary School, for the period of August 8, 2022 through May 25, 2023, in an amount not to exceed $30,000.00.",Agreement or Contract,Chief Academic Officer,002078,v-002078,AB1840 School Consolidation,"Pays Higher Ground Neighborhood Development Corp up to $30,000 for student support at East Oakland Pride","Higher Ground will provide in-class support, gender-specific behavioral skill-building groups, general supervision, contract staffing and preventive mentoring at East Oakland Pride Elementary School, as described in an exhibit to the agreement. The agreement runs from August 8, 2022 through May 25, 2023.","Student health, support & family services",new_agreement,Higher Ground Neighborhood Development Corp,organization,East Oakland Pride Elementary School,expense,not_to_exceed,30000,,,,,true,2022-08-08,2023-05-25,after_work_began; previously_delayed,,,Adopted on the General Consent Report,2023-01-17,true,auto_ok,sonnet-agent,enrich.v3.md,true,
2023-01-17:22-2917,2023-01-17,2023-01-17,special,I.-56,82,general,Chief Academic Officer,22-2917,https://ousd.legistar.com/LegislationDetail.aspx?ID=57185&GUID=5B8C3855-EA88-43DB-AF26-0F1766A488D2,Services Agreement 2022-2023 - Community Development Finance - OPSR Counseling Department,"Ratification by the Board of Education of a Services Agreement 2022-2023 by and between the District and Community Development Finance, Oakland, CA, for the latter to distribute Stipends to students as directed by the Assistant Principal of the Central Academic Recovery Team awarded for satisfactory presence, participation and contribution to various work-based learning activities across school sites and in the 9th /10th grade Summer Healing & Academics 4 Kids Academic Recovery Program, via OPSR Counseling Department, for the period of December 5, 2022 through June 30, 2023, in an amount not to exceed $25,200.00.",Agreement or Contract,Chief Academic Officer,007684,v-007684,ESSA: Comp Support & Improvmt,"Pays Community Development Finance up to $25,200 to distribute student stipends for learning activities","Community Development Finance will hand out stipends to students, as directed by the Assistant Principal of the Central Academic Recovery Team. The stipends reward satisfactory presence, participation and contribution in work-based learning activities and in the 9th/10th grade summer academic recovery program. The agreement runs from December 5, 2022 through June 30, 2023, and the board is approving it after the work began.",Classroom & academic programs,new_agreement,Community Development Finance,organization,,expense,not_to_exceed,25200,,,,,true,2022-12-05,2023-06-30,after_work_began; previously_delayed,,,Adopted on the General Consent Report,2023-01-17,true,auto_ok,sonnet-agent,enrich.v3.md,true,
2023-01-17:22-2918,2023-01-17,2023-01-17,special,I.-57,83,general,Chief Academic Officer,22-2918,https://ousd.legistar.com/LegislationDetail.aspx?ID=57186&GUID=42A26B6F-3E81-4971-9709-9D82B767217D,Services Agreement 2022-2023 - Oakland Public Education Fund - Community Schools and Student Services Department,"Approval by the Board of Education of a Services Agreement 2022-2023 by and between the District and Oakland Public Education Fund, Oakland, CA, for the latter to provide After- School Program instruction, in digital pathways Video Production and Animation, open to any District high school student, with Animation I and II cohorts on Monday and Wednesday after school and Video Production / Filmmaking I and II cohorts on Tuesday/Thursday, via Community Schools and Student Services Department, for the period of January 12, 2023 through May 24, 2023, in an amount not to exceed $99,000.00.",Agreement or Contract,Chief Academic Officer,003143,v-003143,Expanded Learning Opportunities Programs,"Pays Oakland Public Education Fund up to $99,000 for after-school video and animation classes for high schoolers","Oakland Public Education Fund will teach after-school classes in video production and animation that are open to any district high school student. Animation cohorts meet Mondays and Wednesdays, and video production and filmmaking cohorts meet Tuesdays and Thursdays. The agreement runs from January 12, 2023 through May 24, 2023.",After-school & summer programs,new_agreement,Oakland Public Education Fund,organization,,expense,not_to_exceed,99000,,,,,true,2023-01-12,2023-05-24,after_work_began; previously_delayed,,,Adopted on the General Consent Report,2023-01-17,true,auto_ok,sonnet-agent,enrich.v3.md,true,
2023-01-17:22-2919,2023-01-17,2023-01-17,special,I.-58,84,general,Chief Academic Officer,22-2919,https://ousd.legistar.com/LegislationDetail.aspx?ID=57187&GUID=C6E0F2C3-C773-4A21-B9FE-CE20227FC9A6,"Services Agreement 2022-2023 and Data Sharing Agreement 2022-2023 - FEV Tutor, Inc. - Research Assessment and Data Department (RAD)","Approval by the Board of Education of a Services Agreement 2022-2023 by and between the District and Focus Care Inc dba FEV Tutor Inc, for the latter to provide Academic Success Coaches to provide students with academic support as described in Exhibit A of Agreement, incorporated herein by reference as though fully set forth, for the term December 1, 2022 through June 30, 2023 at a cost not to exceed $29,000.00 and a Data Sharing Agreement (DSA) 2022-2023 by and between said Parties, defining the terms and conditions of District’s transmission of or sharing of data with Fev Tutor and the protection by Fev Tutor of such data pursuant to the terms and conditions stated in the DSA.",Agreement or Contract,Chief Academic Officer,,n-focus-care-fev-tutor,No Fiscal Impact,"Pays FEV Tutor up to $29,000 for academic success coaches and approves a data sharing agreement","Focus Care Inc, doing business as FEV Tutor, will provide Academic Success Coaches to give students academic support from December 1, 2022 through June 30, 2023. The board is also approving a data sharing agreement that sets the rules for the district sharing student data with FEV Tutor and for how FEV Tutor protects it.",Classroom & academic programs,new_agreement,Focus Care Inc dba FEV Tutor Inc,organization,,expense,not_to_exceed,29000,,,,,true,2022-12-01,2023-06-30,after_work_began; previously_delayed,,,Adopted on the General Consent Report,2023-01-17,true,auto_ok,sonnet-agent,enrich.v3.md,true,
2023-01-17:22-2920,2023-01-17,2023-01-17,special,I.-59,85,general,Chief Academic Officer,22-2920,https://ousd.legistar.com/LegislationDetail.aspx?ID=57188&GUID=23728661-9F21-4201-BC51-25C6A491A0B0,Services Agreement 2022-2023 - Banteay Srei Asian Health Services - Community Schools and Student Services Department,"Ratification by the Board of Education of a Services Agreement 2022-2023 by and between the District and Banteay Srei Asian Health Services, Oakland, CA, for the latter to host weekly workshops for Southeast Asian (SEA) young women to promote leadership development, establish peer support networks, and enhance family support to increase education and support around issues of women’s health and sexual assault, as describe in Exhibit A, incorporated herein by reference as though fully set forth, via Community Schools and Student Services Department, for the period of December 12, 2022 through May 25, 2023, in an amount not to exceed $36,000.00.",Agreement or Contract,Chief Academic Officer,008182,v-008182,Expanded Learning Opportunities Programs,"Pays Banteay Srei Asian Health Services up to $36,000 for workshops for Southeast Asian young women","Banteay Srei Asian Health Services will host weekly workshops for Southeast Asian young women to build leadership, create peer support networks and strengthen family support. The workshops also teach about women's health and sexual assault. The agreement is through the Community Schools and Student Services Department from December 12, 2022 through May 25, 2023, and the board is approving it after the work began.","Student health, support & family services",new_agreement,Banteay Srei Asian Health Services,organization,,expense,not_to_exceed,36000,,,,,true,2022-12-12,2023-05-25,after_work_began; previously_delayed,,,Adopted on the General Consent Report,2023-01-17,true,auto_ok,sonnet-agent,enrich.v3.md,true,
2023-01-17:22-2922,2023-01-17,2023-01-17,special,I.-60,86,general,Chief Academic Officer,22-2922,https://ousd.legistar.com/LegislationDetail.aspx?ID=57190&GUID=7D761A83-9DC4-4189-A3EA-B3808C0C0235,Services Agreement 2022-2023 - Heather Manchester - Community Schools and Student Services Department,"Approval by the Board of Education of a Services Agreement 2022-2023 by and between the District and Heather Manchester, Oakland, CA, for the latter to integrate and imbed meaningful Youth Engagement and Restorative Justice (RJ) Leadership strategies in Expanded Learning (ExL) by developing systems for a meaningful student engagement continuum from elementary through high school; hold intergenerational partnership meetings and trainings that will support youth and adults to apply their learnings and skills from the trainings; recruit, interview and prepare youth for Expanded Learning internships and provide additional training and support for the internships and pilot a middle school youth engagement and leadership program in ExL, via the Community Schools and Student Services Department, for the period January 12, 2023 through June 30, 2023, in an amount not to exceed $99,100.00.",Agreement or Contract,Chief Academic Officer,004882,v-004882,Expanded Learning Opportunities Program,"Pays a consultant up to $99,100 to build youth engagement and leadership in after-school programs","An individual consultant will build youth engagement and restorative justice leadership into the district's expanded learning (after-school) programs. Duties include running trainings and partnership meetings, preparing youth for internships, and piloting a middle school youth leadership program. The agreement runs from January 12, 2023 through June 30, 2023.",After-school & summer programs,new_agreement,Heather Manchester,individual,,expense,not_to_exceed,99100,,,,,true,2023-01-12,2023-06-30,after_work_began; previously_delayed,,,Adopted on the General Consent Report,2023-01-17,true,auto_ok,sonnet-agent,enrich.v3.md,true,
2023-01-17:22-2923,2023-01-17,2023-01-17,special,I.-61,87,general,Chief Academic Officer,22-2923,https://ousd.legistar.com/LegislationDetail.aspx?ID=57191&GUID=026E65DE-D791-4675-87C4-3A55B4932B5A,Services Agreement 2022-2023 - Arnoldo Garcia - Community Schools and Student Services Department,"Approval by the Board of Education of a Services Agreement 2022-2023 by and between the District and Arnoldo Garcia, Oakland, CA, for the latter to integrate and imbed meaningful Youth Engagement and Restorative Justice (RJ) Leadership strategies in Expanded Learning (ExL) by developing systems for a meaningful student engagement continuum from elementary through high school; hold intergenerational partnership meetings and trainings that will support youth and adults to apply their learnings and skills from the trainings; recruit, interview and prepare youth for Expanded Learning internships and provide additional training and support for the internships and pilot a middle school youth engagement and leadership program in ExL, via the Community Schools and Student Services Department, for the period January 12, 2023 through June 30, 2023, in an amount not to exceed $99,100.00.",Agreement or Contract,Chief Academic Officer,007739,v-007739,Expanded Learning Opportunities Program,"Pays a consultant up to $99,100 to build youth leadership in Expanded Learning programs","The district hires an Oakland consultant to build student engagement and Restorative Justice leadership into its Expanded Learning (after-school) programs, from elementary through high school. The work includes training for youth and adults, recruiting and preparing students for internships, and piloting a middle school youth leadership program. The agreement runs January 12, 2023 through June 30, 2023, which started a few days before the Board vote.",After-school & summer programs,new_agreement,Arnoldo Garcia,individual,,expense,not_to_exceed,99100,,,,,true,2023-01-12,2023-06-30,after_work_began; previously_delayed,,,Adopted on the General Consent Report,2023-01-17,true,auto_ok,sonnet-agent,enrich.v3.md,true,
2023-01-17:22-2926,2023-01-17,2023-01-17,special,I.-62,88,general,Chief Academic Officer,22-2926,https://ousd.legistar.com/LegislationDetail.aspx?ID=57194&GUID=5C99EE59-D64B-4EC0-BCFA-4049FFD2801D,Services Agreement 2022-2023 - No Cost - Growing Together - Bay Area - Community Schools and Student Services Department,"Ratification by the Board of Education of a Services Agreement 2022-2023 - No Cost by and between the District and Growing Together - Bay Area, Pinole, CA, for the latter to provide site stewardship and community engagement for current and former installations carried out in partnership with the Trust for Public Land (Markham, International Community School, Think College Now and Melrose Leadership Academy), Garden/nutrition education programming and support of garden stewardship (Esperanza, ,Korematsu, and Urban Promise Academy), Fresh Food Access and Promotion Initiatives through fruit and vegetable distribution, Tree education and distribution (Korematsu, Esperanza, Melrose Leadership Academy, International Community School and Think College Now), and Programming at Castlemont High School, via Community Schools and Student Services Department, for the period of December 2, 2022 through June 30, 2023, at no cost to the District.",Agreement or Contract,Chief Academic Officer,008036,v-008036,No Fiscal Impact,"Ratifies a no-cost deal with Growing Together for school gardens, fresh food and tree programs","Growing Together - Bay Area will provide garden and nutrition education, fruit and vegetable distribution, tree education and distribution, and programming at Castlemont High School at several named schools, at no cost to the district. It will also look after gardens and installations built with the Trust for Public Land. The period is December 2, 2022 through June 30, 2023, which started before the Board vote.",Classroom & academic programs,new_agreement,Growing Together - Bay Area,organization,Markham; International Community School; Think College Now; Melrose Leadership Academy; Esperanza; Korematsu; Urban Promise Academy; Castlemont High School,no_cost,,,,,,,true,2022-12-02,2023-06-30,after_work_began; previously_delayed,,,Adopted on the General Consent Report,2023-01-17,true,auto_ok,sonnet-agent,enrich.v3.md,true,
2023-01-17:22-2936,2023-01-17,2023-01-17,special,I.-63,89,general,Chief Academic Officer,22-2936,https://ousd.legistar.com/LegislationDetail.aspx?ID=57204&GUID=99077E50-6084-471F-8026-F905B697D1FA,Services Agreement 2022-2023 - Growing Together - Bay Area - Castlemont High School,"Ratification by the Board of Education of a Services Agreement 2022-2023 by and between the District and Growing Together - Bay Area, Pinole, CA, for the latter to provide students Farm & Garden - Stewardship and Education, Fresh Food Enterprises, Logistics and Operations, as described in Exhibit A of Agreement, incorporated herein by reference as though fully set forth at Castlemont High School, for the period of December 19, 2022 through June 30, 2023, in an amount not to exceed $15,000.00.",Agreement or Contract,Chief Academic Officer,008036,v-008036,Green Calif. Partnership Acad,"Ratifies up to $15,000 for Growing Together farm and garden education at Castlemont High","Growing Together - Bay Area will give Castlemont High School students farm and garden stewardship and education, plus training in fresh food enterprises, logistics and operations. The agreement runs December 19, 2022 through June 30, 2023, which started before the Board vote. The cost is capped at $15,000.",Classroom & academic programs,new_agreement,Growing Together - Bay Area,organization,Castlemont High School,expense,not_to_exceed,15000,,,,,true,2022-12-19,2023-06-30,after_work_began; previously_delayed,,,Adopted on the General Consent Report,2023-01-17,true,auto_ok,sonnet-agent,enrich.v3.md,true,
2023-01-17:22-2938,2023-01-17,2023-01-17,special,I.-64,90,general,Chief Academic Officer,22-2938,https://ousd.legistar.com/LegislationDetail.aspx?ID=57206&GUID=8DD27EAA-C28B-46DF-8D34-8A3C80283E77,Services Agreement 2022-2023 - HERO - Bella Vista Elementary School,"Approval by the Board of Education of a Services Agreement 2022-2023 by and between the District and HERO, Oakland, CA, for the latter to provide twenty-five (25) hours weekly organized recess games and physical activity sessions, which will teach problem solving skills, conflict management, and teamwork skills to students at Bella Vista Elementary School, for the period of January 3, 2023 through May 25, 2023, in an amount not to exceed $19,000.00.",Agreement or Contract,Chief Academic Officer,002055,v-002055,CCSPP Implementation Grant,"Pays HERO up to $19,000 for organized recess games at Bella Vista Elementary","HERO, an Oakland organization, will run 25 hours a week of organized recess games and physical activity at Bella Vista Elementary School. The sessions are meant to teach students problem solving, conflict management and teamwork. The agreement runs January 3, 2023 through May 25, 2023, which started before the Board vote.","Student health, support & family services",new_agreement,HERO,organization,Bella Vista Elementary School,expense,not_to_exceed,19000,,,,,true,2023-01-03,2023-05-25,after_work_began; previously_delayed,,,Adopted on the General Consent Report,2023-01-17,true,auto_ok,sonnet-agent,enrich.v3.md,true,
2023-01-17:22-2942,2023-01-17,2023-01-17,special,I.-65,91,general,Chief Academic Officer,22-2942,https://ousd.legistar.com/LegislationDetail.aspx?ID=57210&GUID=B88699E6-1313-49D2-92CC-A826D8D8F6A1,Services Agreement 2022-2023 - Oakland Public Education Fund - Urban Promise Academy,"Approval by the Board of Education of a Services Agreement 2022-2023 by and between the District and Oakland Public Education Fund, Oakland, CA, for the latter to serve as fiscal sponsor to contract four part-time Family Champions to support with school supervision and family outreach in partnership with the Family Resource Center staff and supervision as students are walking to school, walking home from school and during recess and lunch to increase student safety at Urban Promise Academy, for the period of January 1, 2023 through May 30, 2023, in an amount not to exceed $44,000.00.",Agreement or Contract,Chief Academic Officer,003143,v-003143,CCSPP Implementation Grant,"Pays Oakland Public Education Fund up to $44,000 to hire Family Champions at Urban Promise Academy","The Oakland Public Education Fund will act as fiscal sponsor (the organization that handles the contracts and payments) for four part-time Family Champions at Urban Promise Academy. They will help supervise students walking to and from school and during recess and lunch, and do family outreach, to increase student safety. The period is January 1, 2023 through May 30, 2023, which started before the Board vote.","Student health, support & family services",new_agreement,Oakland Public Education Fund,organization,Urban Promise Academy,expense,not_to_exceed,44000,,,,,true,2023-01-01,2023-05-30,after_work_began; previously_delayed,,,Adopted on the General Consent Report,2023-01-17,true,auto_ok,sonnet-agent,enrich.v3.md,true,
2023-01-17:22-2943,2023-01-17,2023-01-17,special,I.-66,92,general,Chief Academic Officer,22-2943,https://ousd.legistar.com/LegislationDetail.aspx?ID=57211&GUID=06387C12-C163-4B39-B8CF-14238B8B7EA0,Services Agreement 2022-2023 - Freedom Soul Media Education - Office of Equity,"Ratification by the Board of Education of a Services Agreement 2022-2023 by and between the District and Freedom Soul Media Education, Oakland, CA, for the latter to provide workshops intended to support and foster curiosity and learning to understand intersecting forms of oppression and provide staff and administrators an opportunity to engage in supportive dialogue and activities focusing on learning and reversing the harm caused by the usage of the N-word, racial slurs and hate, via Office of Equity, for the period of November 1, 2022 through May 31, 2023, in an amount not to exceed $90,000.00.",Agreement or Contract,Chief Academic Officer,007962,v-007962,S&C Carryover,"Ratifies up to $90,000 for Freedom Soul Media Education workshops for staff on racial slurs and hate","Freedom Soul Media Education will run workshops for district staff and administrators on intersecting forms of oppression. The workshops focus on learning about and reversing the harm caused by the N-word, racial slurs and hate. The work is run through the Office of Equity from November 1, 2022 through May 31, 2023, which started before the Board vote.",Classroom & academic programs,new_agreement,Freedom Soul Media Education,organization,,expense,not_to_exceed,90000,,,,,true,2022-11-01,2023-05-31,after_work_began; previously_delayed,,,Adopted on the General Consent Report,2023-01-17,true,auto_ok,sonnet-agent,enrich.v3.md,true,
2023-01-17:22-2944,2023-01-17,2023-01-17,special,I.-67,93,general,Chief Academic Officer,22-2944,https://ousd.legistar.com/LegislationDetail.aspx?ID=57212&GUID=F8BDC87A-8705-4C06-98F7-DAE1465F0E52,"Amendment No. 1, Services Agreement 2022-2023 - Quetzal Education Consulting - Office of Equity","Ratification by the Board of Education of Amendment No. 1, Services Agreement 2022-2023 by and between the District and Quetzal Education Consulting, Oakland, CA, for the latter to provide its Disrupting Anti-Blackness Professional Development and Toolkit Resources and Leaders Sessions, in the additional amount of $23,500.00,  increasing the Agreement not to exceed amount from $18,500.00, to $42,000.00, via the Office of Equity, for the period of October 03, 2022 through May 03, 2023.  All other terms and conditions of the Agreement remain in full force and effect.",Agreement or Contract,Chief Academic Officer,007078,v-007078,S&C Carryover,"Ratifies adding $23,500 to Quetzal Education Consulting's anti-Blackness training contract","This amendment adds $23,500 to the Office of Equity's agreement with Quetzal Education Consulting, raising the cap from $18,500 to $42,000. The company provides professional development, a toolkit and leader sessions called Disrupting Anti-Blackness. The agreement runs October 3, 2022 through May 3, 2023, which started before the Board vote.",Classroom & academic programs,amendment,Quetzal Education Consulting,organization,,expense,not_to_exceed,23500,,,18500,42000,true,2022-10-03,2023-05-03,after_work_began; raises_existing_contract; large_increase; previously_delayed,,,Adopted on the General Consent Report,2023-01-17,true,auto_ok,sonnet-agent,enrich.v3.md,true,
2023-01-17:22-2946,2023-01-17,2023-01-17,special,I.-68,94,general,Chief Academic Officer,22-2946,https://ousd.legistar.com/LegislationDetail.aspx?ID=57214&GUID=363614D7-F8A9-4872-8E96-A77F82E98845,Services Agreement 2022-2023 - No Cost - Alameda County Office of Education - English Language Learner and Multilingual Achievement Department,"Ratification by the Board of Education of a Services Agreement 2022-2023 - No Cost by and between the District and Alameda County Office of Education, Hayward, CA, for the latter to provide professional development and leadership support in implementing designated English Language Development (ELD) via English Language Learner and Multilingual Achievement Department, for the period of January 3, 2023 through June 30, 2023.",Agreement or Contract,Chief Academic Officer,000318,v-000318,No Fiscal Impact - No-Cost Agreement,Ratifies a no-cost deal with Alameda County Office of Education for English language teaching support,"The Alameda County Office of Education will provide professional development and leadership support to help the district put designated English Language Development (ELD) into practice. The work is for the English Language Learner and Multilingual Achievement Department. It runs January 3, 2023 through June 30, 2023 at no cost to the district, and started before the Board vote.",Classroom & academic programs,new_agreement,Alameda County Office of Education,organization,,no_cost,,,,,,,true,2023-01-03,2023-06-30,after_work_began; previously_delayed,,,Adopted on the General Consent Report,2023-01-17,true,auto_ok,sonnet-agent,enrich.v3.md,true,
2023-01-17:22-2948,2023-01-17,2023-01-17,special,I.-69,95,general,Chief Academic Officer,22-2948,https://ousd.legistar.com/LegislationDetail.aspx?ID=57216&GUID=0B93C3EF-7846-4D8B-9641-604E9D0BA5C7,Services Agreement 2022-2023 - Curriculum Associates LLC - Academics and Instruction Department,"Approval by the Board of Education of a Services Agreement 2022-2023 by and between the District and Curriculum Associates, LLC, North Billerica, MA, for the latter to provide Initial Implementation Services; Account Management; Staff Development Consultation and Resources and Technical Support, as defined in Exhibit A of the Agreement, incorporated herein by reference as though fully set forth, for Castlemont High, Claremont Middle, Edna Brewer Middle, Elmhurst Community Preparatory, Frick Impact Academy, Madison Park Upper Campus, Montera Middle, Roosevelt Middle, United for Success Academy, Urban Promise Academy, and Westlake Middle School, via the Academics and Instruction Department, for the period of August 11, 2022 through June 30, 2023, in an amount not to exceed $107,017.50.",Agreement or Contract,Chief Academic Officer,001263,v-001263,S&C Carryover,"Pays Curriculum Associates up to $107,017.50 for implementation and training at 11 schools","Curriculum Associates, LLC will provide initial implementation services, account management, staff development and technical support for 11 named middle and high schools. The work is handled by the Academics and Instruction Department. The agreement runs August 11, 2022 through June 30, 2023, which started before the Board vote.",Classroom & academic programs,new_agreement,"Curriculum Associates, LLC",organization,Castlemont High; Claremont Middle; Edna Brewer Middle; Elmhurst Community Preparatory; Frick Impact Academy; Madison Park Upper Campus; Montera Middle; Roosevelt Middle; United for Success Academy; Urban Promise Academy; Westlake Middle School,expense,not_to_exceed,107017.5,,,,,true,2022-08-11,2023-06-30,after_work_began; previously_delayed,,,Adopted on the General Consent Report,2023-01-17,true,auto_ok,sonnet-agent,enrich.v3.md,true,
2023-01-17:22-2952,2023-01-17,2023-01-17,special,I.-70,96,general,Chief Academic Officer,22-2952,https://ousd.legistar.com/LegislationDetail.aspx?ID=57220&GUID=CAAD1F46-3DF9-417D-A273-F8273954E7B7,Grant Agreement – Oakland Public Education Fund #22-09-05296423 – David and Lucille Packard Foundation - Early Childhood Education Department,"Approval by the Board of Education of Grant Agreement, Regrant #22-09-05296423, by and between the District and the Oakland Public Education Fund, accepting $44,000.00, from the David and Lucile Packard Foundation,  to support the successful implementation of the Early Development Instrument by OUSD Kindergarten teachers, as described in Grant Agreement, for the period of September 30, 2022 through June 30, 2023.",Agreement or Contract,Chief Academic Officer,,v-003143,David and Lucille Packard via the Oakland Public Education Fund,"Accepts $44,000 Packard Foundation grant, passed through Oakland Public Education Fund, for kindergarten readiness tool","The district accepts $44,000 from the David and Lucile Packard Foundation, passed through the Oakland Public Education Fund. The money supports the successful use of the Early Development Instrument by OUSD kindergarten teachers. The grant period is September 30, 2022 through June 30, 2023, which started before the Board vote.",Classroom & academic programs,grant_or_funding_in,Oakland Public Education Fund,organization,,revenue,fixed,44000,,,,,true,2022-09-30,2023-06-30,after_work_began; previously_delayed,,,Adopted on the General Consent Report,2023-01-17,true,auto_ok,sonnet-agent,enrich.v3.md,true,
2023-01-17:22-2953,2023-01-17,2023-01-17,special,I.-71,97,general,Chief Academic Officer,22-2953,https://ousd.legistar.com/LegislationDetail.aspx?ID=57221&GUID=17CC966D-CDFC-4CDF-ADA9-6CD696C5743A,Services Agreement 2022-2023 - Children’s Hospital & Research Center at Oakland dba UCSF Benioff Children’s Hospital Oakland – Early Childhood Education Department,"Ratification by the Board of Education of a Services Agreement 2022-2023 by and between the District and the Children’s Hospital & Research Center at Oakland dba UCSF Benioff Children’s Hospital Oakland, Oakland, CA, for the latter to provide child and family mental health services, including individual intervention, small group therapy, family treatment, consultation, parent workshops, assessment of socio-emotional functioning, and support; provide professional development for educators, to build confidence for educators to understand early childhood development and child needs to address mental health and stress experienced by children and families, via the Early Childhood Education Department, for the period of November 30, 2022 through June 30, 2023, in an amount not to exceed $99,000.00.",Agreement or Contract,Chief Academic Officer,004270,v-004270,Child Dev-CRRSA,"Ratifies up to $99,000 for UCSF Benioff Children's Hospital Oakland mental health services for young children","The hospital will provide child and family mental health services for the Early Childhood Education Department. These include individual and small group therapy, family treatment, parent workshops and assessments, plus training for educators on child development and stress. The period is November 30, 2022 through June 30, 2023, which started before the Board vote.","Student health, support & family services",new_agreement,Children's Hospital & Research Center at Oakland (UCSF Benioff Children's Hospital Oakland),organization,,expense,not_to_exceed,99000,,,,,true,2022-11-30,2023-06-30,after_work_began; previously_delayed,,,Adopted on the General Consent Report,2023-01-17,true,auto_ok,sonnet-agent,enrich.v3.md,true,
2023-01-17:22-2954,2023-01-17,2023-01-17,special,I.-72,98,general,Chief Academic Officer,22-2954,https://ousd.legistar.com/LegislationDetail.aspx?ID=57222&GUID=12FBB448-25E8-458F-B142-46FB7E820B9C,Services Agreement 2022-2023 - HERO - Oakland Academy of Knowledge,"Approval by the Board of Education of a Services Agreement 2022-2023 by and between the District and HERO, Oakland, CA, for the latter to provide organized recess games and physical activity sessions; offer Young HERO Program to upper-grade students five days a week; involve students in interactive cooperative activities that include conflict management, safety, inclusion, responsibility, and fair play; and have coaches provide additional support at recess while leading safe organized games at Oakland Academy of Knowledge, for the period of January 4, 2023 through May 25, 2023, in an amount not to exceed $38,000.00.",Agreement or Contract,Chief Academic Officer,002055,v-002055,CCSPP Implementation Grant,"Pays HERO up to $38,000 for organized recess games at Oakland Academy of Knowledge","HERO, an Oakland organization, will run organized recess games and physical activity at Oakland Academy of Knowledge. It will also offer its Young HERO Program to upper-grade students five days a week, with coaches leading safe games and supporting students at recess. The agreement runs January 4, 2023 through May 25, 2023, which started before the Board vote.","Student health, support & family services",new_agreement,HERO,organization,Oakland Academy of Knowledge,expense,not_to_exceed,38000,,,,,true,2023-01-04,2023-05-25,after_work_began; previously_delayed,,,Adopted on the General Consent Report,2023-01-17,true,auto_ok,sonnet-agent,enrich.v3.md,true,
2023-01-17:22-2955,2023-01-17,2023-01-17,special,I.-73,99,general,Chief Academic Officer,22-2955,https://ousd.legistar.com/LegislationDetail.aspx?ID=57223&GUID=85E6B9A3-5CA7-4915-9117-CE93689ED0D1,Services Agreement 2022-2023 - Children Rising - Horace Mann Elementary School,"Ratification by the Board of Education of a Services Agreement 2022-2023 by and between the District and Children Rising, Oakland, CA, for the latter to provide a tutoring program for students identified in need based on school intervention planning at Horace Mann Elementary School, for the period of October 10, 2022 through May 19, 2023, in an amount not to exceed $5,000.00.",Agreement or Contract,Chief Academic Officer,001645,v-001645,CCSPP Implementation Grant,"Ratifies up to $5,000 for Children Rising tutoring at Horace Mann Elementary","Children Rising will run a tutoring program at Horace Mann Elementary School for students the school identifies as needing help through its intervention planning. The agreement runs October 10, 2022 through May 19, 2023, which started before the Board vote.",Classroom & academic programs,new_agreement,Children Rising,organization,Horace Mann Elementary School,expense,not_to_exceed,5000,,,,,true,2022-10-10,2023-05-19,after_work_began; previously_delayed,,,Adopted on the General Consent Report,2023-01-17,true,auto_ok,sonnet-agent,enrich.v3.md,true,
2023-01-17:22-2956,2023-01-17,2023-01-17,special,I.-74,100,general,Chief Academic Officer,22-2956,https://ousd.legistar.com/LegislationDetail.aspx?ID=57224&GUID=53ABB3E8-C472-4A75-B46A-32918DF36FD9,Services Agreement 2022-2023 - Destiny Arts Center - Bella Vista Elementary School,"Approval by the Board of Education of a Services Agreement 2022-2023 by and between the District and Destiny Arts Center, Oakland, CA, for the latter to provide drumming and Movement classes for students at Bella Vista Elementary School, for the period of January 3, 2023 through June 30, 2023, in an amount not to exceed $27,000.00.",Agreement or Contract,Chief Academic Officer,001363,v-001363,CCSPP Implementation Grant,"Pays Destiny Arts Center up to $27,000 for drumming and movement classes at Bella Vista Elementary","Destiny Arts Center will teach drumming and movement classes to students at Bella Vista Elementary School. The agreement runs January 3, 2023 through June 30, 2023, which started before the Board vote.",Classroom & academic programs,new_agreement,Destiny Arts Center,organization,Bella Vista Elementary School,expense,not_to_exceed,27000,,,,,true,2023-01-03,2023-06-30,after_work_began; previously_delayed,,,Adopted on the General Consent Report,2023-01-17,true,auto_ok,sonnet-agent,enrich.v3.md,true,
2023-01-17:22-2957,2023-01-17,2023-01-17,special,I.-75,101,general,Chief Academic Officer,22-2957,https://ousd.legistar.com/LegislationDetail.aspx?ID=57225&GUID=37689464-4F37-4220-981B-D3F179F28A5E,Services Agreement 2022-2023 - Spearitwurx - Office of Equity,"Approval by the Board of Education of a Services Agreement 2022-2023 by and between the District and Spearitwurx, Oakland, CA, for the latter to provide Anti-Racist professional development and wellness kits for all OUSD Teachers and staff, via the Office of Equity, for the period of September 1, 2022 through May 31, 2023, in an amount not to exceed $100,000.00.",Agreement or Contract,Chief Academic Officer,005317,v-005317,S&C Carryover,"Pays Spearitwurx up to $100,000 for anti-racist training and wellness kits for all teachers and staff","Spearitwurx will provide anti-racist professional development and wellness kits for all OUSD teachers and staff, through the Office of Equity. The agreement runs September 1, 2022 through May 31, 2023, which started before the Board vote.",Classroom & academic programs,new_agreement,Spearitwurx,organization,,expense,not_to_exceed,100000,,,,,true,2022-09-01,2023-05-31,after_work_began; previously_delayed,,,Adopted on the General Consent Report,2023-01-17,true,auto_ok,sonnet-agent,enrich.v3.md,true,
2023-01-17:22-2958,2023-01-17,2023-01-17,special,I.-76,102,general,Chief Academic Officer,22-2958,https://ousd.legistar.com/LegislationDetail.aspx?ID=57226&GUID=0E7E19E3-3115-47C4-A1F9-31825504FE4F,Services Agreement 2022-2023 - Oakland Public Education Fund - Oakland International High School,"Approval by the Board of Education of a Services Agreement 2022-2023 by and between the District and Oakland Public Education Fund, Oakland, CA, for the latter to provide students work in the Spring with YouthBeats staff in collaboration with their culminating Career Technical Education (CTE) pathway class ""Video Production at Oakland International High School, for the period of January 3, 2023 through April 30, 2023, in an amount not to exceed $8,660.00.",Agreement or Contract,Chief Academic Officer,003143,v-003143,Voc & Applied Secondary&adult,"Pays Oakland Public Education Fund up to $8,660 for YouthBeats video production work at Oakland International High","The Oakland Public Education Fund will provide YouthBeats staff to work with students in the spring, alongside their final Career Technical Education (CTE) pathway class, Video Production, at Oakland International High School. The agreement runs January 3, 2023 through April 30, 2023, which started before the Board vote.",Classroom & academic programs,new_agreement,Oakland Public Education Fund,organization,Oakland International High School,expense,not_to_exceed,8660,,,,,true,2023-01-03,2023-04-30,after_work_began; previously_delayed,,,Adopted on the General Consent Report,2023-01-17,true,auto_ok,sonnet-agent,enrich.v3.md,true,
2023-01-17:22-2959,2023-01-17,2023-01-17,special,I.-77,103,general,Chief Academic Officer,22-2959,https://ousd.legistar.com/LegislationDetail.aspx?ID=57227&GUID=393E4E75-D500-4922-9268-E4032B3ECCC6,Grant Agreement - The Helzel Family Foundation Fund at The East Bay Community Foundation - Life Academy,"Approval by the Board of Education of a Grant Agreement, Grant #20231239, by and between The Helzel Family Foundation Fund at The East Bay Community Foundation, Oakland, CA, and the District, on behalf of Life Academy, with the latter accepting $50,000.00, for High School Literacy Instruction at Life Academy, for the period of January 1, 2023 through December 31, 2023.",Agreement or Contract,Chief Academic Officer,,n-helzel-family-foundation-fund-at-east-bay-community-foundation,The Helzel Family Foundation Fund at The East Bay Community Foundation Grant,"Accepts a $50,000 grant from the Helzel Family Foundation Fund for literacy instruction at Life Academy","The district accepts $50,000 from The Helzel Family Foundation Fund at The East Bay Community Foundation for high school literacy instruction at Life Academy. The grant period is January 1, 2023 through December 31, 2023.",Classroom & academic programs,grant_or_funding_in,The Helzel Family Foundation Fund at The East Bay Community Foundation,organization,Life Academy,revenue,fixed,50000,,,,,true,2023-01-01,2023-12-31,after_work_began; previously_delayed,,,Adopted on the General Consent Report,2023-01-17,true,auto_ok,sonnet-agent,enrich.v3.md,true,
2023-01-17:22-2792,2023-01-17,2023-01-17,special,I.-78,105,general,Chief Governance Officer,22-2792,https://ousd.legistar.com/LegislationDetail.aspx?ID=57060&GUID=65584B18-638D-4FEF-ADCC-B33C4F7BD3DB,Services Agreement 2022-2023 - Brett Noble - Charter Schools Office,"Ratification by the Board of Education of a Services Agreement 2022-2023 by and between the District and Brett Noble, San Francisco, CA, for the latter to support with creating Facility Prop 39 preliminary offer with classroom entitlement calculations and associated preliminary offer letter and exhibit documents, via Charter Schools Office, for the period of November 7, 2022 through February 28, 2023, in an amount not to exceed $15,000.00.",Agreement or Contract,General Counsel,,n-brett-noble,Charter Schools Office,"Ratifies up to $15,000 for a consultant to prepare Proposition 39 facilities offers","A San Francisco consultant will help the Charter Schools Office prepare a Proposition 39 preliminary facilities offer, including the classroom entitlement calculations, the offer letter and supporting documents. The agreement runs November 7, 2022 through February 28, 2023, which started before the Board vote.",Governance & board business,new_agreement,Brett Noble,individual,,expense,not_to_exceed,15000,,,,,true,2022-11-07,2023-02-28,after_work_began; previously_delayed,,,Adopted on the General Consent Report,2023-01-17,true,auto_ok,sonnet-agent,enrich.v3.md,true,
2023-01-17:22-2950,2023-01-17,2023-01-17,special,I.-79,106,general,Chief Governance Officer,22-2950,https://ousd.legistar.com/LegislationDetail.aspx?ID=57218&GUID=EF8D1F82-7107-4393-BEEE-1D1E082230FD,Memorandum of Understanding and Engagement Policy - McCormick Barstow Law Firm - Chief Governance Officer,"Ratification by the Board of Education of a Memorandum of Understanding and Engagement Policy (MOUEP) by and between District and McCormick Barstow Law Firm, authorizing the District's Legal Department, in the form of Letters of Engagement, to retain the latter to provide legal advice, counsel and defense (including defense of Government Code claims and civil litigation) as requested by the Legal Department on an as needed basis, with the cumulative amount of Letters of Engagement under this MOUEP, not to exceed $99,100.00 in a fiscal year, for the period of November 1, 2022 through June 30, 2025.",Agreement or Contract,General Counsel,,n-mccormick-barstow-law-firm,Chief Governance Office,"Ratifies McCormick Barstow as outside law firm, capped at $99,100 a year through June 2025","The district's Legal Department can hire McCormick Barstow Law Firm, using letters of engagement, for legal advice, counsel and defense, including civil lawsuits and Government Code claims, as needed. The total of all letters of engagement is capped at $99,100 in a fiscal year. The agreement runs November 1, 2022 through June 30, 2025, and started before the Board vote.","Legal, insurance & risk",new_agreement,McCormick Barstow Law Firm,organization,,expense,per_year,99100,,,,,true,2022-11-01,2025-06-30,after_work_began; previously_delayed; yearly_cap; no_total_stated; multi_year,,,Adopted on the General Consent Report,2023-01-17,true,auto_ok,sonnet-agent,enrich.v3.md,true,
2023-01-17:22-2951,2023-01-17,2023-01-17,special,I.-80,107,general,Chief Governance Officer,22-2951,https://ousd.legistar.com/LegislationDetail.aspx?ID=57219&GUID=1D253573-FC35-487B-A420-6CB4F6B1CE12,Services Agreement 2022-2023 - Stronger Consulting - Charter Schools Office,"Ratification by the Board of Education of a Services Agreement 2022-2023 by and between the District and Stronger Consulting, Inc., Boise, ID, for the latter to evaluate current hiring process and determine changes needed to boost retention; recruit and attract qualified candidates and fill current vacancy, via Charter Schools Office, for the period of December 5, 2022 through January 31, 2023, in an amount not to exceed $13,000.00.",Agreement or Contract,General Counsel,,n-stronger-consulting,Charter Schools Office,"Ratifies up to $13,000 for Stronger Consulting to review hiring and recruit for the Charter Schools Office","Stronger Consulting, Inc. will evaluate the Charter Schools Office's current hiring process and recommend changes to improve retention. It will also recruit qualified candidates to fill a current vacancy. The agreement runs December 5, 2022 through January 31, 2023, which started before the Board vote.",Staff & hiring,new_agreement,"Stronger Consulting, Inc.",organization,,expense,not_to_exceed,13000,,,,,true,2022-12-05,2023-01-31,after_work_began; previously_delayed,,,Adopted on the General Consent Report,2023-01-17,true,auto_ok,sonnet-agent,enrich.v3.md,true,
2023-01-17:22-2971,2023-01-17,2023-01-17,special,I.-81,109,general,Board of Education,22-2971,https://ousd.legistar.com/LegislationDetail.aspx?ID=57239&GUID=71FE1648-72FA-41B0-8D4D-E65D12EBAA89,"Minutes - Board of Education - Regular Meeting – December 14, 2022","Ratification by the Board of Education of its Regular Meeting Minutes of December 14, 2022, prepared by Staff shortly after said Meeting.","Minutes, Board of Education",Board of Education,,,,"Ratifies the minutes of the December 14, 2022 regular Board meeting","The Board approves the written record of its December 14, 2022 regular meeting, prepared by staff shortly after the meeting. There is no cost.",Governance & board business,other,,,,no_cost,,,,,,,true,,,after_work_began; previously_delayed,,,Adopted on the General Consent Report,2023-01-17,true,auto_ok,sonnet-agent,enrich.v3.md,true,
2023-01-17:23-0055,2023-01-17,2023-01-17,special,I.-82,110,general,Board of Education,23-0055,https://ousd.legistar.com/LegislationDetail.aspx?ID=57249&GUID=905E2BF0-146D-424F-95C0-D11F40CD615C,"Minutes - Board of Education - Special Meeting – January 4, 2023","Ratification by the Board of Education of its Special Meeting Minutes of January 4, 2023, prepared by Staff shortly after said Meeting.","Minutes, Board of Education",Board of Education,,,,"Ratifies the minutes of the January 4, 2023 special Board meeting","The Board approves the written record of its January 4, 2023 special meeting, prepared by staff shortly after the meeting. There is no cost.",Governance & board business,other,,,,no_cost,,,,,,,true,,,after_work_began; previously_delayed,,,Adopted on the General Consent Report,2023-01-17,true,auto_ok,sonnet-agent,enrich.v3.md,true,
2023-01-17:22-2599,2023-01-17,2023-01-17,special,I.-83,112,general,"Measure N - December 6, 2022 - Jason Gumatatao, Chairperson",22-2599,https://ousd.legistar.com/LegislationDetail.aspx?ID=56867&GUID=1EFD10A3-CE61-4715-AB25-C3BFA27A8A69,Measure N Commission – Aspire Lionel Wilson Preparatory Academy - 2021-2022 Carryover Plan/Budget,"Adoption by the Board of Education, upon recommendation of the Measure N Commission, of Aspire Lionel Wilson Preparatory Academy 2021-2022 Carryover Plan/Budget in the amount of $73,577.96.",Appropriation,Measure N - College and Career Readiness Commission,,,,"Adopts a $73,577.96 Measure N carryover budget for Aspire Lionel Wilson Preparatory Academy","On the recommendation of the Measure N Commission (the group that oversees college and career readiness funding), the Board adopts Aspire Lionel Wilson Preparatory Academy's 2021-2022 carryover plan and budget. The amount is $73,577.96. The text does not describe what the money will buy.",Classroom & academic programs,other,,,Aspire Lionel Wilson Preparatory Academy,expense,fixed,73577.96,,,,,true,,,previously_delayed,,,Adopted on the General Consent Report,2023-01-17,true,auto_ok,sonnet-agent,enrich.v3.md,true,
2023-01-17:22-2600,2023-01-17,2023-01-17,special,I.-84,113,general,"Measure N - December 6, 2022 - Jason Gumatatao, Chairperson",22-2600,https://ousd.legistar.com/LegislationDetail.aspx?ID=56868&GUID=F2351379-20CB-4A44-B4EF-CB4F65C960BB,Measure N Commission – Envision Academy of Arts and Technology - 2021-2022 Carryover Plan/Budget,"Adoption by the Board of Education, upon recommendation of the Measure N Commission, of Envision Academy of Arts and Technology 2021-2022 Carryover Plan/Budget in the amount of $117,793.90.",Appropriation,Measure N - College and Career Readiness Commission,,,,"Adopts a $117,793.90 Measure N carryover budget for Envision Academy of Arts and Technology","On the recommendation of the Measure N Commission (the group that oversees college and career readiness funding), the Board adopts Envision Academy of Arts and Technology's 2021-2022 carryover plan and budget. The amount is $117,793.90. The text does not describe what the money will buy.",Classroom & academic programs,other,,,Envision Academy of Arts and Technology,expense,fixed,117793.9,,,,,true,,,previously_delayed,,,Adopted on the General Consent Report,2023-01-17,true,auto_ok,sonnet-agent,enrich.v3.md,true,
2023-01-17:22-2605,2023-01-17,2023-01-17,special,I.-85,114,general,"Measure N - December 6, 2022 - Jason Gumatatao, Chairperson",22-2605,https://ousd.legistar.com/LegislationDetail.aspx?ID=56873&GUID=193C0EBD-1582-427C-8885-F3BF042F983A,Measure N Commission – East Bay Innovation Academy - 2021-2022 Carryover Plan/Budget,"Adoption by the Board of Education, upon recommendation of the Measure N Commission, of East Bay Innovation Academy 2021-2022 Carryover Plan/Budget in the amount of $16,638.31.",Appropriation,Measure N - College and Career Readiness Commission,,,,"Adopts a $16,638.31 Measure N carryover budget for East Bay Innovation Academy","On the recommendation of the Measure N Commission (the group that oversees college and career readiness funding), the Board adopts East Bay Innovation Academy's 2021-2022 carryover plan and budget. The amount is $16,638.31. The text does not describe what the money will buy.",Classroom & academic programs,other,,,East Bay Innovation Academy,expense,fixed,16638.31,,,,,true,,,previously_delayed,,,Adopted on the General Consent Report,2023-01-17,true,auto_ok,sonnet-agent,enrich.v3.md,true,
2023-01-17:22-2697,2023-01-17,2023-01-17,special,I.-86,116,general,"Measure N - January 3, 2023 - Jason Gumatatao, Chairperson",22-2697,https://ousd.legistar.com/LegislationDetail.aspx?ID=56965&GUID=04BD4B01-860D-430B-BDCA-1B2F16EF0389,23-0134Measure N Commission - Ralph J. Bunche Academy - Full Implementation,"Adoption by the Board of Education, upon recommendation of the Measure N Commission, of Ralph J. Bunche Academy as “Full Implementation” [$850 Per Pupil (Off of Probation)] for the 2023-24 School Year, in an amount not to exceed $51,069.39.",Appropriation,Board of Education,,,,"Funds Ralph J. Bunche Academy at the Measure N Full Implementation level, up to $51,069.39 for 2023-24","On the recommendation of the Measure N Commission (the group that oversees college and career readiness funding), the Board places Ralph J. Bunche Academy at the ""Full Implementation"" level for the 2023-24 school year. That level is $850 per student, and the school is off probation. The total is capped at $51,069.39.",Classroom & academic programs,other,,,Ralph J. Bunche Academy,expense,not_to_exceed,51069.39,,,,,true,2023-07-01,2024-06-30,previously_delayed,,,Adopted on the General Consent Report,2023-01-17,true,auto_ok,sonnet-agent,enrich.v3.md,true,
2023-01-17:22-2891,2023-01-17,2023-01-17,special,I.-87,117,general,"Measure N - January 3, 2023 - Jason Gumatatao, Chairperson",22-2891,https://ousd.legistar.com/LegislationDetail.aspx?ID=57159&GUID=C923D232-2A2D-402E-AB72-49BEFF524384,Measure N Commission - 2022-2023 Education Improvement Plan/ Budget Modification - Oakland High School,"Adoption by the Board of Education, upon recommendation of the Measure N Commission, of a 2022-2023 Education Improvement Plan/Budget modification for Oakland High School reducing from $14,450.00 to $11,129.37, Teacher Salaries Stipends with RISE Teachers and establishing Teacher Salaries Stipends with R. Snyder for $3,320.63, as stated in the justification section of the New or Revised Strategic Action Section of the Budget Modification Form.",Appropriation,Measure N - College and Career Readiness Commission,,,,"Moves $3,320.63 of Oakland High School's Measure N teacher stipend budget to one teacher","On the recommendation of the Measure N Commission (the group that oversees college and career readiness funding), the Board changes Oakland High School's 2022-2023 plan. The stipend line for RISE teachers drops from $14,450.00 to $11,129.37, and a new $3,320.63 stipend line is created for one named teacher. The change shifts money within the plan rather than adding to it.",Classroom & academic programs,other,,,Oakland High School,no_cost,,,,,,,true,,,previously_delayed,,,Adopted on the General Consent Report,2023-01-17,true,auto_ok,sonnet-agent,enrich.v3.md,true,
2023-01-17:22-2892,2023-01-17,2023-01-17,special,I.-88,118,general,"Measure N - January 3, 2023 - Jason Gumatatao, Chairperson",22-2892,https://ousd.legistar.com/LegislationDetail.aspx?ID=57160&GUID=6F0D6CCF-D08B-4B4A-80A2-43C0E06E0EEA,Measure N Commission - 2022-2023 Education Improvement Plan/ Budget Modification - Oakland High School,"Adoption by the Board of Education, upon recommendation of the Measure N Commission, of a 2022-2023 Education Improvement Plan/Budget modification for Oakland High School reducing from $11,129.37 to $10,263.12, Teacher Salaries Stipends with RISE Teachers and establishing Teacher Salaries Stipends with D. Tommasini for $866.25, as stated in the justification section of the New or Revised Strategic Action Section of the Budget Modification Form.",Appropriation,Measure N - College and Career Readiness Commission,,,,Moves $866.25 of Oakland High School's Measure N teacher stipend budget to one teacher,"On the recommendation of the Measure N Commission (the group that oversees college and career readiness funding), the Board changes Oakland High School's 2022-2023 plan. The stipend line for RISE teachers drops from $11,129.37 to $10,263.12, and a new $866.25 stipend line is created for one named teacher. The change shifts money within the plan rather than adding to it.",Classroom & academic programs,other,,,Oakland High School,no_cost,,,,,,,true,,,previously_delayed,,,Adopted on the General Consent Report,2023-01-17,true,auto_ok,sonnet-agent,enrich.v3.md,true,
2023-01-17:22-2893,2023-01-17,2023-01-17,special,I.-89,119,general,"Measure N - January 3, 2023 - Jason Gumatatao, Chairperson",22-2893,https://ousd.legistar.com/LegislationDetail.aspx?ID=57161&GUID=26DC064C-ED29-484A-9837-17F9147E1D93,Measure N Commission - 2022-2023 Education Improvement Plan/ Budget Modification - Oakland High School,"Adoption by the Board of Education, upon recommendation of the Measure N Commission, of a 2022-2023 Education Improvement Plan/Budget modification for Oakland High school reducing from $10,263.12 to $9,396.87, Teacher Salaries Stipends with RISE Teachers and establishing Teacher Salaries Stipends with S. Schoff for $866.25, as stated in the justification section of the New or Revised Strategic Action Section of the Budget Modification Form.",Appropriation,Measure N - College and Career Readiness Commission,,,,Moves $866.25 of Oakland High School's Measure N teacher stipend budget to another teacher,"On the recommendation of the Measure N Commission (the group that oversees college and career readiness funding), the Board changes Oakland High School's 2022-2023 plan. The stipend line for RISE teachers drops from $10,263.12 to $9,396.87, and a new $866.25 stipend line is created for one named teacher. The change shifts money within the plan rather than adding to it.",Classroom & academic programs,other,,,Oakland High School,no_cost,,,,,,,true,,,previously_delayed,,,Adopted on the General Consent Report,2023-01-17,true,auto_ok,sonnet-agent,enrich.v3.md,true,
2023-01-17:22-2894,2023-01-17,2023-01-17,special,I.-90,120,general,"Measure N - January 3, 2023 - Jason Gumatatao, Chairperson",22-2894,https://ousd.legistar.com/LegislationDetail.aspx?ID=57162&GUID=0ED61EA4-7EAA-4E2B-A275-35C0F92E6CF2,Measure N Commission - 2022-2023 Education Improvement Plan/ Budget Modification – Oakland Technical High School,"Adoption by the Board of Education, upon recommendation of the Measure N Commission, of a 2022-2023 Education Improvement Plan/Budget modification for Oakland Technical High School reducing from $78,075.00 to $61,967.00, Teacher Salaries with CTE Teacher and establishing Consultant Contract with MOCHA for $16,108.00, as stated in the justification section of the New or Revised Strategic Action Section of the Budget Modification Form.",Appropriation,Measure N - College and Career Readiness Commission,,n-mocha,,"Shifts $16,108 of Oakland Tech's Measure N teacher salary budget to a MOCHA consultant contract","On the recommendation of the Measure N Commission (the group that oversees college and career readiness funding), the Board changes Oakland Technical High School's 2022-2023 plan. The Career Technical Education teacher salary line drops from $78,075.00 to $61,967.00, and a new $16,108.00 consultant contract with MOCHA is created. The change shifts money within the plan rather than adding to it.",Classroom & academic programs,other,MOCHA,organization,Oakland Technical High School,no_cost,,,,,,,true,,,previously_delayed,,,Adopted on the General Consent Report,2023-01-17,true,auto_ok,sonnet-agent,enrich.v3.md,true,
2023-01-17:22-2895,2023-01-17,2023-01-17,special,I.-91,121,general,"Measure N - January 3, 2023 - Jason Gumatatao, Chairperson",22-2895,https://ousd.legistar.com/LegislationDetail.aspx?ID=57163&GUID=EC8FD921-CF88-4EA7-9913-7F5BAF033321,Measure N Commission - 2022-2023 Education Improvement Plan/ Budget Modification – Oakland Technical High School,"Adoption by the Board of Education, upon recommendation of the Measure N Commission, of a 2022-2023 Education Improvement Plan/Budget modification for Oakland Technical High School reducing from $6,256.25 to $0, Teacher Salaries Stipends with FADA Pathway Co-Director and establishing Teacher Salaries Stipends with Engineering Pathway Co-Director for $12,512.50, as stated in the justification section of the New or Revised Strategic Action Section of the Budget Modification Form.",Appropriation,Measure N - College and Career Readiness Commission,,,,"Moves Oakland Tech Measure N money: $12,512.50 for an Engineering Pathway co-director stipend","This changes the 2022-2023 Measure N budget for Oakland Technical High School. It cuts a teacher stipend for the FADA Pathway co-director from $6,256.25 to $0 and sets up a $12,512.50 teacher stipend for the Engineering Pathway co-director. The text does not say whether other money is added.",Classroom & academic programs,other,,,Oakland Technical High School,expense,fixed,12512.5,,,,,true,2022-07-01,2023-06-30,after_work_began; previously_delayed,,,Adopted on the General Consent Report,2023-01-17,true,auto_ok,sonnet-agent,enrich.v3.md,true,
2023-01-17:22-2896,2023-01-17,2023-01-17,special,I.-92,122,general,"Measure N - January 3, 2023 - Jason Gumatatao, Chairperson",22-2896,https://ousd.legistar.com/LegislationDetail.aspx?ID=57164&GUID=F074ED1F-EEB4-4844-8F7F-1B34B8CA4CA7,Measure N Commission - 2022-2023 Education Improvement Plan/ Budget Modification – Oakland Technical High School,"Adoption by the Board of Education, upon recommendation of the Measure N Commission, of a 2022-2023 Education Improvement Plan/Budget modification for Oakland Technical High school reducing from $750.00 to $700.00, Transportation Costs with Sonoma State and establishing Transportation Costs with Kaiser School of Allied Health for $800.00, as stated in the justification section of the New or Revised Strategic Action Section of the Budget Modification Form.",Appropriation,Measure N - College and Career Readiness Commission,,,,"Shifts Oakland Tech Measure N transportation money, setting up $800 for Kaiser School of Allied Health",This changes the 2022-2023 Measure N budget for Oakland Technical High School. It lowers a transportation line tied to Sonoma State from $750 to $700 and sets up a new $800 transportation line tied to the Kaiser School of Allied Health.,Classroom & academic programs,other,,,Oakland Technical High School,expense,fixed,800,,,,,true,2022-07-01,2023-06-30,after_work_began; previously_delayed,,,Adopted on the General Consent Report,2023-01-17,true,auto_ok,sonnet-agent,enrich.v3.md,true,
2023-01-17:22-2897,2023-01-17,2023-01-17,special,I.-93,123,general,"Measure N - January 3, 2023 - Jason Gumatatao, Chairperson",22-2897,https://ousd.legistar.com/LegislationDetail.aspx?ID=57165&GUID=CFBC314E-3CEE-4E80-BB00-F72074FEFF48,Measure N Commission - 2022-2023 Education Improvement Plan/ Budget Modification – Oakland Technical High School,"Adoption by the Board of Education, upon recommendation of the Measure N Commission, of a 2022-2023 Education Improvement Plan/Budget modification for Oakland Technical High School reducing from $700.00 to $500.00, Transportation Costs with Sonoma State and establishing Transportation Costs with Sage Veterinary Hospital for $950.00, as stated in the justification section of the New or Revised Strategic Action Section of the Budget Modification Form.",Appropriation,Measure N - College and Career Readiness Commission,,,,"Shifts Oakland Tech Measure N transportation money, setting up $950 for Sage Veterinary Hospital",This changes the 2022-2023 Measure N budget for Oakland Technical High School. It lowers a transportation line tied to Sonoma State from $700 to $500 and sets up a new $950 transportation line tied to Sage Veterinary Hospital.,Classroom & academic programs,other,,,Oakland Technical High School,expense,fixed,950,,,,,true,2022-07-01,2023-06-30,after_work_began; previously_delayed,,,Adopted on the General Consent Report,2023-01-17,true,auto_ok,sonnet-agent,enrich.v3.md,true,
2023-01-17:22-2898,2023-01-17,2023-01-17,special,I.-94,124,general,"Measure N - January 3, 2023 - Jason Gumatatao, Chairperson",22-2898,https://ousd.legistar.com/LegislationDetail.aspx?ID=57166&GUID=2D12CB30-88C0-4B7E-844E-62B2A4C951C7,Measure N Commission - 2022-2023 Education Improvement Plan/ Budget Modification – East Bay Innovation Academy,"Adoption by the Board of Education, upon recommendation of the Measure N Commission, of a 2022-2023 Education Improvement Plan/Budget Modification for East Bay Innovation Academy transferring $74,000.00 from 3 different strategic actions; reducing from $21,000.00 to $0.00 Certificated Teacher Salaries, reducing from $21,000.00 to $0.00 Certificated Teacher Salaries, and reducing from $101,029.00 to $69,029 2023-24 Strategic Carryover, and increasing from $30,000.00 to $104,000.00 Certificated Teacher Salaries, as stated in the justification section of the New or Revised Strategic Action Section of the Budget Modification Form.",Appropriation,Measure N - College and Career Readiness Commission,,,,"Transfers $74,000 in Measure N funds to East Bay Innovation Academy teacher salaries","This changes the 2022-2023 Measure N budget for East Bay Innovation Academy. It moves $74,000 from three other budget lines, including the 2023-24 carryover (which falls from $101,029 to $69,029), into certificated (credentialed) teacher salaries, which rise from $30,000 to $104,000.",Classroom & academic programs,other,,,East Bay Innovation Academy,expense,fixed,74000,,,,,true,2022-07-01,2023-06-30,after_work_began; previously_delayed,,,Adopted on the General Consent Report,2023-01-17,true,auto_ok,sonnet-agent,enrich.v3.md,true,
2023-01-17:22-2899,2023-01-17,2023-01-17,special,I.-95,125,general,"Measure N - January 3, 2023 - Jason Gumatatao, Chairperson",22-2899,https://ousd.legistar.com/LegislationDetail.aspx?ID=57167&GUID=A44C5CDF-3BFF-4D28-A978-1A4F90348C74,Measure N Commission - 2022-2023 Education Improvement Plan/ Budget Modification – East Bay Innovation Academy,"Adoption by the Board of Education, upon recommendation of the Measure N Commission, of a 2022-2023 Education Improvement Plan/Budget Modification for East Bay Innovation Academy reducing from $15,000.00 to $0.00 Consultant Contract with Design Innovation Coach Zach Powers and increasing from $69,029.00 to $84,029.00 2023-24 Strategic Carryover, as stated in the justification section of the New or Revised Strategic Action Section of the Budget Modification Form.",Appropriation,Measure N - College and Career Readiness Commission,,n-zach-powers,,"Moves $15,000 in Measure N funds from a consultant contract to East Bay Innovation Academy carryover","This changes the 2022-2023 Measure N budget for East Bay Innovation Academy. It cuts a $15,000 consultant contract with a design innovation coach to $0 and raises the 2023-24 carryover from $69,029 to $84,029.",Classroom & academic programs,other,Zach Powers,individual,East Bay Innovation Academy,expense,fixed,15000,,,,,true,2022-07-01,2023-06-30,after_work_began; previously_delayed,,,Adopted on the General Consent Report,2023-01-17,true,auto_ok,sonnet-agent,enrich.v3.md,true,
2023-01-17:22-2754,2023-01-17,2023-01-17,special,J.-1,127,bonds,,22-2754,https://ousd.legistar.com/LegislationDetail.aspx?ID=57022&GUID=00BC65BF-174F-4886-A211-EF2B4787A6F3,"Declaring the Futility of Public Bidding and Awarding Purchase Order Contract – Apple, Inc. – Fremont High School New Construction Project – Division of Facilities Planning and Management","Approval by the Board of Education of Resolution Number 2223-0159 - Declaring the Futility of Public Bidding for the Purchase of Computer Equipment at The Fremont High School Site, and Approving a Contract for that Purchase [with Apple, Inc., Austin, TX, Purchase Order Contract, in the amount of $492,545.89, Education Price Quote No. 2211355883) to procure the Products, specified in Exhibit “A,” of Contract, for Fremont High School New Construction Project, with work scheduled to commence on January 18, 2023, and scheduled to last until June 30, 2023.",Agreement or Contract,"Deputy Chief, Facilities Planning and Management",,n-apple,"Fund 21 Building Funds, Measure J","Buys $492,545.89 of Apple computer equipment for the new Fremont High School without public bidding","The district will buy computer equipment from Apple for the Fremont High School New Construction Project, paid from Measure J building funds. The Board declares that public bidding would be futile and skips it. Work is scheduled from January 18 to June 30, 2023.",Technology,new_agreement,"Apple, Inc.",organization,Fremont High School,expense,fixed,492545.89,,,,,true,2023-01-18,2023-06-30,no_competitive_bid; previously_delayed,,,Adopted on the General Consent Report,2023-01-17,true,auto_ok,sonnet-agent,enrich.v3.md,true,
2023-01-17:22-2760,2023-01-17,2023-01-17,special,J.-2,128,bonds,,22-2760,https://ousd.legistar.com/LegislationDetail.aspx?ID=57028&GUID=313C4127-463E-4BD5-A38B-00FD19C78912,"Amendment No. 1, Agreement for Architectural Services – HKIT Architects – Glenview Elementary School New Construction Project – Division of Facilities Planning and Management","Approval by the Board of Education of Amendment No. 1, Agreement for Architectural Services by and between the District and HKIT Architects, Oakland, CA, for the latter to provide additional architectural services, with Scope including the design of additional equipment for the supervising station for the Bosch cellular equipment, preparation of corrective measures related to the exposed soil condition below southern site retaining wall, and design services for the footing and anchorage of the three signs; also includes future work to design and document the acoustic improvements to the Multi-Purpose Room in an effort to meet standard for Collaborative For High Performance School (CHPS) base scope, for the Glenview Elementary School New Construction Project, as described in the Proposal dated November 7, 2022, attached to this Amendment, as part of Exhibit A, in an additional not-to-exceed amount of $49,105.50, increasing the Agreement not-to-exceed amount from $29,973.90 to $83,989.95, and extending the term of Agreement from December 16, 2021 through June 30, 2022 to September 1, 2023 (an additional 428 calendar days). All other terms and conditions of the Agreement remain in full force and effect.",Agreement or Contract,"Deputy Chief, Facilities Planning and Management",001995,v-001995,"Fund 21 Building Fund, Measure J","Adds $49,105.50 and more time for HKIT Architects at the new Glenview Elementary School","This amendment adds architectural work for the Glenview Elementary School New Construction Project, including security equipment design, a fix for exposed soil near a retaining wall, sign footings and future sound-improvement design for the multi-purpose room. It extends the contract to September 1, 2023. The stated added amount and the stated new total do not match.",School buildings & construction,amendment,HKIT Architects,organization,Glenview Elementary School,expense,not_to_exceed,49105.5,,,29973.9,83989.95,true,2021-12-16,2023-09-01,after_work_began; raises_existing_contract; large_increase; previously_delayed; multi_year,,,Adopted on the General Consent Report,2023-01-17,true,auto_ok,sonnet-agent,enrich.v3.md,true,
2023-01-17:22-2793,2023-01-17,2023-01-17,special,J.-3,129,bonds,,22-2793,https://ousd.legistar.com/LegislationDetail.aspx?ID=57061&GUID=0B645B00-8B9C-46AB-B9CB-8238F8D0CE63,Agreement for Architectural Services – LCA Architects – Division of State Architect (DSA) Certification of Legacy Project – Division of Facilities Planning and Management,"Approval by the Board of Education of an Agreement for Architectural Services by and between the District and LCA Architects, Oakland, CA, for the latter to provide Basic Services consisting of design services, including landscaping architectural services and landscape irrigation design, civil, structural, mechanical, and electrical engineering services, normally required to complete the Project, including, but not limited to, … facilitate the closeout of the outstanding DSA legacy projects, as described in Agreement, incorporated herein by reference as though fully set forth, for the DSA Certification for Legacy Project, in the not-to-exceed amount of $88,160.00, which includes not-to-exceed amounts of $75,600.00 for Basic Services, $7,560.00 for additional services, and $5,000.00 for reimbursable expenses, with work scheduled to commence on January 12, 2023, and scheduled to last until December 30, 2023.",Agreement or Contract,"Deputy Chief, Facilities Planning and Management",002515,v-002515,"Fund 21 Building Fund, Measure J","Hires LCA Architects for up to $88,160 to close out older state-certification projects","LCA Architects will provide design and engineering services to help finish the outstanding state certification for older (legacy) building projects with the Division of the State Architect. The $88,160 limit includes $75,600 for basic services, $7,560 for additional services and $5,000 for expenses. Work runs from January 12 to December 30, 2023.",School buildings & construction,new_agreement,LCA Architects,organization,,expense,not_to_exceed,88160,,,,,true,2023-01-12,2023-12-30,after_work_began; previously_delayed,,,Adopted on the General Consent Report,2023-01-17,true,auto_ok,sonnet-agent,enrich.v3.md,true,
2023-01-17:22-2801,2023-01-17,2023-01-17,special,J.-4,130,bonds,,22-2801,https://ousd.legistar.com/LegislationDetail.aspx?ID=57069&GUID=C207E39B-D7D1-4618-A041-6C9F374264E4,"Change Order No. 1 Agreement Between Owner and Contractor – G & G Builders, Inc.– The OAK at Howard Elementary School Site Improvements Project - Division of Facilities Planning and Management","Approval by the Board of Education of Change Order No. 1, Agreement Between Owner and Contractor by and between the District and G & G Builders, Inc., Livermore, CA, for latter’ scope reduction, from Agreement, as follows: 1) Delete from contract demo and removal of 74'x42' (multi-sport court area) or 3,100 SF of existing asphalt {after investigation this work was not required); 2) Delete from contract new 74'x42' or 3,100 SF (multi-sport court) of new concrete rat-slab (after Investigation this work was not required); 3) Delete to remove (1) basketball hoop (G&G only removed 3 hoops in lieu of 4, as Kaboom already remove done for them} [After the contractor was on board, and after investigation walk with both the contractor and the multi-sport court manufacturer, it was decided that some additional scope was not required. Kaboom took care of not just the installation of the multi-sport court but also the minimal site required for the install], for the OAK at Howard Elementary School Site Improvements Project, in the deductive amount of $53,566.35, reducing the Agreement not to exceed amount from $116,977.00 to $63,410.65.00. All other terms and conditions of the Agreement remain in full force and effect.",Agreement or Contract,"Deputy Chief, Facilities Planning and Management",001772,v-001772,"Fund 21 Building Fund,Measure J","Cuts $53,566.35 from G & G Builders' contract at the OAK at Howard Elementary after work proved unneeded","This change order removes work from the OAK at Howard Elementary School Site Improvements Project: demolition and new concrete for a multi-sport court area and removal of one basketball hoop. The text says investigation showed the work was not needed because another group, Kaboom, had already handled the court installation. The contract limit falls from $116,977.00 to $63,410.65.",School buildings & construction,change_order,"G & G Builders, Inc.",organization,Howard Elementary School,decrease,fixed,53566.35,,,116977,63410.65,true,,,previously_delayed,,,Adopted on the General Consent Report,2023-01-17,true,auto_ok,sonnet-agent,enrich.v3.md,true,
2023-01-17:22-2818,2023-01-17,2023-01-17,special,J.-5,131,bonds,,22-2818,https://ousd.legistar.com/LegislationDetail.aspx?ID=57086&GUID=B98CB200-84C7-423A-A1F7-4016D74C3A88,"Amendment No. 1, General Services Agreement – Mayekawa USA Inc. – The Center Project - Division of Facilities Planning and Management","Approval by the Board of Education of Amendment No. 1, General Services Agreement by and between the District and Mayekawa USA Inc., York, PA, for the latter to provide a final walkthrough, inspection and follow-up training for the completion of the newly installed Mayekawa Refrigeration System, for the Center Project, as described in the Quotation dated September 16, 2022, attached to this Amendment as Exhibit A, in the additional amount of $42,641.04, increasing the  Agreement’s not-to-exceed amount from $7,805.00 to $50,446.04 and extending the term of the Agreement from June 23, 2022 through December 31, 2022 to June 30, 2023 (an additional 181 calendar days). All other terms and conditions of the Agreement remain in full force and effect.",Agreement or Contract,"Deputy Chief, Facilities Planning and Management",006920,v-006920,"Fund 21 Building Fund, Measure B","Adds $42,641.04 and six months for Mayekawa USA's refrigeration system inspection and training at The Center","This amendment pays Mayekawa USA for a final walkthrough, inspection and follow-up training on the new refrigeration system at The Center Project, paid from Measure B building funds. It raises the contract limit from $7,805 to $50,446.04 and extends the end date to June 30, 2023.",School buildings & construction,amendment,Mayekawa USA Inc.,organization,,expense,not_to_exceed,42641.04,,,7805,50446.04,true,2022-06-23,2023-06-30,after_work_began; raises_existing_contract; large_increase; previously_delayed,,,Adopted on the General Consent Report,2023-01-17,true,auto_ok,sonnet-agent,enrich.v3.md,true,
2023-01-17:22-2819,2023-01-17,2023-01-17,special,J.-6,132,bonds,,22-2819,https://ousd.legistar.com/LegislationDetail.aspx?ID=57087&GUID=355A91AA-0BDF-4C12-958E-6CA3921EAF8D,Agreement Between Owner and Contractor – Deco Tech Systems – Oakland High School Security Improvement Project - Division of Facilities Planning and Management,"Approval by the Board of Education of Agreement Between Owner and Contractor by and between the District and Deco Tech Systems, Walnut Creek, CA, for the latter to perform Scope of Work that includes but not limited to Installation, replacement, and repair of surveillance cameras at Oakland High School including approximately 4 new, 102 replacements and 5 repairs; also  includes installation of door entry intercom system including Cisco CP-8865 Desk Station, Aiphone IX-DV series Video Door Station, Assa Abloy HES 9600 electric door strike, IXW-MA network relay, power supplies, conduit, wiring, programming, and training; program all cameras, including the Aiphone door station, into and integrated into Milestone XProtect software, for the Oakland High School Security Improvement Project, in the amount of $240,500.00, which includes a contingency allowance of $21,500.00, as the lowest responsive, responsible bidder, with the work anticipated to commence on January 18, 2023, and scheduled to last for ninety days (90), with an anticipated ending on April 17, 2023.",Agreement or Contract,"Deputy Chief, Facilities Planning and Management",001325,v-001325,"Fund 21 Building Fund, Measure Y","Awards Deco Tech Systems $240,500 for new security cameras and door intercoms at Oakland High","Deco Tech Systems was the lowest responsive, responsible bidder to install, replace and repair security cameras at Oakland High School and to add a door intercom system. The $240,500 includes a $21,500 contingency allowance. Work is expected to run 90 days, from January 18 to April 17, 2023.",School buildings & construction,bid_award,Deco Tech Systems,organization,Oakland High School,expense,fixed,240500,,,,,true,2023-01-18,2023-04-17,previously_delayed,,,Adopted on the General Consent Report,2023-01-17,true,auto_ok,sonnet-agent,enrich.v3.md,true,
