item_id,meeting_key,meeting_date,meeting_kind,agenda_number,agenda_sequence,consent_section,group,file_number,legistar_url,title,official_text,matter_type,presenter,vendor_number,vendor_key,funding_source,headline,summary,category,subcategory,action_type,vendor_name,vendor_kind,schools,money_direction,amount_type,amount,amount_range_low,amount_range_high,prior_total,new_total,amount_verified,term_start,term_end,flags,source_issue,pulled_from_consent,outcome_action,outcome_date,adopted,review_status,model_id,prompt_version,counts_toward_totals,duplicate_of
2023-06-07:23-1014,2023-06-07,2023-06-07,special,T.-1,61,general,"Chief, Systems and Services Officer",23-1014,https://ousd.legistar.com/gateway.aspx?M=L&ID=58257,"Award of Bid (IFB) No. 22-134NS and Template Agreement Milk and Dairy Products – Crystal Creamery, Inc. – Nutrition Services Department","Approval by the Board of Education (Board) of Award of Bid IFB No. 22-134NS and Template Agreement Milk and Dairy Products by and between District and Crystal Creamery, Inc., Modesto, CA, for the latter to provide Milk and Dairy Products, K12 Meal Program to District, as the lowest responsive, responsible bidder, in an amount not to exceed $795,000.00, for one year commencing on July 1, 2023, with two (2) one-year options for renewal upon further mutual agreement of the Parties, pursuant to Section 3 of the Template Agreement. All other bids, if any, are hereby rejected.",Agreement or Contract,Chief Systems and Services Officer,001249,v-001249,5310 Child Nutrition School Program,"Awards Crystal Creamery up to $795,000 to supply milk and dairy products for school meals","The district is buying milk and dairy products for its K-12 meal program from Crystal Creamery, which the text says was the lowest responsive, responsible bidder. The contract is capped at $795,000 for one year starting July 1, 2023, with two one-year renewal options if both sides agree. All other bids are rejected.","Food, transportation & operations",,bid_award,Crystal Creamery,organization,,expense,not_to_exceed,795000,,,,,true,2023-07-01,2024-06-30,,,,Adopted on the General Consent Report,2023-06-07,true,auto_ok,sonnet-agent,enrich.v5.md,true,
2023-06-07:23-1025,2023-06-07,2023-06-07,special,T.-2,62,general,"Chief, Systems and Services Officer",23-1025,https://ousd.legistar.com/gateway.aspx?M=L&ID=58268,Award of RFP No. 22-138NS and Template Agreement Fresh Bakery Items – The Bonami Baking Company – Nutrition Services Department,"Approval by the Board of Education (Board) of Award of RFP No. 22-138NS and Template Agreement Fresh Bakery by and between District and The Bonami Baking Company, Pittsburg, CA, for the latter to provide Fresh Bakery Products, K12 Meal Program to District as the lowest responsive, responsible bidder, in an amount not to exceed $450,000.00, for one year commencing on July 1, 2023, with two (2) one-year options for renewal upon further mutual agreement of the Parties, pursuant to Section 3 of the Contract Agreement. All other bids, if any, are hereby rejected.",Agreement or Contract,Chief Systems and Services Officer,007852,v-007852,5310 Child Nutrition School Program,"Awards The Bonami Baking Company up to $450,000 to supply fresh bakery products for school meals","The district is buying fresh bakery products for its K-12 meal program from The Bonami Baking Company, which the text says was the lowest responsive, responsible bidder. The contract is capped at $450,000 for one year starting July 1, 2023, with two one-year renewal options if both sides agree. All other bids are rejected.","Food, transportation & operations",,bid_award,The Bonami Baking Company,organization,,expense,not_to_exceed,450000,,,,,true,2023-07-01,2024-06-30,,,,Adopted on the General Consent Report,2023-06-07,true,auto_ok,sonnet-agent,enrich.v5.md,true,
2023-06-07:23-1026,2023-06-07,2023-06-07,special,T.-3,63,general,"Chief, Systems and Services Officer",23-1026,https://ousd.legistar.com/gateway.aspx?M=L&ID=58269,Award of RFP No. 22-131NS and Template Agreement Fresh Fruits and Vegetables – Pacific Rim Produce - Nutrition Services Department,"Approval by the Board of Education (Board) of Award of RFP No. 22-131NS and Template Agreement Fresh Fruits and Vegetables by and between District and Pacific Rim Produce, Alameda, CA, for the latter to provide Fresh Fruits and Vegetable Products, K12 Meal Program to District, as the lowest responsive, responsible bidder, in an amount not to exceed $2,000,000.00, for one year commencing on July 1, 2023, with two (2) one-year options for renewal upon further mutual agreement of the Parties, pursuant to Section 3 of the Contract Agreement. All other bids, if any, are hereby rejected.",Agreement or Contract,Chief Systems and Services Officer,003248,v-003248,5310 Child Nutrition School Program,"Awards Pacific Rim Produce up to $2,000,000 to supply fresh fruits and vegetables for school meals","The district is buying fresh fruits and vegetables for its K-12 meal program from Pacific Rim Produce, which the text says was the lowest responsive, responsible bidder. The contract is capped at $2,000,000 for one year starting July 1, 2023, with two one-year renewal options if both sides agree. All other bids are rejected.","Food, transportation & operations",,bid_award,Pacific Rim Produce,organization,,expense,not_to_exceed,2000000,,,,,true,2023-07-01,2024-06-30,,,,Adopted on the General Consent Report,2023-06-07,true,auto_ok,sonnet-agent,enrich.v5.md,true,
2023-06-07:23-1309,2023-06-07,2023-06-07,special,T.-4,64,general,"Chief, Systems and Services Officer",23-1309,https://ousd.legistar.com/gateway.aspx?M=L&ID=58552,"Award of Bid (IFB) No. 22-140NS and Contract Agreement Groceries - Gold Star Foods, Inc. - Nutrition Services Department","Approval by the Board of Education (Board) of Award of Bid (IFB) No. 22-140NS and Contract Agreement Groceries by and between District and Goldstar Foods, Inc., Ontario, CA, for the latter to provide Grocery Products, K-12 Meal Program to District, as the lowest responsive, responsible bidder, in an amount not to exceed $10,000,000.00, for one year commencing July 1, 2023, with two (2) one-year option for renewal upon further mutual agreement of the Parties, pursuant to Section 3 of the Contract Agreement. All other bids, if any, are hereby rejected.",Agreement or Contract,Chief Systems and Services Officer,001859,v-001859,5310 Child Nutrition School Program,"Awards Goldstar Foods up to $10,000,000 to supply grocery products for school meals","The district is buying grocery products for its K-12 meal program from Goldstar Foods, which the text says was the lowest responsive, responsible bidder. The contract is capped at $10,000,000 for one year starting July 1, 2023, with two one-year renewal options if both sides agree. All other bids are rejected.","Food, transportation & operations",,bid_award,"Goldstar Foods, Inc.",organization,,expense,not_to_exceed,10000000,,,,,true,2023-07-01,2024-06-30,,,,Adopted on the General Consent Report,2023-06-07,true,auto_ok,sonnet-agent,enrich.v5.md,true,
2023-06-07:23-1310,2023-06-07,2023-06-07,special,T.-5,65,general,"Chief, Systems and Services Officer",23-1310,https://ousd.legistar.com/gateway.aspx?M=L&ID=58553,Award of RFP No. 22-138NS and Contract Agreement - Food Service Supplies - Nutrition Services Department,"Approval by the Board of Education (Board) of Award of RFP No. 22-138NS and Contract Agreement Food Service Supplies by and between District and Individual FoodService, Bell, CA, for the latter to provide Food Service Supplies, K-12 Meal Program to District, as the lowest responsive, responsible bidder, in an amount not to exceed $1,650,000.00, for one year commencing July 1, 2023, with two (2) one-year option for renewal upon further mutual agreement of the Parties, pursuant to Section 3 of the Contract Agreement. All other bids, if any, are hereby rejected.",Agreement or Contract,Chief Systems and Services Officer,006804,v-006804,5310 Child Nutrition School Program,"Awards Individual FoodService up to $1,650,000 to supply food service supplies for school meals","The district is buying food service supplies for its K-12 meal program from Individual FoodService, which the text says was the lowest responsive, responsible bidder. The contract is capped at $1,650,000 for one year starting July 1, 2023, with two one-year renewal options if both sides agree. All other bids are rejected.","Food, transportation & operations",,bid_award,Individual FoodService,organization,,expense,not_to_exceed,1650000,,,,,true,2023-07-01,2024-06-30,,,,Adopted on the General Consent Report,2023-06-07,true,auto_ok,sonnet-agent,enrich.v5.md,true,
2023-06-07:23-1278,2023-06-07,2023-06-07,special,T.-6,67,general,Chief Business Officer,23-1278,https://ousd.legistar.com/gateway.aspx?M=L&ID=58521,Services Agreement 2023-2024 - AssetWorks Risk Management Inc. - Risk Management Department,"Approval by the Board of Education of a Services Agreement 2022-2023 by and between the District and AssetWorks Risk Management Inc, Pittsburgh, PA, for the latter to conduct an onsite inspection to perform an inventory verification of machinery and equipment fixed assets with an original cost of $500.00 and greater, with resulting data providing District proper accountability and stewardship of capital assets, assisting with the financial reporting requirements of Governmental Accounting Standards Board (GASB) 34, and external audit requirements, with additional detail in vendor proposal, for the period of July 1, 2023 through December 31, 2024, in an amount not to exceed $225,000.00, via the Risk Management Department.",Agreement or Contract,Chief Financial Officer,,n-assetworks-risk-management,,"Pays AssetWorks up to $225,000 to verify the district's equipment inventory through 2024","AssetWorks Risk Management will inspect district sites and verify its inventory of machinery and equipment that cost $500 or more. The data supports the district's accountability for capital assets, its financial reporting under Governmental Accounting Standards Board rules, and its outside audit. The agreement runs July 1, 2023 through December 31, 2024 and is capped at $225,000.","Budget, finance & payments",,new_agreement,AssetWorks Risk Management Inc,organization,,expense,not_to_exceed,225000,,,,,true,2023-07-01,2024-12-31,multi_year,,,Adopted on the General Consent Report,2023-06-07,true,auto_ok,sonnet-agent,enrich.v5.md,true,
2023-06-07:23-1439,2023-06-07,2023-06-07,special,T.-7,68,general,Chief Business Officer,23-1439,https://ousd.legistar.com/gateway.aspx?M=L&ID=58682,Agreement for Special Education Non-Public Transportation Services - JIR Inc. - Transportation Services Department,"Approval by the Board of Education of an Agreement for Special Education Non-Public Transportation Services by and between the District and JIR Inc., Hayward, CA, for the latter to provide Special Education transportation vehicles for District school sites and programs, for the term July 1, 2023 through June 30, 2026: as specified: with first “contract year” being from June 30 to July 1, and any successive “contract year” being from July 1 of one year to June 30 of the next successive year; in an amount not to exceed $950,000.00, per contract year. Agreement may be extended for [two (2) additional one (1) year terms] upon mutual written agreement of both parties.",Agreement or Contract,Chief Financial Officer,,n-jir,,"Pays JIR Inc. up to $950,000 a year for special education transportation through 2026","The district is contracting with JIR Inc. to provide transportation vehicles for students in special education at district school sites and programs. The agreement covers July 1, 2023 through June 30, 2026 and is limited to $950,000 per contract year. It may be extended for two more one-year terms if both sides agree in writing.",Special education,Transportation,new_agreement,JIR Inc.,organization,,expense,per_year,950000,,,,,true,2023-07-01,2026-06-30,yearly_cap; no_total_stated; multi_year,,,Adopted on the General Consent Report,2023-06-07,true,auto_ok,sonnet-agent,enrich.v5.md,true,
2023-06-07:23-1440,2023-06-07,2023-06-07,special,T.-8,69,general,Chief Business Officer,23-1440,https://ousd.legistar.com/gateway.aspx?M=L&ID=58683,Agreement for Special Education Non-Public Transportation Services - Bay Area Wheelchair Transport - Transportation Services Department,"Approval by the Board of Education of an Agreement for Special Education Non-Public Transportation Services by and between the District and Bay Area Wheelchair Transport, for the latter to provide Special Education transportation vehicles for District school sites and programs, for the term July 1, 2023 through June 30, 2026: as specified: with first “contract year” being from June 30 to July 1, and any successive “contract year” being from July 1 of one year to June 30 of the next successive year; in an amount not to exceed $300,000.00, per contract year. Agreement may be extended for [two (2) additional one (1) year terms] upon mutual written agreement of both parties.",Agreement or Contract,Chief Financial Officer,,n-bay-area-wheelchair-transport,,"Pays Bay Area Wheelchair Transport up to $300,000 a year for special education transportation through 2026","The district is contracting with Bay Area Wheelchair Transport to provide transportation vehicles for students in special education at district school sites and programs. The agreement covers July 1, 2023 through June 30, 2026 and is limited to $300,000 per contract year. It may be extended for two more one-year terms if both sides agree in writing.",Special education,Transportation,new_agreement,Bay Area Wheelchair Transport,organization,,expense,per_year,300000,,,,,true,2023-07-01,2026-06-30,yearly_cap; no_total_stated; multi_year,,,Adopted on the General Consent Report,2023-06-07,true,auto_ok,sonnet-agent,enrich.v5.md,true,
2023-06-07:23-1441,2023-06-07,2023-06-07,special,T.-9,70,general,Chief Business Officer,23-1441,https://ousd.legistar.com/gateway.aspx?M=L&ID=58684,Agreement for Special Education Non-Public Transportation Services - Rids Brother Company Inc. - Transportation Department,"Approval by the Board of Education of an Agreement for Special Education Non-Public Transportation Services by and between the District and Rids Brother Company, Inc., for the latter to provide Special Education transportation vehicles for District school sites and programs, for the term July 1, 2023 through June 30, 2026: as specified: with first “contract year” being from June 30 to July 1, and any successive “contract year” being from July 1 of one year to June 30 of the next successive year; in an amount not to exceed $1,600,000.00, per contract year. Agreement may be extended for [two (2) additional one (1) year terms] upon mutual written agreement of both parties.",Agreement or Contract,Chief Financial Officer,,n-rids-brother,,"Pays Rids Brother Company, Inc. up to $1,600,000 a year for special education transportation through 2026","The district is contracting with Rids Brother Company, Inc. to provide transportation vehicles for students in special education at district school sites and programs. The agreement covers July 1, 2023 through June 30, 2026 and is limited to $1,600,000 per contract year. It may be extended for two more one-year terms if both sides agree in writing.",Special education,Transportation,new_agreement,"Rids Brother Company, Inc.",organization,,expense,per_year,1600000,,,,,true,2023-07-01,2026-06-30,yearly_cap; no_total_stated; multi_year,,,Adopted on the General Consent Report,2023-06-07,true,auto_ok,sonnet-agent,enrich.v5.md,true,
2023-06-07:23-1442,2023-06-07,2023-06-07,special,T.-10,71,general,Chief Business Officer,23-1442,https://ousd.legistar.com/gateway.aspx?M=L&ID=58685,Agreement for Special Education Non-Public Transportation Services - First American Transit Inc - Transportation Services Department,"Approval by the Board of Education of an Agreement for Special Education Non-Public Transportation Services by and between the District and First American Transit, Inc., Alameda, CA, for the latter to provide Special Education transportation vehicles for District school sites and programs, for the term July 1, 2023 through June 30, 2026: as specified: with first “contract year” being from June 30 to July 1, and any successive “contract year” being from July 1 of one year to June 30 of the next successive year; in an amount not to exceed $300,000.00, per contract year. Agreement may be extended for [two (2) additional one (1) year terms] upon mutual written agreement of both parties.",Agreement or Contract,Chief Financial Officer,,n-first-american-transit,,"Pays First American Transit, Inc. up to $300,000 a year for special education transportation through 2026","The district is contracting with First American Transit, Inc. to provide transportation vehicles for students in special education at district school sites and programs. The agreement covers July 1, 2023 through June 30, 2026 and is limited to $300,000 per contract year. It may be extended for two more one-year terms if both sides agree in writing.",Special education,Transportation,new_agreement,"First American Transit, Inc.",organization,,expense,per_year,300000,,,,,true,2023-07-01,2026-06-30,yearly_cap; no_total_stated; multi_year,,,Adopted on the General Consent Report,2023-06-07,true,auto_ok,sonnet-agent,enrich.v5.md,true,
2023-06-07:23-1148,2023-06-07,2023-06-07,special,T.-11,73,general,"Deputy Chief, Facilities Planning and Management",23-1148,https://ousd.legistar.com/gateway.aspx?M=L&ID=58391,Agreement Between Owner and Contractor - Data Media Services - Various Sites Door Entry Systems Group 1 - Division of Facilities Planning and Management,"Approval by the Board of Education of Agreement Between Owner and Contractor by and between the District and Data Media Services, Stockton, CA, for the latter to provide installation of AlPhone door entry intercom systems at various sites including Cisco CP-8865 Desk Station, IX series Video Door Station, Assa Abloy HES 9600 electric door strike, IXW-MA network relay, power supplies, conduit, wiring, training, and programming to include integration into Cisco Call Manager and Milestone XProtect surveillance camera software. Sites: Bridges at Melrose Elementary School, Greenleaf Elementary School, Castlemont High School, Burckhalter Elementary School, Piedmont Avenue Elementary School for the Various Sites Door Entry Systems Group 1 Project, in the amount of $113,000.00, which includes a contingency of $15,000.00, as the lowest responsive, responsible bidder, with the work anticipated to commence on June 8, 2023, and scheduled to last for ninety (90), with an anticipated ending of September 5, 2023.",Agreement or Contract,"Deputy Chief, Facilities Planning and Management",006952,v-006952,Fund 01 General Fund ESSER III,"Hires Data Media Services for $113,000 to install door entry intercoms at five schools","Data Media Services will install door entry intercom systems, including video door stations and electric door strikes, at five school sites and connect them to the district's phone and surveillance camera software. The $113,000 price includes a $15,000 contingency and the company was the lowest responsive, responsible bidder. Work is expected to run from June 8 to September 5, 2023.",School buildings & construction,,bid_award,Data Media Services,organization,Bridges at Melrose Elementary School; Greenleaf Elementary School; Castlemont High School; Burckhalter Elementary School; Piedmont Avenue Elementary School,expense,fixed,113000,,,,,true,2023-06-08,2023-09-05,,,,Adopted on the General Consent Report,2023-06-07,true,auto_ok,sonnet-agent,enrich.v5.md,true,
2023-06-07:23-1217,2023-06-07,2023-06-07,special,T.-12,74,general,"Deputy Chief, Facilities Planning and Management",23-1217,https://ousd.legistar.com/gateway.aspx?M=L&ID=58460,Public Utility Easement - Pacific Gas and Electric Company - District Participation - Electrical Vehicle Charge Schools and Parks Program [Notice of Intent],"Adoption by the Board of Education of Resolution No. 2223-0218 Resolution of Intent to Dedicate Public Utility Easement to The Pacific Gas and Electric Company for The District’s Participation In The Pacific Gas and Electric Company’s Electrical Vehicle Charge Schools And Parks Program [allowing PG&E to access East Oakland Pride Elementary School (“Site”) to install and maintain the components of the electrical vehicle chargers PG&E is providing as part of the District’s participation in PG&E’s program to provide electric vehicle charging infrastructure at school facilities (i.e., PG&E’s Electric Vehicle Charge Schools and Parks Program, herein after the “Program”)].",Resolution,"Deputy Chief, Facilities Planning and Management",,v-003241,,Declares intent to give PG&E an easement at East Oakland Pride Elementary for EV chargers,This resolution announces the board's intent to dedicate a public utility easement to Pacific Gas and Electric Company. The easement lets PG&E reach East Oakland Pride Elementary School to install and maintain electric vehicle chargers it is providing under its Electric Vehicle Charge Schools and Parks Program. The text states no dollar amount.,Governance & board business,,resolution_or_policy,Pacific Gas and Electric Company,organization,East Oakland Pride Elementary School,no_cost,,,,,,,true,,,pulled_from_consent,,"Adopted in its own vote at this meeting (6–0), instead of with the rest of the consent report.",Adopted,2023-06-07,true,auto_ok,sonnet-agent,enrich.v5.md,true,
2023-06-07:23-1110,2023-06-07,2023-06-07,special,T.-13,75,general,"Deputy Chief, Facilities Planning and Management",23-1110,https://ousd.legistar.com/gateway.aspx?M=L&ID=58353,Agreement Between Owner and Contractor - R.F. MacDonald Company – Burbank Preschool Boiler Replacement Project – Buildings and Grounds Department,"Approval by the Board of Education of Agreement Between Owner and Contractor by and between the District and R.F. MacDonald Company, Hayward, CA,  for the latter to provide demolition and removal of two existing boilers, and related controls from the boiler room.  Abatement of all hazardous materials based on ACC environmental report (attached) and dispose of all debris.  Full inspection of the existing condensation pump for its condition and compliance with the new system (Replace if necessary), Installation of two (2) 3,500 MBH cast iron sectional Boilers. Installation of pressure gauges, Installation of the outdoor Air sensor for the boiler lockout, Installation of the boiler related proper safeties.  Boilers to connect to the existing flue pipe.  Floor drain and the natural gas is available at the boiler room and complete training.  Provide As-Builds, Operational Manuals, and Warranties upon completion of the project will be required.  Listed below are the recommended manufactures for this project. Boiler types: Cleaver Brooks, Raypack, Weil McLain. Feed/Condensation Pumps: SHIPCO or Similar. Gauges: U.S. Gauges, Marsh, Danton, for the Burbank Preschool Boiler Replacement Project, in the lump sum amount of $346,000.00, which includes a contingency allowance of $32,000.00, as the lowest responsive, responsible bidder, with the work anticipated to commence on June 8, 2023, and required to be completed within sixty days (60), with an anticipated ending of August 6, 2023.",Agreement or Contract,"Deputy Chief, Facilities Planning and Management",003514,v-003514,"Fund 140, Deferred Maintenance","Hires R.F. MacDonald for $346,000 to replace the boilers at Burbank Preschool","R.F. MacDonald Company will remove two old boilers, clean up hazardous materials and install two new boilers with controls and safety equipment at Burbank Preschool. The lump sum of $346,000 includes a $32,000 contingency, and the company was the lowest responsive, responsible bidder. Work is expected to run from June 8 to August 6, 2023.",School buildings & construction,,bid_award,R.F. MacDonald Company,organization,Burbank Preschool,expense,fixed,346000,,,,,true,2023-06-08,2023-08-06,,,,Adopted on the General Consent Report,2023-06-07,true,auto_ok,sonnet-agent,enrich.v5.md,true,
2023-06-07:23-1149,2023-06-07,2023-06-07,special,T.-14,76,general,"Deputy Chief, Facilities Planning and Management",23-1149,https://ousd.legistar.com/gateway.aspx?M=L&ID=58392,Agreement Between Owner and Contractor - Data Media Services - Various Sites Door Entry Systems Group 2 - Division of Facilities Planning and Management,"Approval by the Board of Education of Agreement Between Owner and Contractor by and between the District and Data Media Services, Stockton, CA, for the latter to provide installation of AIPhone door entry intercom systems at various sites including Cisco CP-8865 Desk Station, IX series Video Door Station, Assa Abloy HES 9600 electric door strike, IXW-MA network relay, power supplies, conduit, wiring, training, and programming to include integration into Cisco Call Manager and Milestone XProtect surveillance camera software. Sites: Laurel Elementary School, Redwood Heights Elementary School, Burbank CDC, United for Success Academy, Carl B. Munck Elementary School for the Various Sites Door Entry Systems Group 2 Project, in the amount of $112,000.00, which includes a contingency of $15,000.00, as the lowest responsive, responsible bidder, with the work anticipated to commence on June 8, 2023, and scheduled to last for ninety (90) days, with an anticipated ending of September 5, 2023.",Agreement or Contract,"Deputy Chief, Facilities Planning and Management",006952,v-006952,Fund 01 General Fund ESSER III,"Hires Data Media Services for $112,000 to install door entry intercoms at five sites","Data Media Services will install door entry intercom systems, including video door stations and electric door strikes, at five school sites and connect them to the district's phone and surveillance camera software. The $112,000 price includes a $15,000 contingency and the company was the lowest responsive, responsible bidder. Work is expected to run from June 8 to September 5, 2023.",School buildings & construction,,bid_award,Data Media Services,organization,Laurel Elementary School; Redwood Heights Elementary School; Burbank CDC; United for Success Academy; Carl B. Munck Elementary School,expense,fixed,112000,,,,,true,2023-06-08,2023-09-05,,,,Adopted on the General Consent Report,2023-06-07,true,auto_ok,sonnet-agent,enrich.v5.md,true,
2023-06-07:23-1230,2023-06-07,2023-06-07,special,T.-15,77,general,"Deputy Chief, Facilities Planning and Management",23-1230,https://ousd.legistar.com/gateway.aspx?M=L&ID=58473,"Agreement for Maintenance - Competitively Bid - VP Hauling Demolition - Various Sites (8) Kaiser, Hillcrest, Thornhill, Montera, Joaquin Miller, Skyline, Montclair, and Carl Munck Schools - Vegetation Fire Management Weed Abatement Project","Approval by the Board of Education of Agreement for Maintenance by and between the District and VP Hauling and Demolition, Berkeley, CA, for the latter to provide maintenance services of fire vegetation weed abatement which consist of cutting, removing, and properly disposal of vegetation ground fuels along the fence line. Clear weeds throughout each entire school site, including playgrounds, trim bushes to an aesthetic design.  Trim back ivy and any protruding branches along fence line and low hanging tree branches.  Remove and haul all trash and debris.  All services must be in full compliance according to the Oakland Fire Code and Standards for the Various Sites (8) - Kaiser Elementary School, Hillcrest Elementary School, Thornhill Elementary School, Montera Middle School, Joaquin Miller Elementary School, Skyline High School, Montclair Elementary School, and Carl Munck Elementary School - Vegetation Fire Management Weed Abatement Project, in the amount of $95,000.00, as the lowest responsive, responsible bidder, with a contract term of two (2) months; with the work anticipated to commence on June 8, 2023, and with an end date of August 7, 2023.",Agreement or Contract,"Deputy Chief, Facilities Planning and Management",008454,v-008454,Fund 010 General Fund Routine Restricted Maintenance Account (RRMA),"Hires VP Hauling and Demolition for $95,000 to clear fire-risk weeds at eight schools","VP Hauling and Demolition will cut and remove weeds and vegetation, trim brush and ivy, and haul away debris at eight school sites to meet the Oakland Fire Code. The $95,000 contract went to the lowest responsive, responsible bidder. It runs two months, from June 8 to August 7, 2023.","Food, transportation & operations",,bid_award,VP Hauling and Demolition,organization,Kaiser Elementary School; Hillcrest Elementary School; Thornhill Elementary School; Montera Middle School; Joaquin Miller Elementary School; Skyline High School; Montclair Elementary School; Carl Munck Elementary School,expense,fixed,95000,,,,,true,2023-06-08,2023-08-07,,,,Adopted on the General Consent Report,2023-06-07,true,auto_ok,sonnet-agent,enrich.v5.md,true,
2023-06-07:23-1234,2023-06-07,2023-06-07,special,T.-16,78,general,"Deputy Chief, Facilities Planning and Management",23-1234,https://ousd.legistar.com/gateway.aspx?M=L&ID=58477,"General Services Agreement - B Safe Playground Inspection Services, Inc. - Hoover Elementary School Site Improvements Project - Division of Facilities Planning and Management","Approval by the Board of Education of a General Services Agreement by and between the District and B Safe Playground Inspection Services, Inc. Sunland, CA, for the latter to provide inspection services needed to meet project demands and deadlines; Inspect new rubber tile safety surfacing and play structure equipment; Provide safety inspection and impact test reports as described in Exhibit A of Agreement for the Hoover Elementary School Site Improvements Project, in the lump sum amount of $1,300.00, with work scheduled to commence on June 8, 2023, and scheduled to last until August 27, 2023.",Agreement or Contract,"Deputy Chief, Facilities Planning and Management",008114,v-008114,Fund 01 General Funds ESSER IIII,"Pays B Safe Playground Inspection $1,300 to inspect new play surfacing at Hoover Elementary","B Safe Playground Inspection Services will inspect the new rubber tile safety surfacing and play structure equipment at Hoover Elementary School and provide safety inspection and impact test reports. The lump sum is $1,300. Work runs from June 8 to August 27, 2023.",School buildings & construction,,new_agreement,"B Safe Playground Inspection Services, Inc.",organization,Hoover Elementary School,expense,fixed,1300,,,,,true,2023-06-08,2023-08-27,,,,Adopted on the General Consent Report,2023-06-07,true,auto_ok,sonnet-agent,enrich.v5.md,true,
2023-06-07:23-1235,2023-06-07,2023-06-07,special,T.-17,79,general,"Deputy Chief, Facilities Planning and Management",23-1235,https://ousd.legistar.com/gateway.aspx?M=L&ID=58478,"Amendment No. 2, Agreement for Maintenance - Star Elevator, Inc. – Various Sites Elevator Wheelchair Repairs & Maintenance Project – Buildings and Grounds Department","Approval by the Board of Education of Amendment No. 2, Agreement for Maintenance by and between the District and Star Elevator, Inc., Belmont, CA, for latter to continue to provide maintenance labor and materials for emergency callback service, and equipment repairs, and to assist with State compliance for District’s elevators and wheelchair lifts on an as-needed basis as described in the Proposal dated October 7, 2022, attached to this Amendment as part of Exhibit A, the Various Sites Elevator Wheelchair Repairs & Maintenance Project, in the not-to-exceed additional amount of $475,882.00, increasing the Agreement’s total not-to-exceed amount from $648,930.00 to $1,124,812.00, increasing hourly rates and unit prices, extending the Term of the Agreement from December 16, 2021 to June 30, 2023, to June 30, 2024 (an additional 366 calendar days). All other terms and condition of the Agreement remain in full force and effect.",Agreement or Contract,"Deputy Chief, Facilities Planning and Management",004058,v-004058,Fund 010 General Fund Routine Restricted Maintenance Account (RRMA),"Adds $475,882 and a year to Star Elevator's elevator and wheelchair lift repair contract","This amendment lets Star Elevator keep providing emergency callback service, repairs and state-compliance help for district elevators and wheelchair lifts. It adds $475,882, raising the contract limit from $648,930 to $1,124,812, raises hourly rates and unit prices, and extends the term from June 30, 2023 to June 30, 2024.","Food, transportation & operations",,amendment,"Star Elevator, Inc.",organization,,expense,not_to_exceed,475882,,,648930,1124812,true,2021-12-16,2024-06-30,raises_existing_contract; large_increase; multi_year,,,Adopted on the General Consent Report,2023-06-07,true,auto_ok,sonnet-agent,enrich.v5.md,true,
2023-06-07:23-1274,2023-06-07,2023-06-07,special,T.-18,80,general,"Deputy Chief, Facilities Planning and Management",23-1274,https://ousd.legistar.com/gateway.aspx?M=L&ID=58517,General Services Agreement – Valley Relocation & Storage – Central Office Move Project - Division of Facilities Planning and Management,"Approval by the Board of Education of a General Services Agreement by and between the District and Valley Relocation & Storage, Concord, CA, for the latter to provide moving services for offices that will be permanently vacating 1000 Broadway suites 150, 440 and 450 in preparation for the new administration office for the  Central Office Move Project, in the total amount of $344,818.00, which includes a general contingency allowance of $90,000.00, as the lowest responsive, responsible bidder, with the work anticipated to commence on June 8, 2023, and required to be completed within ninety days (90), with an anticipated ending of September 5, 2023.",Agreement or Contract,"Deputy Chief, Facilities Planning and Management",004478,v-004478,Fund 01 General Fund,"Hires Valley Relocation & Storage for $344,818 to move offices out of 1000 Broadway","Valley Relocation & Storage will move offices that are permanently leaving suites at 1000 Broadway for the new administration office. The total of $344,818 includes a $90,000 general contingency, and the company was the lowest responsive, responsible bidder. Work is expected to run from June 8 to September 5, 2023.","Food, transportation & operations",,bid_award,Valley Relocation & Storage,organization,,expense,fixed,344818,,,,,true,2023-06-08,2023-09-05,,,,Adopted on the General Consent Report,2023-06-07,true,auto_ok,sonnet-agent,enrich.v5.md,true,
2023-06-07:23-1284,2023-06-07,2023-06-07,special,T.-19,82,general,"Chief, Talent",23-1284,https://ousd.legistar.com/gateway.aspx?M=L&ID=58527,Grant Agreement - Early Educator Teacher Development Grant – Talent/Human Resources Department,"Approval by the Board of Education of a Memorandum of Understanding by and between the Alameda County Office of Education and the District, with the latter accepting from the former, an Early Educator Teacher Development Grant, in the amount of $475,901.00, as Consortium partners, leveraging the California Department of Education (CDE)’s Early Education Teacher Development (EETD) Grant funds to support OUSD in permitting/credentialing its early education teacher workforce, growing their competencies, and promoting preschool through third grade alignment in literacy, for the term of June 8, 2023 through March 31, 2025, via Talent/Human Resources Department.",Agreement or Contract,"Deputy Chief, Talent",,v-000318,,"Accepts $475,901 from Alameda County to develop early education teachers","The district accepts a grant from the Alameda County Office of Education, passing through California Department of Education funds, as part of a consortium. The money supports credentialing early education teachers, building their skills, and aligning literacy teaching from preschool through third grade. The agreement runs June 8, 2023 through March 31, 2025.",Staff & hiring,,grant_or_funding_in,Alameda County Office of Education,organization,,revenue,fixed,475901,,,,,true,2023-06-08,2025-03-31,multi_year,,,Adopted on the General Consent Report,2023-06-07,true,auto_ok,sonnet-agent,enrich.v5.md,true,
2023-06-07:23-1300,2023-06-07,2023-06-07,special,T.-20,83,general,"Chief, Talent",23-1300,https://ousd.legistar.com/gateway.aspx?M=L&ID=58543,Memorandum of Understanding - District and the San Diego County Superintendent of Schools - Intern Partnership - Practica Programs K-12 - Talent/Human Resources Department,"Approval by the Board of Education of a Memorandum of Understanding and Interagency Agreement (MOU or Agreement) for an Intern Partnership Program - applying to Teacher Education, K-12 Credentials Specialist in Education of Deaf and Hard of Hearing Alternative Certification Intern Partnership Program Including Added or Supplementary Authorizations and Early Completion Option - by and between Oakland Unified School District (District or OUSD), a public school district in the State of California, County of Alameda, and the San Diego County Superintendent Of Schools (SDCSS), for Education-Credential Program Operations of the San Diego County Office Of Education, providing services as a Teacher Preparation Program (SDCOE or TPP), a California County Office of Education, under the direction of the San Diego County Superintendent of Schools at no cost to the District, for the term July 1, 2023 through June 30, 2026.",Agreement or Contract,"Deputy Chief, Talent",,n-san-diego-county-superintendent-of-schools,,Partners with San Diego County schools office on a teacher intern program at no cost,"The district signs an agreement with the San Diego County Superintendent of Schools, whose teacher preparation program offers intern credentials, including for teaching deaf and hard of hearing students. It costs the district nothing. The agreement runs July 1, 2023 through June 30, 2026.",Staff & hiring,,mou_or_data_sharing,San Diego County Superintendent of Schools,organization,,no_cost,,,,,,,true,2023-07-01,2026-06-30,multi_year,,,Adopted on the General Consent Report,2023-06-07,true,auto_ok,sonnet-agent,enrich.v5.md,true,
2023-06-07:23-0684,2023-06-07,2023-06-07,special,T.-21,85,general,Chief Academic Officer,23-0684,https://ousd.legistar.com/gateway.aspx?M=L&ID=57928,Services Agreement 2022-2023 - Fishtank Learning - ELA Curriculum - Academics and Instruction Department,"Approval by the Board of Education of a Services Agreement 2022-2023 by and between the District and Fishtank Learning, Boston, MA, for the latter to provide access to its core comprehensive English Language Arts Curriculum for 9th - 12th grades to OUSD teachers according to the schedule; professional learning services to support implementation:  Instructional Leader Support, On-line Professional Learning Sessions, all as stated in Exhibit A of the Agreement, incorporated herein by reference as though fully set forth, for the period of May 1, 2023 through June 30, 2028, in an amount not to exceed $487,500.00.",Agreement or Contract,Chief Academic Officer,,v-007912,Central S&C Carryover Fund,"Pays Fishtank Learning up to $487,500 for high school English curriculum through 2028","Fishtank Learning will give OUSD teachers access to its English Language Arts curriculum for grades 9 through 12, plus professional learning such as instructional leader support and online sessions. The cost is capped at $487,500 for May 1, 2023 through June 30, 2028.",Classroom & academic programs,,new_agreement,Fishtank Learning,organization,,expense,not_to_exceed,487500,,,,,true,2023-05-01,2028-06-30,after_work_began; multi_year,,,Adopted on the General Consent Report,2023-06-07,true,auto_ok,sonnet-agent,enrich.v5.md,true,
2023-06-07:23-0728,2023-06-07,2023-06-07,special,T.-22,86,general,Chief Academic Officer,23-0728,https://ousd.legistar.com/gateway.aspx?M=L&ID=57972,Services Agreement 2022-2023 - No Cost - The Oakland Promise - High School Linked Learning Office,"Approval by the Board of Education of a Services Agreement 2022-2023 - No Cost by and between the District and The Oakland Promise, Oakland, CA, for the latter to provide its various programs, namely, Brilliant Baby, Kindergarten to College (K2C), College Access and Persistence, to help schools establish a college going culture and support with college and career exploration and access, as described in Exhibit A of the Agreement, incorporated herein by reference as though fully set forth, via the High School Linked Learning Office, for the period of August 1, 2023, through July 31, 2026, at no cost to the District.",Agreement or Contract,Chief Academic Officer,,v-001477,No Fiscal Impact,Partners with The Oakland Promise on college and career programs at no cost,"The Oakland Promise will provide its Brilliant Baby, Kindergarten to College and College Access and Persistence programs to help schools build a college-going culture and support college and career exploration. It is at no cost to the district and runs August 1, 2023 through July 31, 2026.",Classroom & academic programs,,mou_or_data_sharing,The Oakland Promise,organization,,no_cost,,,,,,,true,2023-08-01,2026-07-31,multi_year,,,Adopted on the General Consent Report,2023-06-07,true,auto_ok,sonnet-agent,enrich.v5.md,true,
2023-06-07:23-1054,2023-06-07,2023-06-07,special,T.-23,87,general,Chief Academic Officer,23-1054,https://ousd.legistar.com/gateway.aspx?M=L&ID=58297,Services Agreement 2022-2023 - Partners In School Innovation - Reach Academy,"Ratification by the Board of Education of a Services Agreement 2022-2023 by and between the District and Partners in School Innovation, San Francisco, CA, for the latter to 1) Collaborate with school leaders and the Instructional Leadership Team (ILT) to identify annual equity priorities and create an aligned professional development; 2) Use Equity Teacher Labs to support, enhance, and build teachers’ capacity to develop and apply collective and effective teachers practices that will create a joyful, rigorous, and robust learning environment for students and adults; and 3) Provide access to process student data and outcomes aligned to the goals of the partnership, as described in Exhibit A of the Agreement, incorporated herein by reference as though fully set forth, for Reach Academy, for the period of January 3, 2023 through May 25, 2023, in an amount not to exceed $25,000.00.",Agreement or Contract,Chief Academic Officer,003273,v-003273,CCSPP Implementation Grant,"Ratifies up to $25,000 for Partners in School Innovation teacher coaching at Reach Academy","Partners in School Innovation worked with school leaders at Reach Academy to set equity priorities, ran teacher labs to build teaching practices, and gave access to student data tied to the partnership goals. The board is ratifying (approving after the fact) a contract capped at $25,000 for January 3 through May 25, 2023.",Classroom & academic programs,,new_agreement,Partners in School Innovation,organization,Reach Academy,expense,not_to_exceed,25000,,,,,true,2023-01-03,2023-05-25,pulled_from_consent; after_work_began; previously_delayed,,"Taken off the consent vote, then approved on a later consent report on June 21.",Adopted on the General Consent Report,2023-06-21,true,auto_ok,sonnet-agent,enrich.v5.md,false,
2023-06-07:23-1056,2023-06-07,2023-06-07,special,T.-24,88,general,Chief Academic Officer,23-1056,https://ousd.legistar.com/gateway.aspx?M=L&ID=58299,"Services Agreement 2022-2023 - Innocent Technologies, LLC - Markham Elementary School","Ratification by the Board of Education of a Services Agreement 2022-2023 by and between the District and Innocent Technologies, LLC, Minneapolis, MN, for the latter to provide continuing education workshops, resources for educators, and leaders, including coaching and training focused on building consciousness around implicit racial bias and to interrupt and transform patterns of thinking for Markham Elementary School, for the period of April 21, 2023 through September 30, 2023, in an amount not to exceed $15,000.00.",Agreement or Contract,Chief Academic Officer,008341,v-008341,Educator Effectiveness,"Ratifies up to $15,000 for implicit bias training for educators at Markham Elementary","Innocent Technologies, LLC provides workshops, resources and coaching for educators and leaders at Markham Elementary School on implicit racial bias. The board is ratifying (approving after the fact) a contract capped at $15,000 for April 21 through September 30, 2023.",Classroom & academic programs,,new_agreement,"Innocent Technologies, LLC",organization,Markham Elementary School,expense,not_to_exceed,15000,,,,,true,2023-04-21,2023-09-30,after_work_began,,,Adopted on the General Consent Report,2023-06-07,true,auto_ok,sonnet-agent,enrich.v5.md,true,
2023-06-07:23-1083,2023-06-07,2023-06-07,special,T.-25,89,general,Chief Academic Officer,23-1083,https://ousd.legistar.com/gateway.aspx?M=L&ID=58326,Subcontract - Spanish Speaking Unity Council - General Child Care and Development Program - Early Childhood Education Department,"Adoption by the Board of Education of Resolution No. 2223-0168 - Authorizing Subcontract to The Spanish Speaking Unity Council of Alameda County, Inc, dba The Unity Council, a Portion of the District’s Fiscal Year 2022-23 Child Development Funding, [for the provision of General Child Care and Development Program], in an amount not to exceed $277,366.64, with no administrative fee, for the term of January 4, 2023 through June 30, 2023, subject to the Council complying with any and all applicable terms and conditions of the State Contract].",Resolution,Chief Academic Officer,,v-004014,CCTR Grant-General Child Care and Development Program,"Subcontracts up to $277,366.64 of child care funding to The Unity Council","This resolution passes part of the district's 2022-23 child development funding to The Unity Council to run a General Child Care and Development Program. The amount is capped at $277,366.64 with no administrative fee, for January 4 through June 30, 2023, so the term began before this vote. The Unity Council must follow the state contract terms.","Student health, support & family services",,new_agreement,"The Spanish Speaking Unity Council of Alameda County, Inc. (The Unity Council)",organization,,expense,not_to_exceed,277366.64,,,,,true,2023-01-04,2023-06-30,after_work_began,,,Adopted on the General Consent Report,2023-06-07,true,auto_ok,sonnet-agent,enrich.v5.md,true,
2023-06-07:23-1085,2023-06-07,2023-06-07,special,T.-26,90,general,Chief Academic Officer,23-1085,https://ousd.legistar.com/gateway.aspx?M=L&ID=58328,Grant Agreement - California Department of Food and Agriculture - Community Schools and Student Services Department,"Approval by the Board of Education of a Grant Agreement by and between the District and the California Department of Food and Agriculture, Sacramento, CA, accepting a $492,301.93, Track 1: The CA Farm to School K-12 Procurement and Education Grant Award for the District’s project titled, “A Systematic Approach to Harvest of the Month for Oakland”, at the Center, increasing food security, local sourcing, and the long-term healthy habits for all of  Oakland’s students and their families, ultimately, helping to improve students’ long-term health and life outcomes, for the term April 1, 2023 through March 31, 2025, via Community Schools and Student Services Department.",Agreement or Contract,Chief Academic Officer,,n-california-department-of-food-and-agriculture,California Department of Food and Agriculture,"Accepts a $492,301.93 state Farm to School grant for local food and education","The district accepts a Farm to School grant from the California Department of Food and Agriculture for a project called ""A Systematic Approach to Harvest of the Month for Oakland."" The project aims to increase food security, local food sourcing and healthy habits for students and families. The term is April 1, 2023 through March 31, 2025.","Food, transportation & operations",,grant_or_funding_in,California Department of Food and Agriculture,organization,,revenue,fixed,492301.93,,,,,true,2023-04-01,2025-03-31,after_work_began; multi_year,,,Adopted on the General Consent Report,2023-06-07,true,auto_ok,sonnet-agent,enrich.v5.md,true,
2023-06-07:23-1086,2023-06-07,2023-06-07,special,T.-27,91,general,Chief Academic Officer,23-1086,https://ousd.legistar.com/gateway.aspx?M=L&ID=58329,Services Agreement 2022-2023 and Data Sharing Agreement 2022-2023 - Public Profit - Summer Learning Programs - Community Schools and Student Services Department,"Approval by the Board of Education of a Services Agreement (SA) 2022-2023 and a Data Sharing Agreement 2022-2023 (DSA) by and between the District and Public Profit (PP), Oakland, CA, for the latter  through the SA to collaborate with the OUSD Summer team and its partners to develop a compelling OUSD Summer Story, a set of reader-friendly profiles highlighting the breadth and depth of summer opportunities supported by the district, and related services, as described in Exhibit A of the SA, incorporated herein by reference as though fully set forth, in an amount not to exceed $95,000.00, for the period April 15, 2023 through June 30, 2023, and the DSA, pertaining to OUSD’s transmission of data to and the protection of such data by PP, for same term, via the Community Schools and Student Services Department.",Agreement or Contract,Chief Academic Officer,003483,v-003483,Expanded Learning Opportunities Program,"Pays Public Profit up to $95,000 to tell the story of OUSD summer programs","Public Profit will work with the OUSD summer team to create a ""Summer Story,"" a set of reader-friendly profiles of the district's summer opportunities. A separate data sharing agreement covers the data the district sends to Public Profit and how it is protected. The cost is capped at $95,000 for April 15 through June 30, 2023, so the term began before this vote.",After-school & summer programs,,new_agreement,Public Profit,organization,,expense,not_to_exceed,95000,,,,,true,2023-04-15,2023-06-30,after_work_began,,,Adopted on the General Consent Report,2023-06-07,true,auto_ok,sonnet-agent,enrich.v5.md,true,
2023-06-07:23-1103,2023-06-07,2023-06-07,special,T.-28,92,general,Chief Academic Officer,23-1103,https://ousd.legistar.com/gateway.aspx?M=L&ID=58346,"23-1132Amendment No. 3, Memorandum of Understanding and Engagement Policy (MOUEP) - Oppenheimer Investigations Group - Chief Governance Officer","Approval by the Board of Education of Amendment No. 3, Memorandum of Understanding and Engagement Policy (MOUEP) by and between Oakland Unified School District (“District”) and Oppenheimer Investigations Group, for the latter to provide more of the same Title IX and employee investigation services on an as needed basis, in an additional amount of $82,000.00, increasing the not to exceed amount from $118,000.00 to $200,000.00 through June 30, 2023; and $200,000.00 per fiscal year for July 1, 2023 through June 30, 2025 at new hourly rates as of June 1, 2024 per attached rate sheet. All other terms and conditions of the MOUEP remain in full force and effect.",Agreement or Contract,General Counsel,,n-oppenheimer-investigations-group,,"Adds $82,000 for Oppenheimer's Title IX and employee investigations, then $200,000 a year through 2025","This is the third amendment to the district's engagement agreement (a memorandum of understanding and engagement policy) with Oppenheimer Investigations Group for Title IX and employee investigation services as needed. It adds $82,000, raising the limit from $118,000 to $200,000 through June 30, 2023, then sets a limit of $200,000 per fiscal year from July 1, 2023 through June 30, 2025 at new hourly rates.","Legal, compliance & risk",,amendment,Oppenheimer Investigations Group,organization,,expense,not_to_exceed,82000,,,118000,200000,true,,2025-06-30,raises_existing_contract; large_increase; multi_year,,,Adopted on the General Consent Report,2023-06-07,true,auto_ok,sonnet-agent,enrich.v5.md,true,
2023-06-07:23-1208,2023-06-07,2023-06-07,special,T.-29,93,general,Chief Academic Officer,23-1208,https://ousd.legistar.com/gateway.aspx?M=L&ID=58451,Services Agreement 2022-2023 - Bay Area Girls Rock Camp - Summer Learning Program - Community Schools and Student Services Department,"Ratification by the Board of Education of a Services Agreement 2022-2023 by and between the District and Bay Area Girls Rock Camp, Oakland, CA, for the latter to provide nine hours of daily summer academic support and enrichment to District students who are in need of summer services to counter summer learning loss, and provide related services, perform tasks, as described in Exhibit A of the Agreement, incorporated herein by reference as though fully set forth, for the Summer Learning Program at 1428 Alice Street, Oakland, via the Community Schools and Student Services Department, for the period of June 6, 2023 through July 2, 2023, in an amount not to exceed $21,998.80.",Agreement or Contract,Chief Academic Officer,008435,v-008435,Elementary and Secondary School Emergency Relief III Program,"Ratifies up to $21,998.80 for Bay Area Girls Rock Camp summer learning program","Bay Area Girls Rock Camp provides nine hours of daily summer academic support and enrichment for students who need help countering summer learning loss, at the Summer Learning Program at 1428 Alice Street, Oakland. The board is ratifying (approving after the fact) a contract capped at $21,998.80 for June 6 through July 2, 2023.",After-school & summer programs,,new_agreement,Bay Area Girls Rock Camp,organization,,expense,not_to_exceed,21998.8,,,,,true,2023-06-06,2023-07-02,after_work_began,,,Adopted on the General Consent Report,2023-06-07,true,auto_ok,sonnet-agent,enrich.v5.md,true,
2023-06-07:23-1220,2023-06-07,2023-06-07,special,T.-30,94,general,Chief Academic Officer,23-1220,https://ousd.legistar.com/gateway.aspx?M=L&ID=58463,"Continuation of the Adjusted Attendance Boundaries - Markham, East Oakland PRIDE, and Oakland Academy of Knowledge (OAK) Schools - Chief Systems and Services Officer","Adoption by the Board of Education of Resolution No. 2223-0083 - Continuation of the Adjusted Attendance Boundaries for Markham, East Oakland PRIDE, and Oakland Academy of Knowledge (OAK) Schools [As Delineated].",Resolution,Chief Academic Officer,,,,"Continues the adjusted attendance boundaries for Markham, East Oakland PRIDE and OAK schools","This resolution continues the adjusted attendance boundaries for Markham, East Oakland PRIDE and Oakland Academy of Knowledge (OAK) schools, as delineated in the resolution. The text states no dollar amount.",Governance & board business,,resolution_or_policy,,,Markham; East Oakland PRIDE; Oakland Academy of Knowledge,no_cost,,,,,,,true,,,,,,Adopted on the General Consent Report,2023-06-07,true,auto_ok,sonnet-agent,enrich.v5.md,true,
2023-06-07:23-1245,2023-06-07,2023-06-07,special,T.-31,95,general,Chief Academic Officer,23-1245,https://ousd.legistar.com/gateway.aspx?M=L&ID=58488,"Summer Programming Addendum No. 1, Expanded Learning Programs After School Program Master Contract 2022-2025 - Youth Together - Community Schools and Student Services Department","Approval by the Board of Education of Summer Programming Addendum No. 1, Expanded Learning Programs After School Program Master Contract 2022-2025 (Master Contract) by and between the District and Youth Together, Oakland, CA, for the latter to provide summer academic and enrichment services, as described in Exhibit A, incorporated herein by reference as though fully set forth, at Skyline High School, in an additional amount of $18,324.00, increasing the Master Contract not-to-exceed amount from $1,438,500.00 to $1,456,824.00, for the period July 1, 2022 through July 31, 2025, via the Community Schools and Student Services Department.  All other terms and conditions of the Master Contract remain in full force and effect.",Agreement or Contract,Chief Academic Officer,004737,v-004737,21st Century Program; Expanded Learning Opportunities Program; Elementary and Secondary School Emergency Relief III Program,"Adds $18,324 for Youth Together to run summer programs at Skyline High School","The board is adding $18,324.00 to the district's master contract with Youth Together, a nonprofit that runs expanded learning programs, for summer academic and enrichment services at Skyline High School. This raises the contract's not-to-exceed amount from $1,438,500.00 to $1,456,824.00. The master contract runs July 1, 2022 through July 31, 2025.",After-school & summer programs,,amendment,Youth Together,organization,Skyline High School,expense,not_to_exceed,18324,,,1438500,1456824,true,2022-07-01,2025-07-31,raises_existing_contract; multi_year,,,Adopted on the General Consent Report,2023-06-07,true,auto_ok,sonnet-agent,enrich.v5.md,true,
2023-06-07:23-1246,2023-06-07,2023-06-07,special,T.-32,96,general,Chief Academic Officer,23-1246,https://ousd.legistar.com/gateway.aspx?M=L&ID=58489,Services Agreement 2022-2023 - Marcus Foster Educational Institute - Community Schools and Student Services Department,"Ratification by the Board of Education of a Services Agreement 2022-2023 by and between the District and Marcus Foster Educational Institute, Oakland, CA, for the latter to provide stipends for non-district staff who serve in the roles of Safe Routes to School Wellness Champions, Environment, Food and Garden Champions, Health Education Leaders, LGBTQ School Climate Liaisons, Referral Coordinators and Summer High School Interns, each, as stated in Exhibit A of the Agreement, incorporated herein by reference as though fully set forth, via  Community Schools and Student Services Department, for the period of February 23, 2023 through June 30, 2023, in an amount not to exceed $95,000.00.",Agreement or Contract,Chief Academic Officer,000103,v-002714,City of Oakland,"Ratifies up to $95,000 for Marcus Foster Institute to pay stipends to wellness and school-climate helpers","The district is approving, after the fact, an agreement with the Marcus Foster Educational Institute to pay stipends to non-district people who serve as wellness champions, health education leaders, LGBTQ school climate liaisons, referral coordinators and summer high school interns. The agreement runs February 23 through June 30, 2023 and is capped at $95,000.00.","Student health, support & family services",,new_agreement,Marcus Foster Educational Institute,organization,,expense,not_to_exceed,95000,,,,,true,2023-02-23,2023-06-30,after_work_began,,,Adopted on the General Consent Report,2023-06-07,true,auto_ok,sonnet-agent,enrich.v5.md,true,
2023-06-07:23-1260,2023-06-07,2023-06-07,special,T.-33,97,general,Chief Academic Officer,23-1260,https://ousd.legistar.com/gateway.aspx?M=L&ID=58503,Services Agreement 2022-2023 - Oakland Public Education Fund - Community Schools and Student Services Department,"Approval by the Board of Education of a Services Agreement 2022-2023 by and between the District and Oakland Public Education Fund, Oakland, CA, for the latter to provide stipends for counseling interns - masters level students - Marriage and Family Therapy (MFT), Masters In Social Work (MSW), Licensed Professional Clinical Counselors (LPCC) - in training - to deliver social-emotional supports in District schools for students and families, as described in Exhibit A of the Agreement, incorporated herein by reference as though fully set forth, via Community Schools and Student Services Department, for the period of April 1, 2023 through June 15, 2023, in an amount not to exceed $27,500.00.",Agreement or Contract,Chief Academic Officer,003143,v-003143,General Purpose-unrestricted,"Pays Oakland Public Education Fund up to $27,500 for counseling intern stipends","The district is hiring the Oakland Public Education Fund to provide stipends for master's-level counseling interns who are in training. The interns deliver social-emotional support to students and families in district schools. The agreement runs April 1 through June 15, 2023 and is capped at $27,500.00.","Student health, support & family services",,new_agreement,Oakland Public Education Fund,organization,,expense,not_to_exceed,27500,,,,,true,2023-04-01,2023-06-15,after_work_began,,,Adopted on the General Consent Report,2023-06-07,true,auto_ok,sonnet-agent,enrich.v5.md,true,
2023-06-07:23-1261,2023-06-07,2023-06-07,special,T.-34,98,general,Chief Academic Officer,23-1261,https://ousd.legistar.com/gateway.aspx?M=L&ID=58504,Services Agreement 2022-2023 - Oakland Public Education Fund - Skyline High School,"Approval by the Board of Education of a Services Agreement 2022-2023 by and between the District and Oakland Public Education Fund, Oakland, CA, for the latter to process and payout student stipends, drawn from contracted dollars, for students enrolled in the pathway-based summer Work-Based Learning Program, Exploring College, Career, and Community Options (ECCCO), as described in Exhibit A of the Agreement, incorporated herein by reference as though fully set forth, at Skyline High School, for the period of June 1, 2023 through June 30, 2023, in an amount not to exceed $115,600.00.",Agreement or Contract,Chief Academic Officer,003143,v-003143,Measure N,"Pays Oakland Public Education Fund up to $115,600 to handle student summer-job stipends at Skyline","The Oakland Public Education Fund will process and pay out stipends to Skyline High School students in a summer work-based learning program called Exploring College, Career, and Community Options (ECCCO). The money is drawn from the contracted dollars. The agreement runs June 1 through June 30, 2023 and is capped at $115,600.00.",After-school & summer programs,,new_agreement,Oakland Public Education Fund,organization,Skyline High School,expense,not_to_exceed,115600,,,,,true,2023-06-01,2023-06-30,after_work_began,,,Adopted on the General Consent Report,2023-06-07,true,auto_ok,sonnet-agent,enrich.v5.md,true,
2023-06-07:23-1267,2023-06-07,2023-06-07,special,T.-35,99,general,Chief Academic Officer,23-1267,https://ousd.legistar.com/gateway.aspx?M=L&ID=58510,Services Agreement 2022-2023 - Oakland Public Education Fund - LIFE Academy,"Approval by the Board of Education of a Services Agreement 2022-2023 by and between the District and Oakland Public Education Fund, Oakland, CA, for the latter to process and payout student stipends, drawn from contracted dollars, enrolled in the pathway-based summer Work-Based Learning Program, Exploring College, Career, and Community Options (ECCCO), as described in Exhibit A of the Agreement, incorporated herein by reference as though fully set forth, at LIFE Academy, for the period of June 1, 2023 through June 30, 2023, in an amount not to exceed $6,000.00.",Agreement or Contract,Chief Academic Officer,003143,v-003143,Measure N,"Pays Oakland Public Education Fund up to $6,000 for student summer-job stipends at LIFE Academy","The Oakland Public Education Fund will process and pay out stipends to LIFE Academy students in a summer work-based learning program called Exploring College, Career, and Community Options (ECCCO). The money is drawn from the contracted dollars. The agreement runs June 1 through June 30, 2023 and is capped at $6,000.00.",After-school & summer programs,,new_agreement,Oakland Public Education Fund,organization,LIFE Academy,expense,not_to_exceed,6000,,,,,true,2023-06-01,2023-06-30,after_work_began,,,Adopted on the General Consent Report,2023-06-07,true,auto_ok,sonnet-agent,enrich.v5.md,true,
2023-06-07:23-1268,2023-06-07,2023-06-07,special,T.-36,100,general,Chief Academic Officer,23-1268,https://ousd.legistar.com/gateway.aspx?M=L&ID=58511,Services Agreement 2022-2023 - Rigorous Love - Life Academy,"Ratification by the Board of Education of a Services Agreement 2022-2023 by and between the District and Rigorous Love, Oakland, CA, for the latter to offer three (3) specialized trainings to staff members struggling to build supportive, respectful relationships with students and their families, and meet with MTSS team to assess strengths of the system in place and to adjust systems with maximum effectiveness for students, as described in Exhibit A of Agreement, incorporated herein by reference as though fully set forth, at LIFE Academy, for the period of May 8, 2023 through May 26, 2023, in an amount not to exceed $5,821.00.",Agreement or Contract,Chief Academic Officer,007089,v-007089,Title I-Basic Grant Low Income,"Ratifies up to $5,821 for Rigorous Love to train LIFE Academy staff on student and family relationships","The district is approving, after the fact, an agreement with Rigorous Love for three trainings for LIFE Academy staff on building supportive, respectful relationships with students and families. The provider also meets with the school's multi-tiered system of supports team to review its systems. The work ran May 8 through May 26, 2023 and is capped at $5,821.00.",Classroom & academic programs,,new_agreement,Rigorous Love,organization,LIFE Academy,expense,not_to_exceed,5821,,,,,true,2023-05-08,2023-05-26,after_work_began,,,Adopted on the General Consent Report,2023-06-07,true,auto_ok,sonnet-agent,enrich.v5.md,true,
2023-06-07:23-1277,2023-06-07,2023-06-07,special,T.-37,101,general,Chief Academic Officer,23-1277,https://ousd.legistar.com/gateway.aspx?M=L&ID=58520,Services Agreement-2022-2023-No-Cost - Alameda County Office of Education - English Language Learner and Multilingual Achievement Department,"Ratification by the Board of Education of a Services Agreement - 2022-2023 - No-Cost by and between the District and Alameda County Office of Education, Hayward, CA, for the latter to provide English Language Learner (ELL) Program and instructional support for designated English Language Development (ELD) to district leadership and educators for their formal launch of teacher created designated ELD curriculum, as describe in the Scope of Work, incorporated herein by reference as though fully set forth, via English Language Learner and Multilingual Achievement Department, for the period of May 1, 2023 through June 30, 2023, at no cost to the District.",Agreement or Contract,Chief Academic Officer,000318,v-000318,No Fiscal Impact - No-Cost Agreement,Ratifies a no-cost deal for Alameda County to support English learner curriculum rollout,"The district is approving, after the fact, a no-cost agreement with the Alameda County Office of Education. The county office will give district leaders and teachers English Language Learner program and instructional support for the launch of teacher-created English Language Development curriculum. The agreement runs May 1 through June 30, 2023 and costs the district nothing.",Classroom & academic programs,,mou_or_data_sharing,Alameda County Office of Education,organization,,no_cost,,,,,,,true,2023-05-01,2023-06-30,after_work_began,,,Adopted on the General Consent Report,2023-06-07,true,auto_ok,sonnet-agent,enrich.v5.md,true,
2023-06-07:23-1280,2023-06-07,2023-06-07,special,T.-38,102,general,Chief Academic Officer,23-1280,https://ousd.legistar.com/gateway.aspx?M=L&ID=58523,"Amendment No. 1, Services Agreement 2022-2023 - HERO - Hoover Elementary School","Approval by the Board of Education of Amendment No. 1, Services Agreement 2022-2023 by and between the District and HERO, Oakland, CA, for the latter to provide extra supervision and game time during the afternoon for 1.5 hours per day for the remainder of the school year, in the additional amount of $4,560.00, increasing the Agreement not to exceed amount from $38,000.00 to $42,560.00, for the unchanged term of August 08, 2022, through May 25, 2023. All other terms and conditions of the Agreement remain in full force and effect.",Agreement or Contract,Chief Academic Officer,002055,v-002055,CCSPP Implementation Grant,"Adds $4,560 for HERO to supervise and run games for Hoover Elementary students","This amendment adds $4,560.00 to the district's agreement with HERO, which provides extra supervision and game time for 1.5 hours each afternoon for the rest of the school year at Hoover Elementary School. The not-to-exceed amount rises from $38,000.00 to $42,560.00. The term does not change: August 8, 2022 through May 25, 2023.","Student health, support & family services",,amendment,HERO,organization,Hoover Elementary School,expense,not_to_exceed,4560,,,38000,42560,true,2022-08-08,2023-05-25,raises_existing_contract,,,Adopted on the General Consent Report,2023-06-07,true,auto_ok,sonnet-agent,enrich.v5.md,true,
2023-06-07:23-1281,2023-06-07,2023-06-07,special,T.-39,103,general,Chief Academic Officer,23-1281,https://ousd.legistar.com/gateway.aspx?M=L&ID=58524,Services Agreement 2022-2023 - WestEd - Office of Equity,"Ratification by the Board of Education of a Services Agreement 2022-2023 by and between the District and WestEd, San Francisco, CA, for the latter to provide the principal of Thornhill Elementary School, equity-focused leadership coaching, to support the overall wellness of students, via Office of Equity, for the period of February 1, 2023, through May 31, 2023, in an amount not to exceed $15,000.00.",Agreement or Contract,Chief Academic Officer,004597,v-004597,Kaiser Health&wellness W/ebcf,"Ratifies up to $15,000 for WestEd to coach the Thornhill Elementary principal","The district is approving, after the fact, an agreement with WestEd to give the Thornhill Elementary School principal equity-focused leadership coaching, aimed at supporting students' overall wellness. The agreement runs February 1 through May 31, 2023 and is capped at $15,000.00.",Classroom & academic programs,,new_agreement,WestEd,organization,Thornhill Elementary School,expense,not_to_exceed,15000,,,,,true,2023-02-01,2023-05-31,pulled_from_consent; after_work_began,,"Taken off the consent vote, then approved on a later consent report on June 21.",Adopted on the General Consent Report,2023-06-21,true,auto_ok,sonnet-agent,enrich.v5.md,false,
2023-06-07:23-1282,2023-06-07,2023-06-07,special,T.-40,104,general,Chief Academic Officer,23-1282,https://ousd.legistar.com/gateway.aspx?M=L&ID=58525,"Services Agreement 2022-2023 - Thriving Students Collective, Inc. - Special Education Department","Approval by the Board of Education of a Services Agreement 2022-2023 by and between the District and Thriving Students Collective, Inc., Lafayette, CA, for the latter to provide 58 licenses to access online courses via the Thriving School Psychologist Collective platform; one-hour of live introductory ""hook"" session for 58 selected staff members; two live professional development sessions for Social Workers/Clinicians on topics related to mental health and reducing burnout/stress; 300 licenses to access courses via the Thriving Educator platform; one live and one in-person professional development session for Special Education staff; two live and online professional development sessions for General Education Staff; one live and one in-person and 3 live online professional development sessions during a half-day session, via Special Education Department, for the period of June 1, 2023 through June 1, 2024, in an amount not to exceed $98,000.00.",Agreement or Contract,Chief Academic Officer,008013,v-008013,S&C Carryover,"Pays Thriving Students Collective up to $98,000 for online courses and training for school staff","The district will buy 58 licenses for an online course platform for school psychologists and 300 licenses for a platform for educators. It also buys live and in-person professional development sessions for special education staff, social workers and clinicians, and general education staff. The agreement runs June 1, 2023 through June 1, 2024 and is capped at $98,000.00.",Special education,Programs & support,new_agreement,"Thriving Students Collective, Inc.",organization,,expense,not_to_exceed,98000,,,,,true,2023-06-01,2024-06-01,after_work_began,,,Adopted on the General Consent Report,2023-06-07,true,auto_ok,sonnet-agent,enrich.v5.md,true,
2023-06-07:23-1285,2023-06-07,2023-06-07,special,T.-41,105,general,Chief Academic Officer,23-1285,https://ousd.legistar.com/gateway.aspx?M=L&ID=58528,"Services Agreement 2022-2023 - Crisis Prevention Institute, Inc. - Special Education Department","Approval by the Board of Education of a Services Agreement 2022-2023 by and between the District and Crisis Prevention Institute, Inc., Milwaukee, WI, for the latter to provide two training programs based on the Crisis Prevention Verbal Intervention models focused on de-escalation techniques and safe, non-restrictive interventions to Oakland Unified School teachers and staff, via Special Education Department, for the period of July 1, 2023 through December 31, 2023, in an amount not to exceed $54,498.00.",Agreement or Contract,Chief Academic Officer,001238,v-001238,Learning Recovery Support,"Pays Crisis Prevention Institute up to $54,498 to train staff in de-escalation","The district will pay Crisis Prevention Institute for two training programs for teachers and staff on de-escalation techniques and safe, non-restrictive interventions. The agreement runs July 1 through December 31, 2023 and is capped at $54,498.00.","Student health, support & family services",,new_agreement,"Crisis Prevention Institute, Inc.",organization,,expense,not_to_exceed,54498,,,,,true,2023-07-01,2023-12-31,,,,Adopted on the General Consent Report,2023-06-07,true,auto_ok,sonnet-agent,enrich.v5.md,true,
2023-06-07:23-1288,2023-06-07,2023-06-07,special,T.-42,106,general,Chief Academic Officer,23-1288,https://ousd.legistar.com/gateway.aspx?M=L&ID=58531,Services Agreement 2022-2023 - Oakland Symphony - West Oakland Middle School,"Ratification by the Board of Education of a Services Agreement 2022-2023 by and between the District and Oakland Symphony, Oakland, CA, for the latter to provides intensive one-on-one instruction to student instrumentalists who play in student band at West Oakland Middle School, for the period of May 4, 2023 through May 31, 2023, in an amount not to exceed $2,000.00.",Agreement or Contract,Chief Academic Officer,003146,v-003146,Measure G1 Parcel Tax,"Ratifies $2,000 for Oakland Symphony to give one-on-one lessons to West Oakland Middle School band students","The district is approving, after the fact, an agreement with the Oakland Symphony to give intensive one-on-one instruction to student instrumentalists in the West Oakland Middle School band. The work ran May 4 through May 31, 2023 and is capped at $2,000.00.",Classroom & academic programs,,new_agreement,Oakland Symphony,organization,West Oakland Middle School,expense,not_to_exceed,2000,,,,,true,2023-05-04,2023-05-31,after_work_began,,,Adopted on the General Consent Report,2023-06-07,true,auto_ok,sonnet-agent,enrich.v5.md,true,
2023-06-07:23-1289,2023-06-07,2023-06-07,special,T.-43,107,general,Chief Academic Officer,23-1289,https://ousd.legistar.com/gateway.aspx?M=L&ID=58532,Services Agreement 2022-2023 - Hadar Institute (Pedagogy of Partnership) - Strategic Resource Planning Department,"Ratification by the Board of Education of a Services Agreement 2022-2023 by and between the District and Hadar Institute (Pedagogy of Partnership), New York, NY, for the latter to provide June teacher workshop for five teachers, one trainer visit, and access to webinars and curriculum training for all trained teachers at Oakland Hebrew Day School, as stated in Exhibit A of Agreement, via Strategic Resource Planning Department, for the period of April 3, 2023 through June 30, 2023, in an amount not to exceed $6,080.00.",Agreement or Contract,Chief Academic Officer,006919,v-006919,Title 2-a Teacher Quality,"Ratifies up to $6,080 for Hadar Institute to train teachers at Oakland Hebrew Day School","The district is approving, after the fact, an agreement with the Hadar Institute (Pedagogy of Partnership) for a June workshop for five teachers, one trainer visit, and webinars and curriculum training for all trained teachers at Oakland Hebrew Day School. The agreement runs April 3 through June 30, 2023 and is capped at $6,080.00.",Classroom & academic programs,,new_agreement,Hadar Institute (Pedagogy of Partnership),organization,Oakland Hebrew Day School,expense,not_to_exceed,6080,,,,,true,2023-04-03,2023-06-30,after_work_began,,,Adopted on the General Consent Report,2023-06-07,true,auto_ok,sonnet-agent,enrich.v5.md,true,
2023-06-07:23-1297,2023-06-07,2023-06-07,special,T.-44,108,general,Chief Academic Officer,23-1297,https://ousd.legistar.com/gateway.aspx?M=L&ID=58540,"Services Agreement 2022-2023 - Building Blocks of Brilliance, LLC - Special Education Department","Ratification by the Board of Education of a Services Agreement 2022-2023 by and between the District and Building Blocks of Brilliance, LLC, Richmond Heights, OH, for the latter to provide professional learning as speaker in two sessions of the Equity and Access professional learning week co-planned to buy the Office of equity and Special education Department, for the period of June 12, 2023 through June 13, 2023, in an amount not to exceed $12,000.00.",Agreement or Contract,Chief Academic Officer,008471,v-008471,S&C Carryover,"Ratifies up to $12,000 for Building Blocks of Brilliance to speak at an equity training week","The district is approving, after the fact, an agreement with Building Blocks of Brilliance, LLC for a speaker to lead two sessions of the Equity and Access professional learning week, planned jointly by the Office of Equity and the Special Education Department. The sessions are June 12 and 13, 2023 and the agreement is capped at $12,000.00.",Classroom & academic programs,,new_agreement,"Building Blocks of Brilliance, LLC",organization,,expense,not_to_exceed,12000,,,,,true,2023-06-12,2023-06-13,,,,Adopted on the General Consent Report,2023-06-07,true,auto_ok,sonnet-agent,enrich.v5.md,true,
2023-06-07:23-1298,2023-06-07,2023-06-07,special,T.-45,109,general,Chief Academic Officer,23-1298,https://ousd.legistar.com/gateway.aspx?M=L&ID=58541,Services Agreement 2022-2023 - GROW Psychological Assessment and Counseling Services PC - Special Education Department,"Ratification by the Board of Education of a Services Agreement 2022-2023 by and between the District and GROW Psychological Assessment and Counseling Services PC, Lafayette, CA, for the latter to provide: 2500 license to access ThriveHive TV and 5 virtual parent workshops to be delivered, via Zoom, via the Special Education Department, for the period of June 1, 2023 through June 1, 2024, in an amount not to exceed $58,749.00.",Agreement or Contract,Chief Academic Officer,008465,v-008465,S&C Carryover,"Ratifies up to $58,749 for GROW Psychological Services for online licenses and parent workshops","The district is approving, after the fact, an agreement with GROW Psychological Assessment and Counseling Services for 2,500 licenses to access ThriveHive TV and five virtual parent workshops held over Zoom. The agreement runs June 1, 2023 through June 1, 2024 and is capped at $58,749.00.","Student health, support & family services",,new_agreement,GROW Psychological Assessment and Counseling Services PC,organization,,expense,not_to_exceed,58749,,,,,true,2023-06-01,2024-06-01,after_work_began,,,Adopted on the General Consent Report,2023-06-07,true,auto_ok,sonnet-agent,enrich.v5.md,true,
2023-06-07:23-1303,2023-06-07,2023-06-07,special,T.-46,110,general,Chief Academic Officer,23-1303,https://ousd.legistar.com/gateway.aspx?M=L&ID=58546,Services Agreement 2022-2023 - EL Education - Academics and Instruction Department,"Approval by the Board of Education of a Services Agreement 2022-2023 by and between the District and EL Education, New York, NY, for the latter to provide in-person curriculum training, coaching for site leaders and central staff in the 2022-2023 school year as part of the focus on ensuring a high quality instruction core, high quality and effective instruction, with three schools participating in “hub school” work, as described in Exhibit A of the Agreement, incorporated herein by reference as though fully set forth via Academics and Instruction Department, for the period of September 1, 2022 through June 30, 2023, in an amount not to exceed $161,900.00.",Agreement or Contract,Chief Academic Officer,001546,v-001546,S&C Carryover,"Pays EL Education up to $161,900 for curriculum training and coaching for school leaders","The district will pay EL Education for in-person curriculum training and coaching for school site leaders and central office staff, as part of an effort to strengthen core instruction. Three schools take part in ""hub school"" work. The agreement runs September 1, 2022 through June 30, 2023 and is capped at $161,900.00.",Classroom & academic programs,,new_agreement,EL Education,organization,,expense,not_to_exceed,161900,,,,,true,2022-09-01,2023-06-30,after_work_began,,,Adopted on the General Consent Report,2023-06-07,true,auto_ok,sonnet-agent,enrich.v5.md,true,
2023-06-07:23-1305,2023-06-07,2023-06-07,special,T.-47,111,general,Chief Academic Officer,23-1305,https://ousd.legistar.com/gateway.aspx?M=L&ID=58548,Services Agreement - The Speech Pathology Group dba SPG Therapy & Education - Special Education Department,"Approval by the Board of Education of a Services Agreement 2022-2023 by and between the District and The Speech Pathology Group dba SPG Therapy and Education, Walnut Creek, CA, for the latter to provide four Full-Time Mental Health Clinicians, one per Counseling Enriched Special Day Class (CESDC) program and four Mental Health or Behavior Technicians, one per CESDC program; a total of two Mental Health Clinicians and two Mental Health or Behavior Technicians each at Oakland Academy of Knowledge and Sequoia Elementary School; and additionally, provide a 0.4-0.6 Full Time Equivalent (FTE) Lead ""Coach"" Mental Health (MH)  Tech, Behavior or Milieu Supervisor; a representative from SPG to meet on a monthly basis with OUSD Special Education Leadership team members for regular updates on program progress and provide IEP services, each as specified in Exhibit A of the Agreement, incorporated herein by reference as though fully set forth, via the Special Education Department, for the period of July 16, 2023 through June 30, 2026, in an amount not to exceed $5,820,000.00.",Agreement or Contract,Chief Academic Officer,004031,v-004031,Special Education,Pays SPG Therapy up to $5.82M for mental health staff in special day classes through 2026,"The district will pay The Speech Pathology Group (SPG Therapy and Education) for four full-time mental health clinicians and four mental health or behavior technicians, one of each per Counseling Enriched Special Day Class (CESDC) program, plus a part-time lead coach. Two clinicians and two technicians each work at Oakland Academy of Knowledge and Sequoia Elementary School. SPG will also provide Individualized Education Program (IEP) services and meet monthly with district special education leaders. The agreement runs July 16, 2023 through June 30, 2026 and is capped at $5,820,000.00.",Special education,Services & contract staff,new_agreement,The Speech Pathology Group dba SPG Therapy and Education,organization,Oakland Academy of Knowledge; Sequoia Elementary School,expense,not_to_exceed,5820000,,,,,true,2023-07-16,2026-06-30,multi_year,,,Adopted on the General Consent Report,2023-06-07,true,auto_ok,sonnet-agent,enrich.v5.md,true,
2023-06-07:23-1307,2023-06-07,2023-06-07,special,T.-48,112,general,Chief Academic Officer,23-1307,https://ousd.legistar.com/gateway.aspx?M=L&ID=58550,"Amendment No. 1, Services Agreement 2022-2023 - Bay Area Community Resources - Rudsdale Continuation High School","Approval by the Board of Education of Amendment No. 1, Services Agreement 2022-2023 by and between the District and Bay Area Community Resources, San Rafael, CA, for the latter to increase services to the FabLab, before and after school due to a rise in enrollment and overall student interest in technological courses, serving an additional 30-50 students, for a total of 175 students for the year, in the additional amount of $11,500.00, increasing the not to exceed amount of the  Agreement from $71,932.50, to $83,432.50, for the unchanged term of September 1, 2022 through May 31, 2023.  All other terms and conditions of the Agreement remain in full force and effect.",Agreement or Contract,Chief Academic Officer,000624,v-000624,Measure N,"Adds $11,500 for Bay Area Community Resources to expand the Rudsdale FabLab","This amendment adds $11,500.00 to the district's agreement with Bay Area Community Resources to expand FabLab services before and after school at Rudsdale Continuation High School. Enrollment and student interest in technology courses rose, so 30 to 50 more students will be served, for 175 in all. The not-to-exceed amount rises from $71,932.50 to $83,432.50. The term does not change: September 1, 2022 through May 31, 2023.",After-school & summer programs,,amendment,Bay Area Community Resources,organization,Rudsdale Continuation High School,expense,not_to_exceed,11500,,,71932.5,83432.5,true,2022-09-01,2023-05-31,raises_existing_contract,,,Adopted on the General Consent Report,2023-06-07,true,auto_ok,sonnet-agent,enrich.v5.md,true,
2023-06-07:23-1308,2023-06-07,2023-06-07,special,T.-49,113,general,Chief Academic Officer,23-1308,https://ousd.legistar.com/gateway.aspx?M=L&ID=58551,Services Agreement 2022-2023 - Mindful Life Project - East Oakland Pride Elementary School,"Ratification by the Board of Education of a Services Agreement 2022-2023 by and between the District and Mindful Life Project (MLP), Richmond, CA, for the latter to provide monthly mindfulness, mindful hip-hop, and social emotional learning assemblies, as well as professional development on implementing mindfulness in the classroom using MLP’s highly regarded curriculums and on-going coaching for staff and demonstration of lessons as described in Exhibit A of the Agreement, incorporated herein by reference as though fully set forth, at East Oakland Pride Elementary School, for the period of September 1, 2022 through June 23, 2023, in an amount not to exceed $10,000.00.",Agreement or Contract,Chief Academic Officer,007985,v-007985,CCSPP Implementation Grant,"Ratifies up to $10,000 for Mindful Life Project to bring mindfulness lessons to East Oakland Pride","The district is approving, after the fact, an agreement with Mindful Life Project for monthly mindfulness, hip-hop and social-emotional learning assemblies at East Oakland Pride Elementary School. It also covers staff training on mindfulness in the classroom, coaching and demonstration lessons. The agreement runs September 1, 2022 through June 23, 2023 and is capped at $10,000.00.","Student health, support & family services",,new_agreement,Mindful Life Project,organization,East Oakland Pride Elementary School,expense,not_to_exceed,10000,,,,,true,2022-09-01,2023-06-23,pulled_from_consent; after_work_began,,"Taken off the consent vote, then approved on a later consent report on June 21.",Adopted on the General Consent Report,2023-06-21,true,auto_ok,sonnet-agent,enrich.v5.md,false,
2023-06-07:23-1312,2023-06-07,2023-06-07,special,T.-50,114,general,Chief Academic Officer,23-1312,https://ousd.legistar.com/gateway.aspx?M=L&ID=58555,"Amendment No. 1, Services Agreement 2022-2023 - We Lead Ours - Roosevelt Middle School","Approval by the Board of Education of Amendment No. 1, Services Agreement 2022-2023 by and between the District and We Lead Ours, Oakland, CA, for the latter to provide [emotional regulation, strengths, based assessments, restorative justice and anger management for the students referred to the WELO caseload] services to approximately 25 additional students, in the additional amount of $28,800.00, increasing the Agreement not to exceed amount from $28,800.00 to $57,600.00, for the unchanged period of September 1, 2022 through May 31, 2023 at Roosevelt Middle School. All other terms and conditions of the Agreement remain in full force and effect.",Agreement or Contract,Chief Academic Officer,004574,v-004574,AB1840 School Consolidation,"Adds $28,800 for We Lead Ours to support about 25 more Roosevelt Middle students","This amendment adds $28,800.00 to the district's agreement with We Lead Ours, doubling it, to serve about 25 more Roosevelt Middle School students referred for emotional regulation, restorative justice and anger management support. The not-to-exceed amount rises from $28,800.00 to $57,600.00. The term does not change: September 1, 2022 through May 31, 2023.","Student health, support & family services",,amendment,We Lead Ours,organization,Roosevelt Middle School,expense,not_to_exceed,28800,,,28800,57600,true,2022-09-01,2023-05-31,raises_existing_contract; large_increase,,,Adopted on the General Consent Report,2023-06-07,true,auto_ok,sonnet-agent,enrich.v5.md,true,
2023-06-07:23-1313,2023-06-07,2023-06-07,special,T.-51,115,general,Chief Academic Officer,23-1313,https://ousd.legistar.com/gateway.aspx?M=L&ID=58556,"Services Agreement 2022-2023 - Attitudinal Healing Connection, Inc - Reach Academy","Approval by the Board of Education of a Services Agreement 2022-2023 by and between the District and Attitudinal Healing Connection, Inc, Oakland, CA, for the latter to provide a professional development workshop, a distribution of Art Kits to each student, and a week-long visit from the ArtMobile, which is a fully loaded trailer designed to create an outdoor art experience on-site, with the foregoing designed around themes that celebrate the culture and aspirations of the Reach community, as well as incorporating the Principles of Attitudinal Healing and environmental responsibility at Reach Academy, for the period of April 10, 2023 through May 25, 2023, in an amount not to exceed $24,960.00.",Agreement or Contract,Chief Academic Officer,000532,v-000532,CCSPP Implementation Grant,"Pays Attitudinal Healing Connection up to $24,960 for art kits and an ArtMobile visit at Reach Academy","The district will pay Attitudinal Healing Connection for a professional development workshop, art kits for each student and a week-long visit from the ArtMobile, an outdoor art trailer, at Reach Academy. The activities are built around the Reach community's culture and aspirations. The agreement runs April 10 through May 25, 2023 and is capped at $24,960.00.",Classroom & academic programs,,new_agreement,"Attitudinal Healing Connection, Inc",organization,Reach Academy,expense,not_to_exceed,24960,,,,,true,2023-04-10,2023-05-25,pulled_from_consent; after_work_began,,"Taken off the consent vote, then approved on a later consent report on June 21.",Adopted on the General Consent Report,2023-06-21,true,auto_ok,sonnet-agent,enrich.v5.md,false,
2023-06-07:23-1314,2023-06-07,2023-06-07,special,T.-52,116,general,Chief Academic Officer,23-1314,https://ousd.legistar.com/gateway.aspx?M=L&ID=58557,"Amendment No. 1, Services Agreement 2022-2023 - Nancy Kaufman-Cohen - Community Schools and Student Services Department","Ratification by the Board of Education of Amendment No. 1, Services Agreement 2022-2023  by and between the District and Nancy Kaufman-Cohen, Oakland, CA, for the latter to provide an additional 72 hours of clinical supervision for interns, providing clinical services to District students, to fulfill the requirements of the MSW/MFT internship placements, in the additional amount of $7,200.00, increasing the Agreement not to exceed amount from $36,000.00 to $43,200.00, for the unchanged term of August 15, 2022 through May 31, 2023. All other terms and conditions of the Agreement remain in full force and effect.",Agreement or Contract,Chief Academic Officer,007273,v-007273,General Purpose-unrestricted,"Adds $7,200 for 72 more hours of clinical supervision of counseling interns","The district is approving, after the fact, an amendment adding $7,200.00 for 72 more hours of clinical supervision for interns who give clinical services to district students. The supervision meets the requirements of their social work and marriage and family therapy internships. The not-to-exceed amount rises from $36,000.00 to $43,200.00. The term does not change: August 15, 2022 through May 31, 2023.","Student health, support & family services",,amendment,Nancy Kaufman-Cohen,individual,,expense,not_to_exceed,7200,,,36000,43200,true,2022-08-15,2023-05-31,after_work_began; raises_existing_contract,,,Adopted on the General Consent Report,2023-06-07,true,auto_ok,sonnet-agent,enrich.v5.md,true,
2023-06-07:23-1315,2023-06-07,2023-06-07,special,T.-53,117,general,Chief Academic Officer,23-1315,https://ousd.legistar.com/gateway.aspx?M=L&ID=58558,"Amendment No. 1, Services Agreement 2022-2023 - Center for the Collaborative Classroom - Academics and Instruction Department","Ratification by the Board of Education of Amendment No. 1, Services Agreement 2022-2023 by and between the District and Center for the Collaborative Classroom, Alameda, CA, for the latter to provide the additional services of consulting-in school, virtual professional development, and collaborative coaching services to prepare teachers to use the Caring School Community Curriculum at Sankofa Academy, Montclair Elementary School, and Crocker Highlands Elementary School, in the additional amount of $5,325.00, increasing the Agreement not to exceed amount from $3,500.00 to $8,825.00, for the unchanged term of February 1, 2023 through October 31, 2023.  All other terms and conditions of the Agreement remain in full force and effect.",Agreement or Contract,Chief Academic Officer,001014,v-001014,Casel Novo Foundation,"Adds $5,325 for Center for the Collaborative Classroom to train teachers at three elementary schools","The district is approving, after the fact, an amendment adding $5,325.00 to its agreement with the Center for the Collaborative Classroom for in-school consulting, virtual professional development and coaching. It prepares teachers at Sankofa Academy, Montclair Elementary and Crocker Highlands Elementary to use the Caring School Community curriculum. The not-to-exceed amount rises from $3,500.00 to $8,825.00. The term does not change: February 1 through October 31, 2023.",Classroom & academic programs,,amendment,Center for the Collaborative Classroom,organization,Sankofa Academy; Montclair Elementary School; Crocker Highlands Elementary School,expense,not_to_exceed,5325,,,3500,8825,true,2023-02-01,2023-10-31,after_work_began; raises_existing_contract; large_increase,,,Adopted on the General Consent Report,2023-06-07,true,auto_ok,sonnet-agent,enrich.v5.md,true,
2023-06-07:23-1316,2023-06-07,2023-06-07,special,T.-54,118,general,Chief Academic Officer,23-1316,https://ousd.legistar.com/gateway.aspx?M=L&ID=58559,"Amendment No. 1, Services Agreement 2022-2023 - Leslie Lopez - Elmhurst United Middle School","Ratification by the Board of Education of Amendment No. 1, Services Agreement 2022-2023 by and between the District and Leslie Lopez, Antioch, CA, for the latter to provide additional service of  leading  professional development for a team of teachers who will organize and lead a student mural project, in the additional amount of $10,950.00, increasing the Agreement not to exceed amount from $31,775.00 to $42,725.00, for the unchanged term of August 3, 2022 through May 25, 2023.  All other terms and conditions of the Agreement remain in full force and effect.",Agreement or Contract,Chief Academic Officer,002631,v-002631,Title 4-Student Support,"Adds $10,950 for a contractor to lead teacher training for a student mural project at Elmhurst United","The district is approving, after the fact, an amendment adding $10,950.00 so the contractor can lead professional development for a team of teachers who will organize and lead a student mural project at Elmhurst United Middle School. The not-to-exceed amount rises from $31,775.00 to $42,725.00. The term does not change: August 3, 2022 through May 25, 2023.",Classroom & academic programs,,amendment,Leslie Lopez,individual,Elmhurst United Middle School,expense,not_to_exceed,10950,,,31775,42725,true,2022-08-03,2023-05-25,after_work_began; raises_existing_contract,,,Adopted on the General Consent Report,2023-06-07,true,auto_ok,sonnet-agent,enrich.v5.md,true,
2023-06-07:23-1317,2023-06-07,2023-06-07,special,T.-55,119,general,Chief Academic Officer,23-1317,https://ousd.legistar.com/gateway.aspx?M=L&ID=58560,Services Agreement 2022-2023 - Mahader Tesfai - LIFE Academy,"Ratification by the Board of Education of a Services Agreement 2022-2023 by and between the District and Mahader Tesfai, Berkeley, CA, for the latter to run workshops for all advisories on summer programming available, reaching 100% of high school students; ensure that 80% of students in grades 9-11 apply to some form of summer program for enrichment and advancement of learning (for example, California State Summer Science School or SMASH at UC Berkeley); meet with families in order to ensure that they are on board with their students in participating in what are often residential programs outside of Oakland; ensure that 40% of students in grades 9-11 are connected to summer programming, specifically programming in the sciences; track all of the above in order to use the data to support meeting the goals and following up consistently with students and families to ensure successful completion of summer learning opportunities at LIFE Academy, for the period of May 1, 2023 through June 30, 2023, in an amount not to exceed $20,000.00.",Agreement or Contract,Chief Academic Officer,008083,v-008083,Measure N,"Ratifies up to $20,000 for a contractor to connect LIFE Academy students to summer programs","The district is approving, after the fact, an agreement with an individual contractor to run workshops for all LIFE Academy advisories on available summer programs and help students and families apply. The goals include 80% of grade 9-11 students applying to a summer program and 40% connected to science programs. The agreement runs May 1 through June 30, 2023 and is capped at $20,000.00.",Classroom & academic programs,,new_agreement,Mahader Tesfai,individual,LIFE Academy,expense,not_to_exceed,20000,,,,,true,2023-05-01,2023-06-30,after_work_began,,,Adopted on the General Consent Report,2023-06-07,true,auto_ok,sonnet-agent,enrich.v5.md,true,
2023-06-07:23-1318,2023-06-07,2023-06-07,special,T.-56,120,general,Chief Academic Officer,23-1318,https://ousd.legistar.com/gateway.aspx?M=L&ID=58561,Services Agreement 2022-2023 - Blueprint Schools Network - Elmhurst United Middle School,"Ratification by the Board of Education of a Services Agreement 2022-2023 by and between the District and Blueprint Schools Network, Needham, MA, for the latter to provide a Math Fellows Program initiative for students by providing the mathematical foundation and critical reasoning skills necessary for success in college and beyond, with anticipated outcomes stated in Exhibit A of the Agreement, at Elmhurst United Middle School, for the period of July 1, 2022 through June 30, 2023, in an amount not to exceed $73,500.00.",Agreement or Contract,Chief Academic Officer,000725,v-000725,ESSA: Comp Support & Improvmt,"Ratifies up to $73,500 for Blueprint Schools Network to run a math program at Elmhurst United","The district is approving, after the fact, an agreement with Blueprint Schools Network for a Math Fellows Program at Elmhurst United Middle School. The program aims to build the math foundation and reasoning skills students need for college and beyond. The agreement runs July 1, 2022 through June 30, 2023 and is capped at $73,500.00.",Classroom & academic programs,,new_agreement,Blueprint Schools Network,organization,Elmhurst United Middle School,expense,not_to_exceed,73500,,,,,true,2022-07-01,2023-06-30,after_work_began,,,Adopted on the General Consent Report,2023-06-07,true,auto_ok,sonnet-agent,enrich.v5.md,true,
2023-06-07:23-1322,2023-06-07,2023-06-07,special,T.-57,121,general,Chief Academic Officer,23-1322,https://ousd.legistar.com/gateway.aspx?M=L&ID=58565,Services Agreement 2022-2023 - Public Health Institute - Castlemont High School,"Ratification by the Board of Education of a Services Agreement 2022-2023 by and between the District and Public Health Institute, Oakland, CA, for the latter to continue the work with students, teachers, district staff, the Council for Higher Education Accreditation (CHEA) Leads, CHEA Staff, and other community stakeholders in the implementation of the Health Equity Academy, an academy that provides a pathway for Oakland students into public health careers and careers that support health equity through other sectors impacting the social determinants of health, by performing the following tasks: Task 1: Student Leadership Development through Youth Leadership Team; Task 2: CHEA Event(s) Support; Task 3: CHEA Staff Member Support; Task 4: CHEA Curriculum/Career Pathway Support, each as described in Exhibit A of the Agreement, incorporated herein by reference as though fully set forth, at Castlemont High School, for the period of February 1, 2023 through June 30, 2023, in an amount not to exceed $14,500.00.",Agreement or Contract,Chief Academic Officer,003481,v-003481,Measure N,"Ratifies up to $14,500 for Public Health Institute to run the Health Equity Academy at Castlemont","The district is approving, after the fact, an agreement with the Public Health Institute to continue the Health Equity Academy at Castlemont High School, a pathway into public health careers. Work includes a student youth leadership team, event and staff support, and curriculum and career pathway support. The agreement runs February 1 through June 30, 2023 and is capped at $14,500.00.",Classroom & academic programs,,new_agreement,Public Health Institute,organization,Castlemont High School,expense,not_to_exceed,14500,,,,,true,2023-02-01,2023-06-30,after_work_began,,,Adopted on the General Consent Report,2023-06-07,true,auto_ok,sonnet-agent,enrich.v5.md,true,
2023-06-07:23-1323,2023-06-07,2023-06-07,special,T.-58,122,general,Chief Academic Officer,23-1323,https://ousd.legistar.com/gateway.aspx?M=L&ID=58566,"Amendment No. 1, Services Agreement 2022-2023 - East Bay Agency for Children - Roosevelt Middle School","Approval by the Board of Education of Amendment No. 1, Services Agreement 2022-2023 by and between the District and East Bay Agency for Children, Oakland, CA, for the latter to provide well-being and academic progress services, of existing wellness models and components, to an approximately additional 25 Tier 1 and Tier 2 students, in the additional amount of $48,000.00, increasing the Agreement not to exceed amount from $5,428.57 to $53,428.57, for the unchanged period of September 1, 2022 through May 26, 2023 at Roosevelt Middle School. All other terms and conditions of the Agreement remain in full force and effect.",Agreement or Contract,Chief Academic Officer,001473,v-001473,ESSER III,"Adds $48,000 for East Bay Agency for Children to serve about 25 more Roosevelt Middle students","This amendment adds $48,000.00 to the district's agreement with East Bay Agency for Children for well-being and academic progress services to about 25 more Tier 1 and Tier 2 students at Roosevelt Middle School. The not-to-exceed amount rises from $5,428.57 to $53,428.57. The term does not change: September 1, 2022 through May 26, 2023.","Student health, support & family services",,amendment,East Bay Agency for Children,organization,Roosevelt Middle School,expense,not_to_exceed,48000,,,5428.57,53428.57,true,2022-09-01,2023-05-26,raises_existing_contract; large_increase,,,Adopted on the General Consent Report,2023-06-07,true,auto_ok,sonnet-agent,enrich.v5.md,true,
2023-06-07:23-1324,2023-06-07,2023-06-07,special,T.-59,123,general,Chief Academic Officer,23-1324,https://ousd.legistar.com/gateway.aspx?M=L&ID=58567,Grant Agreement - Oakland Public Education Fund - Regrant #23-02-05536918 - Think College Now Elementary School,"Approval by the Board of Education of Grant Agreement, Regrant #23-02-05536918, by and between the District and the Oakland Public Education Fund, accepting $22,500.00, from the Quest Foundation, for payment of the salary for the Art Teacher at Think College Now Elementary School, as described in Grant Agreement, for the period of February 18, 2023 through May 31, 2024.",Agreement or Contract,Chief Academic Officer,,v-003143,Oakland Public Education Fund,"Accepts $22,500 through Oakland Public Education Fund to pay an art teacher at Think College Now","The district is accepting $22,500.00 from the Quest Foundation, passed through the Oakland Public Education Fund, to pay the salary of the art teacher at Think College Now Elementary School. The grant period runs February 18, 2023 through May 31, 2024.",Classroom & academic programs,,grant_or_funding_in,Oakland Public Education Fund,organization,Think College Now Elementary School,revenue,fixed,22500,,,,,true,2023-02-18,2024-05-31,after_work_began; multi_year,,,Adopted on the General Consent Report,2023-06-07,true,auto_ok,sonnet-agent,enrich.v5.md,true,
2023-06-07:23-1325,2023-06-07,2023-06-07,special,T.-60,124,general,Chief Academic Officer,23-1325,https://ousd.legistar.com/gateway.aspx?M=L&ID=58568,Grant Agreement - Stupski Foundation - High School Linked Learning Office,"Approval by the Board of Education of a Grant Agreement by and between the District and the Stupski Foundation, San Francisco, CA, with District accepting $1,300,000.00, to support efforts to develop collaborative systems, professional development opportunities, and spaces among college and career access organizations to serve all high school students in Oakland Unified School District, via the High School Linked Learning Office, for the period of March 1, 2023 through February 29, 2028.",Agreement or Contract,Chief Academic Officer,,n-stupski-foundation,Stupski Foundation,Accepts a $1.3M Stupski Foundation grant to help high school students reach college and careers,"The district is accepting $1,300,000.00 from the Stupski Foundation to build shared systems, professional development and spaces among college and career access organizations serving all Oakland high school students. The High School Linked Learning Office will manage it. The grant period runs March 1, 2023 through February 29, 2028.",Classroom & academic programs,,grant_or_funding_in,Stupski Foundation,organization,,revenue,fixed,1300000,,,,,true,2023-03-01,2028-02-29,after_work_began; multi_year,,,Adopted on the General Consent Report,2023-06-07,true,auto_ok,sonnet-agent,enrich.v5.md,true,
2023-06-07:23-1326,2023-06-07,2023-06-07,special,T.-61,125,general,Chief Academic Officer,23-1326,https://ousd.legistar.com/gateway.aspx?M=L&ID=58569,Services Agreement 2022-2023 - Safe Passages - Coliseum College Preparatory Academy,"Approval by the Board of Education of a Services Agreement 2022-2023 by and between the District and Safe Passages, Oakland, CA, for the latter to facilitate the implementation of the Joyful Schools component of the California Community Schools Partnership Program (CCSPP) plan to re-engage students and families post-pandemic, including coordinating outreach to families, organizing family engagement events to increase family connection to schools, and facilitating and organizing student engagement activities to increase student connection to school at Coliseum College Preparatory Academy, for the period of April 1, 2023 through June 30, 2023, in an amount not to exceed $100,000.00.",Agreement or Contract,Chief Academic Officer,003729,v-003729,CCSPP Implementation Grant,"Pays Safe Passages up to $100,000 for family and student engagement at Coliseum College Prep","Safe Passages will coordinate outreach to families, run family engagement events and organize student activities at Coliseum College Preparatory Academy. The work is part of the Joyful Schools piece of the California Community Schools Partnership Program plan to re-engage students and families after the pandemic. It runs April 1 through June 30, 2023.","Student health, support & family services",,new_agreement,Safe Passages,organization,Coliseum College Preparatory Academy,expense,not_to_exceed,100000,,,,,true,2023-04-01,2023-06-30,pulled_from_consent; after_work_began,,"Taken off the consent vote, then approved on a later consent report on June 21.",Adopted on the General Consent Report,2023-06-21,true,auto_ok,sonnet-agent,enrich.v5.md,false,
2023-06-07:23-1328,2023-06-07,2023-06-07,special,T.-62,126,general,Chief Academic Officer,23-1328,https://ousd.legistar.com/gateway.aspx?M=L&ID=58571,Services Agreement 2022-2023 - We Lead Ours - Oakland Athletic League,"Approval by the Board of Education of a Services Agreement 2022-2023 by and between the District and We Lead Ours, Oakland, CA, for the latter to engage student participants in hands-on learning activities with highly trained coaches to support them with making wise decisions, recognizing peer pressure, and exploiting different careers in the sports industry; participate in college and career preparation workshops; attend weekly fieldtrips, work in teams to develop collaboration skills and learn a variety of sports and body mechanics, via Oakland Athletic League, for the period of April 1, 2023 through July 28, 2023, in an amount not to exceed $99,000.00.",Agreement or Contract,Chief Academic Officer,004574,v-004574,S&C Carryover,"Pays We Lead Ours up to $99,000 for sports-based learning and career workshops","We Lead Ours will work with student participants through the Oakland Athletic League, using coaches for hands-on learning, college and career preparation workshops, weekly field trips and team activities. The agreement runs April 1 through July 28, 2023.",Classroom & academic programs,,new_agreement,We Lead Ours,organization,,expense,not_to_exceed,99000,,,,,true,2023-04-01,2023-07-28,after_work_began,,,Adopted on the General Consent Report,2023-06-07,true,auto_ok,sonnet-agent,enrich.v5.md,true,
2023-06-07:23-0042A,2023-06-07,2023-06-07,special,T.-63,128,general,Chief Governance Officer,23-0042A,https://ousd.legistar.com/gateway.aspx?M=L&ID=58726,"Tentative Agreements, as Agreement Between the District and the Service Employees International Union (SEIU), Local 1021, As Delineated","Approval by the Board of Education of the each Tentative Agreement (herein), as Agreement Between the District and the Service Employees International Union (SEIU), Local 1021: Memorandum of Understanding Safety Training January 3, 2023 Between the Service  Employees International Union, Local 1021 and the Oakland Unified School District; (Revised)  and Memorandum of Understanding City of Oakland Affordable Connectivity Plan Pilot Between the SEIU Local 1021and the Oakland Unified School District, pending compliance with Government Code Section 3547.5, all applicable AB 1200 disclosure requirements, and all necessary follow-up actions as determined by the Alameda County Office of Education.",Agreement or Contract,General Counsel,,n-service-employees-international-union-local-1021,,Approves two tentative union agreements with SEIU Local 1021 on safety training and internet access,"The Board is asked to approve two tentative agreements with the Service Employees International Union (SEIU), Local 1021: one on safety training and one on a City of Oakland Affordable Connectivity Plan pilot. Each is a memorandum of understanding (MOU). Approval depends on meeting Government Code Section 3547.5, state disclosure requirements and any follow-up required by the Alameda County Office of Education. The text states no dollar amount.",Staff & hiring,,personnel,"Service Employees International Union, Local 1021",organization,,no_cost,,,,,,,true,,,,,,Adopted on the General Consent Report,2023-06-07,true,auto_ok,sonnet-agent,enrich.v5.md,true,
2023-06-07:23-1103:T.-64,2023-06-07,2023-06-07,special,T.-64,129,general,Chief Governance Officer,23-1103,https://ousd.legistar.com/gateway.aspx?M=L&ID=58346,"23-1132Amendment No. 3, Memorandum of Understanding and Engagement Policy (MOUEP) - Oppenheimer Investigations Group - Chief Governance Officer","Approval by the Board of Education of Amendment No. 3, Memorandum of Understanding and Engagement Policy (MOUEP) by and between Oakland Unified School District (“District”) and Oppenheimer Investigations Group, for the latter to provide more of the same Title IX and employee investigation services on an as needed basis, in an additional amount of $82,000.00, increasing the not to exceed amount from $118,000.00 to $200,000.00 through June 30, 2023; and $200,000.00 per fiscal year for July 1, 2023 through June 30, 2025 at new hourly rates as of June 1, 2024 per attached rate sheet. All other terms and conditions of the MOUEP remain in full force and effect.",Agreement or Contract,General Counsel,,n-oppenheimer-investigations-group,,"Adds $82,000 for Oppenheimer's Title IX and employee investigations, then $200,000 a year through 2025","This is the third amendment to the district's engagement agreement (a memorandum of understanding and engagement policy) with Oppenheimer Investigations Group for Title IX and employee investigation services as needed. It adds $82,000, raising the limit from $118,000 to $200,000 through June 30, 2023, then sets a limit of $200,000 per fiscal year from July 1, 2023 through June 30, 2025 at new hourly rates.","Legal, compliance & risk",,amendment,Oppenheimer Investigations Group,organization,,expense,not_to_exceed,82000,,,118000,200000,true,,2025-06-30,raises_existing_contract; large_increase; multi_year,,,Adopted on the General Consent Report,2023-06-07,true,auto_ok,sonnet-agent,enrich.v5.md,false,2023-06-07:23-1103
2023-06-07:23-1286,2023-06-07,2023-06-07,special,T.-65,130,general,Chief Governance Officer,23-1286,https://ousd.legistar.com/gateway.aspx?M=L&ID=58529,Memorandum of Understanding and Engagement Policy - Keller Rohrback Law Firm - Chief Governance Officer,"Ratification by the Board of Education of a Memorandum of Understanding and Engagement Policy (MOUEP) by and between District and Keller Rohrback Law Firm, authorizing the District's Legal Department, in the form of Letters of Engagement, to retain the latter to provide legal advice, counsel, and civil litigation related to social media, as requested by the Legal Department on an as needed basis, for the period of May 1, 2023 through June 30, 2025, in an amount to be paid on a contingency basis as described in Section 8 of the MOUEP.",Agreement or Contract,General Counsel,,n-keller-rohrback-law-firm,,"Ratifies Keller Rohrback Law Firm's social media legal work, paid on a contingency basis","The Board is asked to ratify an engagement agreement with Keller Rohrback Law Firm, letting the district's Legal Department hire the firm as needed for legal advice and civil litigation related to social media. The term is May 1, 2023 through June 30, 2025. Payment is on a contingency basis as described in Section 8 of the agreement, and no dollar amount is stated.","Legal, compliance & risk",,new_agreement,Keller Rohrback Law Firm,organization,,expense,,,,,,,true,2023-05-01,2025-06-30,after_work_began; multi_year,,,Adopted on the General Consent Report,2023-06-07,true,auto_ok,sonnet-agent,enrich.v5.md,true,
2023-06-07:23-1296,2023-06-07,2023-06-07,special,T.-66,131,general,Chief Governance Officer,23-1296,https://ousd.legistar.com/gateway.aspx?M=L&ID=58539,"Amendment No. 1, Memorandum of Understanding and Engagement Policy (MOUEP) - District and Lozano Smith - Charter Schools Office","Approval by the Board of Education of Amendment No. 1, Memorandum of Understanding and Engagement Policy (“MOUEP”) by and between District and Lozano Smith Law Firm, for the latter to provide more of the same legal services on an as needed basis for charter school matters, with the exception of charter school-related claims and litigation defense, in an additional amount of $10,200.00, increasing the not to exceed amount of MOUP from $99,100.00 to $109,300.00, for the term through June 2023. All other terms and conditions of the MOUEP remain in full force and effect.",Agreement or Contract,General Counsel,,v-005396,,"Adds $10,200 to Lozano Smith's charter school legal services, for a $109,300 limit","This first amendment to the district's engagement agreement with Lozano Smith Law Firm adds $10,200 for more of the same legal services on charter school matters, as needed. It excludes charter school-related claims and litigation defense. The limit rises from $99,100 to $109,300 for the term through June 2023.","Legal, compliance & risk",,amendment,Lozano Smith Law Firm,organization,,expense,not_to_exceed,10200,,,99100,109300,true,,2023-06-30,raises_existing_contract,,,Adopted on the General Consent Report,2023-06-07,true,auto_ok,sonnet-agent,enrich.v5.md,true,
2023-06-07:23-1228,2023-06-07,2023-06-07,special,T.-67,133,general,Board of Education,23-1228,https://ousd.legistar.com/gateway.aspx?M=L&ID=58471,"Minutes - Board of Education - Regular Meeting - May 24, 2023","Ratification by the Board of Education of its Regular Meeting Minutes of May 24, 2023, prepared by Staff shortly after said Meeting.","Minutes, Board of Education",Board of Education,,,,"Ratifies the Board's May 24, 2023 regular meeting minutes","The Board is asked to ratify the minutes of its May 24, 2023 regular meeting, which staff prepared shortly after the meeting. There is no dollar amount.",Governance & board business,,other,,,,no_cost,,,,,,,true,,,after_work_began,,,Adopted on the General Consent Report,2023-06-07,true,auto_ok,sonnet-agent,enrich.v5.md,true,
2023-06-07:22-2669,2023-06-07,2023-06-07,special,U.-1,135,bonds,,22-2669,https://ousd.legistar.com/gateway.aspx?M=L&ID=56937,Lease Agreement – Mobile Modular Management Corporation – Roosevelt Middle School Modernization Project – Division of Facilities Planning and Management,"Approval by the Board of Education of Agreement for the Lease of Portable Buildings From Mobile Modular Management Corporation to the Oakland Unified School District by and between the District and Mobile Modular Management Corporation, Livermore, CA, for the latter to provide design, construct, supply, and install thirteen (13) classroom portables 24’x40’, one (1) admin portable 48’x40’, one (1) restroom portable 12’x40’ Boys/staff/girls, and shall provide all permits necessary for the delivery of the portables to the sites and provide portables that meet or exceed the requirements of the State of California, Division of the State Architect (DSA), for the Roosevelt Middle School Modernization Project, in the total amount of $1,024,427.00, which includes a not-to exceed amount of $75,000.00 for Owner’s contingency allowance and a not-to-exceed amount of $44,893.00 for Additive Alternates, with work scheduled to commence on June 8, 2023, and scheduled to last until January 20, 2027.",Agreement or Contract,"Deputy Chief, Facilities Planning and Management",002892,v-002892,"Fund 21 Building Fund, Measure Y",Leases 15 portable buildings for Roosevelt Middle School's rebuild for $1.02M,"Mobile Modular Management Corporation will design, supply and install thirteen classroom portables, an admin portable and a restroom portable for the Roosevelt Middle School Modernization Project. The portables must meet the requirements of the Division of the State Architect (DSA). The total includes up to $75,000 for an owner's contingency allowance and up to $44,893 for additive alternates. Work starts June 8, 2023 and runs until January 20, 2027.",School buildings & construction,,new_agreement,Mobile Modular Management Corporation,organization,Roosevelt Middle School,expense,fixed,1024427,,,,,true,2023-06-08,2027-01-20,multi_year,,,,,,auto_ok,sonnet-agent,enrich.v5.md,true,
2023-06-07:23-1135,2023-06-07,2023-06-07,special,U.-2,136,bonds,,23-1135,https://ousd.legistar.com/gateway.aspx?M=L&ID=58378,"Agreement Between Owner and Contractor – Mar Con Builders, Inc. – Kaiser Child Development Center Campus Improvements Project – Division of Facilities Planning and Management","Approval by the Board of Education of Agreement Between Owner and Contractor by and between the District and Mar Con Builders, Inc., Oakland, CA, for the latter to provide Scope of Work to include but not limited to replace existing play area and play structure to construct an outdoor learning/play area, and play structures; replace AC paving adjacent to the school site, and install new turf in play yard, includes fire alarm replacement throughout existing building, for the Kaiser Child Development Center Campus Improvements Project, in the total amount of $6,551,440.00, which includes a contingency allowance of $260,000.00, as the lowest responsive, responsible bidder, with the work anticipated to commence on June 8, 2023, and scheduled to last for one hundred fifty days (150), with an anticipated ending of November 4, 2023.",Agreement or Contract,"Deputy Chief, Facilities Planning and Management",002112,v-002712,"Fund 21 Building Fund, Measure Y and Fund 12 Child Dev.",Awards Mar Con Builders $6.55M for Kaiser Child Development Center play area and campus upgrades,"Mar Con Builders, the lowest responsive and responsible bidder, will replace the play area and play structures to build an outdoor learning and play area, replace paving next to the school, install new turf and replace the fire alarm in the existing building. The total includes a $260,000 contingency allowance. Work is expected to start June 8, 2023 and finish by November 4, 2023.",School buildings & construction,,bid_award,"Mar Con Builders, Inc.",organization,Kaiser Child Development Center,expense,fixed,6551440,,,,,true,2023-06-08,2023-11-04,,,,Adopted on the General Consent Report,2023-06-07,true,auto_ok,sonnet-agent,enrich.v5.md,true,
2023-06-07:23-1218,2023-06-07,2023-06-07,special,U.-3,137,bonds,,23-1218,https://ousd.legistar.com/gateway.aspx?M=L&ID=58461,Agreement Between Owner and Contractor – Rook Electric – Various Sites Security Cameras Maintenance - Division of Facilities Planning and Management,"Approval by the Board of Education of Agreement Between Owner and Contractor by and between the District and Rook Electric, Oakland, CA, for the latter to provide Various Sites- District-Wide Security Camera Maintenance Services, including fixture repairs, as described in more detail in Exhibit A attached hereto and incorporated for the Various Sites Security Cameras Maintenance Project, in the amount of $225,800.00, as the lowest responsive, responsible bidder, with the work commencing on June 8, 2023, and scheduled to last for 12 months, with an end of June 7, 2024.",Agreement or Contract,"Deputy Chief, Facilities Planning and Management",003677,v-003677,Fund 21 Building Funds Measure B,"Awards Rook Electric $225,800 to maintain security cameras at district sites for a year","Rook Electric, the lowest responsive and responsible bidder, will provide district-wide security camera maintenance services, including fixture repairs. Work starts June 8, 2023 and runs 12 months, ending June 7, 2024.","Food, transportation & operations",,bid_award,Rook Electric,organization,,expense,fixed,225800,,,,,true,2023-06-08,2024-06-07,,,,Adopted on the General Consent Report,2023-06-07,true,auto_ok,sonnet-agent,enrich.v5.md,true,
2023-06-07:23-1256,2023-06-07,2023-06-07,special,U.-4,138,bonds,,23-1256,https://ousd.legistar.com/gateway.aspx?M=L&ID=58499,"Amendment No. 4, Independent Consultant Agreement – Lowe Consulting Group, Inc. – Facilities Planning & Management Project - Division of Facilities Planning and Management","Approval by the Board of Education of Amendment No. 4, Independent Consultant Agreement for Professional Services by and between the District and Lowe Consulting Group, Inc., Oakland CA, for the latter to provide additional Project Labor Agreement services, focusing on hiring of local residents and insure union representation, assist the District with monitoring prevailing wages, and local resident apprentices for Compliance purposes, for the Facilities Planning and Management Project, in an additional amount of $198,000.00, increasing the total not-to-exceed contract price from $756,000.00 to $954,000.00, extending the term of the Agreement from June 27, 2019 through June 30, 2023 to June 30, 2024 (an additional 366 calendar days). All other terms and conditions of the Agreement remain in full force and effect.",Agreement or Contract,"Deputy Chief, Facilities Planning and Management",006139,v-006139,Fund 21 Building Funds Measure Y,"Adds $198,000 and a year for Lowe Consulting's local-hiring and prevailing-wage monitoring","This fourth amendment adds Project Labor Agreement services from Lowe Consulting Group: focusing on hiring local residents, ensuring union representation and helping the district monitor prevailing wages and local apprentices. It adds $198,000, raising the limit from $756,000 to $954,000, and extends the term from June 30, 2023 to June 30, 2024.","Legal, compliance & risk",,amendment,"Lowe Consulting Group, Inc.",organization,,expense,not_to_exceed,198000,,,756000,954000,true,2019-06-27,2024-06-30,raises_existing_contract; multi_year,,,Adopted on the General Consent Report,2023-06-07,true,auto_ok,sonnet-agent,enrich.v5.md,true,
2023-06-07:23-1295,2023-06-07,2023-06-07,special,U.-5,139,bonds,,23-1295,https://ousd.legistar.com/gateway.aspx?M=L&ID=58538,"Change Order No. 2, Agreement Between Owner and Contractor – Deco Tech Systems – Oakland High School Security Improvements Project - Division of Facilities Planning and Management","Approval by the Board of Education of Change Order No. 2, Agreement Between Owner and Contractor by and between the District and DecoTech Systems, Walnut Creek, CA, for the latter to install a new server and configure it as required, replacing the aged, overutilized and non-effective functioning existing server, for the Oakland High School Security Improvements Project, in the amount of $8,000.00, increasing the Agreement not to exceed price from $246,582.52 to $254,582.52. All other terms and conditions of the Agreement remain in full force and effect.",Agreement or Contract,"Deputy Chief, Facilities Planning and Management",001325,v-001325,Fund 21 Building Funds Measure Y,"Adds $8,000 to replace the security server at Oakland High School","Change Order No. 2 with DecoTech Systems adds $8,000 to install and configure a new server at Oakland High School, replacing the aged, overused and poorly functioning one, as part of the school's security improvements. The contract limit rises from $246,582.52 to $254,582.52.",School buildings & construction,,change_order,DecoTech Systems,organization,Oakland High School,expense,not_to_exceed,8000,,,246582.52,254582.52,true,,,raises_existing_contract,,,Adopted on the General Consent Report,2023-06-07,true,auto_ok,sonnet-agent,enrich.v5.md,true,
