item_id,meeting_key,meeting_date,meeting_kind,agenda_number,agenda_sequence,consent_section,group,file_number,legistar_url,title,official_text,matter_type,presenter,vendor_number,vendor_key,funding_source,headline,summary,category,subcategory,action_type,vendor_name,vendor_kind,schools,money_direction,amount_type,amount,amount_range_low,amount_range_high,prior_total,new_total,amount_verified,term_start,term_end,flags,source_issue,pulled_from_consent,outcome_action,outcome_date,adopted,review_status,model_id,prompt_version,counts_toward_totals,duplicate_of
2023-09-13:23-1776,2023-09-13,2023-09-13,regular,T.-1,63,general,Chief Business Officer,23-1776,https://ousd.legistar.com/gateway.aspx?M=L&ID=59019,"Services Agreement 2023-2024 - TMI Consulting, Inc. - Risk Management Department","Ratification by the Board of Education of a Services Agreement 2023-2024 by and between the District and TMI Consulting, Inc., Oakland, CA, for the latter to provide professional and quality care ergonomic services and education for employees to help reduce or prevent injuries in the workplace; ergonomic workplace risk factor assessments and intervention by looking at the physical demands of the job to decrease the risk of injury/illness, increase safety, enhance worker productivity and improve quality of work life for all; and shares with each employee an ergonomic checklist to ensure a user friendly workstation, via Risk Management Department, for the period of July 1, 2023 through June 30, 2024, in an amount not to exceed $35,000.00.",Agreement or Contract,Chief Financial Officer,005344,v-005344,Property & Liability,"Pays TMI Consulting up to $35,000 for employee ergonomic assessments and injury-prevention education","The district is paying TMI Consulting, Inc. to assess how jobs are physically done and to teach employees how to reduce workplace injuries. Each employee also receives an ergonomic checklist for setting up a workstation. The agreement runs July 1, 2023 to June 30, 2024 and is being ratified (approved after the fact) by the Board.","Legal, compliance & risk",,new_agreement,"TMI Consulting, Inc.",organization,,expense,not_to_exceed,35000,,,,,true,2023-07-01,2024-06-30,after_work_began,,,Adopted on the General Consent Report,2023-09-13,true,auto_ok,sonnet-agent,enrich.v5.md,true,
2023-09-13:23-1777,2023-09-13,2023-09-13,regular,T.-2,64,general,Chief Business Officer,23-1777,https://ousd.legistar.com/gateway.aspx?M=L&ID=59020,"Services Agreement 2023-2024 - Creative Supports, Inc. - Risk Management Department","Ratification by the Board of Education of a Services Agreement 2023-2024 by and between the District and CSI Ergonomic Furniture dba Creative Supports, Inc., Pleasanton, CA, for the latter to provide equipment, professional delivery and installation services within the school district, including placement and adjustment of all equipment and products when needed, via Risk Management Department, for the period of July 1, 2023 through June 30, 2024, in an amount not to exceed $60,000.00.",Agreement or Contract,Chief Financial Officer,005490,v-005490,Property & Liability,"Pays Creative Supports up to $60,000 for ergonomic equipment, delivery and installation","The district is buying equipment from Creative Supports, Inc. (also called CSI Ergonomic Furniture), which will also deliver, install and adjust it at district sites when needed. The agreement runs July 1, 2023 to June 30, 2024 and is being ratified (approved after the fact) by the Board.","Food, transportation & operations",,new_agreement,"Creative Supports, Inc. (CSI Ergonomic Furniture)",organization,,expense,not_to_exceed,60000,,,,,true,2023-07-01,2024-06-30,after_work_began,,,Adopted on the General Consent Report,2023-09-13,true,auto_ok,sonnet-agent,enrich.v5.md,true,
2023-09-13:23-1778,2023-09-13,2023-09-13,regular,T.-3,65,general,Chief Business Officer,23-1778,https://ousd.legistar.com/gateway.aspx?M=L&ID=59021,Services Agreement 2023-2024 - Junk King Contra Costa - Risk Management Department,"Ratification by the Board of Education of a Services Agreement 2023-2024 by and between the District and Junk King Contra Costa, Livermore, CA, for the latter to coordinate with the District on removing and disposing of salvaged furniture and equipment groups with zero useful life such as, musical equipment, kitchen equipment, file cabinets, multi-functional copiers, kitchen supplies, and pallets from the school sites or departments, via Risk Management Department, for the period of July 1, 2023 through June 30, 2024, in an amount not to exceed $50,000.00.",Agreement or Contract,Chief Financial Officer,005413,v-005413,Property & Liability,"Pays Junk King up to $50,000 to remove and dispose of old furniture and equipment","Junk King Contra Costa will haul away and dispose of furniture and equipment with no remaining useful life, such as musical and kitchen equipment, file cabinets, copiers and pallets, from school sites and departments. The agreement runs July 1, 2023 to June 30, 2024 and is being ratified (approved after the fact) by the Board.","Food, transportation & operations",,new_agreement,Junk King Contra Costa,organization,,expense,not_to_exceed,50000,,,,,true,2023-07-01,2024-06-30,after_work_began,,,Adopted on the General Consent Report,2023-09-13,true,auto_ok,sonnet-agent,enrich.v5.md,true,
2023-09-13:23-1779,2023-09-13,2023-09-13,regular,T.-4,66,general,Chief Business Officer,23-1779,https://ousd.legistar.com/gateway.aspx?M=L&ID=59022,Services Agreement 2023-2024 - City Print & Mail - Warehouse Distribution Department,"Ratification by the Board of Education of a Services Agreement 2023-2024 by and between the District and City Print & Mail, Oakland, CA, for the latter to provide postage, mailers, printing projects for the District, via Warehouse Distribution Department, for the period of July 1, 2023 through June 30, 2024, in an amount not to exceed $95,000.00.",Agreement or Contract,Chief Financial Officer,006681,v-006681,General Purpose-Unrestricted,"Pays City Print & Mail up to $95,000 for district postage, mailers and printing","City Print & Mail will provide postage, mailers and printing projects for the district through the Warehouse Distribution Department. The agreement runs July 1, 2023 to June 30, 2024 and is being ratified (approved after the fact) by the Board.","Food, transportation & operations",,new_agreement,City Print & Mail,organization,,expense,not_to_exceed,95000,,,,,true,2023-07-01,2024-06-30,after_work_began,,,Adopted on the General Consent Report,2023-09-13,true,auto_ok,sonnet-agent,enrich.v5.md,true,
2023-09-13:23-1780,2023-09-13,2023-09-13,regular,T.-5,67,general,Chief Business Officer,23-1780,https://ousd.legistar.com/gateway.aspx?M=L&ID=59023,"Services Agreement 2023-2024 - Revolt Recycling, LLC - Risk Management Department","Ratification by the Board of Education of a Services Agreement 2023-2024 by and between the District and Revolt Recycling, LLC, San Leandro, CA, for the latter to provide environmental hazardous waste recycling related service, via Risk Management Department, for the period of July 1, 2023 through June 30, 2024, in an amount not to exceed $25,000.00.",Agreement or Contract,Chief Financial Officer,003595,v-003595,Property & Liability,"Pays Revolt Recycling up to $25,000 for hazardous waste recycling services","Revolt Recycling, LLC will provide environmental hazardous waste recycling services for the district through the Risk Management Department. The agreement runs July 1, 2023 to June 30, 2024 and is being ratified (approved after the fact) by the Board.","Food, transportation & operations",,new_agreement,"Revolt Recycling, LLC",organization,,expense,not_to_exceed,25000,,,,,true,2023-07-01,2024-06-30,after_work_began,,,Adopted on the General Consent Report,2023-09-13,true,auto_ok,sonnet-agent,enrich.v5.md,true,
2023-09-13:23-1781,2023-09-13,2023-09-13,regular,T.-6,68,general,Chief Business Officer,23-1781,https://ousd.legistar.com/gateway.aspx?M=L&ID=59024,Services Agreement 2023-2024 - Purple Communications - Risk Management Department,"Ratification by the Board of Education of a Services Agreement 2023-2024 by and between the District and Purple Communications, Austin, TX, for the latter to provide interpreter services to hearing impaired staff as a form of a reasonable accommodation under ADA, via Risk Management Department, for the period of July 1, 2023 through June 30, 2024, in an amount not to exceed $99,000.00.",Agreement or Contract,Chief Financial Officer,003488,v-003488,Property & Liability,"Pays Purple Communications up to $99,000 for interpreter services for hearing-impaired staff","Purple Communications will provide interpreter services to district employees who are hearing impaired, as a reasonable accommodation under the Americans with Disabilities Act (ADA). The agreement runs July 1, 2023 to June 30, 2024 and is being ratified (approved after the fact) by the Board.","Legal, compliance & risk",,new_agreement,Purple Communications,organization,,expense,not_to_exceed,99000,,,,,true,2023-07-01,2024-06-30,after_work_began,,,Adopted on the General Consent Report,2023-09-13,true,auto_ok,sonnet-agent,enrich.v5.md,true,
2023-09-13:23-1782,2023-09-13,2023-09-13,regular,T.-7,69,general,Chief Business Officer,23-1782,https://ousd.legistar.com/gateway.aspx?M=L&ID=59025,Services Agreement 2023-2024 - Environmental Logistics - Risk Management Department,"Ratification by the Board of Education of a Services Agreement 2023-2024 by and between the District and Environmental Logistics, Colton, CA, for the latter to provide environmental hazardous waste recycling related services, via Risk Management Department, for the period of July 1, 2023 through June 30, 2024, in an amount not to exceed $70,000.00.",Agreement or Contract,Chief Financial Officer,001590,v-001590,Property & Liability,"Pays Environmental Logistics up to $70,000 for hazardous waste recycling services","Environmental Logistics will provide environmental hazardous waste recycling services for the district through the Risk Management Department. The agreement runs July 1, 2023 to June 30, 2024 and is being ratified (approved after the fact) by the Board.","Food, transportation & operations",,new_agreement,Environmental Logistics,organization,,expense,not_to_exceed,70000,,,,,true,2023-07-01,2024-06-30,after_work_began,,,Adopted on the General Consent Report,2023-09-13,true,auto_ok,sonnet-agent,enrich.v5.md,true,
2023-09-13:23-1783,2023-09-13,2023-09-13,regular,T.-8,70,general,Chief Business Officer,23-1783,https://ousd.legistar.com/gateway.aspx?M=L&ID=59026,Services Agreement 2023-2024 - McCampbell Analytical - Risk Management Department,"Ratification by the Board of Education of a Services Agreement 2023-2024 by and between the District and McCampbell Analytical, Pittsburg, CA, for the latter to provide environmental hazardous waste recycling related services, via Risk Management Department, for the period of July 1, 2023 through June 30, 2024, in an amount not to exceed $40,000.00.",Agreement or Contract,Chief Financial Officer,004985,v-004985,Property & Liability,"Pays McCampbell Analytical up to $40,000 for hazardous waste recycling services","McCampbell Analytical will provide environmental hazardous waste recycling services for the district through the Risk Management Department. The agreement runs July 1, 2023 to June 30, 2024 and is being ratified (approved after the fact) by the Board.","Food, transportation & operations",,new_agreement,McCampbell Analytical,organization,,expense,not_to_exceed,40000,,,,,true,2023-07-01,2024-06-30,after_work_began,,,Adopted on the General Consent Report,2023-09-13,true,auto_ok,sonnet-agent,enrich.v5.md,true,
2023-09-13:23-1784,2023-09-13,2023-09-13,regular,T.-9,71,general,Chief Business Officer,23-1784,https://ousd.legistar.com/gateway.aspx?M=L&ID=59027,"Services Agreement 2023-2024 - Medical Business Professional Services Group, Inc. - Risk Management Department","Ratification by the Board of Education of a Services Agreement 2023-2024 by and between the District and Medical Business Professional Services Group, Inc, Oakland, CA, for the latter to continue to provide diagnostic checks of AEDs that are placed in administrative buildings and on campuses throughout OUSD, replace AED batteries, replace expiring adult and child AED pads, maintain accessory emergency medical supplies; provide updated labor law posters and provide OUSD Health Services with a physician for prescriptions services (i.e., Epi-Pens), medical oversight and consultations as needed, via Risk Management Department, for the period of July 1, 2023, through June 30, 2024, in an amount not to exceed $80,000.00.",Agreement or Contract,Chief Financial Officer,002812,v-002812,Property & Liability,"Continues AED safety checks and a medical advisor with Medical Business Professional Services, up to $80,000","The vendor will keep checking the automated external defibrillators (AEDs) in district buildings and on campuses, replace batteries and pads, and maintain emergency medical supplies. It will also provide updated labor law posters and a physician for prescriptions such as Epi-Pens, medical oversight and consultations for Health Services. The agreement runs July 1, 2023 to June 30, 2024 and is being ratified (approved after the fact) by the Board.","Student health, support & family services",,new_agreement,"Medical Business Professional Services Group, Inc.",organization,,expense,not_to_exceed,80000,,,,,true,2023-07-01,2024-06-30,after_work_began,,,Adopted on the General Consent Report,2023-09-13,true,auto_ok,sonnet-agent,enrich.v5.md,true,
2023-09-13:23-1785,2023-09-13,2023-09-13,regular,T.-10,72,general,Chief Business Officer,23-1785,https://ousd.legistar.com/gateway.aspx?M=L&ID=59028,Services Agreement 2023-2024 - EMSL Analytical - Risk Management Department,"Ratification by the Board of Education of a Services Agreement 2023-2024 by and between the District and EMSL Analytical, Cinnaminson, NJ, for the latter to provide analytical testing of bulk samples collected and submitted, via Risk Management Department, for the period of July 1, 2023 through June 30, 2024, in an amount not to exceed $25,000.00.",Agreement or Contract,Chief Financial Officer,001576,v-001576,Property & Liability,"Pays EMSL Analytical up to $25,000 for lab testing of bulk samples","EMSL Analytical will provide analytical testing of bulk samples that the district collects and submits, through the Risk Management Department. The text does not say what the samples are tested for. The agreement runs July 1, 2023 to June 30, 2024 and is being ratified (approved after the fact) by the Board.","Legal, compliance & risk",,new_agreement,EMSL Analytical,organization,,expense,not_to_exceed,25000,,,,,true,2023-07-01,2024-06-30,after_work_began,,,Adopted on the General Consent Report,2023-09-13,true,auto_ok,sonnet-agent,enrich.v5.md,true,
2023-09-13:23-1874,2023-09-13,2023-09-13,regular,T.-11,73,general,Chief Business Officer,23-1874,https://ousd.legistar.com/gateway.aspx?M=L&ID=59117,"Annual Report of Gifts, Donations, Bequests, and/or Grants - Fiscal Year 2022-2023","Ratification by Board of Education of the Annual Report of Gifts, Donations, Bequests and/or Grants for Fiscal Year 2022-2023, individually and separately, accepted for the District totaling $1,431,805.68, by the Superintendent of Schools or designee, pursuant to Board Policy 3290.",Motion,Chief Financial Officer,,,,"Ratifies the 2022-23 report of gifts, donations and grants, totaling $1,431,805.68","The Board is ratifying the annual report of gifts, donations, bequests and grants the district accepted during fiscal year 2022-2023. The accepted gifts total $1,431,805.68. They were accepted by the Superintendent or designee under Board Policy 3290.","Budget, finance & payments",,grant_or_funding_in,,,,revenue,fixed,1431805.68,,,,,true,,,after_work_began,,,Adopted on the General Consent Report,2023-09-13,true,auto_ok,sonnet-agent,enrich.v5.md,true,
2023-09-13:23-1884,2023-09-13,2023-09-13,regular,T.-12,74,general,Chief Business Officer,23-1884,https://ousd.legistar.com/gateway.aspx?M=L&ID=59127,"Services Agreement 2023-2024 - Aurora Environmental Services, Inc. - Risk Management Department","Ratification by the Board of Education of a Services Agreement 2023-2024 by and between the District and Aurora Environmental Services, Inc., Oakland, CA, for the latter to provide environmental related services to reduce risk at the school sites, including but not limited to collecting environmental samples, via Risk Management Department, for the period of July 1, 2023 through June 30, 2024, in an amount not to exceed $50,000.00.",Agreement or Contract,Chief Financial Officer,000536,v-000536,Property & Liability,"Pays Aurora Environmental Services up to $50,000 for environmental sampling at school sites","Aurora Environmental Services will provide environmental services to reduce risk at school sites, including collecting environmental samples. The agreement runs July 1, 2023 to June 30, 2024 and is being ratified (approved after the fact) by the Board.",School buildings & construction,,new_agreement,"Aurora Environmental Services, Inc.",organization,,expense,not_to_exceed,50000,,,,,true,2023-07-01,2024-06-30,after_work_began,,,Adopted on the General Consent Report,2023-09-13,true,auto_ok,sonnet-agent,enrich.v5.md,true,
2023-09-13:23-1885,2023-09-13,2023-09-13,regular,T.-13,75,general,Chief Business Officer,23-1885,https://ousd.legistar.com/gateway.aspx?M=L&ID=59128,"Services Agreement 2023-2024 - Company Nurse, LLC - Risk Management Department","Ratification by the Board of Education of a Services Agreement 2023-2024 by and between the District and Company Nurse, LLC, Scottsdale, AZ, for the latter to serve as the Workers Compensation Triage Call Center for all work-related injuries, providing 24/7/365 access to Injury Hotline, timely and accurate reporting of workplace injuries and appropriate level of care for injured workers, via Risk Management Department, for the period of July 1, 2023 through June 30, 2024, in an amount not to exceed $36,450.00.",Agreement or Contract,Chief Financial Officer,001161,v-001161,Workers' Comp,"Pays Company Nurse up to $36,450 to run a 24/7 workers' compensation injury hotline","Company Nurse, LLC will serve as the district's call center for all work-related injuries, with 24/7/365 access to an injury hotline, timely reporting of workplace injuries and referral to an appropriate level of care. The agreement runs July 1, 2023 to June 30, 2024 and is being ratified (approved after the fact) by the Board.","Legal, compliance & risk",,new_agreement,"Company Nurse, LLC",organization,,expense,not_to_exceed,36450,,,,,true,2023-07-01,2024-06-30,after_work_began,,,Adopted on the General Consent Report,2023-09-13,true,auto_ok,sonnet-agent,enrich.v5.md,true,
2023-09-13:23-1886,2023-09-13,2023-09-13,regular,T.-14,76,general,Chief Business Officer,23-1886,https://ousd.legistar.com/gateway.aspx?M=L&ID=59129,"Services Agreement 2023-2024 - Norman Peterson & Associate, Inc. - Risk Management Department","Ratification by the Board of Education of a Services Agreement 2023-2024 by and between the District and Norman Peterson & Associate, Inc., Ashland, OR, for the latter to provide formalize modified duty assignments (Bridge Assignments); provide a dedicated Return To Work (RTW) Specialist to assist with arranging accommodations with the various school sites and departments; document all RTW Efforts, including providing monthly reports; follow up with medical providers for work restrictions, clarification of restrictions and to help plan for a safe return to work for temporary modified duties, via Risk Management Department, for the period of July 1, 2023 through June 30, 2024, in an amount not to exceed $25,000.00.",Agreement or Contract,Chief Financial Officer,003102,v-003102,Property & Liability,"Pays Norman Peterson & Associate up to $25,000 to help injured employees return to work","The vendor will formalize temporary modified-duty (bridge) assignments and provide a dedicated return-to-work specialist. The specialist will arrange accommodations with schools and departments, document and report monthly on return-to-work efforts, and follow up with medical providers. The agreement runs July 1, 2023 to June 30, 2024 and is being ratified (approved after the fact) by the Board.","Legal, compliance & risk",,new_agreement,"Norman Peterson & Associate, Inc.",organization,,expense,not_to_exceed,25000,,,,,true,2023-07-01,2024-06-30,after_work_began,,,Adopted on the General Consent Report,2023-09-13,true,auto_ok,sonnet-agent,enrich.v5.md,true,
2023-09-13:23-1888,2023-09-13,2023-09-13,regular,T.-15,77,general,Chief Business Officer,23-1888,https://ousd.legistar.com/gateway.aspx?M=L&ID=59131,Services Agreement 2023-2024 - Elite Environment Consulting - Risk Management Department,"Ratification by the Board of Education of a Services Agreement 2023-2024 by and between the District and Elite Environmental Consulting, Vallejo, CA, for the latter to provide environmental related services to reduce risk at the school sites, including but not limited to collection of environmental samples, via Risk Management Department, for the period of July 1, 2023 through June 30, 2024, in an amount not to exceed $55,000.00.",Agreement or Contract,Chief Financial Officer,007019,v-007019,Property & Liability,"Pays Elite Environmental Consulting up to $55,000 for environmental sampling at school sites","Elite Environmental Consulting will provide environmental services to reduce risk at school sites, including collecting environmental samples. The agreement runs July 1, 2023 to June 30, 2024 and is being ratified (approved after the fact) by the Board.",School buildings & construction,,new_agreement,Elite Environmental Consulting,organization,,expense,not_to_exceed,55000,,,,,true,2023-07-01,2024-06-30,after_work_began,,,Adopted on the General Consent Report,2023-09-13,true,auto_ok,sonnet-agent,enrich.v5.md,true,
2023-09-13:23-1889,2023-09-13,2023-09-13,regular,T.-16,78,general,Chief Business Officer,23-1889,https://ousd.legistar.com/gateway.aspx?M=L&ID=59132,Services Agreement 2023-2024 - D-Prep - Risk Management Department,"Ratification by the Board of Education of a Services Agreement 2023-2024 by and between the District and D-Prep, Folsom, CA, for the latter to provide MERIT Training during Leadership Institute, 2- 3 hours block of instruction that is specifically designed to train employees on how to respond to active assailant incidents and recognize pre-event threat indicators and characteristics and provide key instruction on situational awareness, via Risk Management Department, for the period of July 27, 2023 through August 27, 2023, in an amount not to exceed $6,800.00.",Agreement or Contract,Chief Financial Officer,001284,v-001284,General Purpose-Unrestricted,"Pays D-Prep up to $6,800 to train employees on responding to active assailant incidents","D-Prep will deliver its MERIT Training during the Leadership Institute, a 2- to 3-hour session that teaches employees how to respond to active assailant incidents, recognize pre-event threat indicators and stay aware of their surroundings. The agreement runs July 27, 2023 to August 27, 2023 and is being ratified (approved after the fact) by the Board.","Legal, compliance & risk",,new_agreement,D-Prep,organization,,expense,not_to_exceed,6800,,,,,true,2023-07-27,2023-08-27,after_work_began,,,Adopted on the General Consent Report,2023-09-13,true,auto_ok,sonnet-agent,enrich.v5.md,true,
2023-09-13:23-1551,2023-09-13,2023-09-13,regular,T.-17,80,general,"Deputy Chief, Facilities Planning and Management",23-1551,https://ousd.legistar.com/gateway.aspx?M=L&ID=58794,Declaring the Futility of Public Bidding and Awarding A Contract [Purchase Agreement] – FloWater – Various Sites District-Wide Project – Department of Buildings and Grounds,"Approval by the Board of Education of Resolution Number 2324-0005 - Declaring The Futility Of Public Bidding For The Purchase of Flowater Systems and Approving A Contract For That Purchase [by and between the District and FloWater, Denver, CO,  for the latter to sell, deliver and install FloWater systems which consists of 85 refill stations, for the FloWater Systems at Various Sites District-Wide Project, in an amount not to exceed  $637,245.00, with delivery not later than December 31, 2023].",Agreement or Contract,"Deputy Chief, Facilities Planning and Management",005125,v-005125,"Fund 01, ESSER III","Buys 85 FloWater refill stations for up to $637,245 without public bidding","The Board is declaring that public bidding would be futile for this purchase and approving a contract with FloWater to sell, deliver and install 85 water refill stations at various district sites. Delivery is due no later than December 31, 2023. The district is skipping public bidding based on that finding.","Food, transportation & operations",,new_agreement,FloWater,organization,,expense,not_to_exceed,637245,,,,,true,,2023-12-31,no_competitive_bid,,,Adopted on the General Consent Report,2023-09-13,true,auto_ok,sonnet-agent,enrich.v5.md,true,
2023-09-13:23-1728,2023-09-13,2023-09-13,regular,T.-18,81,general,"Deputy Chief, Facilities Planning and Management",23-1728,https://ousd.legistar.com/gateway.aspx?M=L&ID=58971,"Change Order No. 1, Construction Agreement Between Owner and Contractor – Native Soil, Inc. - Allendale Elementary School Site Improvements Project - Division of Facilities Planning and Management","Approval by the Board of Education of Change Order No. 1, Construction Agreement Between Owner and Contractor by and between the District and Native Soil, Inc., Oakland, CA, for the latter to provide additional soil removal for in ground planters including equipment rental and off haul fees, discount to six planners in lieu of 10 planter boxes, valves for veggie planters with irrigation boxes, fittings and run new wires to the controller and laterals for the new planters, drip line and bubblers for the trees for the Allendale Elementary School Site Improvements Project, in the additional amount of $8,756.89, increasing the Agreement not to exceed amount from $55,989.81 to $64,746.70. All other terms and conditions of the Agreement remain in full force and effect.",Agreement or Contract,"Deputy Chief, Facilities Planning and Management",007827,v-007827,Fund 01 General Fund,"Adds $8,756.89 to Native Soil's Allendale Elementary site improvements contract","This change order pays Native Soil, Inc. for extra work at the Allendale Elementary School Site Improvements Project, including more soil removal for in-ground planters, irrigation valves and wiring, and drip lines for trees. It also gives a discount for six planters in place of 10 planter boxes. The contract limit rises from $55,989.81 to $64,746.70.",School buildings & construction,,change_order,"Native Soil, Inc.",organization,Allendale Elementary School,expense,not_to_exceed,8756.89,,,55989.81,64746.7,true,,,raises_existing_contract,,,Adopted on the General Consent Report,2023-09-13,true,auto_ok,sonnet-agent,enrich.v5.md,true,
2023-09-13:23-1769,2023-09-13,2023-09-13,regular,T.-19,82,general,"Deputy Chief, Facilities Planning and Management",23-1769,https://ousd.legistar.com/gateway.aspx?M=L&ID=59012,Use Agreement – Alameda County California Children Services (ACCCS) - Portable Use @915 54th Street - Division of Facilities Planning and Management,"Approval by the Board of Education of a Use Agreement by and between the Alameda County California Children Services (ACCCS), as the designated local agency of the CA Department of Health Care Services, and the District, for the former's use of necessary space and equipment for the provision of medically necessary occupational therapy and physical therapy, for IEP designated Special Education students, in the most efficient and effective manner, including the West Oakland Medical Therapy Unit (“WOMTU”) Program operated by ACCCS, in Portables to be installed by and on District’s real property located at 915 54th St., Oakland, CA (formerly the Santa Fe Elementary School Site), pursuant to California Government Code Section 7575, with the term (time period) of Agreement) to be negotiated once the Portables are installed.",Agreement or Contract,"Deputy Chief, Facilities Planning and Management",,n-alameda-county-california-children-services,,Lets Alameda County Children Services use district portables for special education therapy,"The district will let Alameda County California Children Services (ACCCS), a local agency of the state health department, use space and equipment in portable buildings to be installed at 915 54th St. (the former Santa Fe Elementary site). ACCCS will provide medically necessary occupational and physical therapy to students with Individualized Education Programs (IEPs), including its West Oakland Medical Therapy Unit program. The length of the agreement will be negotiated once the portables are installed. No dollar amount is stated.",Special education,Programs & support,new_agreement,Alameda County California Children Services (ACCCS),organization,Former Santa Fe Elementary School site (915 54th St.),no_cost,,,,,,,true,,,,,,Adopted on the General Consent Report,2023-09-13,true,auto_ok,sonnet-agent,enrich.v5.md,true,
2023-09-13:23-1899,2023-09-13,2023-09-13,regular,T.-20,84,general,"Chief, Talent",23-1899,https://ousd.legistar.com/gateway.aspx?M=L&ID=59142,Personnel Report No. 2324-0001 - Talent/Human Resources Department,Approval by the Board of Education of Personnel Report No. 2324-0001 - Talent/Human Resources Department.,Personnel Report,"Deputy Chief, Talent",,,,Approves Talent Department Personnel Report No. 2324-0001,The Board is approving Personnel Report No. 2324-0001 from the Talent/Human Resources Department. The item text does not list the individual personnel actions or any dollar amounts.,Staff & hiring,,personnel,,,,no_cost,,,,,,,true,,,,,,Adopted on the General Consent Report,2023-09-13,true,auto_ok,sonnet-agent,enrich.v5.md,true,
2023-09-13:23-1787,2023-09-13,2023-09-13,regular,T.-21,85,general,"Chief, Talent",23-1787,https://ousd.legistar.com/gateway.aspx?M=L&ID=59030,Services Agreement 2023-2024 - Myrna Wright - Talent/Human Resources Department,"Ratification by the Board of Education of a Services Agreement 2023-2024 by and between the District and Myrna Wright, Petaluma, CA, for the latter to provide 350 hours of consulting services to the Talent Division for the project management of the Frontline Implementation Project to coordinate planning sessions between teams, departments, and Frontline; develop communications materials and conduct outreach to relevant stakeholder groups; document processes and develop training materials and sessions; and provide ongoing communication and support to employees and supervisors after the initial rollout of the Frontline solutions, via Talent/Human Resources Department, for the period of July 1, 2023 through June 30, 2024, in an amount not to exceed $26,250.00.",Agreement or Contract,"Deputy Chief, Talent",007946,v-007946,General Purpose-Unrestricted,"Pays a consultant up to $26,250 to manage the Frontline software rollout for the Talent Division","An individual consultant will provide 350 hours of project management for the Talent Division's Frontline implementation. The work includes coordinating planning sessions, writing communications and training materials, and supporting employees and supervisors after the rollout. The agreement runs July 1, 2023 to June 30, 2024 and is being ratified (approved after the fact) by the Board.",Technology,,new_agreement,Myrna Wright,individual,,expense,not_to_exceed,26250,,,,,true,2023-07-01,2024-06-30,after_work_began,,,Adopted on the General Consent Report,2023-09-13,true,auto_ok,sonnet-agent,enrich.v5.md,true,
2023-09-13:23-1826,2023-09-13,2023-09-13,regular,T.-22,86,general,"Chief, Talent",23-1826,https://ousd.legistar.com/gateway.aspx?M=L&ID=59069,Memorandum of Understanding and Interagency Agreement - California State East Bay - Intern Partnership Practica Programs K-12 - Talent/Human Resources Department,"Approval by the Board of Education of Memorandum of Understanding and Interagency Agreement (MOU or Agreement) for an Intern Partnership Program and Practica Program-applying to credentials in K-12 Teaching, including Multiple Subjects, Single Subjects, Designated Subjects, and Special Education Categories, including Added or Supplementary Authorizations; including Pupil Personnel Services in Communicative Sciences & Disorders, Mental Health & Wellness, Counseling & Guidance, Educational Therapy, Administration, and other Pupil Personnel Services credentials and certifications, as may be specified; including Fieldwork Experience for Master of Arts or Science and other Graduate-Level Degrees or Certifications with Emphasis in Pupil Personnel Services; including Fieldwork Experience for Pre-Credential Candidate Undergraduate Students-is entered into by and between Oakland Unified School District (District or OUSD), a public school district in the State of California, County of Alameda, and the Trustees of the California State University for California State University East Bay (University or CSUEB), Hayward, CA, for the term  July 1, 2023 through June 30, 2028, at no cost to the District other than for Teacher Interns who are deemed District employees and are paid from District funds associated with said employment.",Agreement or Contract,"Deputy Chief, Talent",,n-california-state-university-east-bay,,Renews teacher-intern and fieldwork partnership with Cal State East Bay through 2028 at no cost,"This memorandum of understanding (MOU) sets up intern and practicum programs with California State University East Bay for teaching, special education and pupil-services credentials, plus graduate and undergraduate fieldwork. It costs the district nothing beyond paying teacher interns, who are district employees. It runs July 1, 2023 to June 30, 2028.",Staff & hiring,,mou_or_data_sharing,California State University East Bay,organization,,no_cost,,,,,,,true,2023-07-01,2028-06-30,after_work_began; multi_year,,,Adopted on the General Consent Report,2023-09-13,true,auto_ok,sonnet-agent,enrich.v5.md,true,
2023-09-13:23-1891,2023-09-13,2023-09-13,regular,T.-23,87,general,"Chief, Talent",23-1891,https://ousd.legistar.com/gateway.aspx?M=L&ID=59134,Memorandum of Understanding and Interagency Agreement - Dominican University of California - Talent/Human Resources Department,"Approval of Memorandum of Understanding and Interagency Agreement (MOU or Agreement) for an Intern Partnership Program and Practica Program-applying to credentials in K-12 Teaching, including Multiple Subjects, Single Subjects, Designated Subjects, and Special Education Categories, including Added or Supplementary Authorizations; including Pupil Personnel Services in Communicative Sciences & Disorders, Mental Health & Wellness, Counseling & Guidance, Educational Therapy, Administration, and other Pupil Personnel Services credentials and certifications, as may be specified; including Fieldwork Experience for Master of Arts or Science and other Graduate-Level Degrees or Certifications with Emphasis in Pupil Personnel Services; including Fieldwork Experience for Pre-Credential Candidate Undergraduate Students is entered into by and between Oakland Unified School District (District or OUSD), a public school district in the State of California, County of Alameda, and Dominican University of California, San Rafael, CA,  a California nonprofit private University, for the term July 1, 2023 through June 30, 2026, at no cost to the District other than for Teacher Interns who are deemed District employees and are paid from District funds associated with said employment.",Agreement or Contract,"Deputy Chief, Talent",,n-dominican-university-of-california,,Sets up teacher-intern and fieldwork partnership with Dominican University through 2026 at no cost,"This memorandum of understanding (MOU) sets up intern and practicum programs with Dominican University of California for teaching, special education and pupil-services credentials, plus graduate and undergraduate fieldwork. It costs the district nothing beyond paying teacher interns, who are district employees. It runs July 1, 2023 to June 30, 2026.",Staff & hiring,,mou_or_data_sharing,Dominican University of California,organization,,no_cost,,,,,,,true,2023-07-01,2026-06-30,after_work_began; multi_year,,,Adopted on the General Consent Report,2023-09-13,true,auto_ok,sonnet-agent,enrich.v5.md,true,
2023-09-13:23-1457,2023-09-13,2023-09-13,regular,T.-24,89,general,Chief Academic Officer,23-1457,https://ousd.legistar.com/gateway.aspx?M=L&ID=58700,"Services Agreement 2023-2024 – SOP Solutions, LLC dba Project IDEA – Special Education Department","Approval by the Board of Education of a Services Agreement 2023-2024 by and between the District and SOP Solutions, LLC dba Project IDEA, Denver, CO, for the latter to provide a Custom-Built Case Management System and Subscription for 70 teachers, as described in Exhibit A of the Agreement, incorporated herein by reference as though fully set forth, to support scheduling and case management logistics for students with Individualized Education Programs (IEPs), via the Special Education Department, for the period of August 10, 2023 through June 30, 2024, in an amount not to exceed $65,000.00.",Agreement or Contract,Chief Academic Officer,008545,v-008545,Special Education Funding,"Pays Project IDEA up to $65,000 for a special education case management system for 70 teachers","SOP Solutions, LLC (doing business as Project IDEA) will build a custom case management system and provide subscriptions for 70 teachers. It will support scheduling and case management for students with Individualized Education Programs (IEPs). The agreement runs August 10, 2023 to June 30, 2024.",Special education,Programs & support,new_agreement,"SOP Solutions, LLC dba Project IDEA",organization,,expense,not_to_exceed,65000,,,,,true,2023-08-10,2024-06-30,after_work_began,,,Adopted on the General Consent Report,2023-09-13,true,auto_ok,sonnet-agent,enrich.v5.md,true,
2023-09-13:23-1674,2023-09-13,2023-09-13,regular,T.-25,90,general,Chief Academic Officer,23-1674,https://ousd.legistar.com/gateway.aspx?M=L&ID=58917,Services Agreement 2022-2023 – About WUT – Oakland Fine Arts Summer Program – Community Schools and Student Services Department,"Ratification by the Board of Education of a Services Agreement 2022-2023 by and between the District and About WUT, Duluth, GA, for the latter to provide website design, video editing, media communication, and administrative support services for 250 students from across the City of Oakland, as described in Exhibit A of the Agreement, incorporated herein by reference as though fully set forth, for the period of June 1, 2023 through July 31, 2023, in an amount not to exceed $7,000.00.",Agreement or Contract,Chief Academic Officer,000219,v-000219,Measure G,"Ratifies $7,000 for About WUT website, video and media support for the Oakland Fine Arts Summer Program","About WUT will provide website design, video editing, media communication and administrative support services for 250 students from across Oakland in the Oakland Fine Arts Summer Program. The agreement runs June 1, 2023 to July 31, 2023 and is being ratified (approved after the fact) by the Board.",Classroom & academic programs,,new_agreement,About WUT,organization,,expense,not_to_exceed,7000,,,,,true,2023-06-01,2023-07-31,after_work_began,,,Adopted on the General Consent Report,2023-09-13,true,auto_ok,sonnet-agent,enrich.v5.md,true,
2023-09-13:23-1677,2023-09-13,2023-09-13,regular,T.-26,91,general,Chief Academic Officer,23-1677,https://ousd.legistar.com/gateway.aspx?M=L&ID=58920,Services Agreement 2022-2023 – Allison Guilfoil – Special Education Department,"Approval by the Board of Education of a Services Agreement 2022-2023 by and between the District and Allison Guilfoil, Oakland, CA, for the latter to:
●	Prepare, present and track participation in high-quality professional development specific to the science of reading and multisensory literacy; 
●	Provide foundational training to Department and Academic Division personnel in adopted intervention curricula;
●	Mentor new Special Education leaders to build their content knowledge and leadership skills in the area of scaling instructional quality;
●	Provide ongoing coaching to teachers to ensure adequate support for implementation of adopted intervention curricula with fidelity;
●	Prepare and present data related to our literacy initiative for a variety of audiences; and
●	Collaborate with the Department personnel to build and implement a system for classroom observation, implementation data collection and student progress monitoring in the area of early literacy skills for students with IEPs,

via the Special Education Department, for the period of July 1, 2023 through June 30, 2024, in an amount not to exceed $104,500.00.",Agreement or Contract,Chief Academic Officer,,v-008631,Special Education Funding,"Pays a literacy consultant up to $104,500 to train and coach special education staff","An individual consultant will provide professional development on the science of reading, train Special Education Department and academic staff in the adopted reading intervention curricula, and coach teachers. The consultant will also mentor new special education leaders and help build a system for classroom observation and progress monitoring in early literacy for students with Individualized Education Programs (IEPs). The agreement runs July 1, 2023 to June 30, 2024.",Special education,Programs & support,new_agreement,Allison Guilfoil,individual,,expense,not_to_exceed,104500,,,,,true,2023-07-01,2024-06-30,after_work_began,,,Adopted on the General Consent Report,2023-09-13,true,auto_ok,sonnet-agent,enrich.v5.md,true,
2023-09-13:23-1680,2023-09-13,2023-09-13,regular,T.-27,92,general,Chief Academic Officer,23-1680,https://ousd.legistar.com/gateway.aspx?M=L&ID=58923,Services Agreement 2022-2023 – TutorMe Education – Special Education Department,"Approval by the Board of Education of a Services Agreement 2022-2023 by and between the District and TutorMe Education, Los Angeles, CA, for the latter to provide Individual or small group Supplemental Academic Services and monitoring and sharing of student progress data from the services, via the Special Education Department, for the period of July 1, 2023 through June 30, 2024, in an amount not to exceed $105,000.00.",Agreement or Contract,Chief Academic Officer,,v-008549,Special Education Funding,"Pays TutorMe up to $105,000 for individual and small-group tutoring in special education","TutorMe Education will provide individual or small-group supplemental academic services through the Special Education Department. It will also monitor and share student progress data from the services. The agreement runs July 1, 2023 to June 30, 2024.",Special education,Programs & support,new_agreement,TutorMe Education,organization,,expense,not_to_exceed,105000,,,,,true,2023-07-01,2024-06-30,after_work_began,,,Adopted on the General Consent Report,2023-09-13,true,auto_ok,sonnet-agent,enrich.v5.md,true,
2023-09-13:23-1681,2023-09-13,2023-09-13,regular,T.-28,93,general,Chief Academic Officer,23-1681,https://ousd.legistar.com/gateway.aspx?M=L&ID=58924,Services Agreement 2023-2024 - LightHouse for the Blind - Special Education Department,"Ratification by the Board of Education of a Services Agreement 2023-2024 by and between the District and LightHouse for the Blind, San Francisco, CA, for the latter to provide Part C Vision Services to infants and toddlers, birth to age 3, and their families, as described in Exhibit A of the Agreement, incorporated herein by reference as though fully set forth, via the Special Education Department, for the period of July 1, 2023 through June 30, 2024, in an amount not to exceed $49,900.00.",Agreement or Contract,Chief Academic Officer,008513,v-008513,Special Education Funding,"Pays LightHouse for the Blind up to $49,900 for vision services for infants and toddlers","LightHouse for the Blind will provide Part C vision services to infants and toddlers from birth to age 3, and to their families, through the Special Education Department. The agreement runs July 1, 2023 to June 30, 2024 and is being ratified (approved after the fact) by the Board.",Special education,Services & contract staff,new_agreement,LightHouse for the Blind,organization,,expense,not_to_exceed,49900,,,,,true,2023-07-01,2024-06-30,after_work_began,,,Adopted on the General Consent Report,2023-09-13,true,auto_ok,sonnet-agent,enrich.v5.md,true,
2023-09-13:23-1710,2023-09-13,2023-09-13,regular,T.-29,94,general,Chief Academic Officer,23-1710,https://ousd.legistar.com/gateway.aspx?M=L&ID=58953,"Master Service Agreement - The Together Group, LLC - Special Education Department","Ratification by the Board of Education of a Master Service Agreement by and between the District and The Together Group, LLC, Bethesda, MD, effective June 9, 2022, and which shall remain in effect for as long as Consultant is providing any Services pursuant to any Statement of Work (SOW), unless otherwise agreed to in a writing signed by both Parties, and its Statement of Work (SOW) No. 2, effective, June 13, 2023 and concluding August 30 2023, for the latter to conduct its Class Type “The Together Leader: Plan, Prioritize and Protect Your Time, for 100-130 Participants,* as stated in said SOW, incorporated herein by reference as though fully set forth, via the Special Education Department, in an amount not to exceed $20,000.00.
___
*[District’s speech and language pathologists (SLPs) and school psychologists in order for said employees to improve compliance rates for Individualized Education Plans (IEPs) completion],",Agreement or Contract,Chief Academic Officer,006238,v-006238,Special Education Department,"Pays The Together Group up to $20,000 for time-management training for therapists and psychologists","The Together Group will run a class on planning, prioritizing and protecting time for 100 to 130 district speech and language pathologists and school psychologists. The goal is to help them complete Individualized Education Plans (IEPs) on time. This is the second statement of work under a master agreement that began June 9, 2022. The class period is June 13, 2023 to August 30, 2023, and the Board is ratifying (approving after the fact) it.",Special education,Programs & support,new_agreement,"The Together Group, LLC",organization,,expense,not_to_exceed,20000,,,,,true,2023-06-13,2023-08-30,after_work_began,,,Adopted on the General Consent Report,2023-09-13,true,auto_ok,sonnet-agent,enrich.v5.md,true,
2023-09-13:23-1730,2023-09-13,2023-09-13,regular,T.-30,95,general,Chief Academic Officer,23-1730,https://ousd.legistar.com/gateway.aspx?M=L&ID=58973,Services Agreement 2023-2024 - Jacobson Education Law - Special Education Department,"Ratification by the Board of Education of a Services Agreement 2023-2024 by and between the District and Jacobson Education Law, Berkeley, CA, for the latter to provide mediation services for Alternative Dispute Resolution (ADR) to proactively generate creative solutions to ongoing Special Education disputes or disagreements that were not successfully resolved through the standard Individualized Education Program (IEP) process, actively respond to requests for ADR, liaising with participating families and district personnel, generate agreements and coordinate next steps for execution with legal administrative support personnel, via Special Education Department for the period of July 1, 2023 through June 30, 2024, in an amount not to exceed $98,000.00.",Agreement or Contract,Chief Academic Officer,007618,v-007618,Special Education,"Pays Jacobson Education Law up to $98,000 for special education dispute mediation","Jacobson Education Law will provide mediation to resolve ongoing special education disputes that were not settled through the regular Individualized Education Program (IEP) process. The mediator will work with families and district staff and draft agreements. The agreement runs July 1, 2023 to June 30, 2024 and is being ratified (approved after the fact) by the Board.",Special education,"Legal, compliance & policy",new_agreement,Jacobson Education Law,organization,,expense,not_to_exceed,98000,,,,,true,2023-07-01,2024-06-30,after_work_began,,,Adopted on the General Consent Report,2023-09-13,true,auto_ok,sonnet-agent,enrich.v5.md,true,
2023-09-13:23-1742,2023-09-13,2023-09-13,regular,T.-31,96,general,Chief Academic Officer,23-1742,https://ousd.legistar.com/gateway.aspx?M=L&ID=58985,Services Agreement 2023-2024 - Rocio Elisabeth Cordova - Community Schools and Student Services Department,"Ratification by the Board of Education of a Services Agreement 2023-2024 by and between the District and Rocio Elisabeth Cordova, Oakland, CA, for the latter to design, develop Tobacco Use Prevention Education (TUPE) student substance use intervention services, family and community engagement, staff professional development and strengthening interagency partnerships, as more specifically described in Exhibit A of the Agreement, incorporated herein by reference as though fully set forth, via Community Schools and Student Services Department, for the period of July 10, 2023 through September 8, 2023, in an amount not to exceed $21,000.00.",Agreement or Contract,Chief Academic Officer,007541,v-007541,TUPE Grade 6-12 Tier 2,"Pays a contractor up to $21,000 for student tobacco and substance use prevention work","The district pays an individual contractor up to $21,000 to design Tobacco Use Prevention Education services for students, plus family and community engagement, staff training and partnerships. The work runs July 10 to September 8, 2023. The board is ratifying the agreement, and the term began before this vote.","Student health, support & family services",,new_agreement,Rocio Elisabeth Cordova,individual,,expense,not_to_exceed,21000,,,,,true,2023-07-10,2023-09-08,after_work_began,,,Adopted on the General Consent Report,2023-09-13,true,auto_ok,sonnet-agent,enrich.v5.md,true,
2023-09-13:23-1743,2023-09-13,2023-09-13,regular,T.-32,97,general,Chief Academic Officer,23-1743,https://ousd.legistar.com/gateway.aspx?M=L&ID=58986,Services Agreement 2023-2024 - Kim Woolley - Community Schools and Student Services Department,"Ratification by the Board of Education of a Services Agreement 2023-2024 by and between the District and Kim Woolley, Oakland, CA, for the latter to provide Vendor Management, Program Implementation, Assessment, Communications, Program Design, Compliance, Strategic Planning for Arts Sustainability in Out of School time, Promotion, Event registration, Research, as described in Exhibit A of Agreement, incorporated herein by reference as though fully set forth, via the Community Schools and Student Services Department, for the period of July 1, 2023 through June 30, 2024, in an amount not to exceed $109,200.00.",Agreement or Contract,Chief Academic Officer,008219,v-008219,Expanded Learning Opportunity Programs,"Pays a contractor up to $109,200 to plan arts programs for out-of-school time in 2023-24","The district pays an individual contractor up to $109,200 for program management, design, assessment, communications and strategic planning to sustain arts in out-of-school time. The agreement runs July 1, 2023 to June 30, 2024. The board is ratifying it, and the term began before this vote.",After-school & summer programs,,new_agreement,Kim Woolley,individual,,expense,not_to_exceed,109200,,,,,true,2023-07-01,2024-06-30,after_work_began,,,Adopted on the General Consent Report,2023-09-13,true,auto_ok,sonnet-agent,enrich.v5.md,true,
2023-09-13:23-1755,2023-09-13,2023-09-13,regular,T.-33,98,general,Chief Academic Officer,23-1755,https://ousd.legistar.com/gateway.aspx?M=L&ID=58998,"Services Agreement 2023-2024 - Medical Billing Technologies, Inc. - Community Schools and Student Services Department","Ratification by the Board of Education of a Services Agreement 2023-2024 by and between the District and Medical Billing Technologies, Inc., Visalia, CA, for the latter to provide the District with a state specific claims information management system for the use of the District in providing data necessary for Medical Billing Technologies, Inc. to formulate the District’s claims, and associated services, more specifically described om Exhibit A of the Agreement, incorporated herein by reference as though fully set forth, via Community Schools and Student Services Department, for the period of July 1, 2023 through June 30, 2024, in an amount not to exceed $90,000.00.",Agreement or Contract,Chief Academic Officer,008517,v-008517,LEA Medi-Cal,"Pays Medical Billing Technologies up to $90,000 for a Medi-Cal claims data system","The district pays Medical Billing Technologies, Inc. up to $90,000 for a claims information management system and related services. The company uses the data to prepare the district's claims. The agreement runs July 1, 2023 to June 30, 2024. The board is ratifying it, and the term began before this vote.",Technology,,new_agreement,"Medical Billing Technologies, Inc.",organization,,expense,not_to_exceed,90000,,,,,true,2023-07-01,2024-06-30,after_work_began,,,Adopted on the General Consent Report,2023-09-13,true,auto_ok,sonnet-agent,enrich.v5.md,true,
2023-09-13:23-1756,2023-09-13,2023-09-13,regular,T.-34,99,general,Chief Academic Officer,23-1756,https://ousd.legistar.com/gateway.aspx?M=L&ID=58999,Services Agreement 2023-2024 - Robert Moses - Edna Brewer Middle School,"Ratification by the Board of Education of a Services Agreement 2023-2024 by and between the District and Robert Moses, Berkeley, CA, for the latter to install, maintain, and troubleshoot the computers and related technology that will be used by the teachers and students and may also be involved in the maintenance, installation, and troubleshooting of any other computer, printer, or projector at the school, at Edna Brewer Middle School, for the period of August 1, 2023 through May 23, 2024, in an amount not to exceed $20,000.00.",Agreement or Contract,Chief Academic Officer,006651,v-006651,Unrestricted Supplemental,"Pays a contractor up to $20,000 for computer support at Edna Brewer Middle School","The district pays an individual contractor up to $20,000 to install, maintain and troubleshoot computers and related technology used by teachers and students at Edna Brewer Middle School. The work may also cover other computers, printers and projectors at the school. It runs August 1, 2023 to May 23, 2024. The term began before this vote.",Technology,,new_agreement,Robert Moses,individual,Edna Brewer Middle School,expense,not_to_exceed,20000,,,,,true,2023-08-01,2024-05-23,after_work_began,,,Adopted on the General Consent Report,2023-09-13,true,auto_ok,sonnet-agent,enrich.v5.md,true,
2023-09-13:23-1771,2023-09-13,2023-09-13,regular,T.-35,100,general,Chief Academic Officer,23-1771,https://ousd.legistar.com/gateway.aspx?M=L&ID=59014,"Services Agreement 2023-2024 - Rinse, Inc - Special Education Department","Ratification by the Board of Education of a Services Agreement 2023-2024 by and between the District and Rinse, Inc, San Francisco, CA, for the latter to provide laundry services to a school site [using the 4-bag per month Rinse Repeat subscription], via Special Education Department, for the period of July 1, 2023 through June 30, 2026, in an amount not to exceed $7,200.00.",Agreement or Contract,Chief Academic Officer,007678,v-007678,Special Education Funding,"Pays Rinse up to $7,200 over three years for laundry service at a school site","The district pays Rinse, Inc. up to $7,200 for laundry service at one school site, using a 4-bag-per-month subscription. The agreement covers July 1, 2023 to June 30, 2026. The Special Education Department presented it, but the text does not describe it as a service for students with Individualized Education Programs. The term began before this vote.","Food, transportation & operations",,new_agreement,"Rinse, Inc",organization,,expense,not_to_exceed,7200,,,,,true,2023-07-01,2026-06-30,after_work_began; multi_year,,,Adopted on the General Consent Report,2023-09-13,true,auto_ok,sonnet-agent,enrich.v5.md,true,
2023-09-13:23-1774,2023-09-13,2023-09-13,regular,T.-36,101,general,Chief Academic Officer,23-1774,https://ousd.legistar.com/gateway.aspx?M=L&ID=59017,Contract for Services - First 5 Alameda County - City of Oakland Children's Health Initiative (Measure AA Funds) - Early Childhood Education Department,"Approval by the Board of Education of a Contract for Services (Contract No. PS-CHI-2324-225) by and between First 5 Alameda County, Alameda, CA, and the District, with the latter accepting $4,829,782.00, in Oakland Children’s Initiative - Measure AA funding, for the period of July 1, 2023 and June 30, 2024, via the Early Childhood Education Department.",Agreement or Contract,Chief Academic Officer,,n-first-5-alameda-county,First 5 Alameda County,Accepts $4.83M from First 5 Alameda County in Measure AA funds for early childhood work,"The district receives $4,829,782 in Oakland Children's Initiative (Measure AA) funding from First 5 Alameda County under a contract for services. The Early Childhood Education Department handles the contract, which covers July 1, 2023 to June 30, 2024. The term began before this vote.","Student health, support & family services",,grant_or_funding_in,First 5 Alameda County,organization,,revenue,fixed,4829782,,,,,true,2023-07-01,2024-06-30,after_work_began,,,Adopted on the General Consent Report,2023-09-13,true,auto_ok,sonnet-agent,enrich.v5.md,true,
2023-09-13:23-1827,2023-09-13,2023-09-13,regular,T.-37,102,general,Chief Academic Officer,23-1827,https://ousd.legistar.com/gateway.aspx?M=L&ID=59070,Services Agreement 2023-2024 - Regents of the University of California – Special Education Department,"Approval by the Board of Education of a Services Agreement 2023-2024 by and between the District and The Regents of the University of California, on behalf of the University of California @ San Francisco (UCSF), for the latter to provide 7-10 group professional development sessions and individual or small group case consultation services at a mutually-agreed time, for school nurses and meet weekly with nursing leaders; and perform other related services as specified in the Exhibit A: 1 Services of the Agreement, for the period of August 1, 2023 through June 30, 2024, in an amount not to exceed $75,000.00.",Agreement or Contract,Chief Academic Officer,004270,v-004270,Health Services Department,"Pays UCSF up to $75,000 to train and consult with school nurses in 2023-24","The district pays the University of California Regents, for UC San Francisco, up to $75,000 to run 7 to 10 group training sessions and case consultations for school nurses and to meet weekly with nursing leaders. The agreement runs August 1, 2023 to June 30, 2024. The term began before this vote.","Student health, support & family services",,new_agreement,The Regents of the University of California (UCSF),organization,,expense,not_to_exceed,75000,,,,,true,2023-08-01,2024-06-30,after_work_began,,,Adopted on the General Consent Report,2023-09-13,true,auto_ok,sonnet-agent,enrich.v5.md,true,
2023-09-13:23-1835,2023-09-13,2023-09-13,regular,T.-38,103,general,Chief Academic Officer,23-1835,https://ousd.legistar.com/gateway.aspx?M=L&ID=59078,Grant Award - California Department of Education - California Partnership Academies (CPA) Program Grant - Urban Design Academy - Castlemont High School,"Acceptance by the Board of Education of a California Partnership Academies (CPA) Program: Clean Technology and Renewable Energy Grant Award from the California Department of Education, for the Castlemont High School Sustainable Urban Design Academy, CDE Grant Number: 2022-25168-61259-03, in the amount of $4,611.00, for the purpose described in the attachment, for the period of September 1, 2022 through October 31, 2023, pursuant to the terms and conditions thereof, if any.",Agreement or Contract,Chief Academic Officer,,n-california-department-of-education,"California Department of Education, College and Career Transition Division","Accepts $4,611 from the state for Castlemont's Sustainable Urban Design Academy","The district accepts a $4,611 California Partnership Academies grant from the California Department of Education for the Sustainable Urban Design Academy at Castlemont High School. The grant period runs September 1, 2022 to October 31, 2023, and the purpose is described in an attachment.",Classroom & academic programs,,grant_or_funding_in,California Department of Education,organization,Castlemont High School,revenue,fixed,4611,,,,,true,2022-09-01,2023-10-31,after_work_began; multi_year,,,Adopted on the General Consent Report,2023-09-13,true,auto_ok,sonnet-agent,enrich.v5.md,true,
2023-09-13:23-1837,2023-09-13,2023-09-13,regular,T.-39,104,general,Chief Academic Officer,23-1837,https://ousd.legistar.com/gateway.aspx?M=L&ID=59080,Services Agreement 2023-2024 - Laura Alvarez - English Language Learner and Multilingual Achievement Department,"Ratification by the Board of Education of a Services Agreement 2023-2024 by and between the District and Laura Alvarez, Oakland, CA, for the latter to complete the following work:
● Collaborate with ELLMA team to design and facilitate a teacher inquiry group focused on Spanish Language Development (SLD) with the goal of developing and piloting a consistent and quality SLD program for OUSD’s dual-language immersion schools; 
● Review and provide feedback on SLD curriculum drafts;
● Provide professional development focused on second language acquisition, instructional practices to support Spanish and English Language Development, and culturally and linguistically affirming practices in dual-language immersion programs; and 
● Provide thought partnership and leadership coaching to ELLMA team to support implementation of the Dual Language Immersion Grant (DLIG) and Multilingual Institute 2024,
via English Language Learner and Multilingual Achievement Department, for the period of August 15, 2023 through June 30, 2024, in an amount not to exceed $10,800.00.",Agreement or Contract,Chief Academic Officer,008222,v-008222,Dual Language Immersion,"Pays a consultant up to $10,800 to support Spanish language development in dual-language schools","The district pays an individual consultant up to $10,800 to help the English Language Learner and Multilingual Achievement Department with a Spanish language development program for dual-language immersion schools. Work includes a teacher group, curriculum feedback, staff training and coaching. It runs August 15, 2023 to June 30, 2024. The term began before this vote.",Classroom & academic programs,,new_agreement,Laura Alvarez,individual,,expense,not_to_exceed,10800,,,,,true,2023-08-15,2024-06-30,after_work_began,,,Adopted on the General Consent Report,2023-09-13,true,auto_ok,sonnet-agent,enrich.v5.md,true,
2023-09-13:23-1838,2023-09-13,2023-09-13,regular,T.-40,105,general,Chief Academic Officer,23-1838,https://ousd.legistar.com/gateway.aspx?M=L&ID=59081,"Nonpublic, Nonsectarian School/Agency Services Master Contract 2023-24 – Journey Academy, TLC Child & Family Services – Special Education Department","Adoption by the Board of Education of a Nonpublic, Nonsectarian School/Agency Services Master Contract 2023-24 by and between the District and Journey Academy, TLC Child & Family Services, Sebastopol, CA, for the latter to provide Special Education Services, stated in Agreement, required by a student’s Individualized Education Program, for the period of July 1, 2023 through June 30, 2024, via the Special Education Department, in an amount not to exceed $400,000.00.",Agreement or Contract,Chief Academic Officer,,n-journey-academy-tlc-child-and-family-services,Special Education,"Approves a nonpublic school contract with Journey Academy for up to $400,000 in 2023-24","The district contracts with Journey Academy, TLC Child & Family Services, a nonpublic school and agency, to provide special education services required by a student's Individualized Education Program (IEP). The cost is up to $400,000 for July 1, 2023 to June 30, 2024. The term began before this vote.",Special education,Nonpublic schools & agencies,new_agreement,"Journey Academy, TLC Child & Family Services",organization,,expense,not_to_exceed,400000,,,,,true,2023-07-01,2024-06-30,after_work_began,,,Adopted on the General Consent Report,2023-09-13,true,auto_ok,sonnet-agent,enrich.v5.md,true,
2023-09-13:23-1839,2023-09-13,2023-09-13,regular,T.-41,106,general,Chief Academic Officer,23-1839,https://ousd.legistar.com/gateway.aspx?M=L&ID=59082,"Nonpublic, Nonsectarian School/Agency Services Master Contract 2023-24 - Haynes Family of Programs dba S.T.A.R. Academy - Special Education Department","Approval by the Board of Education of a Nonpublic, Nonsectarian School/Agency Services Master Contract 2023-24 by and between the District and Haynes Family of Programs dba S.T.A.R. Academy, La Verne, CA, for the latter to provide Special Education Services, stated in Agreement, required by a student’s Individualized Education Program, for the period of July 1, 2023 through June 30, 2024, via the Special Education Department, in an amount not to exceed $80,000.00.",Agreement or Contract,Chief Academic Officer,,n-haynes-family-of-programs-s-t-a-r-academy,Special Education,"Approves a nonpublic school contract with S.T.A.R. Academy for up to $80,000 in 2023-24","The district contracts with Haynes Family of Programs, doing business as S.T.A.R. Academy, a nonpublic school and agency, to provide special education services required by a student's Individualized Education Program (IEP). The cost is up to $80,000 for July 1, 2023 to June 30, 2024. The term began before this vote.",Special education,Nonpublic schools & agencies,new_agreement,Haynes Family of Programs dba S.T.A.R. Academy,organization,,expense,not_to_exceed,80000,,,,,true,2023-07-01,2024-06-30,after_work_began,,,Adopted on the General Consent Report,2023-09-13,true,auto_ok,sonnet-agent,enrich.v5.md,true,
2023-09-13:23-1840,2023-09-13,2023-09-13,regular,T.-42,107,general,Chief Academic Officer,23-1840,https://ousd.legistar.com/gateway.aspx?M=L&ID=59083,"Nonpublic, Nonsectarian School/Agency Services Master Contract 2023-24 - Professional Tutors of America - Special Education Department","Approval by the Board of Education of a Nonpublic, Nonsectarian School/Agency Services Master Contract 2023-24 by and between the District and Professional Tutors of America, Brea, CA, for the latter to provide Special Education Services, stated in Agreement, required by a student’s Individualized Education Program, for the period of July 1, 2023 through June 30, 2024, via the Special Education Department, in an amount not to exceed $50,000.00.",Agreement or Contract,Chief Academic Officer,,v-003456,Special Education,"Approves a nonpublic agency contract with Professional Tutors of America for up to $50,000","The district contracts with Professional Tutors of America, a nonpublic school and agency, to provide special education services required by a student's Individualized Education Program (IEP). The cost is up to $50,000 for July 1, 2023 to June 30, 2024. The term began before this vote.",Special education,Nonpublic schools & agencies,new_agreement,Professional Tutors of America,organization,,expense,not_to_exceed,50000,,,,,true,2023-07-01,2024-06-30,after_work_began,,,Adopted on the General Consent Report,2023-09-13,true,auto_ok,sonnet-agent,enrich.v5.md,true,
2023-09-13:23-1841,2023-09-13,2023-09-13,regular,T.-43,108,general,Chief Academic Officer,23-1841,https://ousd.legistar.com/gateway.aspx?M=L&ID=59084,Services Agreement 2023-2024 - FoodCorps - Community Schools and Student Services Department,"Approval by the Board of Education of a Services Agreement 2023-2024 by and between the District and FoodCorps, Oakland, CA, for the latter provide FoodCorps AmeriCorps members (up to 12 in (OUSD) to serve alongside educators and school nutrition leaders for a year of service to provide kids with nourishing meals, food education, and culturally affirming experiences with food that celebrate and nurture the whole child, as described in Exhibit A of the Agreement, incorporated herein by reference as though fully set forth, via Community Schools and Student Services Department, for the period of August 7, 2023 through July 5, 2024, in an amount not to exceed $161,000.00.",Agreement or Contract,Chief Academic Officer,001717,v-001717,EatLearnPlayFdnt-Ed Ctr Program and CDFA Farm to School Innovation Fund,"Pays FoodCorps up to $161,000 for AmeriCorps members who teach food education in schools","The district pays FoodCorps up to $161,000 to provide up to 12 AmeriCorps members who serve with educators and school nutrition leaders. They support nourishing meals and food education for students. The agreement runs August 7, 2023 to July 5, 2024. The term began before this vote.","Food, transportation & operations",,new_agreement,FoodCorps,organization,,expense,not_to_exceed,161000,,,,,true,2023-08-07,2024-07-05,after_work_began,,,Adopted on the General Consent Report,2023-09-13,true,auto_ok,sonnet-agent,enrich.v5.md,true,
2023-09-13:23-1842,2023-09-13,2023-09-13,regular,T.-44,109,general,Chief Academic Officer,23-1842,https://ousd.legistar.com/gateway.aspx?M=L&ID=59085,Services Agreement 2023-2024 - Safe Passages - Chabot Elementary School,"Approval by the Board of Education of a Services Agreement 2023-2024 by and between the District and Safe Passages, Oakland, CA, for the latter to provide two staff members to run a positive school yard focused on student SEL development, inclusivity and proactive conflict resolution at Chabot Elementary School, for the period of August 8, 2023 through December 22, 2023, in an amount not to exceed $25,000.00.",Agreement or Contract,Chief Academic Officer,003729,v-003729,Unrestricted Supplemental,"Pays Safe Passages up to $25,000 for a positive schoolyard program at Chabot Elementary","The district pays Safe Passages up to $25,000 for two staff members to run a positive schoolyard at Chabot Elementary School, focused on social-emotional learning, inclusivity and conflict resolution. The agreement runs August 8 to December 22, 2023. The term began before this vote.","Student health, support & family services",,new_agreement,Safe Passages,organization,Chabot Elementary School,expense,not_to_exceed,25000,,,,,true,2023-08-08,2023-12-22,after_work_began,,,Adopted on the General Consent Report,2023-09-13,true,auto_ok,sonnet-agent,enrich.v5.md,true,
2023-09-13:23-1843,2023-09-13,2023-09-13,regular,T.-45,110,general,Chief Academic Officer,23-1843,https://ousd.legistar.com/gateway.aspx?M=L&ID=59086,Services Agreement 2023-2024 - Safe Passages - Community Schools and Student Services Department,"Approval by the Board of Education of a Services Agreement 2023-2024 by and between the District and Safe Passages, Oakland, CA, for the latter to implement the expansion of a series of Professional Learning Communities to provide the TK/K instructors with the needed support and the best / promising culturally appropriate Expanded Learning strategies for Oakland TK/K students, as described in Exhibit A of the Agreement, incorporated herein by reference as though fully set forth, via Community Schools and Student Services Department, for the period of July 1, 2023 through June 28, 2024, in an amount not to exceed $109,250.00.",Agreement or Contract,Chief Academic Officer,003729,v-003729,Expanded Learning Opp Programs,"Pays Safe Passages up to $109,250 to support transitional kindergarten and kindergarten teachers","The district pays Safe Passages up to $109,250 to expand learning communities that give transitional kindergarten and kindergarten teachers support and expanded learning strategies for Oakland's youngest students. The agreement runs July 1, 2023 to June 28, 2024. The term began before this vote.",After-school & summer programs,,new_agreement,Safe Passages,organization,,expense,not_to_exceed,109250,,,,,true,2023-07-01,2024-06-28,after_work_began,,,Adopted on the General Consent Report,2023-09-13,true,auto_ok,sonnet-agent,enrich.v5.md,true,
2023-09-13:23-1844,2023-09-13,2023-09-13,regular,T.-46,111,general,Chief Academic Officer,23-1844,https://ousd.legistar.com/gateway.aspx?M=L&ID=59087,Services Agreement 2023-2024 - Lincoln - Esperanza Elementary School,"Ratification by the Board of Education of a Services Agreement 2023-2024 by and between the District and Lincoln, Oakland, CA, for the latter to have its mental health team to provide an early intervention program that focuses on helping tier 3 students through tailored social emotional support at Esperanza Elementary School, for the period of August 7, 2023 through June 3, 2024, in an amount not to exceed $85,500.00.",Agreement or Contract,Chief Academic Officer,002590,v-002590,Unrestricted Supplemental,"Pays Lincoln up to $85,500 for early mental health support at Esperanza Elementary","The district pays Lincoln's mental health team up to $85,500 to run an early intervention program giving tailored social-emotional support to students with the greatest needs at Esperanza Elementary School. It runs August 7, 2023 to June 3, 2024. The board is ratifying it, and the term began before this vote.","Student health, support & family services",,new_agreement,Lincoln,organization,Esperanza Elementary School,expense,not_to_exceed,85500,,,,,true,2023-08-07,2024-06-03,after_work_began,,,Adopted on the General Consent Report,2023-09-13,true,auto_ok,sonnet-agent,enrich.v5.md,true,
2023-09-13:23-1846,2023-09-13,2023-09-13,regular,T.-47,112,general,Chief Academic Officer,23-1846,https://ousd.legistar.com/gateway.aspx?M=L&ID=59089,Services Agreement 2023-2024 - Rigorous Love - Elmhurst United Middle School,"Ratification by the Board of Education of a Services Agreement 2023-2024 by and between the District and Rigorous Love, Oakland, CA, for the latter to provide a staff member to meet bi-weekly with three of school’s Restorative Justice Facilitators to deepen their knowledge and broaden their skill set to work more effectively with students, as described in Exhibit A of the Agreement, incorporated herein by reference as though fully set forth, at Elmhurst United Middle School, for the period of July 31, 2023 through September 29, 2023, in an amount not to exceed $20,000.00.",Agreement or Contract,Chief Academic Officer,007089,v-007089,ESSA: Comp Support & Improvmt,"Pays Rigorous Love up to $20,000 to coach restorative justice facilitators at Elmhurst United","The district pays Rigorous Love up to $20,000 for a staff member to meet every two weeks with three restorative justice facilitators at Elmhurst United Middle School. The goal is to deepen their skills in working with students. It runs July 31 to September 29, 2023. The board is ratifying it, and the term began before this vote.","Student health, support & family services",,new_agreement,Rigorous Love,organization,Elmhurst United Middle School,expense,not_to_exceed,20000,,,,,true,2023-07-31,2023-09-29,after_work_began,,,Adopted on the General Consent Report,2023-09-13,true,auto_ok,sonnet-agent,enrich.v5.md,true,
2023-09-13:23-1847,2023-09-13,2023-09-13,regular,T.-48,113,general,Chief Academic Officer,23-1847,https://ousd.legistar.com/gateway.aspx?M=L&ID=59090,Services Agreement 2023-2024 - Manuel Jaraim Garcia Sanchez - Community Schools and Student Services Department,"Ratification by the Board of Education of a Services Agreement 2023-2024 by and between the District and Manuel Jaraim Garcia Sanchez, Oakland, CA, for the latter to provide “ Plant, cultivate, trim, prune, water, fertilize, and propagate edible plants, fruit trees, ornamental, and native plants for The Center and school gardens and living schoolyards. Rake leaves, hoe weeds, sweep walks, pick up papers, and perform general grounds maintenance work at The Center and supporting potential work days at school sites. Install and operate irrigation systems. Maintain hoses, supplies, tools, and equipment in proper condition and repair. Complete work assignments from plans, written orders, and oral instructions. Provide consultations on project designs and guide the execution of approved projects Work with all District employees, architecture and engineering employees, and outside contractors. Use technology to create spreadsheets, signage, and assist in development of garden and lsy systems and protocols. Ability to clearly communicate to stakeholders, team members, and program participants through email and other communication mechanisms. Receiving duties include inspecting garden shipments for quantity, quality and damage and reporting deviation. Physically loading and unloading trucks and palletizing; Handling items for delivery to school sites and delivering. Keeping assigned areas clean and orderly, track inventory, maintain, and order supplies,” via Community Schools and Student Services Department, for the period of July 1, 2023 through June 30, 2024, in an amount not to exceed $79,712.00.",Agreement or Contract,Chief Academic Officer,007995,v-007995,Kaiser Health&wellness W/ebcf,"Pays a contractor up to $79,712 for garden and grounds work at The Center and school gardens","The district pays an individual contractor up to $79,712 for planting, grounds maintenance, irrigation and garden shipment handling at The Center and school gardens. The work also includes project consultation and deliveries to school sites. It runs July 1, 2023 to June 30, 2024. The board is ratifying it, and the term began before this vote.","Food, transportation & operations",,new_agreement,Manuel Jaraim Garcia Sanchez,individual,,expense,not_to_exceed,79712,,,,,true,2023-07-01,2024-06-30,after_work_began,,,Adopted on the General Consent Report,2023-09-13,true,auto_ok,sonnet-agent,enrich.v5.md,true,
2023-09-13:23-1848,2023-09-13,2023-09-13,regular,T.-49,114,general,Chief Academic Officer,23-1848,https://ousd.legistar.com/gateway.aspx?M=L&ID=59091,Services Agreement 2023-2024 - East Bay Agency for Children - Rudsdale Continuation High School,"Approval by the Board of Education of a Services Agreement 2023-2024 by and between the District and East Bay Agency for Children, Oakland, CA, for the latter to provide a .5 FTE for additional therapeutic and case management services, allowing the clinician to offer therapy to non- Medi-Cal and Medi-Cal transitioning students, in addition to the services the clinician already provides to students with active full-scope Medi-Cal at Rudsdale Continuation High School, for the period of July 7, 2023 through June 28, 2024, in an amount not to exceed $72,500.00.",Agreement or Contract,Chief Academic Officer,001473,v-001473,CCSPP Implementation Grant,"Pays East Bay Agency for Children up to $72,500 for a part-time therapist at Rudsdale High","The district pays East Bay Agency for Children up to $72,500 for a half-time clinician to provide added therapy and case management at Rudsdale Continuation High School. This lets the clinician serve students who are not on Medi-Cal or are moving off it. It runs July 7, 2023 to June 28, 2024. The term began before this vote.","Student health, support & family services",,new_agreement,East Bay Agency for Children,organization,Rudsdale Continuation High School,expense,not_to_exceed,72500,,,,,true,2023-07-07,2024-06-28,after_work_began,,,Adopted on the General Consent Report,2023-09-13,true,auto_ok,sonnet-agent,enrich.v5.md,true,
2023-09-13:23-1849,2023-09-13,2023-09-13,regular,T.-50,115,general,Chief Academic Officer,23-1849,https://ousd.legistar.com/gateway.aspx?M=L&ID=59092,Services Agreement 2023-2024 - HERO - Hoover Elementary School,"Ratification by the Board of Education of a Services Agreement 2023-2024 by and between the District and HERO, Oakland, CA, for the latter to provide a variety of mentoring services to target student population of Title 1, Latino, African American and second language students in the form of: social skills , leadership program, organized recess, mentoring  and professional development, more specifically described in Exhibit A of the Agreement, incorporated herein by reference as though fully set forth, at Hoover Elementary School, for the period of August 7, 2023 through May 31, 2024, in an amount not to exceed $53,600.00.",Agreement or Contract,Chief Academic Officer,002055,v-002055,Unrestricted Supplemental,"Pays HERO up to $53,600 for mentoring and leadership programs at Hoover Elementary","The district pays HERO up to $53,600 to provide mentoring, social skills and leadership programs, organized recess and staff training at Hoover Elementary School. The programs target Title 1, Latino, African American and second-language students. It runs August 7, 2023 to May 31, 2024. The board is ratifying it, and the term began before this vote.",Classroom & academic programs,,new_agreement,HERO,organization,Hoover Elementary School,expense,not_to_exceed,53600,,,,,true,2023-08-07,2024-05-31,after_work_began,,,Adopted on the General Consent Report,2023-09-13,true,auto_ok,sonnet-agent,enrich.v5.md,true,
2023-09-13:23-1850,2023-09-13,2023-09-13,regular,T.-51,116,general,Chief Academic Officer,23-1850,https://ousd.legistar.com/gateway.aspx?M=L&ID=59093,Services Agreement 2023-2024 - HERO - Bella Vista Elementary School,"Ratification by the Board of Education of a Service Agreement 2023-2024 by and between the District and HERO, Oakland, CA, for the latter to implement organized recess games, additional supervision, and physical activity sessions; leadership program, by explicitly teaching problem solving, conflict management, and teamwork, more specifically described in Exhibit A of the Agreement, at Bella Vista Elementary School, for the period of August 4, 2023 through May 31, 2024, in an amount not to exceed $40,000.00.",Agreement or Contract,Chief Academic Officer,002055,v-002055,CCSPP Implementation Grant,"Pays HERO up to $40,000 for organized recess and a leadership program at Bella Vista Elementary","The district pays HERO up to $40,000 to run organized recess games, added supervision, physical activity sessions and a leadership program at Bella Vista Elementary School. The program teaches problem solving, conflict management and teamwork. It runs August 4, 2023 to May 31, 2024. The board is ratifying it, and the term began before this vote.",Classroom & academic programs,,new_agreement,HERO,organization,Bella Vista Elementary School,expense,not_to_exceed,40000,,,,,true,2023-08-04,2024-05-31,after_work_began,,,Adopted on the General Consent Report,2023-09-13,true,auto_ok,sonnet-agent,enrich.v5.md,true,
2023-09-13:23-1851,2023-09-13,2023-09-13,regular,T.-52,117,general,Chief Academic Officer,23-1851,https://ousd.legistar.com/gateway.aspx?M=L&ID=59094,Services Agreement 2023-2024 - HERO - Horace Mann Elementary School,"Ratification by the Board of Education of a Service Agreement 2023-2024 by and between the District and HERO, Oakland, CA, for the latter to implement organized recess games, additional supervision, and physical activity sessions; leadership program, by explicitly teaching problem solving, conflict management, and teamwork, more specifically described in Exhibit A of the Agreement, at Horace Mann Elementary School, for the period of August 7, 2023 through May 23, 2024, in an amount not to exceed $40,000.00.",Agreement or Contract,Chief Academic Officer,002055,v-002055,Unrestricted Supplemental,"Pays HERO up to $40,000 for organized recess and a leadership program at Horace Mann Elementary","The district pays HERO up to $40,000 to run organized recess games, added supervision, physical activity sessions and a leadership program at Horace Mann Elementary School. The program teaches problem solving, conflict management and teamwork. It runs August 7, 2023 to May 23, 2024. The board is ratifying it, and the term began before this vote.",Classroom & academic programs,,new_agreement,HERO,organization,Horace Mann Elementary School,expense,not_to_exceed,40000,,,,,true,2023-08-07,2024-05-23,after_work_began,,,Adopted on the General Consent Report,2023-09-13,true,auto_ok,sonnet-agent,enrich.v5.md,true,
2023-09-13:23-1852,2023-09-13,2023-09-13,regular,T.-53,118,general,Chief Academic Officer,23-1852,https://ousd.legistar.com/gateway.aspx?M=L&ID=59095,Services Agreement 2023-2024 - Bay Area Community Resources - Office of Equity,"Approval by the Board of Education of a Services Agreement 2023-2024 by and between the District and Bay Area Community Resources, San Rafael, CA, for the latter to provide collaboration on staffing, managing and supporting three full time newcomer safety specialists at three high schools, with plans for expansion to 2 additional secondary sites, to implement the Young Hawks, Newcomer student safety intervention and prevention program to increase attendance and graduation of newcomer students furthest from opportunity, via Office of Equity, for the period of August 7, 2023 through May 31, 2024, in an amount not to exceed $60,000.00.",Agreement or Contract,Chief Academic Officer,000624,v-000624,Central Concentration,"Pays Bay Area Community Resources up to $60,000 for newcomer student safety specialists","The district pays Bay Area Community Resources up to $60,000 to help staff and manage three full-time newcomer safety specialists at three high schools. The Young Hawks program aims to raise attendance and graduation for newcomer students, with plans to add two more secondary sites. It runs August 7, 2023 to May 31, 2024. The term began before this vote.","Student health, support & family services",,new_agreement,Bay Area Community Resources,organization,,expense,not_to_exceed,60000,,,,,true,2023-08-07,2024-05-31,after_work_began,,,Adopted on the General Consent Report,2023-09-13,true,auto_ok,sonnet-agent,enrich.v5.md,true,
2023-09-13:23-1854,2023-09-13,2023-09-13,regular,T.-54,119,general,Chief Academic Officer,23-1854,https://ousd.legistar.com/gateway.aspx?M=L&ID=59097,"Services Agreement 2023-2024 - MCT Technology, Inc. - Early Childhood Development Department","Ratification by the Board of Education of a Services Agreement 2023-2024 by and between the District and MCT Technology, Inc., Brea, CA, for the latter to provide Carecloud software that will help run Early Learning Programs easily, efficiently and enjoyably; help with enrollment. eligibility determination, allergy and emergency contacts, notice of actions and form, electronic attendance, contactless attendance for parents, meal count, licensing compliant and billing, via Early Childhood Development Department, for the period of August 1, 2023 through June 30, 2024, in an amount not to exceed $24,117.40.",Agreement or Contract,Chief Academic Officer,006684,v-006684,ECE-Child Development Programs,"Pays MCT Technology up to $24,117.40 for Carecloud software for early learning programs","The district pays MCT Technology, Inc. up to $24,117.40 for Carecloud software for early learning programs. It supports enrollment, eligibility, attendance, meal counts, licensing compliance and billing. The agreement runs August 1, 2023 to June 30, 2024. The board is ratifying it, and the term began before this vote.",Technology,,new_agreement,"MCT Technology, Inc.",organization,,expense,not_to_exceed,24117.4,,,,,true,2023-08-01,2024-06-30,after_work_began,,,Adopted on the General Consent Report,2023-09-13,true,auto_ok,sonnet-agent,enrich.v5.md,true,
2023-09-13:23-1855,2023-09-13,2023-09-13,regular,T.-55,120,general,Chief Academic Officer,23-1855,https://ousd.legistar.com/gateway.aspx?M=L&ID=59098,Services Agreement 2023-2024 - Shared Plate Strategies LLC - Community Schools and Student Services Department,"Ratification by the Board of Education of a Services Agreement 2023-2024 by and between the District and Shared Plate Strategies LLC, Sacramento, CA, for the latter to “Develop Operational Plans for produce procurement, logistics, processing equipment & production, menuing & service, including long-term processes for self-sufficiency with a focus on the Harvest of the Month and Produce Bar Programs. Support procurement of a vertical packing machine to increase local produce purchasing through the Central Kitchen.  Develop operational plan for the processing room for operationalization of the produce slicer with a goal to bring the slicer fully online by summer 2023. Integrate plan with Chef Brigaid Central Kitchen planning and programming. Work with Pacific Rim to source Harvest of the Month items with focus on quarterly highlights from local farmers, including production planning with farmers whenever possible. Support lead buyer on informal local food procurement, including strategy, planning, receiving and tracking direct purchases (informal bids and micropurchases). Identify and develop relationships with farmers to fulfill purchasing needs for Harves of the Month and produce bar. Collect data on Harvest of the Month and Produce Bar participation, develop analysis process, analyze & report results, identify and present opportunities to increase. Develop Standard Operating Procedures for all plans and protocols developed throughout the project. Create and manage work plan to prioritize and deliver based on OUSDNS needs. Maintain invoicing and reporting within the needs, requirements and timelines of OUSDNS,” via Community Schools and Student Services Department, for the period of July 18, 2023 through June 30, 2024, in an amount not to exceed $90,840.00.",Agreement or Contract,Chief Academic Officer,007981,v-007981,CDFA Farm to School Innovation,"Pays Shared Plate Strategies up to $90,840 to plan local produce buying for school meals","The district pays Shared Plate Strategies LLC up to $90,840 to develop operating plans for buying, processing and serving local produce, including the Harvest of the Month and Produce Bar programs. The work includes supporting local farmer purchases. It runs July 18, 2023 to June 30, 2024. The board is ratifying it, and the term began before this vote.","Food, transportation & operations",,new_agreement,Shared Plate Strategies LLC,organization,,expense,not_to_exceed,90840,,,,,true,2023-07-18,2024-06-30,after_work_began,,,Adopted on the General Consent Report,2023-09-13,true,auto_ok,sonnet-agent,enrich.v5.md,true,
2023-09-13:23-1856,2023-09-13,2023-09-13,regular,T.-56,121,general,Chief Academic Officer,23-1856,https://ousd.legistar.com/gateway.aspx?M=L&ID=59099,Services Agreement 2023-2024 - Heart in Balance - Peralta Elementary School,"Ratification by the Board of Education of a Services Agreement 2023-2024 by and between the District and Heart in Balance, Oakland, CA, for the latter to provide psychotherapy and mental health sessions to students, individually and in group sessions, under the guidelines and scope of practice for marriage family therapist trainees in practicum at Peralta Elementary School, for the period of September 4, 2023 through May 24, 2024, in an amount not to exceed $3,000.00.",Agreement or Contract,Chief Academic Officer,006790,v-006790,Unrestricted Supplemental,"Pays Heart in Balance up to $3,000 for student counseling sessions at Peralta Elementary","The district pays Heart in Balance up to $3,000 for individual and group therapy sessions for students at Peralta Elementary School. The sessions are led by marriage and family therapist trainees in practicum. It runs September 4, 2023 to May 24, 2024. The board is ratifying it, and the term began before this vote.","Student health, support & family services",,new_agreement,Heart in Balance,organization,Peralta Elementary School,expense,not_to_exceed,3000,,,,,true,2023-09-04,2024-05-24,after_work_began,,,Adopted on the General Consent Report,2023-09-13,true,auto_ok,sonnet-agent,enrich.v5.md,true,
2023-09-13:23-1857,2023-09-13,2023-09-13,regular,T.-57,122,general,Chief Academic Officer,23-1857,https://ousd.legistar.com/gateway.aspx?M=L&ID=59100,Services Agreement 2023-2024 - American Conservatory Theater - Peralta Elementary School,"Ratification by the Board of Education of a Services Agreement 2023-2024 by and between the District and American Conservatory Theater, San Francisco, CA, for the latter to provide every student in grades K-5 with integrated theater instruction connected to classroom learning to support and deepen VAPA and grade level standards, with students being engage in acting, writing stories, designing sets, and vocalization culminating in student performances that involve parent and community engagement; collaborate with teachers to create theater-based experiences for students that support Peralta’s mission to fully integrate the arts across the curriculum for all students to make learning celebratory of differences, rigorous in complexity, and joyful at Peralta Elementary School, for the period of September 4, 2023 through May 24, 2024, in an amount not to exceed $15,000.00.",Agreement or Contract,Chief Academic Officer,000399,v-000399,"Measure G, Parcel Tax","Pays American Conservatory Theater up to $15,000 for theater lessons at Peralta Elementary","The district pays American Conservatory Theater up to $15,000 to teach theater to every K-5 student at Peralta Elementary School, tied to classroom learning and visual and performing arts standards. Students act, write stories, design sets and perform. It runs September 4, 2023 to May 24, 2024. The board is ratifying it, and the term began before this vote.",Classroom & academic programs,,new_agreement,American Conservatory Theater,organization,Peralta Elementary School,expense,not_to_exceed,15000,,,,,true,2023-09-04,2024-05-24,after_work_began,,,Adopted on the General Consent Report,2023-09-13,true,auto_ok,sonnet-agent,enrich.v5.md,true,
2023-09-13:23-1858,2023-09-13,2023-09-13,regular,T.-58,123,general,Chief Academic Officer,23-1858,https://ousd.legistar.com/gateway.aspx?M=L&ID=59101,Services Agreement 2023-2024 - Brandyn Willridge - Castlemont High School,"Ratification by the Board of Education of a Services Agreement 2023-2024 by and between the District and Brandyn Willridge, San Jose, CA, for the latter to perform the following tasks: 
Task #1 - Provide a program lead for Castlemont’s FabLab Makerspace;
Task #2 - Increase activation of the Makerspace; 
Task #3 - Support learning connected to Castlemont’s SUDA Pathway;
Task #4 - Consulting on the development of Pathway Capstone course;
as described in Exhibit A of the Agreement, incorporated herein by reference as though fully set forth, at Castlemont High School, for the period of August 1, 2023 through June 30, 2024, in an amount not to exceed $24,000.00.",Agreement or Contract,Chief Academic Officer,008511,v-008511,Green Calif. Partnership Academy,"Pays a contractor up to $24,000 to lead the FabLab Makerspace at Castlemont High","The district pays an individual contractor up to $24,000 to lead Castlemont High School's FabLab Makerspace, increase its use, support learning in the school's Sustainable Urban Design Academy pathway and consult on a capstone course. It runs August 1, 2023 to June 30, 2024. The board is ratifying it, and the term began before this vote.",Classroom & academic programs,,new_agreement,Brandyn Willridge,individual,Castlemont High School,expense,not_to_exceed,24000,,,,,true,2023-08-01,2024-06-30,after_work_began,,,Adopted on the General Consent Report,2023-09-13,true,auto_ok,sonnet-agent,enrich.v5.md,true,
2023-09-13:23-1859,2023-09-13,2023-09-13,regular,T.-59,124,general,Chief Academic Officer,23-1859,https://ousd.legistar.com/gateway.aspx?M=L&ID=59102,Services Agreement 2023-2024 - Educational Networks - Ralph J. Bunche Academy,"Ratification by the Board of Education of a Services Agreement 2023-2024 by and between the District and Educational Networks, Coral Gables, FL, for the latter to create school website, as described in Exhibit A of the Agreement, incorporated herein by reference as though fully set forth, for Ralph J. Bunche Academy, for the period of August 15, 2023, through August 31, 2023, in an amount not to exceed $3,600.00.",Agreement or Contract,Chief Academic Officer,008533,v-008533,Unrestricted Supplemental,"Pays Educational Networks up to $3,600 to build a website for Ralph J. Bunche Academy","The district pays Educational Networks up to $3,600 to create a school website for Ralph J. Bunche Academy. The work runs August 15 to August 31, 2023. The board is ratifying it, and the term began before this vote.",Technology,,new_agreement,Educational Networks,organization,Ralph J. Bunche Academy,expense,not_to_exceed,3600,,,,,true,2023-08-15,2023-08-31,after_work_began,,,Adopted on the General Consent Report,2023-09-13,true,auto_ok,sonnet-agent,enrich.v5.md,true,
2023-09-13:23-1860,2023-09-13,2023-09-13,regular,T.-60,125,general,Chief Academic Officer,23-1860,https://ousd.legistar.com/gateway.aspx?M=L&ID=59103,Services Agreement 2023-2024 - Philip Williams - Edna Brewer Middle School,"Ratification by the Board of Education of a Services Agreement 2023-2024 by and between the District and Philip Williams, Oakland, CA, for the latter to install, maintain, and troubleshoot the computers and related technology that will be used by the teachers and students, as described in Exhibit A of the Agreement, at Edna Brewer Middle School, for the period of August 1, 2023 through May 23, 2024, in an amount not to exceed $5,000.00.",Agreement or Contract,Chief Academic Officer,004648,v-004648,Unrestricted Supplemental,"Pays a contractor up to $5,000 for computer support at Edna Brewer Middle School","The district pays an individual contractor up to $5,000 to install, maintain and troubleshoot computers and related technology used by teachers and students at Edna Brewer Middle School. It runs August 1, 2023 to May 23, 2024. The board is ratifying it, and the term began before this vote.",Technology,,new_agreement,Philip Williams,individual,Edna Brewer Middle School,expense,not_to_exceed,5000,,,,,true,2023-08-01,2024-05-23,after_work_began,,,Adopted on the General Consent Report,2023-09-13,true,auto_ok,sonnet-agent,enrich.v5.md,true,
2023-09-13:23-1861,2023-09-13,2023-09-13,regular,T.-61,126,general,Chief Academic Officer,23-1861,https://ousd.legistar.com/gateway.aspx?M=L&ID=59104,Services Agreement 2023-2024 - D-PREP - Community Schools and Student Services Department,"Ratification by the Board of Education of a Services Agreement 2023-2024 by and between the District and D-PREP, Folsom, CA, for the latter to provide Active Assailant (Shooter) training for the District's Culture Keepers and Culture & Climate Ambassadors, using case studies, training videos and a presentation, via Community Schools and Student Services Department, for the period of August 2, 2023 through August 2, 2023, in an amount not to exceed $3,500.00.",Agreement or Contract,Chief Academic Officer,001284,v-001284,Central Concentration,"Pays D-PREP up to $3,500 for active assailant safety training for school climate staff","D-PREP, a company in Folsom, will train the district's Culture Keepers and Culture & Climate Ambassadors on how to respond to an active assailant (shooter), using case studies, training videos and a presentation. The training is set for one day, August 2, 2023, and is run through the Community Schools and Student Services Department. The board is approving it after that date.","Food, transportation & operations",,new_agreement,D-PREP,organization,,expense,not_to_exceed,3500,,,,,true,2023-08-02,2023-08-02,after_work_began,,,Adopted on the General Consent Report,2023-09-13,true,auto_ok,sonnet-agent,enrich.v5.md,true,
2023-09-13:23-1862,2023-09-13,2023-09-13,regular,T.-62,127,general,Chief Academic Officer,23-1862,https://ousd.legistar.com/gateway.aspx?M=L&ID=59105,Services Agreement 2023-2024 - Dawn Costa - Community Schools and Student Services Department,"Ratification by the Board of Education of a Services Agreement 2023-2024 by and between the District and Dawn Costa, Hercules, CA, for the latter to plan, coordinate and lead monthly Community School Manager professional learning community for 68 Community School Managers and Community School Leadership Team as aligned to OUSD Community School Priorities, Strategic Plan and California Community School Partnership Program (CCSPP) grant deliverables; plan, coordinate and lead monthly NEW Community School Manager professional learning community for new staff to support skill development; plan, coordinate and lead monthly optional workshops to support staff development, collaborative leadership; and support other projects as determined by Community School Student Services Executive Director and Community School Leadership Coordinator, which may include: Retreats, Video Project, Tool Development, Scope and Sequence, Brown Bag Peer Learning Series and Spring Forum, via Community Schools and Student Services Department, for the period of July 3, 2023, through June 28, 2024, in an amount not to exceed $30,500.00.",Agreement or Contract,Chief Academic Officer,008535,v-008535,Kaiser Health&wellness W/ebcf,"Pays a consultant up to $30,500 to lead monthly learning groups for Community School Managers","A consultant in Hercules will plan and lead monthly professional learning meetings for the district's 68 Community School Managers and school leadership teams, a separate monthly group for new staff, and optional workshops. The work lines up with the district's community school priorities and a state community school grant. The agreement runs July 3, 2023 to June 28, 2024, and the board is approving it after it began.","Student health, support & family services",,new_agreement,Dawn Costa,individual,,expense,not_to_exceed,30500,,,,,true,2023-07-03,2024-06-28,after_work_began,,,Adopted on the General Consent Report,2023-09-13,true,auto_ok,sonnet-agent,enrich.v5.md,true,
2023-09-13:23-1863,2023-09-13,2023-09-13,regular,T.-63,128,general,Chief Academic Officer,23-1863,https://ousd.legistar.com/gateway.aspx?M=L&ID=59106,"Services Agreement 2023-2024 - Collective Agency, LLC - Community Schools and Student Services Department","Ratification by the Board of Education of a Services Agreement 2023-2024 by and between the District and Collective Agency, LLC, Oakland, CA, for the latter to provide planning assistance; program narrative; project abstract and timeline; budget development and narrative; letters of agreement/MOUs; editing and formatting; application forms; assistance with attachments; quality assurance Packaging and submitting California Community Schools Partnership Program Grant Application to California Department of Education, via Community Schools and Student Services Department, for the period of July 1, 2023 through June 30, 2023, in an amount not to exceed $10,000.00.",Agreement or Contract,Chief Academic Officer,008367,v-008367,Kaiser Health&wellness W/ebcf,"Pays Collective Agency up to $10,000 to write a state community schools grant application","Collective Agency, LLC of Oakland will help prepare and submit the district's application to the California Department of Education for the California Community Schools Partnership Program grant. The work includes the program narrative, timeline, budget, forms and quality checks. The stated agreement period ends before it begins, so the dates may be misprinted.","Student health, support & family services",,new_agreement,"Collective Agency, LLC",organization,,expense,not_to_exceed,10000,,,,,true,2023-07-01,2023-06-30,after_work_began; source_issue,"The text gives the agreement period as July 1, 2023 through June 30, 2023, which ends before it begins, so the actual term is unclear.",,Adopted on the General Consent Report,2023-09-13,true,auto_ok,sonnet-agent,enrich.v5.md,true,
2023-09-13:23-1864,2023-09-13,2023-09-13,regular,T.-64,129,general,Chief Academic Officer,23-1864,https://ousd.legistar.com/gateway.aspx?M=L&ID=59107,Services Agreement 2023-2024 - Rito Global LLC - Community Schools and Student Services Department,"Ratification by the Board of Education of a Services Agreement 2023-2024 by and between the District and Rito Global LLC, San Leandro, CA, for the latter to provide administrative support with the Expanded Learning Office with youth sports programs; project manage youth sports event throughout 2023-24 SY Assist with secure facilities and supplies for the event; ensure logistics and operational components are implement[ed] to support program success; communication of intercession youth sports program prior events; design and implement youth sports survey or any data required by the district or grant; manage district/grant compliance, like attendance, sign in/out, etc., via Community Schools and Student Services Department, for the period of August 1, 2023, through June 30, 2024, in an amount not to exceed $65,000.00.",Agreement or Contract,Chief Academic Officer,008101,v-008101,Expanded Learning Opp Programs,"Pays Rito Global up to $65,000 to run district youth sports events and surveys","Rito Global LLC of San Leandro will help the Expanded Learning Office run youth sports programs through the 2023-24 school year, including an intersession youth sports program. It will manage event logistics and facilities, run surveys, and track attendance and grant requirements. The agreement runs August 1, 2023 to June 30, 2024, and the board is approving it after it began.",After-school & summer programs,,new_agreement,Rito Global LLC,organization,,expense,not_to_exceed,65000,,,,,true,2023-08-01,2024-06-30,after_work_began,,,Adopted on the General Consent Report,2023-09-13,true,auto_ok,sonnet-agent,enrich.v5.md,true,
2023-09-13:23-1866,2023-09-13,2023-09-13,regular,T.-65,130,general,Chief Academic Officer,23-1866,https://ousd.legistar.com/gateway.aspx?M=L&ID=59109,"Services Agreement 2023-2024 - Erendira Flores Consulting, LLC - Elmhurst United Middle School","Ratification by the Board of Education of a Services Agreement 2023-2024 by and between the District and Erendira Flores Consulting, LLC, San Ramon, CA, for the latter to engage in [school] leadership coaching to support areas aligned to their individual development plan, as described in Exhibit A of Agreement, incorporated herein by refence as though fully set forth, for Elmhurst United Middle School, for the period of August 31, 2023 through June 28, 2024, in an amount not to exceed $9,100.00.",Agreement or Contract,Chief Academic Officer,008556,v-008556,Unrestricted Supplemental,"Pays Erendira Flores Consulting up to $9,100 for leadership coaching at Elmhurst United Middle School","Erendira Flores Consulting, LLC of San Ramon will coach leaders at Elmhurst United Middle School on goals set in their individual development plans. The agreement runs August 31, 2023 to June 28, 2024. The board is approving it after it began.",Classroom & academic programs,,new_agreement,"Erendira Flores Consulting, LLC",organization,Elmhurst United Middle School,expense,not_to_exceed,9100,,,,,true,2023-08-31,2024-06-28,after_work_began,,,Adopted on the General Consent Report,2023-09-13,true,auto_ok,sonnet-agent,enrich.v5.md,true,
2023-09-13:23-1867,2023-09-13,2023-09-13,regular,T.-66,131,general,Chief Academic Officer,23-1867,https://ousd.legistar.com/gateway.aspx?M=L&ID=59110,Services Agreement 2023-2024 - Bela Bhasin - English Language Learner and Multilingual Achievement Department,"Ratification by the Board of Education of a Services Agreement 2023-2024 by and between the District and Bela Bhasin, Oakland, CA, for the latter to provide up to 200 hours of support to Year 2 of District’s Dual Language Immersion Grant by accomplishing the following objectives: Conduct a series of family focus groups to gather baseline data on connectedness and belonging with a focus on families of ELL, African-American students and, Arabic and Mam dominant groups; Conduct a series of teacher focus groups and leadership interviews to identify culturally responsive strategies for improving connectedness for ELL and AA students and families; Support sites leaders to make sense of the listening campaign data to inform their school design work with an equity lens, with a focus on equity and building thriving cross-cultural communities, deepening culturally and linguistically affirming and sustaining pedagogy and ELD & SLD in the DLI context; Identify trends on student and family connectedness and belonging, as well as culturally responsive strategies currently being used across all school sites for improving connectedness for ELL and AA students and make recommendations for district support to strengthen current DLI programs, as delineated in the Exhibit A - Scope of Work - of the Agreement, via English Language Learner and Multilingual Achievement Department, for the period of August 15, 2023 through June 30, 2024, in an amount not to exceed $30,000.00.",Agreement or Contract,Chief Academic Officer,008255,v-008255,Dual Language Immersion,"Pays a consultant up to $30,000 to study family belonging in Dual Language Immersion programs","A consultant in Oakland will provide up to 200 hours of support for year two of the district's Dual Language Immersion grant. The work includes focus groups and interviews with families, teachers and school leaders about connectedness and belonging, especially for English language learners and African-American students. The consultant will then recommend ways the district can strengthen its dual language programs. The agreement runs August 15, 2023 to June 30, 2024.",Classroom & academic programs,,new_agreement,Bela Bhasin,individual,,expense,not_to_exceed,30000,,,,,true,2023-08-15,2024-06-30,after_work_began,,,Adopted on the General Consent Report,2023-09-13,true,auto_ok,sonnet-agent,enrich.v5.md,true,
2023-09-13:23-1868,2023-09-13,2023-09-13,regular,T.-67,132,general,Chief Academic Officer,23-1868,https://ousd.legistar.com/gateway.aspx?M=L&ID=59111,Services Agreement 2023-2024 - Oakland Public Education Fund - Elmhurst United Middle School,"Ratification by the Board of Education of a Services Agreement 2023-2024 by and between the District and Oakland Public Education Fund, Oakland, CA, for the latter to create and lead team building games and activities for students during lunch; coordinate the playing of core playground games and core sports, and well-being of children by increasing opportunities for physical activity and safe meaningful play and provide support to other support staff to lead activities at Elmhurst United Middle School, for the period of July 31, 2023 through May 24, 2024, in an amount not to exceed $62,000.00.",Agreement or Contract,Chief Academic Officer,003143,v-003143,Unrestricted Supplemental,"Pays Oakland Public Education Fund up to $62,000 for lunchtime games and play at Elmhurst United","The Oakland Public Education Fund will create and lead team-building games and activities for students during lunch at Elmhurst United Middle School, coordinate playground games and sports, and support other staff who lead activities. The goal is more chances for physical activity and safe play. The agreement runs July 31, 2023 to May 24, 2024, and the board is approving it after it began.",Classroom & academic programs,,new_agreement,Oakland Public Education Fund,organization,Elmhurst United Middle School,expense,not_to_exceed,62000,,,,,true,2023-07-31,2024-05-24,after_work_began,,,Adopted on the General Consent Report,2023-09-13,true,auto_ok,sonnet-agent,enrich.v5.md,true,
2023-09-13:23-1869,2023-09-13,2023-09-13,regular,T.-68,133,general,Chief Academic Officer,23-1869,https://ousd.legistar.com/gateway.aspx?M=L&ID=59112,Services Agreement 2023-2024 - Oakland Public Education Fund - Elmhurst United Middle School,"Ratification by the Board of Education of a Services Agreement 2023-2024 by and between the District and Oakland Public Education Fund, Oakland, CA, for the latter to provide school with arts integration services, working directly with teachers to integrate the arts in common core aligned lessons and activities; and complete one month-long residencies with each History teachers as well as professional development with SCP class in the Spring at Elmhurst United Middle School, for the period of July 31, 2023 through May 24, 2024, in an amount not to exceed $60,000.00.",Agreement or Contract,Chief Academic Officer,003143,v-003143,Measure G1 Parcel Tx,"Pays Oakland Public Education Fund up to $60,000 for arts teaching support at Elmhurst United","The Oakland Public Education Fund will work with teachers at Elmhurst United Middle School to bring the arts into core lessons. It will also do a month-long arts residency with each history teacher and lead professional development with the SCP class in the spring. The agreement runs July 31, 2023 to May 24, 2024, and the board is approving it after it began.",Classroom & academic programs,,new_agreement,Oakland Public Education Fund,organization,Elmhurst United Middle School,expense,not_to_exceed,60000,,,,,true,2023-07-31,2024-05-24,after_work_began,,,Adopted on the General Consent Report,2023-09-13,true,auto_ok,sonnet-agent,enrich.v5.md,true,
2023-09-13:23-1870,2023-09-13,2023-09-13,regular,T.-69,134,general,Chief Academic Officer,23-1870,https://ousd.legistar.com/gateway.aspx?M=L&ID=59113,Services Agreement 2023-2024 - Living Jazz - Cleveland Elementary School,"Ratification by the Board of Education of a Services Agreement 2023-2024 by and between the District and Living Jazz, Oakland, CA, for the latter to provide a 15 week Living Jazz choral component taught by a lead Teaching Assistant and a piano accompanist, as described in Exhibit A of Agreement, incorporated herein by reference as though fully set forth, at Cleveland Elementary School, for the period of January 4, 2023 through July 3, 2023, in an amount not to exceed $22,500.00.",Agreement or Contract,Chief Academic Officer,008016,v-008016,"Measure G, Parcel Tax","Pays Living Jazz up to $22,500 for a 15-week choral program at Cleveland Elementary","Living Jazz of Oakland will teach a 15-week choral program at Cleveland Elementary School, led by a teaching assistant with a piano accompanist. The stated period is January 4 to July 3, 2023, which is before the board's September 2023 vote, so the board is approving it after the work took place or began.",Classroom & academic programs,,new_agreement,Living Jazz,organization,Cleveland Elementary School,expense,not_to_exceed,22500,,,,,true,2023-01-04,2023-07-03,after_work_began,,,Adopted on the General Consent Report,2023-09-13,true,auto_ok,sonnet-agent,enrich.v5.md,true,
2023-09-13:23-1872,2023-09-13,2023-09-13,regular,T.-70,135,general,Chief Academic Officer,23-1872,https://ousd.legistar.com/gateway.aspx?M=L&ID=59115,Services Agreement 2023-2024 - Oakland Public Education Fund - English Language Learner and Multilingual Achievement Department,"Ratification by the Board of Education of a Services Agreement 2023-2024 by and between the District and Oakland Public Education Fund, Oakland, CA, for the latter to design and implement a toolkit of outreach materials and strategies to promote Dual Language programming to families of diverse language backgrounds, including the completion and dissemination of a Dual Language Program informational booklet for families, a set of videos highlighting OUSD’s multilingual programs, and other outreach materials, stated in Exhibit A of the Agreement, via English Language Learner and Multilingual Achievement Department, for the period of August 30, 2023 through June 30, 2024, in an amount not to exceed $25,000.00.",Agreement or Contract,Chief Academic Officer,003143,v-003143,Dual Language Immersion,"Pays Oakland Public Education Fund up to $25,000 for outreach about Dual Language programs","The Oakland Public Education Fund will design outreach materials to tell families from many language backgrounds about the district's Dual Language programs. These include an informational booklet for families and a set of videos about the district's multilingual programs. The agreement runs August 30, 2023 to June 30, 2024, and the board is approving it after it began.","Student health, support & family services",,new_agreement,Oakland Public Education Fund,organization,,expense,not_to_exceed,25000,,,,,true,2023-08-30,2024-06-30,after_work_began,,,Adopted on the General Consent Report,2023-09-13,true,auto_ok,sonnet-agent,enrich.v5.md,true,
2023-09-13:23-1876,2023-09-13,2023-09-13,regular,T.-71,136,general,Chief Academic Officer,23-1876,https://ousd.legistar.com/gateway.aspx?M=L&ID=59119,Services Agreement 2023-2024 - Lincoln - La Escuelita Elementary School,"Ratification by the Board of Education of a Services Agreement 2023-2024 by and between the District and Lincoln, Oakland, CA, for the latter to provide mental health consultation and integrated behavioral support for students, families, and school to develop tools and learning environments for social-emotional success at La Escuelita Elementary School, for the period of July 1, 2023 through June 30, 2024, in an amount not to exceed $5,000.00.",Agreement or Contract,Chief Academic Officer,002590,v-002590,Title 4-Student Support,"Pays Lincoln up to $5,000 for mental health support at La Escuelita Elementary","Lincoln, an Oakland organization, will provide mental health consultation and behavioral support for students, families and staff at La Escuelita Elementary School. The goal is to build tools and learning environments that support students' social and emotional success. The agreement covers the 2023-24 school year, and the board is approving it after it began.","Student health, support & family services",,new_agreement,Lincoln,organization,La Escuelita Elementary School,expense,not_to_exceed,5000,,,,,true,2023-07-01,2024-06-30,after_work_began,,,Adopted on the General Consent Report,2023-09-13,true,auto_ok,sonnet-agent,enrich.v5.md,true,
2023-09-13:23-1879,2023-09-13,2023-09-13,regular,T.-72,137,general,Chief Academic Officer,23-1879,https://ousd.legistar.com/gateway.aspx?M=L&ID=59122,23-1581Grant Agreement - Oakland Public Education Fund - Salesforce Foundation - Chief Academic Officer,"Approval by the Board of Education of a Grant Agreement by and between the Oakland Public Education Fund and the District, with the latter accepting $4,435,221.01 from the Salesforce Foundation “To support Oakland Unified School District in the transformation of the middle school experience,” pursuant to terms and conditions of the Agreement, for the period of June 2, 2023, through June 30, 2024.",Agreement or Contract,Chief Academic Officer,,v-003143,Salesforce Foundation via the Oakland Public Education Fund,Accepts $4.44M from the Salesforce Foundation to transform the middle school experience,"The district will accept a $4,435,221.01 grant from the Salesforce Foundation, passed through the Oakland Public Education Fund, to support transforming the middle school experience in Oakland. The grant period is June 2, 2023 to June 30, 2024. The money comes into the district rather than being spent on a vendor.",Classroom & academic programs,,grant_or_funding_in,Oakland Public Education Fund,organization,,revenue,fixed,4435221.01,,,,,true,2023-06-02,2024-06-30,after_work_began; multi_year,,,Adopted on the General Consent Report,2023-09-13,true,auto_ok,sonnet-agent,enrich.v5.md,true,
2023-09-13:23-1880,2023-09-13,2023-09-13,regular,T.-73,138,general,Chief Academic Officer,23-1880,https://ousd.legistar.com/gateway.aspx?M=L&ID=59123,Grant Award - Walter & Elise Haas Fund - OUSD Alumni Highway to Work Program - Chief Academic Officer,"Approval by the Board of Education of a Grant Agreement (WEHF-20230479) by and between the Walter & Elise Haas Fund, and the District, with the latter accepting $100,000.00, to build the OUSD Alumni Highway to Work Program, for Emergency Room Technician and Medical Interpreter, including development of at least two additional programs, for the term June 30, 2023 through June 5, 2024.",Agreement or Contract,Chief Academic Officer,,n-walter-and-elise-haas-fund,Walter & Elise Haas Fund,"Accepts $100,000 from the Walter & Elise Haas Fund for an alumni job-pathway program","The district will accept a $100,000 grant from the Walter & Elise Haas Fund to build the OUSD Alumni Highway to Work Program. It will start with training paths for Emergency Room Technician and Medical Interpreter jobs and add at least two more programs. The grant term is June 30, 2023 to June 5, 2024.",Classroom & academic programs,,grant_or_funding_in,Walter & Elise Haas Fund,organization,,revenue,fixed,100000,,,,,true,2023-06-30,2024-06-05,after_work_began,,,Adopted on the General Consent Report,2023-09-13,true,auto_ok,sonnet-agent,enrich.v5.md,true,
2023-09-13:23-1881,2023-09-13,2023-09-13,regular,T.-74,139,general,Chief Academic Officer,23-1881,https://ousd.legistar.com/gateway.aspx?M=L&ID=59124,"Nonpublic, Nonsectarian School/Agency Services Master Contract 2023-24 - 360 Degree - Special Education Department","Approval by the Board of Education of a Nonpublic, Nonsectarian School/ Agency Services Master Contract 2023-24 by and between the District and 360 Degree, Santa Clara, CA, for the latter to provide Special Education Services, stated in Agreement, required by a student’s Individualized Education Program, for the period of July 1, 2023 through June 30, 2024, via the Special Education Department, in an amount not to exceed $950,000.00.",Agreement or Contract,Chief Academic Officer,,n-360-degree-customer,Special Education,"Approves up to $950,000 for 360 Degree to provide special education services in 2023-24","The district is approving its yearly master contract with 360 Degree of Santa Clara, CA, a nonpublic school or agency, to provide special education services that a student's Individualized Education Program (IEP) requires. The limit covers the 2023-24 school year, July 1, 2023 to June 30, 2024.",Special education,Nonpublic schools & agencies,new_agreement,360 Degree,organization,,expense,not_to_exceed,950000,,,,,true,2023-07-01,2024-06-30,after_work_began,,,Adopted on the General Consent Report,2023-09-13,true,auto_ok,sonnet-agent,enrich.v5.md,true,
2023-09-13:23-1883,2023-09-13,2023-09-13,regular,T.-75,140,general,Chief Academic Officer,23-1883,https://ousd.legistar.com/gateway.aspx?M=L&ID=59126,"Nonpublic, Nonsectarian School/Agency Services Master Contract 2023-24 – Irene M Hunt School - Side By Side - Special Education Department","Approval by the Board of Education of a Nonpublic, Nonsectarian School/ Agency Services Master Contract 2023-24 by and between the District and Irene M Hunt School - Side By Side, San Anselmo, CA, for the latter to provide Special Education Services, stated in Agreement, required by a student’s Individualized Education Program, for the period of July 1, 2023 through June 30, 2024, via the Special Education Department, in an amount not to exceed $500,000.00.",Agreement or Contract,Chief Academic Officer,,n-irene-m-hunt-school-side-by-side,Special Education,"Approves up to $500,000 for Irene M Hunt School - Side By Side for special education in 2023-24","The district is approving its yearly master contract with Irene M Hunt School - Side By Side of San Anselmo, CA, a nonpublic school or agency, to provide special education services that a student's Individualized Education Program (IEP) requires. The limit covers the 2023-24 school year, July 1, 2023 to June 30, 2024.",Special education,Nonpublic schools & agencies,new_agreement,Irene M Hunt School - Side By Side,organization,,expense,not_to_exceed,500000,,,,,true,2023-07-01,2024-06-30,after_work_began,,,Adopted on the General Consent Report,2023-09-13,true,auto_ok,sonnet-agent,enrich.v5.md,true,
2023-09-13:23-1893,2023-09-13,2023-09-13,regular,T.-76,141,general,Chief Academic Officer,23-1893,https://ousd.legistar.com/gateway.aspx?M=L&ID=59136,Services Agreement 2023-2024 - Design For Equity LLC - Office of Equity,"Ratification by the Board of Education of a Services Agreement 2023-2024 by and between the District and Design For Equity LLC, Oakland, CA, for the latter to provide 1:1 and group PD [Professional Development] and coaching with Network 4 principals from 7 schools - Lockwood, Fruitvale, Franklin, La Escuelita, Markham, plus 2 additional to be confirmed - by integrating antiracist leadership practices with their SPSA and Community School planning process with families, via Office of Equity, for the period of August 1, 2023 through June 28, 2024, in an amount not to exceed $100,000.00.",Agreement or Contract,Chief Academic Officer,007190,v-007190,S&C Carryover,"Pays Design For Equity up to $100,000 to coach principals at seven Network 4 schools","Design For Equity LLC of Oakland will give one-on-one and group coaching and professional development to principals from seven schools in Network 4. It will blend antiracist leadership practices into the schools' School Plan for Student Achievement (SPSA) and community school planning with families. The agreement runs August 1, 2023 to June 28, 2024, and the board is approving it after it began. Two of the seven schools are still to be confirmed.",Classroom & academic programs,,new_agreement,Design For Equity LLC,organization,Lockwood; Fruitvale; Franklin; La Escuelita; Markham,expense,not_to_exceed,100000,,,,,true,2023-08-01,2024-06-28,after_work_began,,,Adopted on the General Consent Report,2023-09-13,true,auto_ok,sonnet-agent,enrich.v5.md,true,
2023-09-13:23-1894,2023-09-13,2023-09-13,regular,T.-77,142,general,Chief Academic Officer,23-1894,https://ousd.legistar.com/gateway.aspx?M=L&ID=59137,Services Agreement 2023-2024 - The IKUNA Group - Office of Equity,"Ratification by the Board of Education of a Services Agreement 2023-2024 by and between the District and The IKUNA Group, Oakland, CA, for the latter to provide Initial coordination of upcoming Pacific Islander heritage month literacy activities with Reading sessions; monthly check in with mentors, participants, and parents; review student progress and reward incentives, as stated in Exhibit A of the Agreement, incorporated herein by reference as though fully set forth, via Office of Equity, for the period of August 1, 2023 through June 28, 2024, in an amount not to exceed $60,000.00.",Agreement or Contract,Chief Academic Officer,006859,v-006859,Central Concentration,"Pays The IKUNA Group up to $60,000 for Pacific Islander literacy and mentoring activities","The IKUNA Group of Oakland will coordinate Pacific Islander heritage month reading activities, check in monthly with mentors, participants and parents, and review student progress and rewards. The agreement runs August 1, 2023 to June 28, 2024, and the board is approving it after it began.",Classroom & academic programs,,new_agreement,The IKUNA Group,organization,,expense,not_to_exceed,60000,,,,,true,2023-08-01,2024-06-28,after_work_began,,,Adopted on the General Consent Report,2023-09-13,true,auto_ok,sonnet-agent,enrich.v5.md,true,
2023-09-13:23-1895,2023-09-13,2023-09-13,regular,T.-78,143,general,Chief Academic Officer,23-1895,https://ousd.legistar.com/gateway.aspx?M=L&ID=59138,"Services Agreement 2023-2024 - Yeah, Art! - Community Schools and Student Services Department","Ratification by the Board of Education of a Services Agreement 2023-2024 by and between the District and Yeah, Art!, Oakland, CA, for the latter to provide high quality music programming which may include but is not limited to music production, vocal and instrumentation classes at Roosevelt Middle School to 20 students per class, 2 days a week for the current school year, via Community Schools and Student Services Department, for the period of July 26, 2023 through May 23, 2024, in an amount not to exceed $28,000.00.",Agreement or Contract,Chief Academic Officer,008195,v-008195,Expanded Learning Opp Programs,"Pays Yeah, Art! up to $28,000 for music classes at Roosevelt Middle School","Yeah, Art! of Oakland will teach music classes such as music production, vocals and instruments at Roosevelt Middle School, with 20 students per class, two days a week during the current school year. The agreement runs July 26, 2023 to May 23, 2024, and the board is approving it after it began.",Classroom & academic programs,,new_agreement,"Yeah, Art!",organization,Roosevelt Middle School,expense,not_to_exceed,28000,,,,,true,2023-07-26,2024-05-23,after_work_began,,,Adopted on the General Consent Report,2023-09-13,true,auto_ok,sonnet-agent,enrich.v5.md,true,
2023-09-13:23-1896,2023-09-13,2023-09-13,regular,T.-79,144,general,Chief Academic Officer,23-1896,https://ousd.legistar.com/gateway.aspx?M=L&ID=59139,Services Agreement 2023-2024 - Center for the Collaborative Classroom - Academics and Instruction Department,"Ratification by the Board of Education of a Services Agreement 2023-2024 by and between the District and Center for the Collaborative Classroom, Alameda, CA, for the latter to provide six sessions total, four sessions at two hours each across two days and two sessions for 1.5 hours across two days, with Five of the sessions for teachers and one for Central Office staff for the Caring School Community trainings, via Academics and Instruction Department, for the period of August 2, 2023 through August 18, 2023, in an amount not to exceed $4,400.00.",Agreement or Contract,Chief Academic Officer,001014,v-001014,S&C Carryover,"Pays Center for the Collaborative Classroom up to $4,400 for Caring School Community training","The Center for the Collaborative Classroom of Alameda will lead six training sessions on its Caring School Community program, five for teachers and one for central office staff. The sessions take place August 2 to August 18, 2023, and the board is approving the agreement after they began.",Classroom & academic programs,,new_agreement,Center for the Collaborative Classroom,organization,,expense,not_to_exceed,4400,,,,,true,2023-08-02,2023-08-18,after_work_began,,,Adopted on the General Consent Report,2023-09-13,true,auto_ok,sonnet-agent,enrich.v5.md,true,
2023-09-13:23-1897,2023-09-13,2023-09-13,regular,T.-80,145,general,Chief Academic Officer,23-1897,https://ousd.legistar.com/gateway.aspx?M=L&ID=59140,Services Agreement 2023-2024 - Center for the Collaborative Classroom - Academics and Instruction Department,"Ratification by the Board of Education of a Services Agreement 2023-2024 by and between the District and Center for the Collaborative Classroom, Alameda, CA, for the latter to provide one session on each day of 90 minutes for new teachers on Caring School Community (CSC) curriculum implementation; the guiding principles, how to read and understand a lesson, the purpose and goals of the curriculum, and to feel ready to plan for week one, via Academics and Instruction Department, for the period of July 24, 2023 through July 25, 2023, in an amount not to exceed $7,000.00.",Agreement or Contract,Chief Academic Officer,001014,v-001014,S&C Carryover,"Pays Center for the Collaborative Classroom up to $7,000 to train new teachers on Caring School Community","The Center for the Collaborative Classroom of Alameda will lead 90-minute sessions on each of two days to help new teachers start the Caring School Community curriculum. Topics include the guiding principles, how to read a lesson and how to plan the first week. The sessions were set for July 24 and 25, 2023, and the board is approving the agreement after those dates.",Classroom & academic programs,,new_agreement,Center for the Collaborative Classroom,organization,,expense,not_to_exceed,7000,,,,,true,2023-07-24,2023-07-25,after_work_began,,,Adopted on the General Consent Report,2023-09-13,true,auto_ok,sonnet-agent,enrich.v5.md,true,
2023-09-13:23-1898,2023-09-13,2023-09-13,regular,T.-81,146,general,Chief Academic Officer,23-1898,https://ousd.legistar.com/gateway.aspx?M=L&ID=59141,"Services Agreement 2023-2024 - B Gammage, The Creative Consultant - Oakland Athletic League (OAL)","Ratification by the Board of Education of a Services Agreement 2023-2024 by and between the District and B Gammage, The Creative Consultant, Oakland, CA, for the latter to provide administrative support with the Oakland Athletic League with youth sports programs: Project manage youth sports event throughout 2023-24 School Year; Assist with secure facilities and supplies for the event; Ensure logistics and operational components are implement[ed] to support program success; Communication of intercession youth sports program prior events; Design and implement youth sports survey or and data required by the district or grant; Manage district/grant compliance, like attendance, sign-in/out, etc., via Oakland Athletic League (OAL), for the period of August 1, 2023, through June 30, 2024, in an amount not to exceed $65,000.00.",Agreement or Contract,Chief Academic Officer,008076,v-008076,"Measure G, Parcel Tax","Pays B Gammage, The Creative Consultant, up to $65,000 to run Oakland Athletic League youth sports events","B Gammage, The Creative Consultant, of Oakland will provide administrative support to the Oakland Athletic League for youth sports programs through the 2023-24 school year, including an intersession youth sports program. Tasks include event logistics, facilities and supplies, surveys, and tracking attendance and grant requirements. The agreement runs August 1, 2023 to June 30, 2024, and the board is approving it after it began.",After-school & summer programs,,new_agreement,"B Gammage, The Creative Consultant",organization,,expense,not_to_exceed,65000,,,,,true,2023-08-01,2024-06-30,after_work_began,,,Adopted on the General Consent Report,2023-09-13,true,auto_ok,sonnet-agent,enrich.v5.md,true,
2023-09-13:23-1911,2023-09-13,2023-09-13,regular,T.-82,147,general,Chief Academic Officer,23-1911,https://ousd.legistar.com/gateway.aspx?M=L&ID=59154,"Nonpublic, Nonsectarian School/ Agency Services Master Contract 2023-24 - Oak Hill School - Special Education Department","Approval by the Board of Education of a Nonpublic, Nonsectarian School/ Agency Services Master Contract 2023-2024 by and between the District and Oak Hill School, San Anselmo, CA, for the latter to provide Special Education Services, stated in Agreement, required by a student’s Individualized Education Program, for the period of July 1, 2023 through June 30, 2024, via the Special Education Department, in an amount not to exceed $500,000.00.",Agreement or Contract,Chief Academic Officer,,n-oak-hill-school,Special Education,"Approves up to $500,000 for Oak Hill School to provide special education services in 2023-24","The district is approving its yearly master contract with Oak Hill School of San Anselmo, CA, a nonpublic school or agency, to provide special education services that a student's Individualized Education Program (IEP) requires. The limit covers the 2023-24 school year, July 1, 2023 to June 30, 2024.",Special education,Nonpublic schools & agencies,new_agreement,Oak Hill School,organization,,expense,not_to_exceed,500000,,,,,true,2023-07-01,2024-06-30,after_work_began,,,Adopted on the General Consent Report,2023-09-13,true,auto_ok,sonnet-agent,enrich.v5.md,true,
2023-09-13:23-1912,2023-09-13,2023-09-13,regular,T.-83,148,general,Chief Academic Officer,23-1912,https://ousd.legistar.com/gateway.aspx?M=L&ID=59155,"Services Agreement 2023-2024 - Bay Area Writing Project - University of California, Berkeley - Fred T. Korematsu Discovery Academy","Ratification by the Board of Education of a Services Agreement 2023-2024 by and between the District and Bay Area Writing Project, Berkeley, CA, for the latter to support teachers to engage in a school-wide conversation about improving student writing across the multiple subjects taught, to investigate how elements such as grammar, structure, voice, and content are most effectively taught, and to develop best practices to help students revise and refine their writing at Fred T. Korematsu Discovery Academy, for the period of April 11, 2023 through September 30, 2023, in an amount not to exceed $16,400.00.",Agreement or Contract,Chief Academic Officer,,n-bay-area-writing-project,Light Awards Grant,"Pays Bay Area Writing Project up to $16,400 to help Korematsu Discovery Academy teachers improve writing","The Bay Area Writing Project of Berkeley will support teachers at Fred T. Korematsu Discovery Academy in school-wide work to improve student writing. It will look at how grammar, structure, voice and content are best taught and help develop ways to help students revise their writing. The agreement runs April 11 to September 30, 2023, and the board is approving it after it began.",Classroom & academic programs,,new_agreement,Bay Area Writing Project,organization,Fred T. Korematsu Discovery Academy,expense,not_to_exceed,16400,,,,,true,2023-04-11,2023-09-30,after_work_began,,,Adopted on the General Consent Report,2023-09-13,true,auto_ok,sonnet-agent,enrich.v5.md,true,
2023-09-13:23-1913,2023-09-13,2023-09-13,regular,T.-84,149,general,Chief Academic Officer,23-1913,https://ousd.legistar.com/gateway.aspx?M=L&ID=59156,"Amendment No 1, Agreement - State of California - Department of Rehabilitation - Special Education Department","Approval by the Board of Education of Amendment No. 1, Standard Agreement (Agreement Number: 31778) - Subvention Contract - Vocational Rehabilitation Third Party Cooperative/ Case Agreement - Transition Partnership Program - accepting an additional $307,113.00, increasing the not to exceed amount from $1,206,957.00 to $1,514,070.00, from the California State Department of Rehabilitation, for the term July 1, 2021, through June 30, 2024.  All other terms and conditions of the Agreement remain in full force and effect.",Agreement or Contract,Chief Academic Officer,,n-california-department-of-rehabilitation,California State Department of Rehabilitation,"Accepts $307,113 more from the state for a student transition program, raising the total to $1.51M","This amendment adds $307,113 to the district's agreement with the California Department of Rehabilitation for its Transition Partnership Program, raising the limit from $1,206,957 to $1,514,070. The money comes into the district. The agreement term stays July 1, 2021 to June 30, 2024, and all other terms stay the same.",Special education,"Legal, compliance & policy",amendment,California Department of Rehabilitation,organization,,revenue,fixed,307113,,,1206957,1514070,true,2021-07-01,2024-06-30,multi_year,,,Adopted on the General Consent Report,2023-09-13,true,auto_ok,sonnet-agent,enrich.v5.md,true,
2023-09-13:23-1914,2023-09-13,2023-09-13,regular,T.-85,150,general,Chief Academic Officer,23-1914,https://ousd.legistar.com/gateway.aspx?M=L&ID=59157,"Services Agreement (Award of RFP No. 22-139OE Translation and Interpretation Services) and Data Sharing Agreement – Excel Interpreting, LLC - Office of Equity","Approval by the Board of Education of a Services Agreement (Award of RFP No. 22-139OE Translation and Interpretation Services) by and between District and Excel Interpreting, LLC, Sacramento, CA (Parties), for the latter to provide Translation and Interpretation Services to the District through a variety of means and platforms including but not limited to in-person/pre-scheduled interpretation, video or web-based (VRI), over-the-phone interpretation (OPI) and/or document translations, all services on an as needed basis, in an amount not to exceed $100,000.00, for the term of August 7, 2023, through June 30, 2026 and a Data Sharing Agreement, by and between Parties, for identical term, pertaining to the District’s transmission of data to the Second Party and the protection by the Second Party of such data, pursuant to the terms and conditions of the latter Agreement; w/both Agreements, via the Office of Equity.",Agreement or Contract,Chief Academic Officer,,n-excel-interpreting,,"Awards Excel Interpreting up to $100,000 for translation and interpretation services through 2026","Excel Interpreting, LLC of Sacramento, CA is one of several companies chosen through a request for proposals (RFP No. 22-139OE) to provide translation and interpretation services as needed, including in-person, video, phone and document translation. The amount is capped at $100,000. The agreement runs August 7, 2023 to June 30, 2026, with a companion data-sharing agreement covering the data the district sends and how it is protected.","Student health, support & family services",,bid_award,"Excel Interpreting, LLC",organization,,expense,not_to_exceed,100000,,,,,true,2023-08-07,2026-06-30,pulled_from_consent; after_work_began; multi_year,,"Adopted in its own vote at this meeting (6–0), instead of with the rest of the consent report.",Adopted,2023-09-13,true,auto_ok,sonnet-agent,enrich.v5.md,true,
2023-09-13:23-1915,2023-09-13,2023-09-13,regular,T.-86,151,general,Chief Academic Officer,23-1915,https://ousd.legistar.com/gateway.aspx?M=L&ID=59158,"Services Agreement (Award of RFP No. 22-139OE Translation and Interpretation Services) and Data Sharing Agreement – Hanna Interpreting Services, LLC - Office of Equity","Approval by the Board of Education of a Services Agreement (Award of RFP No. 22-139OE Translation and Interpretation Services) by and between Hanna Interpreting Services, LLC, Spring Valley, CA (Parties), for the latter to provide Translation and Interpretation Services to the District through a variety of means and platforms including but not limited to in-person/pre-scheduled interpretation, video or web-based (VRI), over-the-phone interpretation (OPI) and/or document translations, all services on an as needed basis, in an amount not to exceed $700,000.00, for the term of August 7, 2023, through June 30, 2026 and a Data Sharing Agreement, by and between Parties, for identical term, pertaining to the District’s transmission of data to the second Party and the protection by the second Party of such data, each, pursuant to the terms and conditions of the latter Agreement; w/both Agreements, via the Office of Equity.",Agreement or Contract,Chief Academic Officer,,v-006861,,"Awards Hanna Interpreting up to $700,000 for translation and interpretation services through 2026","Hanna Interpreting Services, LLC of Spring Valley, CA is one of several companies chosen through a request for proposals (RFP No. 22-139OE) to provide translation and interpretation services as needed, including in-person, video, phone and document translation. The amount is capped at $700,000. The agreement runs August 7, 2023 to June 30, 2026, with a companion data-sharing agreement covering the data the district sends and how it is protected.","Student health, support & family services",,bid_award,"Hanna Interpreting Services, LLC",organization,,expense,not_to_exceed,700000,,,,,true,2023-08-07,2026-06-30,pulled_from_consent; after_work_began; multi_year,,"Adopted in its own vote at this meeting (6–0), instead of with the rest of the consent report.",Adopted,2023-09-13,true,auto_ok,sonnet-agent,enrich.v5.md,true,
2023-09-13:23-1916,2023-09-13,2023-09-13,regular,T.-87,152,general,Chief Academic Officer,23-1916,https://ousd.legistar.com/gateway.aspx?M=L&ID=59159,"Services Agreement (Award of RFP No. 22-139OE Translation and Interpretation Services) and Data Sharing Agreement – Linguabee, LLC - Office of Equity","Approval by the Board of Education of a Services Agreement (Award of RFP No. 22-139OE Translation and Interpretation Services) by and between District and Linguabee, LLC, Arvada, CO (Parties), for the latter to provide Translation and Interpretation Services to the District through a variety of means and platforms including but not limited to in-person/pre-scheduled interpretation, video or web-based (VRI), over-the-phone interpretation (OPI) and/or document translations, all services on an as needed basis, in an amount not to exceed $100,000.00, for the term of August 7, 2023, through June 30, 2026 and a Data Sharing Agreement, by and between Parties, for identical term, pertaining to the District’s transmission of data to the second Party and the protection by the second Party of such data, each, pursuant to the terms and conditions of the latter Agreement; w/both Agreements, via the Office of Equity.",Agreement or Contract,Chief Academic Officer,,n-linguabee,,"Awards Linguabee up to $100,000 for translation and interpretation services through 2026","Linguabee, LLC of Arvada, CO is one of several companies chosen through a request for proposals (RFP No. 22-139OE) to provide translation and interpretation services as needed, including in-person, video, phone and document translation. The amount is capped at $100,000. The agreement runs August 7, 2023 to June 30, 2026, with a companion data-sharing agreement covering the data the district sends and how it is protected.","Student health, support & family services",,bid_award,"Linguabee, LLC",organization,,expense,not_to_exceed,100000,,,,,true,2023-08-07,2026-06-30,pulled_from_consent; after_work_began; multi_year,,"Adopted in its own vote at this meeting (6–0), instead of with the rest of the consent report.",Adopted,2023-09-13,true,auto_ok,sonnet-agent,enrich.v5.md,true,
2023-09-13:23-1917,2023-09-13,2023-09-13,regular,T.-88,153,general,Chief Academic Officer,23-1917,https://ousd.legistar.com/gateway.aspx?M=L&ID=59160,Services Agreement (Award of RFP No. 22-139OE Translation and Interpretation Services) and Data Sharing Agreement – Maryam Abdi - Office of Equity,"Approval by the Board of Education of a Services Agreement (Award of RFP No. 22-139OE Translation and Interpretation Services) by and between District and Maryam Abdi, Emeryville, CA (Parties), for the latter to provide Translation and Interpretation Services to the District through a variety of means and platforms including but not limited to in-person/pre-scheduled interpretation, video or web-based (VRI), over-the-phone interpretation (OPI) and/or document translations, all services on an as needed basis, in an amount not to exceed $150,000.00, for the term of August 7, 2023, through June 30, 2026 and a Data Sharing Agreement, by and between Parties, for identical term, pertaining to the District’s transmission of data to the second Party and the protection by the second Party of such data, each, pursuant to the terms and conditions of the latter Agreement; w/both Agreements, via the Office of Equity.",Agreement or Contract,Chief Academic Officer,,v-000216,,"Awards an interpreter up to $150,000 for translation and interpretation services through 2026","Maryam Abdi of Emeryville, CA is one of several companies chosen through a request for proposals (RFP No. 22-139OE) to provide translation and interpretation services as needed, including in-person, video, phone and document translation. The amount is capped at $150,000. The agreement runs August 7, 2023 to June 30, 2026, with a companion data-sharing agreement covering the data the district sends and how it is protected.","Student health, support & family services",,bid_award,Maryam Abdi,individual,,expense,not_to_exceed,150000,,,,,true,2023-08-07,2026-06-30,pulled_from_consent; after_work_began; multi_year,,"Adopted in its own vote at this meeting (6–0), instead of with the rest of the consent report.",Adopted,2023-09-13,true,auto_ok,sonnet-agent,enrich.v5.md,true,
2023-09-13:23-1918,2023-09-13,2023-09-13,regular,T.-89,154,general,Chief Academic Officer,23-1918,https://ousd.legistar.com/gateway.aspx?M=L&ID=59161,"Services Agreement (Award of RFP No. 22-139OE Translation and Interpretation Services) and Data Sharing Agreement - Syntex Global, Inc. - Office of Equity","Approval by the Board of Education of a Services Agreement (Award of RFP No. 22-139OE Translation and Interpretation Services) by and between District and Syntex Global, Inc, Berkeley, CA (Parties), for the latter to provide Translation and Interpretation Services to the District through a variety of means and platforms including but not limited to in-person/pre-scheduled interpretation, video or web-based (VRI), over-the-phone interpretation (OPI) and/or document translations, all services on an as needed basis, in an amount not to exceed $100,000.00, for the term of August 7, 2023, through June 30, 2026 and a Data Sharing Agreement, by and between Parties, for identical term, pertaining to the District’s transmission of data to the second Party and the protection by the Second Party of such data, each, pursuant to the terms and conditions of the latter Agreement; w/both Agreements, via the Office of Equity.",Agreement or Contract,Chief Academic Officer,,v-004164,,"Awards Syntex Global up to $100,000 for translation and interpretation services through 2026","Syntex Global, Inc. of Berkeley, CA is one of several companies chosen through a request for proposals (RFP No. 22-139OE) to provide translation and interpretation services as needed, including in-person, video, phone and document translation. The amount is capped at $100,000. The agreement runs August 7, 2023 to June 30, 2026, with a companion data-sharing agreement covering the data the district sends and how it is protected.","Student health, support & family services",,bid_award,"Syntex Global, Inc.",organization,,expense,not_to_exceed,100000,,,,,true,2023-08-07,2026-06-30,pulled_from_consent; after_work_began; multi_year,,"Adopted in its own vote at this meeting (6–0), instead of with the rest of the consent report.",Adopted,2023-09-13,true,auto_ok,sonnet-agent,enrich.v5.md,true,
2023-09-13:23-1919,2023-09-13,2023-09-13,regular,T.-90,155,general,Chief Academic Officer,23-1919,https://ousd.legistar.com/gateway.aspx?M=L&ID=59162,Grant Award - California Department of Education - California Partnership Academies (CPA) Program Grant - Renewable Energy Academy - Skyline High School,"Acceptance by the Board of Education of a California Partnership Academies (CPA) Program: Clean Technology and Renewable Energy (SBX1 1) Grant Award from the California Department of Education, for the Skyline High School Renewable Energy Academy (CO18) CDE Grant Number: 2022-25168-61259-04, in the amount of $4,611.00, for the purpose described in the attachment, for the period of September 1, 2022, through October 31, 2023, pursuant to the terms and conditions thereof, if any.",Agreement or Contract,Chief Academic Officer,,n-california-department-of-education,"California Department of Education, College and Careeer Transition Division","Accepts $4,611 from the state for the Skyline High School Renewable Energy Academy","The district will accept a $4,611 California Partnership Academies grant from the California Department of Education for the Renewable Energy Academy at Skyline High School. The grant is for clean technology and renewable energy and runs September 1, 2022 to October 31, 2023. The money comes into the district.",Classroom & academic programs,,grant_or_funding_in,California Department of Education,organization,Skyline High School,revenue,fixed,4611,,,,,true,2022-09-01,2023-10-31,after_work_began; multi_year,,,Adopted on the General Consent Report,2023-09-13,true,auto_ok,sonnet-agent,enrich.v5.md,true,
2023-09-13:23-1920,2023-09-13,2023-09-13,regular,T.-91,156,general,Chief Academic Officer,23-1920,https://ousd.legistar.com/gateway.aspx?M=L&ID=59163,Grant Award - California Department of Education - California Partnership Academies (CPA) Program Grant - Law and Public Services Academy - Oakland High School,"Acceptance by the Board of Education of a California Partnership Academies (CPA) Program: Career Technical Education Initiative Supplemental Grant Award from the California Department of Education, for the Oakland High School Law and Public Service Academy (8021) CDE Grant Number: 2022-25220-61259-06, in the amount of $2,188.00, for the purpose described in the attachment, for the period of September 1, 2022, through October 31, 2023, pursuant to the terms and conditions thereof, if any.",Agreement or Contract,Chief Academic Officer,,n-california-department-of-education,"California Department of Education, College and Career Transition Division","Accepts a $2,188 state grant for the Law and Public Service Academy at Oakland High","The district accepts a $2,188 supplemental grant from the California Department of Education for the Law and Public Service Academy at Oakland High School. The grant comes from the California Partnership Academies (CPA) career technical education program and covers September 1, 2022 through October 31, 2023. The text says the purpose is described in an attachment.",Classroom & academic programs,,grant_or_funding_in,California Department of Education,organization,Oakland High School,revenue,fixed,2188,,,,,true,2022-09-01,2023-10-31,after_work_began; multi_year,,,Adopted on the General Consent Report,2023-09-13,true,auto_ok,sonnet-agent,enrich.v5.md,true,
2023-09-13:23-1921,2023-09-13,2023-09-13,regular,T.-92,157,general,Chief Academic Officer,23-1921,https://ousd.legistar.com/gateway.aspx?M=L&ID=59164,Grant Award - California Department of Education - California Partnership Academies Program Grant - Public Health and Policy Academy - Oakland High School,"Acceptance by the Board of Education of a California Partnership Academies (CPA) Program: Career Technical Education Initiative Supplemental Grant Award from the California Department of Education, for the Oakland High School Public Health and Policy Academy (11032) Grant Number: 2022-25220-61259-07, in the amount of $2,188.00, for the purpose described in the attachment, for the period of September 1, 2022, through October 31, 2023, pursuant to the terms and conditions thereof, if any.",Agreement or Contract,Chief Academic Officer,,n-california-department-of-education,"California Department of Education, College and Career Transition Division","Accepts a $2,188 state grant for the Public Health and Policy Academy at Oakland High","The district accepts a $2,188 supplemental grant from the California Department of Education for the Public Health and Policy Academy at Oakland High School. The grant comes from the California Partnership Academies (CPA) career technical education program and covers September 1, 2022 through October 31, 2023. The text says the purpose is described in an attachment.",Classroom & academic programs,,grant_or_funding_in,California Department of Education,organization,Oakland High School,revenue,fixed,2188,,,,,true,2022-09-01,2023-10-31,after_work_began; multi_year,,,Adopted on the General Consent Report,2023-09-13,true,auto_ok,sonnet-agent,enrich.v5.md,true,
2023-09-13:23-1922,2023-09-13,2023-09-13,regular,T.-93,158,general,Chief Academic Officer,23-1922,https://ousd.legistar.com/gateway.aspx?M=L&ID=59165,Services Agreement 2023-2024 - Bay Area Community Resources - Community Schools and Student Services Department,"Approval by the Board of Education of a Services Agreement 2023-2024 by and between the District and Bay Area Community Resources, San Rafael, CA, for the latter to provide up to 5 Sustainability Service Corps Fellows to support greenhouse gas reduction programs or other sustainability projects, such as implementing programs that save energy, water, or waste; educating students in classrooms or online; developing Greenhouse Gas Inventories, Climate Action Plans, and other capacity-building documents; and conducting outreach to raise community engagement. Fellows will ideally devote an average minimum of 24 hours per week to directly working on emissions, water, waste, or energy reduction projects, more specifically described in Exhibit A - Scope of Work - incorporated herein by reference as though fully set forth, via Community Schools and Student Services Department, for the period of September 1, 2023 through July 31, 2024, in an amount not to exceed $140,000.00.",Agreement or Contract,Chief Academic Officer,000624,v-000624,Kaiser Health&wellness W/ebcf,"Pays Bay Area Community Resources up to $140,000 for sustainability fellows","The district hires Bay Area Community Resources to provide up to 5 Sustainability Service Corps Fellows. Fellows work on projects that cut greenhouse gases, energy, water and waste, teach students, and write climate plans. The agreement runs September 1, 2023 through July 31, 2024 and costs no more than $140,000.","Food, transportation & operations",,new_agreement,Bay Area Community Resources,organization,,expense,not_to_exceed,140000,,,,,true,2023-09-01,2024-07-31,after_work_began,,,Adopted on the General Consent Report,2023-09-13,true,auto_ok,sonnet-agent,enrich.v5.md,true,
2023-09-13:23-1923,2023-09-13,2023-09-13,regular,T.-94,159,general,Chief Academic Officer,23-1923,https://ousd.legistar.com/gateway.aspx?M=L&ID=59166,Services Agreement 2023-2024 - Bay Area Community Resources - Fremont High School,"Approval by the Board of Education of a Services Agreement 2023-2024 by and between the District and Bay Area Community Resources, San Rafael, CA, for the latter to on-board and pay two Student Support Specialists [SSS], assigned to Fremont High School, supervised by the Pathway Director, who [SSS] will provide academic mentoring support to pathway students, identified by pathway teachers, in the form of tutoring, study skills, organizational support, and motivational support; provide a channel of information flow and support to students least likely to engage in summer programs, afterschool programs, tutoring support, enrichment activities; provide services and programs that will directly impact the performance and emotional development of English learners, foster youth, and low-income students, including but not limited to tutoring, study skills, organizational support, and motivational support; and provide a channel of information flow and support to students least likely to engage in summer programs, afterschool programs, tutoring supports, and enrichment activities, via Fremont High School, for the period of July 1, 2023 through June 30, 2024, in an amount not to exceed $181,268.75.",Agreement or Contract,Chief Academic Officer,000624,v-000624,Unrestricted Supplemental,"Pays Bay Area Community Resources up to $181,269 for two Fremont High student mentors","The district contracts with Bay Area Community Resources to employ two Student Support Specialists at Fremont High School. They give pathway students tutoring, study skills and motivational support, with a focus on English learners, foster youth and low-income students. The agreement runs July 1, 2023 through June 30, 2024 and costs no more than $181,268.75.",Classroom & academic programs,,new_agreement,Bay Area Community Resources,organization,Fremont High School,expense,not_to_exceed,181268.75,,,,,true,2023-07-01,2024-06-30,after_work_began,,,Adopted on the General Consent Report,2023-09-13,true,auto_ok,sonnet-agent,enrich.v5.md,true,
2023-09-13:23-1924,2023-09-13,2023-09-13,regular,T.-95,160,general,Chief Academic Officer,23-1924,https://ousd.legistar.com/gateway.aspx?M=L&ID=59167,Grant Award - California Department of Education - California Partnership Academies (CPA) Program Grant - Computer Science and Technology Academy - Skyline High School,"Acceptance by the Board of Education of a California Partnership Academies (CPA) Program: Career Technical Education Initiative Supplemental Grant Award from the California Department of Education, for the Skyline High School Computer Science and Technology Academy (8033) Grant Number: 2022-25220-61259-10, in the amount of $2,188.00, for the purpose described in the attachment, for the period of September 1, 2022, through October 31, 2023, pursuant to the terms and conditions thereof, if any.",Agreement or Contract,Chief Academic Officer,,n-california-department-of-education,"California Department of Education, College and Career Transition Division","Accepts a $2,188 state grant for the Computer Science and Technology Academy at Skyline High","The district accepts a $2,188 supplemental grant from the California Department of Education for the Computer Science and Technology Academy at Skyline High School. The grant comes from the California Partnership Academies (CPA) career technical education program and covers September 1, 2022 through October 31, 2023. The text says the purpose is described in an attachment.",Classroom & academic programs,,grant_or_funding_in,California Department of Education,organization,Skyline High School,revenue,fixed,2188,,,,,true,2022-09-01,2023-10-31,after_work_began; multi_year,,,Adopted on the General Consent Report,2023-09-13,true,auto_ok,sonnet-agent,enrich.v5.md,true,
2023-09-13:23-1925,2023-09-13,2023-09-13,regular,T.-96,161,general,Chief Academic Officer,23-1925,https://ousd.legistar.com/gateway.aspx?M=L&ID=59168,Grant Award - California Department of Education - California Partnership Academies (CPA) Program Grant: - Fashion Academy - Oakland Technical High School,"Acceptance by the Board of Education of a California Partnership Academies (CPA) Program: Career Technical Education Initiative Supplemental Grant Award from the California Department of Education, for the Oakland Technical High School Fashion Academy (9061) Grant Number: 2022-25220-61259-09, in the amount of $2,188.00, for the purpose described in the attachment, for the period of September 1, 2022, through October 31, 2023, pursuant to the terms and conditions thereof, if any.",Agreement or Contract,Chief Academic Officer,,n-california-department-of-education,"California Department of Education, College and Career Transition Division","Accepts a $2,188 state grant for the Fashion Academy at Oakland Tech","The district accepts a $2,188 supplemental grant from the California Department of Education for the Fashion Academy at Oakland Technical High School. The grant comes from the California Partnership Academies (CPA) career technical education program and covers September 1, 2022 through October 31, 2023. The text says the purpose is described in an attachment.",Classroom & academic programs,,grant_or_funding_in,California Department of Education,organization,Oakland Technical High School,revenue,fixed,2188,,,,,true,2022-09-01,2023-10-31,after_work_began; multi_year,,,Adopted on the General Consent Report,2023-09-13,true,auto_ok,sonnet-agent,enrich.v5.md,true,
2023-09-13:23-1926,2023-09-13,2023-09-13,regular,T.-97,162,general,Chief Academic Officer,23-1926,https://ousd.legistar.com/gateway.aspx?M=L&ID=59169,Grant Award - California Department of Education - California Partnership Academies (CPA) Program Grant - Multimedia Communications Academy - Oakland International High School,"Acceptance by the Board of Education of a California Partnership Academies (CPA) Program: Career Technical Education Initiative Supplemental Grant Award from the California Department of Education, for the Oakland International High School Multimedia Communications Academy (9062) Grant Number: 2022-25220-61259-08, in the amount of $2,188.00, for the purpose described in the attachment, for the period of September 1, 2022, through October 31, 2023, pursuant to the terms and conditions thereof, if any.",Agreement or Contract,Chief Academic Officer,,n-california-department-of-education,California Department,"Accepts a $2,188 state grant for the Multimedia Communications Academy at Oakland International","The district accepts a $2,188 supplemental grant from the California Department of Education for the Multimedia Communications Academy at Oakland International High School. The grant comes from the California Partnership Academies (CPA) career technical education program and covers September 1, 2022 through October 31, 2023. The text says the purpose is described in an attachment.",Classroom & academic programs,,grant_or_funding_in,California Department of Education,organization,Oakland International High School,revenue,fixed,2188,,,,,true,2022-09-01,2023-10-31,after_work_began; multi_year,,,Adopted on the General Consent Report,2023-09-13,true,auto_ok,sonnet-agent,enrich.v5.md,true,
2023-09-13:23-1887,2023-09-13,2023-09-13,regular,T.-98,163,general,Chief Academic Officer,23-1887,https://ousd.legistar.com/gateway.aspx?M=L&ID=59130,Grant /Agreement – United States Department of Agriculture – Food and Nutrition Service – FY23 Farm to School Turnkey Grant - Community Schools and Student Services Department,"Approval by the Board of Education of United States Department of Agriculture (USDA) Grant/Cooperative Agreement [No. USDA-FNS-F2S-TKAE-23-CA1), by and between USDA and the District, with the latter accepting $119,502.00 (over a 2-year period), to fund “Culturally Responsive Environment-Food-Garden Curriculum in Oakland Unified School District”, pursuant to terms and conditions herein, for the period of July 26, 2023 through June 30, 2025.",Application,Chief Academic Officer,,n-united-states-department-of-agriculture,United States Department of Agriculture – Food and Nutrition Service,"Accepts a $119,502 federal grant for food and garden curriculum through June 2025","The district accepts a $119,502 grant from the United States Department of Agriculture (USDA) over two years. The money funds a culturally responsive food and garden curriculum in Oakland schools. The grant period is July 26, 2023 through June 30, 2025.",Classroom & academic programs,,grant_or_funding_in,United States Department of Agriculture,organization,,revenue,fixed,119502,,,,,true,2023-07-26,2025-06-30,after_work_began; multi_year,,,Adopted on the General Consent Report,2023-09-13,true,auto_ok,sonnet-agent,enrich.v5.md,true,
2023-09-13:23-1814,2023-09-13,2023-09-13,regular,T.-99,165,general,Chief of Staff,23-1814,https://ousd.legistar.com/gateway.aspx?M=L&ID=59057,Services Agreement 2023-2024 - School Services of California - Office of the Chief of Staff,"Ratification by the Board of Education of a Services Agreement 2023-2024 by and between the District and School Services of California, Sacramento, CA, for the latter to work proactively to protect and advance the District's interest in Sacramento, including developing strategies, monitoring legislation and budget items that would impact OUSD, and lobbying the Legislature and State Administration; meet with both Board Directors and district administrative leadership twice monthly and with district administrative leadership once monthly to provide timely updates and to assist OUSD with policy implementation, position writing, or other issues, as needed; and schedule necessary meetings with local leadership, as well as coordinate legislative meetings for the BOE and OUSD staff traveling to Sacramento, via the Office of the Chief of Staff, for the period of July 1, 2023, through June 30, 2024, in an amount not to exceed $50,000.00.",Agreement or Contract,Superintendent,003823,v-003823,General Purpose-Unrestricted,"Ratifies a $50,000 contract with School Services of California for Sacramento lobbying","The Board approves, after the contract period began, an agreement with School Services of California to lobby the Legislature and State Administration for the district. The firm also tracks legislation and budget items, meets with board members and district leaders, and sets up meetings in Sacramento. It runs July 1, 2023 through June 30, 2024 and costs no more than $50,000.",Governance & board business,,new_agreement,School Services of California,organization,,expense,not_to_exceed,50000,,,,,true,2023-07-01,2024-06-30,after_work_began,,,Adopted on the General Consent Report,2023-09-13,true,auto_ok,sonnet-agent,enrich.v5.md,true,
2023-09-13:23-1972,2023-09-13,2023-09-13,regular,T.-100,167,general,Board of Education,23-1972,https://ousd.legistar.com/gateway.aspx?M=L&ID=59215,"Minutes - Board of Education - Regular Meeting – August 23, 2023","Ratification by the Board of Education of its Regular Meeting Minutes of August 23, 2023, prepared by Staff shortly after said Meeting.","Minutes, Board of Education",Board of Education,,,,"Approves the minutes of the August 23, 2023 regular Board meeting","The Board approves the written record of its regular meeting held on August 23, 2023. Staff prepared the minutes shortly after the meeting. There is no cost.",Governance & board business,,other,,,,no_cost,,,,,,,true,,,after_work_began,,,Adopted on the General Consent Report,2023-09-13,true,auto_ok,sonnet-agent,enrich.v5.md,true,
2023-09-13:23-1720,2023-09-13,2023-09-13,regular,U.-1,170,bonds,"Deputy Chief, Facilities Planning and Management",23-1720,https://ousd.legistar.com/gateway.aspx?M=L&ID=58963,"Agreement Between Owner and Contractor – DecoTech Systems, Inc. – Coliseum College Preparatory Academy Security Improvement Project - Division of Facilities Planning and Management","Approval by the Board of Education of Agreement Between Owner and Contractor by and between the District and DecoTech Systems, Inc., Walnut Creek, CA, for the latter to provide installation of  48 new cameras, 48 replacement of existing cameras for the Coliseum College Preparatory Academy Security Improvement Project, in the amount of $211,000.00, which includes contingency allowance totaling $17,000.00, as the lowest responsive bidder, with the work anticipated to commence on September 14, 2023, and scheduled to last for ninety days (90), with an anticipated ending of December 12, 2023.",Agreement or Contract,"Deputy Chief, Facilities Planning and Management",001325,v-001325,"Fund 21 Building Fund, Measure Y","Awards DecoTech Systems $211,000 to install and fix security cameras at Coliseum College Prep","DecoTech Systems, Inc. will install 48 new security cameras and replace 48 existing ones at Coliseum College Preparatory Academy. The contract is for $211,000.00, which includes a $17,000.00 contingency (extra money set aside for changes), and DecoTech was the lowest responsive bidder. Work is expected to start September 14, 2023 and last 90 days, ending around December 12, 2023.",School buildings & construction,,bid_award,"DecoTech Systems, Inc.",organization,Coliseum College Preparatory Academy,expense,fixed,211000,,,,,true,2023-09-14,2023-12-12,,,,Adopted on the General Consent Report,2023-09-13,true,auto_ok,sonnet-agent,enrich.v5.md,true,
2023-09-13:23-1721,2023-09-13,2023-09-13,regular,U.-2,171,bonds,"Deputy Chief, Facilities Planning and Management",23-1721,https://ousd.legistar.com/gateway.aspx?M=L&ID=58964,"Agreement Between Owner and Contractor – DecoTech Systems, Inc. – Ralph Bunche Academy at West Oakland Middle School Security Improvement Project - Division of Facilities Planning and Management","Approval by the Board of Education of Agreement Between Owner and Contractor by and between the District and DecoTech Systems, Inc., Walnut Creek, CA, for the latter to provide installation of  44 new cameras, 7 replacement of existing cameras, and repair of 12 cameras for the Ralph Bunche Academy at West Oakland Middle School Security Improvement Project, in the amount of $156,000.00, which includes contingency allowance totaling $12,000.00, as the lowest responsive bidder, with the work anticipated to commence on September 14, 2023, and scheduled to last for ninety days (90), with an anticipated ending of December 12, 2023.",Agreement or Contract,"Deputy Chief, Facilities Planning and Management",001325,v-001325,Fund 21 Building Fund Measure Y,"Awards DecoTech Systems $156,000 to install and fix security cameras at Ralph Bunche Academy","DecoTech Systems, Inc. will install 44 new security cameras, replace 7 existing ones and repair 12 cameras at Ralph Bunche Academy at West Oakland Middle School. The contract is for $156,000.00, which includes a $12,000.00 contingency (extra money set aside for changes), and DecoTech was the lowest responsive bidder. Work is expected to start September 14, 2023 and last 90 days, ending around December 12, 2023.",School buildings & construction,,bid_award,"DecoTech Systems, Inc.",organization,Ralph Bunche Academy at West Oakland Middle School,expense,fixed,156000,,,,,true,2023-09-14,2023-12-12,,,,Adopted on the General Consent Report,2023-09-13,true,auto_ok,sonnet-agent,enrich.v5.md,true,
2023-09-13:23-1735,2023-09-13,2023-09-13,regular,U.-3,172,bonds,"Deputy Chief, Facilities Planning and Management",23-1735,https://ousd.legistar.com/gateway.aspx?M=L&ID=58978,"Agreement Between Owner and Contractor – DecoTech Systems, Inc. – Life Academy & United for Success Security Improvement Project - Division of Facilities Planning and Management","Approval by the Board of Education of Agreement Between Owner and Contractor by and between the District and DecoTech Systems, Inc., Walnut Creek, CA, for the latter to provide Scope of Work consisting of but not limited to but is not limited to Installation, replacement, and repair of surveillance cameras at Life Academy and United for Success Academy. Installation includes approximately 32 new single sensor cameras, 3 new multi-sensor cameras, 21 cameras replacements, and 7 cameras adjustments, with programming and integration into the Milestone X Project Software, for the Life Academy & United for Success Security Improvement Project, in the amount of $203,500.00, which includes contingency allowance totaling $18,500.00, as the lowest responsive bidder, with the work anticipated to commence on September 14, 2023, and scheduled to last for ninety days (90), with an anticipated ending of December 12, 2023.",Agreement or Contract,"Deputy Chief, Facilities Planning and Management",001325,v-001325,Fund 21 Building Funds Measure Y,"Awards DecoTech Systems $203,500 to install and fix security cameras at Life Academy and United for Success","DecoTech Systems, Inc. will install, replace, repair and adjust security cameras at Life Academy and United for Success Academy, and connect them to the district's camera software. The contract is for $203,500.00, which includes a $18,500.00 contingency (extra money set aside for changes), and DecoTech was the lowest responsive bidder. Work is expected to start September 14, 2023 and last 90 days, ending around December 12, 2023.",School buildings & construction,,bid_award,"DecoTech Systems, Inc.",organization,Life Academy; United for Success Academy,expense,fixed,203500,,,,,true,2023-09-14,2023-12-12,,,,Adopted on the General Consent Report,2023-09-13,true,auto_ok,sonnet-agent,enrich.v5.md,true,
2023-09-13:23-1737,2023-09-13,2023-09-13,regular,U.-4,173,bonds,"Deputy Chief, Facilities Planning and Management",23-1737,https://ousd.legistar.com/gateway.aspx?M=L&ID=58980,"Amendment No. 2, Construction Management Agreement – Cordoba Corporation Facilities Planning and Management Project – Division of Facilities Planning and Management","Approval by the Board of Education of Amendment No. 2,  Construction Management Agreement by and between the District and Cordoba Corporation, San Francisco, CA, for the latter to provide continued construction management services for the Facilities Planning and Management Project, described in the Proposed 2023-2024 updated staffing plan, attached to the Amendment as Exhibit A, incorporated herein by reference as though fully set forth, in an additional amount of $2,272,428.00 (increase for the current year), increasing Agreement’s not-to-exceed amount from $3,218,757.80 to $5,491,185.80, for the unchanged term of August 26, 2021 through June 30, 2026. All other terms and conditions of the Agreement remain in full force and effect.",Agreement or Contract,"Deputy Chief, Facilities Planning and Management",001201,v-001201,Fund 21 Building Funds Measure Y,"Adds $2.27M to Cordoba's construction management contract, raising the cap to $5.49M","This amendment adds $2,272,428 to Cordoba Corporation's construction management contract for the district's facilities work, raising the cap from $3,218,757.80 to $5,491,185.80. The added money is described as the increase for the current year, under an updated 2023-24 staffing plan. The term stays August 26, 2021 through June 30, 2026.",School buildings & construction,,amendment,Cordoba Corporation,organization,,expense,not_to_exceed,2272428,,,3218757.8,5491185.8,true,2021-08-26,2026-06-30,raises_existing_contract; large_increase; multi_year,,,Adopted on the General Consent Report,2023-09-13,true,auto_ok,sonnet-agent,enrich.v5.md,true,
2023-09-13:23-1738,2023-09-13,2023-09-13,regular,U.-5,174,bonds,"Deputy Chief, Facilities Planning and Management",23-1738,https://ousd.legistar.com/gateway.aspx?M=L&ID=58981,"Amendment No. 2, Construction Management Agreement – Sixth Dimension, LLC - Facilities Planning and Management Project – Division of Facilities Planning and Management","Approval by the Board of Education of Amendment No. 2 Construction Management Agreement by and between the District and Sixth Dimension, LLC, Oakland, CA, for the latter to continue to provide construction management services, add a new Project Manager and Project Engineer and submitting updated billing rates, as described in the proposal dated June 9, 2023, attached to the Amendment as Exhibit A, for the Facilities Planning and Management Project, in an additional total amount of $1,776,710.00, increasing Agreement’s total not-to-exceed amount from $2,571,788.00 to $4,348,498.00, for the unchanged term of August 26, 2021, and scheduled to last until June 30, 2026.  All other terms and conditions of the Agreement remain in full force and effect.",Agreement or Contract,"Deputy Chief, Facilities Planning and Management",007173,v-007173,Fund 21 Building Funds Measure Y,"Adds $1.78M to Sixth Dimension's construction management contract, raising the cap to $4.35M","This amendment adds $1,776,710 to Sixth Dimension's construction management contract for the district's facilities work, raising the cap from $2,571,788 to $4,348,498. It also adds a new Project Manager and Project Engineer and updates billing rates. The term stays August 26, 2021 through June 30, 2026.",School buildings & construction,,amendment,"Sixth Dimension, LLC",organization,,expense,not_to_exceed,1776710,,,2571788,4348498,true,2021-08-26,2026-06-30,raises_existing_contract; large_increase; multi_year,,,Adopted on the General Consent Report,2023-09-13,true,auto_ok,sonnet-agent,enrich.v5.md,true,
2023-09-13:23-1739,2023-09-13,2023-09-13,regular,U.-6,175,bonds,"Deputy Chief, Facilities Planning and Management",23-1739,https://ousd.legistar.com/gateway.aspx?M=L&ID=58982,"Amendment No. 2, Construction Management Agreement – Cumming Management Group, Inc. - Facilities Planning and Management Project – Division of Facilities Planning and Management","Approval by the Board of Education of Amendment No. 2, Construction Management Agreement by and between the District and Cumming Management Group, Inc., Oakland, CA, for the latter to continue to provide construction management services, add a new Project Manager and Project Engineer and submitting updated billing rates, as described in the proposal dated June 9, 2023, attached as Exhibit A to the Amendment, for the Facilities Planning and Management Project, in an additional amount of $2,733,986.00, increasing the Agreement not-to-exceed amount from $3,350,840.00 to $6,084,826.00, for the unchanged term of August 26, 2021, through June 30, 2026.  All other terms and conditions of the Agreement remain full force and effect.",Agreement or Contract,"Deputy Chief, Facilities Planning and Management",001259,v-001259,"Fund 21 Building Funds, Measure Y","Adds $2.73M to Cumming's construction management contract, raising the cap to $6.08M","This amendment adds $2,733,986 to Cumming Management Group's construction management contract for the district's facilities work, raising the cap from $3,350,840 to $6,084,826. It also adds a new Project Manager and Project Engineer and updates billing rates. The term stays August 26, 2021 through June 30, 2026.",School buildings & construction,,amendment,"Cumming Management Group, Inc.",organization,,expense,not_to_exceed,2733986,,,3350840,6084826,true,2021-08-26,2026-06-30,raises_existing_contract; large_increase; multi_year,,,Adopted on the General Consent Report,2023-09-13,true,auto_ok,sonnet-agent,enrich.v5.md,true,
2023-09-13:23-1768,2023-09-13,2023-09-13,regular,U.-7,176,bonds,"Deputy Chief, Facilities Planning and Management",23-1768,https://ousd.legistar.com/gateway.aspx?M=L&ID=59011,"Amendment No. 1, Agreement for Inspector of Record Services for Construction – KDI Group, Inc. – Claremont Middle School Multi-Purpose Room Project – Division of Facilities Planning and Management","Approval by the Board of Education of Amendment No. 1, Agreement for Inspector of Record Services for Construction by and between the District and KDI Group, Inc., Oakland, CA, for the latter to provide continued Inspector of Record Services for the Claremont Middle School Multi-Purpose Room Project, in an additional not-to-exceed amount of $69,000.00, increasing the Agreement not to exceed amount from $418,550.00 to $487,550.00, and extending the term of the Agreement from December 2, 2021 through October 31, 2023 to December 31, 2023. All other terms and conditions of the Agreement remain in full force and effect.",Agreement or Contract,"Deputy Chief, Facilities Planning and Management",002377,v-002377,Fund 21 Building Funds Measure Y,"Adds $69,000 and two months to KDI Group's inspection work at Claremont Middle School","This amendment adds $69,000 to KDI Group's contract for continued inspector of record services (independent construction inspection) on the Claremont Middle School Multi-Purpose Room Project. It raises the cap from $418,550 to $487,550 and extends the end date from October 31, 2023 to December 31, 2023.",School buildings & construction,,amendment,"KDI Group, Inc.",organization,Claremont Middle School,expense,not_to_exceed,69000,,,418550,487550,true,2021-12-02,2023-12-31,raises_existing_contract; multi_year,,,Adopted on the General Consent Report,2023-09-13,true,auto_ok,sonnet-agent,enrich.v5.md,true,
2023-09-13:23-1786,2023-09-13,2023-09-13,regular,U.-8,177,bonds,"Deputy Chief, Facilities Planning and Management",23-1786,https://ousd.legistar.com/gateway.aspx?M=L&ID=59029,"Agreement for Engineering Services - Atlas Technical Consultants, LLC - Fremont High School Modernization Project - Division of Facilities Planning and Management","Approval by the Board of Education of an Agreement for Engineering Services by and between the District and Atlas Technical Consultants, LLC, Oakland, CA, for the latter to provide Geotechnical Engineering/Geology and Geologic Hazard Study, as described in Exhibit C - Scope of Services of the Agreement, incorporated herein by reference as though fully set forth, in the not-to-exceed amount of $34,100.00, which includes a not-to-exceed amount of $3,100.00 for Additional Services, with work scheduled to commence on September 14, 2023, and scheduled to end December 31, 2024.",Agreement or Contract,"Deputy Chief, Facilities Planning and Management",001824,v-007113,Fund 21 Building Funds Measure J,"Pays Atlas Technical Consultants up to $34,100 for a geologic study at Fremont High","The district hires Atlas Technical Consultants for a geotechnical engineering and geologic hazard study for the Fremont High School Modernization Project. The $34,100 cap includes $3,100 for additional services. Work is scheduled from September 14, 2023 to December 31, 2024.",School buildings & construction,,new_agreement,"Atlas Technical Consultants, LLC",organization,Fremont High School,expense,not_to_exceed,34100,,,,,true,2023-09-14,2024-12-31,multi_year,,,Adopted on the General Consent Report,2023-09-13,true,auto_ok,sonnet-agent,enrich.v5.md,true,
2023-09-13:23-1790,2023-09-13,2023-09-13,regular,U.-9,178,bonds,"Deputy Chief, Facilities Planning and Management",23-1790,https://ousd.legistar.com/gateway.aspx?M=L&ID=59033,"Change Order No. 2, Agreement Between Owner and Contractor – DecoTech Systems – Skyline High School & Rudsdale Sojourner Truth Security Improvements Project - Division of Facilities Planning and Management","Approval by the Board of Education of Change Order No. 2, Agreement Between Owner and Contractor by and between the District and DecoTech Systems, Walnut Creek, CA, for the latter to provide 4 new cameras, repair 5 existing offline cameras and repair an existing damaged internet fiber cable for the Skyline High School & Rudsdale Sojourner Truth Security Improvements Project, in the amount of $9,999.13, less any Allowance or Contingency [[$19,500.00], reducing the Agreement from $230,081.95 to $220.581.08 and extending the Agreement term from January 26, 2023, through April 25, 2023 to September 30, 2023 (an additional 159 days). All other terms and conditions of the Agreement remain in full force and effect.",Agreement or Contract,"Deputy Chief, Facilities Planning and Management",001325,v-001325,Fund 21 Building Funds Measure Y,"Adds $9,999.13 to DecoTech's camera contract at Skyline High and Rudsdale, raising it to $240,081.08","This change order has DecoTech Systems add 4 new cameras, repair 5 offline cameras and repair a damaged internet fiber cable for the Skyline High School and Rudsdale Sojourner Truth security project. It adds $9,999.13, raising the contract price from $230,081.95 to $240,081.08 including allowances. The $220,581.08 in the official text is that price less the $19,500 contingency allowance, not a reduction. It also extends the term by 159 days, to September 30, 2023, so part of the added time began before this vote.",School buildings & construction,,change_order,DecoTech Systems,organization,Skyline High School; Rudsdale Sojourner Truth,expense,fixed,9999.13,,,230081.95,240081.08,true,2023-01-26,2023-09-30,after_work_began; raises_existing_contract; source_issue,"The official text says the agreement is reduced from $230,081.95 to $220.581.08, but the attached change order adds $9,999.13 for a price of $240,081.08; $220,581.08 is that price less the $19,500.00 contingency allowance.",,Adopted on the General Consent Report,2023-09-13,true,human_reviewed,sonnet-agent,enrich.v5.md,true,
2023-09-13:23-1791,2023-09-13,2023-09-13,regular,U.-10,179,bonds,"Deputy Chief, Facilities Planning and Management",23-1791,https://ousd.legistar.com/gateway.aspx?M=L&ID=59034,"23-1615Change Order No. 1, Agreement Between Owner and Contractor - DecoTech Systems - 900 High Street Door Entry Systems Project - Division of Facilities Planning and Management","Approval by the Board of Education of Change Order No. 1, Agreement Between Owner and Contractor by and between the District and DecoTech Systems., Walnut Creek, CA, for the latter to provide, install, test  and terminate one 6-strand OS2 Armored Fiber backbone from the MDF to the new custodial IDF, for the 900 High Street Door Entry Systems Project, in the amount of $4,250.00, changing the adjusted contract price, less any allowances or contingency, from $49,882.90 to $54,132.90. All other terms and conditions of the Agreement remain in full force and effect.",Agreement or Contract,"Deputy Chief, Facilities Planning and Management",001325,v-001325,"Fund 21, Building Funds Measure B","Change order adds $4,250 to DecoTech's door entry project at 900 High Street","This change order has DecoTech Systems provide, install and test a fiber cable linking the main and custodial network rooms for the 900 High Street Door Entry Systems Project. It adds $4,250 and changes the adjusted contract price from $49,882.90 to $54,132.90. All other terms stay the same.",School buildings & construction,,change_order,DecoTech Systems,organization,,expense,fixed,4250,,,49882.9,54132.9,true,,,raises_existing_contract,,,Adopted on the General Consent Report,2023-09-13,true,auto_ok,sonnet-agent,enrich.v5.md,true,
