item_id,meeting_key,meeting_date,meeting_kind,agenda_number,agenda_sequence,consent_section,group,file_number,legistar_url,title,official_text,matter_type,presenter,vendor_number,vendor_key,funding_source,headline,summary,category,action_type,vendor_name,vendor_kind,schools,money_direction,amount_type,amount,amount_range_low,amount_range_high,prior_total,new_total,amount_verified,term_start,term_end,flags,source_issue,pulled_from_consent,outcome_action,outcome_date,adopted,review_status,model_id,prompt_version,counts_toward_totals,duplicate_of
2024-01-24:23-2900,2024-01-24,2024-01-24,regular,T.-1,59,general,"Chief, Systems and Services Officer",23-2900,https://ousd.legistar.com/gateway.aspx?M=L&ID=60143,Memorandum of Understanding - No Cost - The Watershed Project - Chief Systems and Services Officer,"Approval by the Board of Education of a Memorandum of Understanding by and between the District and The Watershed Project, Richmond, CA, to allow The Watershed Project to install, at no cost to the District, at Coliseum College Preparatory Academy a rainwater harvesting cistern to capture stormwater from one bungalow roof on the playground; create 6-10 asphalt cut-outs to plant 6-10 new California native trees south and east of bungalow near cistern; install irrigation for new trees; build redwood benches around 2-4 of the new trees; build 1 raised redwood planter with integrated seating near rainwater harvesting system; and paint a mural on the bungalow next to the rainwater harvesting system, with District agreeing to maintain the plantings and all other installations for the term of the Agreement and The Watershed Project will ensure the rainwater harvesting system remains in good condition, for the term of the Agreement with annual campus check-ups for the term, December 1, 2023 through December 31, 2034.",Agreement or Contract,Chief Systems and Services Officer,,n-watershed-project,,"Lets The Watershed Project add a rainwater cistern, trees and a mural at Coliseum College Prep at no cost","This is a no-cost agreement (a memorandum of understanding) that lets The Watershed Project install a rainwater tank, new California native trees with irrigation, redwood benches and a planter, and a mural at Coliseum College Preparatory Academy. The district agrees to maintain the plantings and other installations, and The Watershed Project will keep the rainwater system in good condition with yearly campus check-ups. The agreement runs from December 1, 2023 through December 31, 2034.",Partnerships & data sharing,mou_or_data_sharing,The Watershed Project,organization,Coliseum College Preparatory Academy,no_cost,,,,,,,true,2023-12-01,2034-12-31,after_work_began; multi_year,,,Adopted on the General Consent Report,2024-01-24,true,auto_ok,sonnet-agent,enrich.v3.md,true,
2024-01-24:23-2909,2024-01-24,2024-01-24,regular,T.-2,60,general,"Chief, Systems and Services Officer",23-2909,https://ousd.legistar.com/gateway.aspx?M=L&ID=60152,"Services Agreement 2023-2024 - Blenderbox, Inc. - Student Assignment Department","Approval by the Board of Education of a Services Agreement 2023-2024 by and between the District and Blenderbox, Inc., New York, NY, for the latter to provide configurations to the EnrollWise platform by Blenderbox (currently used by the Student Assignment Center) to serve as an application intake and offer tool for OUSD Summer Learning Programs enrollment; additional configurations and one-time upgrades to the Early Childhood Development, and the Student Assignment Center admission process following District guidelines; update of student eligibility and priority rules to follow new policies and perform other tasks, as described in Exhibit A of the Agreement, incorporated herein by reference as though fully set forth, via Student Assignment Department. for the period of December 1, 2023 through June 30, 2024, in an amount not to exceed $1,455,000.00.",Agreement or Contract,Chief Systems and Services Officer,007853,v-007853,6105-ECE Child Dev Programs; 2600-Expanded Learning Opp Programs; 0000-General Purpose,"Pays Blenderbox up to $1,455,000 to configure the EnrollWise enrollment platform through June 2024","Blenderbox will set up its EnrollWise platform, which the Student Assignment Center already uses, to take applications and offers for the district's Summer Learning Programs. It will also make one-time upgrades for early childhood and Student Assignment Center admissions and update student eligibility and priority rules to follow new policies. The service period is December 1, 2023 through June 30, 2024, which began before the board vote.",Technology,new_agreement,"Blenderbox, Inc.",organization,,expense,not_to_exceed,1455000,,,,,true,2023-12-01,2024-06-30,after_work_began,,,Adopted on the General Consent Report,2024-01-24,true,auto_ok,sonnet-agent,enrich.v3.md,true,
2024-01-24:23-2766,2024-01-24,2024-01-24,regular,T.-3,61,general,"Chief, Systems and Services Officer",23-2766,https://ousd.legistar.com/gateway.aspx?M=L&ID=60009,Construction Agreement Between Owner and Contractor - Digital Design Communications - Lincoln Elementary School Water Intrusion Repairs & Window Replacement Project - Division of Facilities Planning and Management,"Approval by the Board of Education of Construction Agreement Between Owner and Contractor by and between Digital Design Communications, Oakland, CA, for the latter to provide testing of fire and intrusion alarm devices on the 2nd floor building of the Lincoln Elementary School Site, 225 11th Street, Oakland, CA, including reviewing and investigating to identify areas and devices affected by the demolition work; troubleshooting additional devices not working, as described in the Proposal, dated November 22, 2023, attached to this Agreement as Exhibit A, for the Lincoln Elementary School Water Intrusion Repairs & Window Replacement Project, in the amount of $12,180.00, with the work scheduled to commence on January 25, 2024, and scheduled to last until March 15, 2024.",Agreement or Contract,"Deputy Chief, Facilities Planning and Management",001380,v-001380,Fund 35 County School Facilities Fund,"Pays Digital Design Communications $12,180 to test fire and intrusion alarms at Lincoln Elementary","Digital Design Communications will test the fire and intrusion alarm devices on the second floor of the Lincoln Elementary School building. The company will also find which devices were affected by the demolition work and troubleshoot other devices that are not working. This is part of the school's water intrusion repairs and window replacement project, with work scheduled from January 25 to March 15, 2024.",School buildings & construction,new_agreement,Digital Design Communications,organization,Lincoln Elementary School,expense,fixed,12180,,,,,true,2024-01-25,2024-03-15,,,,Adopted on the General Consent Report,2024-01-24,true,auto_ok,sonnet-agent,enrich.v3.md,true,
2024-01-24:23-2829,2024-01-24,2024-01-24,regular,T.-4,62,general,"Chief, Systems and Services Officer",23-2829,https://ousd.legistar.com/gateway.aspx?M=L&ID=60072,"Agreement Between Owner and Contractor - Data Media Services, Inc. - Various Sites Door Entry Systems Group 6 Project - Division of Facilities Planning and Management","Approval by the Board of Education of Agreement Between Owner and Contractor by and between the District and Data Media Services, Inc., Stockton, CA, for the latter to provide installation of AIPhone door entry intercom systems at named sites: Thornhill Elementary School, Oakland Academy of Knowledge, Lockwood Steam Academy, Lockwood CDC, & Kaiser Early Childhood Center, for the Various Sites Door Entry Systems Group 6 Project, in the amount of $119,000.00, which includes a contingency of $14,000.00, as the lowest responsive, responsive bidder, with the work anticipated to commence on January 25, 2024, and required to be completed within ninety (90) days, with an anticipated ending of April 23, 2024.",Agreement or Contract,"Deputy Chief, Facilities Planning and Management",006952,v-006952,Fund 01 ESSER III,"Awards Data Media Services $119,000 to install door intercom systems at five school sites","Data Media Services will install AIPhone door entry intercom systems at Thornhill Elementary School, Oakland Academy of Knowledge, Lockwood Steam Academy, Lockwood CDC and Kaiser Early Childhood Center. The $119,000 price includes a $14,000 contingency (a cushion for unexpected costs). The company was the lowest qualified bidder, and work is expected from January 25 to April 23, 2024.",School buildings & construction,bid_award,"Data Media Services, Inc.",organization,Thornhill Elementary School; Oakland Academy of Knowledge; Lockwood Steam Academy; Lockwood CDC; Kaiser Early Childhood Center,expense,fixed,119000,,,,,true,2024-01-25,2024-04-23,,,,Adopted on the General Consent Report,2024-01-24,true,auto_ok,sonnet-agent,enrich.v3.md,true,
2024-01-24:23-2830,2024-01-24,2024-01-24,regular,T.-5,63,general,"Chief, Systems and Services Officer",23-2830,https://ousd.legistar.com/gateway.aspx?M=L&ID=60073,"Agreement Between Owner and Contractor – Data Media Services, Inc. – Various Sites Door Entry Systems Group 5 Project- Division of Facilities Planning and Management","Approval by the Board of Education of Agreement Between Owner and Contractor by and between the District and Data Media Services, Stockton, CA, for the latter to provide installation of AIPhone door entry intercom systems at named sites: Oakland Tech Upper Campus, Montera Middle School, Jefferson CDC, Hillcrest Elementary School, & Bella Vista CDC for the Various Sites Door Entry Systems Group 5 Project, in the amount of $123,000.00, which includes a contingency of $15,000.00, as the lowest responsive, responsible bidder, with the work anticipated to commence on January 25, 2024, and required to be completed within ninety (90) days, with an anticipated ending of April 23, 2024.",Agreement or Contract,"Deputy Chief, Facilities Planning and Management",,v-006952,Fund 01 ESSER III,"Awards Data Media Services $123,000 to install door intercom systems at five school sites","Data Media Services will install AIPhone door entry intercom systems at Oakland Tech Upper Campus, Montera Middle School, Jefferson CDC, Hillcrest Elementary School and Bella Vista CDC. The $123,000 price includes a $15,000 contingency (a cushion for unexpected costs). The company was the lowest qualified bidder, and work is expected from January 25 to April 23, 2024.",School buildings & construction,bid_award,Data Media Services,organization,Oakland Tech Upper Campus; Montera Middle School; Jefferson CDC; Hillcrest Elementary School; Bella Vista CDC,expense,fixed,123000,,,,,true,2024-01-25,2024-04-23,,,,Adopted on the General Consent Report,2024-01-24,true,auto_ok,sonnet-agent,enrich.v3.md,true,
2024-01-24:23-2852,2024-01-24,2024-01-24,regular,T.-6,64,general,"Chief, Systems and Services Officer",23-2852,https://ousd.legistar.com/gateway.aspx?M=L&ID=60095,General Services Agreement – Jensen Hughes - Child Care Services Medical Therapy Unit - Santa Fe Campus - Division of Facilities Planning and Management,"Approval by the Board of Education of a General Services Agreement by and between the District and Jensen Hughes, Concord, CA, for the latter to provide consulting services for the fire alarm design project and to verify compliance with the California Building and Fire Codes (CBC and CFC) and District design standards, participate in meetings and witness testing of the fire and intrusion alarm systems for the Child Care Services Medical Therapy Unit at Santa Fe Campus in the not-to-exceed amount of $33,880.00 which includes a not-to-exceed amount of $3,080.00 for Additional Services, with work scheduled to commence on January 25, 2024, and scheduled to last until December 31, 2024.",Agreement or Contract,"Deputy Chief, Facilities Planning and Management",002281,v-002281,Fund 40 Special REserve Fund for Capital Outlay Projects,"Pays Jensen Hughes up to $33,880 to review fire alarm design at the Santa Fe Campus therapy unit","Jensen Hughes will consult on the fire alarm design for the Child Care Services Medical Therapy Unit at Santa Fe Campus. It will check that the design meets state building and fire codes and district design standards, join meetings, and watch testing of the fire and intrusion alarms. The limit of $33,880 includes up to $3,080 for additional services, and work is scheduled from January 25 to December 31, 2024.",School buildings & construction,new_agreement,Jensen Hughes,organization,Child Care Services Medical Therapy Unit at Santa Fe Campus,expense,not_to_exceed,33880,,,,,true,2024-01-25,2024-12-31,,,,Adopted on the General Consent Report,2024-01-24,true,auto_ok,sonnet-agent,enrich.v3.md,true,
2024-01-24:23-2854,2024-01-24,2024-01-24,regular,T.-7,65,general,"Chief, Systems and Services Officer",23-2854,https://ousd.legistar.com/gateway.aspx?M=L&ID=60097,"Agreement Between Owner and Contractor - KM 106 Construction, Inc. - Manzanita Elementary School Site Improvement Project - Division of Facilities Planning and Management","Approval by the Board of Education of Agreement Between Owner and Contractor by and between the District and KM 106 Construction, Inc., San Francisco CA, for the latter to demolish existing play structures, PIP matting, and asphalt, followed by the installation of play matting tiles and nature exploration areas, more specifically described in Bid Document 00 61 01, incorporated herein by reference as though fully set forth, at the Manzanita Elementary School Site Improvement Project, in the amount of $462,000.00, which includes a contingency of $29,000.00, as the lowest responsive, responsible bidder, with the work anticipated to commence on January 25, 2024, and required to be completed within ninety (90) days, with an anticipated ending of April 23, 2024.",Agreement or Contract,"Deputy Chief, Facilities Planning and Management",008444,v-008444,"Fund 01, ESSER III","Awards KM 106 Construction $462,000 to replace play structures and add nature areas at Manzanita Elementary","KM 106 Construction will tear out the existing play structures, safety matting and asphalt at Manzanita Elementary School. It will then install new play matting tiles and nature exploration areas. The $462,000 price includes a $29,000 contingency (a cushion for unexpected costs). The company was the lowest qualified bidder, and work is expected from January 25 to April 23, 2024.",School buildings & construction,bid_award,"KM 106 Construction, Inc.",organization,Manzanita Elementary School,expense,fixed,462000,,,,,true,2024-01-25,2024-04-23,,,,Adopted on the General Consent Report,2024-01-24,true,auto_ok,sonnet-agent,enrich.v3.md,true,
2024-01-24:23-2855,2024-01-24,2024-01-24,regular,T.-8,66,general,"Chief, Systems and Services Officer",23-2855,https://ousd.legistar.com/gateway.aspx?M=L&ID=60098,Agreement Between Owner and Contractor – Redgwick Construction Company – Bella Vista Elementary School Site Improvements Project – Facilities Planning and Management,"Approval by the Board of Education of Agreement Between Owner and Contractor by and between the District and Redgwick Construction Company, Oakland, CA, for the latter to perform the Scope of Work consisting of: demolition of existing play structures and play matting at various areas approx. 4,000 sq. ft.; demolition of existing asphalt layer. Approx. 3,000 sq. ft. for New Nature Exploration Area; relocation of seating area (assume 2 crews of 2 for 2 days). Installation of new nature exploration area (approx. 3,000 sq. ft.); and other tasks, more specifically described in Bid Document 00 11 11, incorporated herein by reference as though fully set forth, for the Bella Vista Elementary School Site Improvements Project, in the amount of $463,100.00, which includes a contingency allowance of $35,000.00, as the lowest responsive, responsible bidder, with the work anticipated to commence on January 25, 2024, and required to be completed within ninety days (90), with an anticipated ending of April 23, 2024.",Agreement or Contract,"Deputy Chief, Facilities Planning and Management",003557,v-003557,Fund 01 ESSER III,"Awards Redgwick Construction $463,100 to build a nature exploration area at Bella Vista Elementary","Redgwick Construction will remove old play structures, matting and an asphalt layer at Bella Vista Elementary School, move a seating area, and install a new nature exploration area of about 3,000 square feet. The $463,100 price includes a $35,000 contingency allowance (a cushion for unexpected costs). The company was the lowest qualified bidder, and work is expected from January 25 to April 23, 2024.",School buildings & construction,bid_award,Redgwick Construction Company,organization,Bella Vista Elementary School,expense,fixed,463100,,,,,true,2024-01-25,2024-04-23,,,,Adopted on the General Consent Report,2024-01-24,true,auto_ok,sonnet-agent,enrich.v3.md,true,
2024-01-24:23-1444,2024-01-24,2024-01-24,regular,T.-9,68,general,Chief Business Officer,23-1444,https://ousd.legistar.com/gateway.aspx?M=L&ID=58687,"Accounts Payable Warrants - Fiscal Year 2022-2023 – As of May 31, 2023","Approval by the Board of Education of Accounts Payable Warrants - i.e., 11,230 Accounts Payable Consolidated Checks printed - Fiscal Year 2022-2023, in the cumulative Amount of $342,551,495.01 from July 1, 2022 through May 31, 2022, as reflected in Exhibit 1.",Motion,Chief Financial Officer,,,,"Approves $342,551,495.01 in district bill payments for 2022-23 through May 31, 2023","The board approves a report of 11,230 accounts payable checks, which the district has already printed to pay vendors and other bills, totaling $342,551,495.01 for the 2022-23 fiscal year. The payments are listed in Exhibit 1. The text gives the period as July 1, 2022 through May 31, 2022, while the title says the report is as of May 31, 2023.",Governance & board business,other,,,,expense,cumulative,342551495.01,,,,,true,2022-07-01,2023-05-31,payment_ratification; after_work_began,,,Adopted on the General Consent Report,2024-01-24,true,auto_ok,sonnet-agent,enrich.v3.md,true,
2024-01-24:23-1445,2024-01-24,2024-01-24,regular,T.-10,69,general,Chief Business Officer,23-1445,https://ousd.legistar.com/gateway.aspx?M=L&ID=58688,"Payroll Warrants and Direct Deposits— Fiscal Year 2022-2023 - As of June 30, 2023","Approval by the Board of Education of Payroll Warrants and Direct Deposits - i.e., 11,898 Payroll Consolidated Checks printed and 105,018 Direct Deposits made - Fiscal Year 2022 -2023, in the cumulative Amount of $265,273,422.92 from July 1, 2022 through June 30, 2023, as reflected in Exhibit 1.",Motion,Chief Financial Officer,,,,"Approves $265,273,422.92 in district payroll for the 2022-23 fiscal year","The board approves a payroll report covering 11,898 printed payroll checks and 105,018 direct deposits, totaling $265,273,422.92. The payments were made from July 1, 2022 through June 30, 2023, and are listed in Exhibit 1.",Governance & board business,other,,,,expense,cumulative,265273422.92,,,,,true,2022-07-01,2023-06-30,payment_ratification; after_work_began,,,Adopted on the General Consent Report,2024-01-24,true,auto_ok,sonnet-agent,enrich.v3.md,true,
2024-01-24:23-1467,2024-01-24,2024-01-24,regular,T.-11,70,general,Chief Business Officer,23-1467,https://ousd.legistar.com/gateway.aspx?M=L&ID=58710,"Payroll Warrants and Direct Deposits— Fiscal Year 2021-2022 - As of June 30, 2022","Approval by the Board of Education of Payroll Warrants and Direct Deposits - i.e., 959 Payroll Consolidated Checks printed and 8,558 Direct Deposits made - Fiscal Year 2021 -2022, in the cumulative Amount of $22,048,883.10 from May 1, 2022 through June 30, 2022, as reflected in Exhibit 1",Motion,Chief Financial Officer,,,,"Approves $22,048,883.10 in district payroll for May and June 2022","The board approves a payroll report covering 959 printed payroll checks and 8,558 direct deposits, totaling $22,048,883.10. The payments were made from May 1, 2022 through June 30, 2022, the end of the 2021-22 fiscal year, and are listed in Exhibit 1.",Governance & board business,other,,,,expense,cumulative,22048883.1,,,,,true,2022-05-01,2022-06-30,payment_ratification; after_work_began,,,Adopted on the General Consent Report,2024-01-24,true,auto_ok,sonnet-agent,enrich.v3.md,true,
2024-01-24:23-1468,2024-01-24,2024-01-24,regular,T.-12,71,general,Chief Business Officer,23-1468,https://ousd.legistar.com/gateway.aspx?M=L&ID=58711,"Accounts Payable Warrants - Fiscal Year 2021-2022 – As of June 30, 2022","Approval by the Board of Education of Accounts Payable Warrants - i.e., 2,573 Accounts Payable Consolidated Checks printed - Fiscal Year 2022-2023, in the cumulative Amount of $70,199,761.71 from May 1, 2022 through June 30, 2022, as reflected in Exhibit 1.",Motion,Chief Financial Officer,,,,"Approves $70,199,761.71 in district bill payments for May and June 2022","The board approves a report of 2,573 accounts payable checks, which the district has already printed to pay vendors and other bills, totaling $70,199,761.71. The payments were made from May 1, 2022 through June 30, 2022, and are listed in Exhibit 1. The title calls this fiscal year 2021-2022, while the text says 2022-2023.",Governance & board business,other,,,,expense,cumulative,70199761.71,,,,,true,2022-05-01,2022-06-30,payment_ratification; after_work_began,,,Adopted on the General Consent Report,2024-01-24,true,auto_ok,sonnet-agent,enrich.v3.md,true,
2024-01-24:24-0144,2024-01-24,2024-01-24,regular,T.-13,72,general,Chief Business Officer,24-0144,https://ousd.legistar.com/gateway.aspx?M=L&ID=60318,"Accounts Payable Warrants - Fiscal Year 2022-2023 – June 2023 and Fiscal Year 2023-2024 - As of December 31, 2023","Approval by the Board of Education of Accounts Payable Warrants - i.e., 7,521 Accounts Payable Consolidated Checks printed - Fiscal Year 2022-2023 - June 2023  and Fiscal Year 2023-2024 - As of December 31, 2023, in the cumulative Amount of $281,369,616.93 from June 1, 2023 through December 31, 2023, as reflected in Exhibit 1.",Motion,Chief Financial Officer,,,,"Approves $281,369,616.93 in district bill payments from June to December 2023","The board approves a report of 7,521 accounts payable checks, which the district has already printed to pay vendors and other bills, totaling $281,369,616.93. The payments were made from June 1, 2023 through December 31, 2023, covering June 2023 at the end of fiscal year 2022-23 and the first half of 2023-24. They are listed in Exhibit 1.",Governance & board business,other,,,,expense,cumulative,281369616.93,,,,,true,2023-06-01,2023-12-31,payment_ratification; after_work_began,,,Adopted on the General Consent Report,2024-01-24,true,auto_ok,sonnet-agent,enrich.v3.md,true,
2024-01-24:24-0171,2024-01-24,2024-01-24,regular,T.-14,73,general,Chief Business Officer,24-0171,https://ousd.legistar.com/gateway.aspx?M=L&ID=60345,"Accounts Payable Warrants - Fiscal Year 2022-2023 – As of April 30, 2022","Approval by the Board of Education of Accounts Payable Warrants - i.e., 1,391 Accounts Payable Consolidated Checks printed - Fiscal Year 2022-2023, in the cumulative Amount of $39,115,840.55 from April 1, 2022 through April 30, 2022, as reflected in Exhibit 1.",Motion,Chief Financial Officer,,,,"Approves $39,115,840.55 in district bill payments made in April 2022","The board approves a report of 1,391 accounts payable checks, which the district has already printed to pay vendors and other bills, totaling $39,115,840.55. The payments were made from April 1, 2022 through April 30, 2022, and are listed in Exhibit 1. The title and text call this fiscal year 2022-2023, although April 2022 falls in 2021-22.",Governance & board business,other,,,,expense,cumulative,39115840.55,,,,,true,2022-04-01,2022-04-30,payment_ratification; after_work_began,,,Adopted on the General Consent Report,2024-01-24,true,auto_ok,sonnet-agent,enrich.v3.md,true,
2024-01-24:24-0175,2024-01-24,2024-01-24,regular,T.-15,74,general,Chief Business Officer,24-0175,https://ousd.legistar.com/gateway.aspx?M=L&ID=60349,"Payroll Warrants and Direct Deposits - Fiscal Year 2023-2024 - As of December 31, 2023","Approval by the Board of Education of Payroll Warrants and Direct Deposits - i.e., 5,508 Payroll Consolidated Checks printed and 47,621 Direct Deposits made - Fiscal Year 2023-2024, in the cumulative Amount of $142,135,514.49 from July 1, 2023, through December 31, 2023, as reflected in Exhibit 1",Motion,Chief Financial Officer,,,,"Approves $142,135,514.49 in district payroll for July to December 2023","The board approves a payroll report covering 5,508 printed payroll checks and 47,621 direct deposits, totaling $142,135,514.49. The payments were made from July 1, 2023 through December 31, 2023, the first half of fiscal year 2023-24, and are listed in Exhibit 1.",Governance & board business,other,,,,expense,cumulative,142135514.49,,,,,true,2023-07-01,2023-12-31,payment_ratification; after_work_began,,,Adopted on the General Consent Report,2024-01-24,true,auto_ok,sonnet-agent,enrich.v3.md,true,
2024-01-24:24-0176,2024-01-24,2024-01-24,regular,T.-16,75,general,Chief Business Officer,24-0176,https://ousd.legistar.com/gateway.aspx?M=L&ID=60350,Temporary Borrowing Between Funds – Fiscal Year 2023-2024 - Chief Business Officer,Adoption by Board of Education of Resolution No. 2324-0137 - Temporary Borrowing Between Funds for Fiscal Year 2023-2024.,Motion,Chief Financial Officer,,,,Adopts a resolution allowing temporary borrowing between district funds for 2023-24,"The board adopts Resolution No. 2324-0137, which covers temporary borrowing between district funds for fiscal year 2023-24. The text does not state any dollar amount or the terms of the borrowing.",Governance & board business,resolution_or_policy,,,,no_cost,,,,,,,true,2023-07-01,2024-06-30,after_work_began,,,Adopted on the General Consent Report,2024-01-24,true,auto_ok,sonnet-agent,enrich.v3.md,true,
2024-01-24:24-0009,2024-01-24,2024-01-24,regular,T.-17,77,general,"Chief, Talent",24-0009,https://ousd.legistar.com/gateway.aspx?M=L&ID=60183,Agreement - Regents of the University of California on behalf of Berkeley Campus - Talent / Human Resources Department,"Approval by the Board of Education of an Agreement (A) by and between the District and Regents of the University of California on behalf of Berkeley Campus, Berkeley, CA, for the latter to provide: A qualitative research proposal; conduct qualitative research with the OTR Residents, graduates and those who have left, for the period of February 22, 2023 through June 30, 2023 in an amount not to exceed $55,000.00. and a Data Sharing Agreement, (DSA), between Parties, delineating, the terms and conditions of District's transmission of or sharing of student data with the University and the protection by the University, of such data, for the same term as A, via the Office of the Chief of Talent.",Agreement or Contract,"Deputy Chief, Talent",,n-regents-of-university-of-california-on-behalf-of-berkeley-campus,,"Approves up to $55,000 for UC Berkeley research on OTR residents and a student data-sharing agreement","The University of California, Berkeley campus will carry out a qualitative research study with OTR Residents, graduates and people who have left the program. The agreement also includes a data-sharing agreement setting terms for how the district shares student data with the university and how the university protects it. The service period of February 22 through June 30, 2023 ended before this January 2024 board vote.",Staff & hiring,new_agreement,Regents of the University of California on behalf of Berkeley Campus,organization,,expense,not_to_exceed,55000,,,,,true,2023-02-22,2023-06-30,after_work_began,,,Adopted on the General Consent Report,2024-01-24,true,auto_ok,sonnet-agent,enrich.v3.md,true,
2024-01-24:24-0181,2024-01-24,2024-01-24,regular,T.-18,78,general,"Chief, Talent",24-0181,https://ousd.legistar.com/gateway.aspx?M=L&ID=60355,Services Agreement - Teach for America – Talent/Human Resources Department,"Approval by the Board of Education of a Services Agreement by and between the District and Teach for America, Inc., San Francisco, CA, for the latter to utilize its reasonable efforts to recruit, select for participation in the Teach for America Program, and present to OUSD for employment teachers from a broad range of academic majors and career fields and instructional coaching for selected new hires as outlined in Exhibits A and B, incorporated herein by reference as though fully set forth, via the Talent Department, for the term July 1, 2024 to June 30, 2026, at a cost not to exceed $250,000.00.",Agreement or Contract,"Deputy Chief, Talent",005673,v-005673,Title II,"Pays Teach for America up to $250,000 to recruit and coach new teachers, July 2024 to June 2026","Teach for America will make reasonable efforts to recruit teachers from a range of academic majors and career fields, select them for its program, and present them to the district for employment. It will also provide instructional coaching for selected new hires. The agreement runs for two school years, from July 1, 2024 to June 30, 2026, at a cost of up to $250,000.",Staff & hiring,new_agreement,"Teach for America, Inc.",organization,,expense,not_to_exceed,250000,,,,,true,2024-07-01,2026-06-30,multi_year,,,Adopted on the General Consent Report,2024-01-24,true,auto_ok,sonnet-agent,enrich.v3.md,true,
2024-01-24:24-0008,2024-01-24,2024-01-24,regular,T.-19,80,general,Chief Academic Officer,24-0008,https://ousd.legistar.com/gateway.aspx?M=L&ID=60182,"Services Agreement 2023-2024 - Sown To Grow, Inc. - Community Schools and Student Services Department","Ratification by the Board of Education of a Services Agreement 2023-2024 by and between the District and Sown To Grow, Inc., Oakland, CA, for the latter to assist with the District implementation of its Comprehensive Program for Fall 2023, which includes core modules (emotional check-in, Social Emotional Learning (SEL), and academic), SEL screener, SEL curriculum, software licenses for teachers, students, and admin, PD/training, ongoing coaching, and administrator data reports to measure growth in student well-being, SEL skills, and technical support, via the Community Schools and Student Services Department, for the period of August 1, 2023 through February 29, 2024, in an amount not to exceed $109,000.00.",Agreement or Contract,Chief Academic Officer,004010,v-004010,Prop 47 - LCSSP,"Ratifies up to $109,000 for Sown To Grow's social-emotional learning program and software","The board is approving, after the fact, an agreement with Sown To Grow to help carry out its program for fall 2023. It includes emotional check-ins, a social-emotional learning (SEL) screener and curriculum, software licenses for teachers, students and administrators, training and coaching, and reports on student well-being. The service period is August 1, 2023 through February 29, 2024, and it began before the board vote.","Student health, support & family services",new_agreement,"Sown To Grow, Inc.",organization,,expense,not_to_exceed,109000,,,,,true,2023-08-01,2024-02-29,after_work_began,,,Adopted on the General Consent Report,2024-01-24,true,auto_ok,sonnet-agent,enrich.v3.md,true,
2024-01-24:24-0020,2024-01-24,2024-01-24,regular,T.-20,81,general,Chief Academic Officer,24-0020,https://ousd.legistar.com/gateway.aspx?M=L&ID=60194,School Year 2024-2025 Comprehensive School Site Safety Plan - Bella Vista Elementary School,Adoption by the Board of Education of School Year 2024-2025 Comprehensive School Site Safety Plan - Bella Vista Elementary School.,Safety/Climate Plan,Chief Academic Officer,,,,Adopts Bella Vista Elementary's 2024-25 school site safety plan,The board adopts the 2024-2025 Comprehensive School Site Safety Plan for Bella Vista Elementary School. The text does not describe the plan's contents and lists no cost.,School plans,school_plan,,,Bella Vista Elementary School,no_cost,,,,,,,true,2024-07-01,2025-06-30,,,,Adopted on the General Consent Report,2024-01-24,true,auto_ok,sonnet-agent,enrich.v3.md,true,
2024-01-24:24-0021,2024-01-24,2024-01-24,regular,T.-21,82,general,Chief Academic Officer,24-0021,https://ousd.legistar.com/gateway.aspx?M=L&ID=60195,School Year 2024-2025 Comprehensive School Site Safety Plan - Allendale Elementary School,Adoption by the Board of Education of the School Year 2024-2025 Comprehensive School Site Safety Plan - Allendale Elementary School.,Safety/Climate Plan,Chief Academic Officer,,,,Adopts Allendale Elementary's 2024-25 school site safety plan,The board adopts the 2024-2025 Comprehensive School Site Safety Plan for Allendale Elementary School. The text does not describe the plan's contents and lists no cost.,School plans,school_plan,,,Allendale Elementary School,no_cost,,,,,,,true,2024-07-01,2025-06-30,,,,Adopted on the General Consent Report,2024-01-24,true,auto_ok,sonnet-agent,enrich.v3.md,true,
2024-01-24:24-0022,2024-01-24,2024-01-24,regular,T.-22,83,general,Chief Academic Officer,24-0022,https://ousd.legistar.com/gateway.aspx?M=L&ID=60196,School Year 2024-2025 Comprehensive School Site Safety Plan - Bret Harte Middle School,Adoption by the Board of Education of School Year 2024-2025 Comprehensive School Site Safety Plan - Bret Harte Middle School.,Safety/Climate Plan,Chief Academic Officer,,,,Adopts Bret Harte Middle School's 2024-25 school site safety plan,The board adopts the 2024-2025 Comprehensive School Site Safety Plan for Bret Harte Middle School. The text does not describe the plan's contents and lists no cost.,School plans,school_plan,,,Bret Harte Middle School,no_cost,,,,,,,true,2024-07-01,2025-06-30,,,,Adopted on the General Consent Report,2024-01-24,true,auto_ok,sonnet-agent,enrich.v3.md,true,
2024-01-24:24-0023,2024-01-24,2024-01-24,regular,T.-23,84,general,Chief Academic Officer,24-0023,https://ousd.legistar.com/gateway.aspx?M=L&ID=60197,School Year 2024-2025 Comprehensive School Site Safety Plan - Bridges Elementary School,Adoption by the Board of Education of School Year 2024-2025 Comprehensive School Site Safety Plan - Bridges Elementary School.,Safety/Climate Plan,Chief Academic Officer,,,,Adopts Bridges Elementary's 2024-25 school site safety plan,The board adopts the 2024-2025 Comprehensive School Site Safety Plan for Bridges Elementary School. The text does not describe the plan's contents and lists no cost.,School plans,school_plan,,,Bridges Elementary School,no_cost,,,,,,,true,2024-07-01,2025-06-30,,,,Adopted on the General Consent Report,2024-01-24,true,auto_ok,sonnet-agent,enrich.v3.md,true,
2024-01-24:24-0024,2024-01-24,2024-01-24,regular,T.-24,85,general,Chief Academic Officer,24-0024,https://ousd.legistar.com/gateway.aspx?M=L&ID=60198,School Year 2024-2025 Comprehensive School Site Safety Plan - Brookfield Village Elementary School,Adoption by the Board of Education of School Year 2024-2025 Comprehensive School Site Safety Plan - Brookfield Village Elementary School.,Safety/Climate Plan,Chief Academic Officer,,,,Adopts Brookfield Village Elementary's 2024-25 school site safety plan,The board adopts the 2024-2025 Comprehensive School Site Safety Plan for Brookfield Village Elementary School. The text does not describe the plan's contents and lists no cost.,School plans,school_plan,,,Brookfield Village Elementary School,no_cost,,,,,,,true,2024-07-01,2025-06-30,,,,Adopted on the General Consent Report,2024-01-24,true,auto_ok,sonnet-agent,enrich.v3.md,true,
2024-01-24:24-0025,2024-01-24,2024-01-24,regular,T.-25,86,general,Chief Academic Officer,24-0025,https://ousd.legistar.com/gateway.aspx?M=L&ID=60199,School Year 2024-2025 Comprehensive School Site Safety Plan - Burckhalter Elementary School,Adoption by the Board of Education of School Year 2024-2025 Comprehensive School Site Safety Plan - Burckhalter Elementary School.,Safety/Climate Plan,Chief Academic Officer,,,,Adopts Burckhalter Elementary's 2024-25 school site safety plan,The board adopts the 2024-2025 Comprehensive School Site Safety Plan for Burckhalter Elementary School. The text does not describe the plan's contents and lists no cost.,School plans,school_plan,,,Burckhalter Elementary School,no_cost,,,,,,,true,2024-07-01,2025-06-30,,,,Adopted on the General Consent Report,2024-01-24,true,auto_ok,sonnet-agent,enrich.v3.md,true,
2024-01-24:24-0026,2024-01-24,2024-01-24,regular,T.-26,87,general,Chief Academic Officer,24-0026,https://ousd.legistar.com/gateway.aspx?M=L&ID=60200,School Year 2024-2025 Comprehensive School Site Safety Plan - Ralph Bunche Academy,Adoption by the Board of Education of School Year 2024-2025 Comprehensive School Site Safety Plan - Ralph Bunche Academy.,Safety/Climate Plan,Chief Academic Officer,,,,Adopts Ralph Bunche Academy's 2024-25 school site safety plan,The board adopts the 2024-2025 Comprehensive School Site Safety Plan for Ralph Bunche Academy. The text does not describe the plan's contents and lists no cost.,School plans,school_plan,,,Ralph Bunche Academy,no_cost,,,,,,,true,2024-07-01,2025-06-30,,,,Adopted on the General Consent Report,2024-01-24,true,auto_ok,sonnet-agent,enrich.v3.md,true,
2024-01-24:24-0027,2024-01-24,2024-01-24,regular,T.-27,88,general,Chief Academic Officer,24-0027,https://ousd.legistar.com/gateway.aspx?M=L&ID=60201,School Year 2024-2025 Comprehensive School Site Safety Plan - Carl Munck Elementary School,Adoption by the Board of Education of School Year 2024-2025 Comprehensive School Site Safety Plan - Carl Munck Elementary School.,Safety/Climate Plan,Chief Academic Officer,,,,Adopts Carl Munck Elementary's 2024-25 school site safety plan,The board adopts the 2024-2025 Comprehensive School Site Safety Plan for Carl Munck Elementary School. The text does not describe the plan's contents and lists no cost.,School plans,school_plan,,,Carl Munck Elementary School,no_cost,,,,,,,true,2024-07-01,2025-06-30,,,,Adopted on the General Consent Report,2024-01-24,true,auto_ok,sonnet-agent,enrich.v3.md,true,
2024-01-24:24-0028,2024-01-24,2024-01-24,regular,T.-28,89,general,Chief Academic Officer,24-0028,https://ousd.legistar.com/gateway.aspx?M=L&ID=60202,School Year 2024-2025 Comprehensive School Site Safety Plan - Castlemont High School,Adoption by the Board of Education of School Year 2024-2025 Comprehensive School Site Safety Plan - Castlemont High School.,Safety/Climate Plan,Chief Academic Officer,,,,Adopts Castlemont High School's 2024-25 school site safety plan,The board adopts the 2024-2025 Comprehensive School Site Safety Plan for Castlemont High School. The text does not describe the plan's contents and lists no cost.,School plans,school_plan,,,Castlemont High School,no_cost,,,,,,,true,2024-07-01,2025-06-30,,,,Adopted on the General Consent Report,2024-01-24,true,auto_ok,sonnet-agent,enrich.v3.md,true,
2024-01-24:24-0029,2024-01-24,2024-01-24,regular,T.-29,90,general,Chief Academic Officer,24-0029,https://ousd.legistar.com/gateway.aspx?M=L&ID=60203,School Year 2024-2025 Comprehensive School Site Safety Plan - Chabot Elementary School,Adoption by the Board of Education of School Year 2024-2025 Comprehensive School Site Safety Plan - Chabot Elementary School.,Safety/Climate Plan,Chief Academic Officer,,,,Adopts Chabot Elementary's 2024-25 school site safety plan,The board adopts the 2024-2025 Comprehensive School Site Safety Plan for Chabot Elementary School. The text does not describe the plan's contents and lists no cost.,School plans,school_plan,,,Chabot Elementary School,no_cost,,,,,,,true,2024-07-01,2025-06-30,,,,Adopted on the General Consent Report,2024-01-24,true,auto_ok,sonnet-agent,enrich.v3.md,true,
2024-01-24:24-0030,2024-01-24,2024-01-24,regular,T.-30,91,general,Chief Academic Officer,24-0030,https://ousd.legistar.com/gateway.aspx?M=L&ID=60204,School Year 2024-2025 Comprehensive School Site Safety Plan - Claremont Middle School,Adoption by the Board of Education of School Year 2024-2025 Comprehensive School Site Safety Plan - Claremont Middle School.,Safety/Climate Plan,Chief Academic Officer,,,,Adopts Claremont Middle School's 2024-25 school site safety plan,The board adopts the 2024-2025 Comprehensive School Site Safety Plan for Claremont Middle School. The text does not describe the plan's contents and lists no cost.,School plans,school_plan,,,Claremont Middle School,no_cost,,,,,,,true,2024-07-01,2025-06-30,,,,Adopted on the General Consent Report,2024-01-24,true,auto_ok,sonnet-agent,enrich.v3.md,true,
2024-01-24:24-0031,2024-01-24,2024-01-24,regular,T.-31,92,general,Chief Academic Officer,24-0031,https://ousd.legistar.com/gateway.aspx?M=L&ID=60205,School Year 2024-2025 Comprehensive School Site Safety Plan - Cleveland Elementary School,Adoption by the Board of Education of School Year 2024-2025 Comprehensive School Site Safety Plan - Cleveland Elementary School.,Safety/Climate Plan,Chief Academic Officer,,,,Adopts the 2024-25 school safety plan for Cleveland Elementary School,The Board is asked to adopt the Comprehensive School Site Safety Plan for Cleveland Elementary School for the 2024-2025 school year. The item lists no dollar amount.,School plans,school_plan,,,Cleveland Elementary School,no_cost,,,,,,,true,2024-07-01,2025-06-30,,,,Adopted on the General Consent Report,2024-01-24,true,auto_ok,sonnet-agent,enrich.v3.md,true,
2024-01-24:24-0032,2024-01-24,2024-01-24,regular,T.-32,93,general,Chief Academic Officer,24-0032,https://ousd.legistar.com/gateway.aspx?M=L&ID=60206,School Year 2024-2025 Comprehensive School Site Safety Plan - Coliseum College Preparatory Academy,Adoption by the Board of Education of School Year 2024-2025 Comprehensive School Site Safety Plan - Coliseum College Preparatory Academy.,Safety/Climate Plan,Chief Academic Officer,,,,Adopts the 2024-25 school safety plan for Coliseum College Preparatory Academy,The Board is asked to adopt the Comprehensive School Site Safety Plan for Coliseum College Preparatory Academy for the 2024-2025 school year. The item lists no dollar amount.,School plans,school_plan,,,Coliseum College Preparatory Academy,no_cost,,,,,,,true,2024-07-01,2025-06-30,,,,Adopted on the General Consent Report,2024-01-24,true,auto_ok,sonnet-agent,enrich.v3.md,true,
2024-01-24:24-0033,2024-01-24,2024-01-24,regular,T.-33,94,general,Chief Academic Officer,24-0033,https://ousd.legistar.com/gateway.aspx?M=L&ID=60207,School Year 2024-2025 Comprehensive School Site Safety Plan - Crocker Highlands Elementary School,Adoption by the Board of Education of School Year 2024-2025 Comprehensive School Site Safety Plan - Crocker Highlands Elementary School.,Safety/Climate Plan,Chief Academic Officer,,,,Adopts the 2024-25 school safety plan for Crocker Highlands Elementary School,The Board is asked to adopt the Comprehensive School Site Safety Plan for Crocker Highlands Elementary School for the 2024-2025 school year. The item lists no dollar amount.,School plans,school_plan,,,Crocker Highlands Elementary School,no_cost,,,,,,,true,2024-07-01,2025-06-30,,,,Adopted on the General Consent Report,2024-01-24,true,auto_ok,sonnet-agent,enrich.v3.md,true,
2024-01-24:24-0034,2024-01-24,2024-01-24,regular,T.-34,95,general,Chief Academic Officer,24-0034,https://ousd.legistar.com/gateway.aspx?M=L&ID=60208,School Year 2024-2025 Comprehensive School Site Safety Plan - Dewey Academy,Adoption by the Board of Education of School Year 2024-2025 Comprehensive School Site Safety Plan - Dewey Academy.,Safety/Climate Plan,Chief Academic Officer,,,,Adopts the 2024-25 school safety plan for Dewey Academy,The Board is asked to adopt the Comprehensive School Site Safety Plan for Dewey Academy for the 2024-2025 school year. The item lists no dollar amount.,School plans,school_plan,,,Dewey Academy,no_cost,,,,,,,true,2024-07-01,2025-06-30,,,,Adopted on the General Consent Report,2024-01-24,true,auto_ok,sonnet-agent,enrich.v3.md,true,
2024-01-24:24-0035,2024-01-24,2024-01-24,regular,T.-35,96,general,Chief Academic Officer,24-0035,https://ousd.legistar.com/gateway.aspx?M=L&ID=60209,School Year 2024-2025 Comprehensive School Site Safety Plan - East Oakland Pride Elementary School,Adoption by the Board of Education of School Year 2024-2025 Comprehensive School Site Safety Plan - East Oakland Pride Elementary School.,Safety/Climate Plan,Chief Academic Officer,,,,Adopts the 2024-25 school safety plan for East Oakland Pride Elementary School,The Board is asked to adopt the Comprehensive School Site Safety Plan for East Oakland Pride Elementary School for the 2024-2025 school year. The item lists no dollar amount.,School plans,school_plan,,,East Oakland Pride Elementary School,no_cost,,,,,,,true,2024-07-01,2025-06-30,,,,Adopted on the General Consent Report,2024-01-24,true,auto_ok,sonnet-agent,enrich.v3.md,true,
2024-01-24:24-0036,2024-01-24,2024-01-24,regular,T.-36,97,general,Chief Academic Officer,24-0036,https://ousd.legistar.com/gateway.aspx?M=L&ID=60210,School Year 2024-2025 Comprehensive School Site Safety Plan - Edna Brewer Middle School,Adoption by the Board of Education of School Year 2024-2025 Comprehensive School Site Safety Plan - Edna Brewer Middle School.,Safety/Climate Plan,Chief Academic Officer,,,,Adopts the 2024-25 school safety plan for Edna Brewer Middle School,The Board is asked to adopt the Comprehensive School Site Safety Plan for Edna Brewer Middle School for the 2024-2025 school year. The item lists no dollar amount.,School plans,school_plan,,,Edna Brewer Middle School,no_cost,,,,,,,true,2024-07-01,2025-06-30,,,,Adopted on the General Consent Report,2024-01-24,true,auto_ok,sonnet-agent,enrich.v3.md,true,
2024-01-24:24-0037,2024-01-24,2024-01-24,regular,T.-37,98,general,Chief Academic Officer,24-0037,https://ousd.legistar.com/gateway.aspx?M=L&ID=60211,School Year 2024-2025 Comprehensive School Site Safety Plan - Elmhurst United Middle School,Adoption by the Board of Education of School Year 2024-2025 Comprehensive School Site Safety Plan - Elmhurst United Middle School.,Safety/Climate Plan,Chief Academic Officer,,,,Adopts the 2024-25 school safety plan for Elmhurst United Middle School,The Board is asked to adopt the Comprehensive School Site Safety Plan for Elmhurst United Middle School for the 2024-2025 school year. The item lists no dollar amount.,School plans,school_plan,,,Elmhurst United Middle School,no_cost,,,,,,,true,2024-07-01,2025-06-30,,,,Adopted on the General Consent Report,2024-01-24,true,auto_ok,sonnet-agent,enrich.v3.md,true,
2024-01-24:24-0038,2024-01-24,2024-01-24,regular,T.-38,99,general,Chief Academic Officer,24-0038,https://ousd.legistar.com/gateway.aspx?M=L&ID=60212,School Year 2024-2025 Comprehensive School Site Safety Plan - Emerson Elementary School,Adoption by the Board of Education of School Year 2024-2025 Comprehensive School Site Safety Plan - Emerson Elementary School.,Safety/Climate Plan,Chief Academic Officer,,,,Adopts the 2024-25 school safety plan for Emerson Elementary School,The Board is asked to adopt the Comprehensive School Site Safety Plan for Emerson Elementary School for the 2024-2025 school year. The item lists no dollar amount.,School plans,school_plan,,,Emerson Elementary School,no_cost,,,,,,,true,2024-07-01,2025-06-30,,,,Adopted on the General Consent Report,2024-01-24,true,auto_ok,sonnet-agent,enrich.v3.md,true,
2024-01-24:24-0039,2024-01-24,2024-01-24,regular,T.-39,100,general,Chief Academic Officer,24-0039,https://ousd.legistar.com/gateway.aspx?M=L&ID=60213,School Year 2024-2025 Comprehensive School Site Safety Plan - Encompass Elementary School,Adoption by the Board of Education of School Year 2024-2025 Comprehensive School Site Safety Plan - Encompass Elementary School.,Safety/Climate Plan,Chief Academic Officer,,,,Adopts the 2024-25 school safety plan for Encompass Elementary School,The Board is asked to adopt the Comprehensive School Site Safety Plan for Encompass Elementary School for the 2024-2025 school year. The item lists no dollar amount.,School plans,school_plan,,,Encompass Elementary School,no_cost,,,,,,,true,2024-07-01,2025-06-30,,,,Adopted on the General Consent Report,2024-01-24,true,auto_ok,sonnet-agent,enrich.v3.md,true,
2024-01-24:24-0040,2024-01-24,2024-01-24,regular,T.-40,101,general,Chief Academic Officer,24-0040,https://ousd.legistar.com/gateway.aspx?M=L&ID=60214,School Year 2024-2025 Comprehensive School Site Safety Plan - Esperanza Elementary School,Adoption by the Board of Education of School Year 2024-2025 Comprehensive School Site Safety Plan - Esperanza Elementary School.,Safety/Climate Plan,Chief Academic Officer,,,,Adopts the 2024-25 school safety plan for Esperanza Elementary School,The Board is asked to adopt the Comprehensive School Site Safety Plan for Esperanza Elementary School for the 2024-2025 school year. The item lists no dollar amount.,School plans,school_plan,,,Esperanza Elementary School,no_cost,,,,,,,true,2024-07-01,2025-06-30,,,,Adopted on the General Consent Report,2024-01-24,true,auto_ok,sonnet-agent,enrich.v3.md,true,
2024-01-24:24-0041,2024-01-24,2024-01-24,regular,T.-41,102,general,Chief Academic Officer,24-0041,https://ousd.legistar.com/gateway.aspx?M=L&ID=60215,School Year 2024-2025 Comprehensive School Site Safety Plan - Franklin Elementary School,Adoption by the Board of Education of School Year 2024-2025 Comprehensive School Site Safety Plan - Franklin Elementary School.,Safety/Climate Plan,Chief Academic Officer,,,,Adopts the 2024-25 school safety plan for Franklin Elementary School,The Board is asked to adopt the Comprehensive School Site Safety Plan for Franklin Elementary School for the 2024-2025 school year. The item lists no dollar amount.,School plans,school_plan,,,Franklin Elementary School,no_cost,,,,,,,true,2024-07-01,2025-06-30,,,,Adopted on the General Consent Report,2024-01-24,true,auto_ok,sonnet-agent,enrich.v3.md,true,
2024-01-24:24-0042,2024-01-24,2024-01-24,regular,T.-42,103,general,Chief Academic Officer,24-0042,https://ousd.legistar.com/gateway.aspx?M=L&ID=60216,School Year 2024-2025 Comprehensive School Site Safety Plan - Fremont High School,Adoption by the Board of Education of School Year 2024-2025 Comprehensive School Site Safety Plan - Fremont High School.,Safety/Climate Plan,Chief Academic Officer,,,,Adopts the 2024-25 school safety plan for Fremont High School,The Board is asked to adopt the Comprehensive School Site Safety Plan for Fremont High School for the 2024-2025 school year. The item lists no dollar amount.,School plans,school_plan,,,Fremont High School,no_cost,,,,,,,true,2024-07-01,2025-06-30,,,,Adopted on the General Consent Report,2024-01-24,true,auto_ok,sonnet-agent,enrich.v3.md,true,
2024-01-24:24-0043,2024-01-24,2024-01-24,regular,T.-43,104,general,Chief Academic Officer,24-0043,https://ousd.legistar.com/gateway.aspx?M=L&ID=60217,School Year 2024-2025 Comprehensive School Site Safety Plan - Frick United Academy of Language School,Adoption by the Board of Education of School Year 2024-2025 Comprehensive School Site Safety Plan - Frick United Academy of Language School.,Safety/Climate Plan,Chief Academic Officer,,,,Adopts the 2024-25 school safety plan for Frick United Academy of Language School,The Board is asked to adopt the Comprehensive School Site Safety Plan for Frick United Academy of Language School for the 2024-2025 school year. The item lists no dollar amount.,School plans,school_plan,,,Frick United Academy of Language School,no_cost,,,,,,,true,2024-07-01,2025-06-30,,,,Adopted on the General Consent Report,2024-01-24,true,auto_ok,sonnet-agent,enrich.v3.md,true,
2024-01-24:24-0044,2024-01-24,2024-01-24,regular,T.-44,105,general,Chief Academic Officer,24-0044,https://ousd.legistar.com/gateway.aspx?M=L&ID=60218,School Year 2024-2025 Comprehensive School Site Safety Plan - Fruitvale Elementary School,Adoption by the Board of Education of School Year 2024-2025 Comprehensive School Site Safety Plan - Fruitvale Elementary School.,Safety/Climate Plan,Chief Academic Officer,,,,Adopts the 2024-25 school safety plan for Fruitvale Elementary School,The Board is asked to adopt the Comprehensive School Site Safety Plan for Fruitvale Elementary School for the 2024-2025 school year. The item lists no dollar amount.,School plans,school_plan,,,Fruitvale Elementary School,no_cost,,,,,,,true,2024-07-01,2025-06-30,,,,Adopted on the General Consent Report,2024-01-24,true,auto_ok,sonnet-agent,enrich.v3.md,true,
2024-01-24:24-0045,2024-01-24,2024-01-24,regular,T.-45,106,general,Chief Academic Officer,24-0045,https://ousd.legistar.com/gateway.aspx?M=L&ID=60219,School Year 2024-2025 Comprehensive School Site Safety Plan - Garfield Elementary School,Adoption by the Board of Education of School Year 2024-2025 Comprehensive School Site Safety Plan - Garfield Elementary School.,Safety/Climate Plan,Chief Academic Officer,,,,Adopts the 2024-25 school safety plan for Garfield Elementary School,The Board is asked to adopt the Comprehensive School Site Safety Plan for Garfield Elementary School for the 2024-2025 school year. The item lists no dollar amount.,School plans,school_plan,,,Garfield Elementary School,no_cost,,,,,,,true,2024-07-01,2025-06-30,,,,Adopted on the General Consent Report,2024-01-24,true,auto_ok,sonnet-agent,enrich.v3.md,true,
2024-01-24:24-0046,2024-01-24,2024-01-24,regular,T.-46,107,general,Chief Academic Officer,24-0046,https://ousd.legistar.com/gateway.aspx?M=L&ID=60220,School Year 2024-2025 Comprehensive School Site Safety Plan - Glenview Elementary School,Adoption by the Board of Education of School Year 2024-2025 Comprehensive School Site Safety Plan - Glenview Elementary School.,Safety/Climate Plan,Chief Academic Officer,,,,Adopts the 2024-25 school safety plan for Glenview Elementary School,The Board is asked to adopt the Comprehensive School Site Safety Plan for Glenview Elementary School for the 2024-2025 school year. The item lists no dollar amount.,School plans,school_plan,,,Glenview Elementary School,no_cost,,,,,,,true,2024-07-01,2025-06-30,,,,Adopted on the General Consent Report,2024-01-24,true,auto_ok,sonnet-agent,enrich.v3.md,true,
2024-01-24:24-0047,2024-01-24,2024-01-24,regular,T.-47,108,general,Chief Academic Officer,24-0047,https://ousd.legistar.com/gateway.aspx?M=L&ID=60221,School Year 2024-2025 Comprehensive School Site Safety Plan - Global Family Elementary School,Adoption by the Board of Education of School Year 2024-2025 Comprehensive School Site Safety Plan - Global Family Elementary School.,Motion,Chief Academic Officer,,,,Adopts the 2024-25 school safety plan for Global Family Elementary School,The Board is asked to adopt the Comprehensive School Site Safety Plan for Global Family Elementary School for the 2024-2025 school year. The item lists no dollar amount.,School plans,school_plan,,,Global Family Elementary School,no_cost,,,,,,,true,2024-07-01,2025-06-30,,,,Adopted on the General Consent Report,2024-01-24,true,auto_ok,sonnet-agent,enrich.v3.md,true,
2024-01-24:24-0048,2024-01-24,2024-01-24,regular,T.-48,109,general,Chief Academic Officer,24-0048,https://ousd.legistar.com/gateway.aspx?M=L&ID=60222,School Year 2024-2025 Comprehensive School Site Safety Plan - Grass Valley Elementary School,Adoption by the Board of Education of School Year 2024-2025 Comprehensive School Site Safety Plan - Grass Valley Elementary School.,Safety/Climate Plan,Chief Academic Officer,,,,Adopts the 2024-25 school safety plan for Grass Valley Elementary School,The Board is asked to adopt the Comprehensive School Site Safety Plan for Grass Valley Elementary School for the 2024-2025 school year. The item lists no dollar amount.,School plans,school_plan,,,Grass Valley Elementary School,no_cost,,,,,,,true,2024-07-01,2025-06-30,,,,Adopted on the General Consent Report,2024-01-24,true,auto_ok,sonnet-agent,enrich.v3.md,true,
2024-01-24:24-0049,2024-01-24,2024-01-24,regular,T.-49,110,general,Chief Academic Officer,24-0049,https://ousd.legistar.com/gateway.aspx?M=L&ID=60223,School Year 2024-2025 Comprehensive School Site Safety Plan - Greenleaf Elementary School,Adoption by the Board of Education of School Year 2024-2025 Comprehensive School Site Safety Plan - Greenleaf Elementary School.,Safety/Climate Plan,Chief Academic Officer,,,,Adopts the 2024-25 school safety plan for Greenleaf Elementary School,The Board is asked to adopt the Comprehensive School Site Safety Plan for Greenleaf Elementary School for the 2024-2025 school year. The item lists no dollar amount.,School plans,school_plan,,,Greenleaf Elementary School,no_cost,,,,,,,true,2024-07-01,2025-06-30,,,,Adopted on the General Consent Report,2024-01-24,true,auto_ok,sonnet-agent,enrich.v3.md,true,
2024-01-24:24-0050,2024-01-24,2024-01-24,regular,T.-50,111,general,Chief Academic Officer,24-0050,https://ousd.legistar.com/gateway.aspx?M=L&ID=60224,School Year 2024-2025 Comprehensive School Site Safety Plan - Highland Community School,Adoption by the Board of Education of School Year 2024-2025 Comprehensive School Site Safety Plan - Highland Community School.,Safety/Climate Plan,Chief Academic Officer,,,,Adopts the 2024-25 school safety plan for Highland Community School,The Board is asked to adopt the Comprehensive School Site Safety Plan for Highland Community School for the 2024-2025 school year. The item lists no dollar amount.,School plans,school_plan,,,Highland Community School,no_cost,,,,,,,true,2024-07-01,2025-06-30,,,,Adopted on the General Consent Report,2024-01-24,true,auto_ok,sonnet-agent,enrich.v3.md,true,
2024-01-24:24-0051,2024-01-24,2024-01-24,regular,T.-51,112,general,Chief Academic Officer,24-0051,https://ousd.legistar.com/gateway.aspx?M=L&ID=60225,School Year 2024-2025 Comprehensive School Site Safety Plan - Hillcrest Elementary School,Adoption by the Board of Education of School Year 2024-2025 Comprehensive School Site Safety Plan - Hillcrest Elementary School.,Safety/Climate Plan,Chief Academic Officer,,,,Adopts the 2024-25 school safety plan for Hillcrest Elementary School,The Board is asked to adopt the Comprehensive School Site Safety Plan for Hillcrest Elementary School for the 2024-2025 school year. The item lists no dollar amount.,School plans,school_plan,,,Hillcrest Elementary School,no_cost,,,,,,,true,2024-07-01,2025-06-30,,,,Adopted on the General Consent Report,2024-01-24,true,auto_ok,sonnet-agent,enrich.v3.md,true,
2024-01-24:24-0052,2024-01-24,2024-01-24,regular,T.-52,113,general,Chief Academic Officer,24-0052,https://ousd.legistar.com/gateway.aspx?M=L&ID=60226,School Year 2024-2025 Comprehensive School Site Safety Plan - Hoover Elementary School,Adoption by the Board of Education of School Year 2024-2025 Comprehensive School Site Safety Plan - Hoover Elementary School.,Safety/Climate Plan,Chief Academic Officer,,,,Adopts the 2024-25 school safety plan for Hoover Elementary School,The Board is asked to adopt the Comprehensive School Site Safety Plan for Hoover Elementary School for the 2024-2025 school year. The item lists no dollar amount.,School plans,school_plan,,,Hoover Elementary School,no_cost,,,,,,,true,2024-07-01,2025-06-30,,,,Adopted on the General Consent Report,2024-01-24,true,auto_ok,sonnet-agent,enrich.v3.md,true,
2024-01-24:24-0053,2024-01-24,2024-01-24,regular,T.-53,114,general,Chief Academic Officer,24-0053,https://ousd.legistar.com/gateway.aspx?M=L&ID=60227,School Year 2024-2025 Comprehensive School Site Safety Plan - Horace Mann Elementary School,Adoption by the Board of Education of School Year 2024-2025 Comprehensive School Site Safety Plan - Horace Mann Elementary School.,Safety/Climate Plan,Chief Academic Officer,,,,Adopts the 2024-25 school safety plan for Horace Mann Elementary School,The Board is asked to adopt the Comprehensive School Site Safety Plan for Horace Mann Elementary School for the 2024-2025 school year. The item lists no dollar amount.,School plans,school_plan,,,Horace Mann Elementary School,no_cost,,,,,,,true,2024-07-01,2025-06-30,,,,Adopted on the General Consent Report,2024-01-24,true,auto_ok,sonnet-agent,enrich.v3.md,true,
2024-01-24:24-0054,2024-01-24,2024-01-24,regular,T.-54,115,general,Chief Academic Officer,24-0054,https://ousd.legistar.com/gateway.aspx?M=L&ID=60228,School Year 2024-2025 Comprehensive School Site Safety Plan - International Community School,Adoption by the Board of Education of School Year 2024-2025 Comprehensive School Site Safety Plan - International Community School.,Safety/Climate Plan,Chief Academic Officer,,,,Adopts the 2024-25 school safety plan for International Community School,The Board is asked to adopt the Comprehensive School Site Safety Plan for International Community School for the 2024-2025 school year. The item lists no dollar amount.,School plans,school_plan,,,International Community School,no_cost,,,,,,,true,2024-07-01,2025-06-30,,,,Adopted on the General Consent Report,2024-01-24,true,auto_ok,sonnet-agent,enrich.v3.md,true,
2024-01-24:24-0055,2024-01-24,2024-01-24,regular,T.-55,116,general,Chief Academic Officer,24-0055,https://ousd.legistar.com/gateway.aspx?M=L&ID=60229,School Year 2024-2025 Comprehensive School Site Safety Plan - Joaquin Miller Elementary School,Adoption by the Board of Education of School Year 2024-2025 Comprehensive School Site Safety Plan - Joaquin Miller Elementary School.,Safety/Climate Plan,Chief Academic Officer,,,,Adopts the 2024-25 school safety plan for Joaquin Miller Elementary School,The Board is asked to adopt the Comprehensive School Site Safety Plan for Joaquin Miller Elementary School for the 2024-2025 school year. The item lists no dollar amount.,School plans,school_plan,,,Joaquin Miller Elementary School,no_cost,,,,,,,true,2024-07-01,2025-06-30,,,,Adopted on the General Consent Report,2024-01-24,true,auto_ok,sonnet-agent,enrich.v3.md,true,
2024-01-24:24-0056,2024-01-24,2024-01-24,regular,T.-56,117,general,Chief Academic Officer,24-0056,https://ousd.legistar.com/gateway.aspx?M=L&ID=60230,School Year 2024-2025 Comprehensive School Site Safety Plan - Fred T. Korematsu Discovery Academy,Adoption by the Board of Education of School Year 2024-2025 Comprehensive School Site Safety Plan - Fred T. Korematsu Discovery Academy.,Safety/Climate Plan,Chief Academic Officer,,,,Adopts the 2024-25 school safety plan for Fred T. Korematsu Discovery Academy,The Board is asked to adopt the Comprehensive School Site Safety Plan for Fred T. Korematsu Discovery Academy for the 2024-2025 school year. The item lists no dollar amount.,School plans,school_plan,,,Fred T. Korematsu Discovery Academy,no_cost,,,,,,,true,2024-07-01,2025-06-30,,,,Adopted on the General Consent Report,2024-01-24,true,auto_ok,sonnet-agent,enrich.v3.md,true,
2024-01-24:24-0057,2024-01-24,2024-01-24,regular,T.-57,118,general,Chief Academic Officer,24-0057,https://ousd.legistar.com/gateway.aspx?M=L&ID=60231,School Year 2024-2025 Comprehensive School Site Safety Plan - La Escuelita Elementary School,Adoption by the Board of Education of School Year 2024-2025 Comprehensive School Site Safety Plan - La Escuelita Elementary School.,Safety/Climate Plan,Chief Academic Officer,,,,Adopts the 2024-25 school safety plan for La Escuelita Elementary School,The Board is asked to adopt the Comprehensive School Site Safety Plan for La Escuelita Elementary School for the 2024-2025 school year. The item lists no dollar amount.,School plans,school_plan,,,La Escuelita Elementary School,no_cost,,,,,,,true,2024-07-01,2025-06-30,,,,Adopted on the General Consent Report,2024-01-24,true,auto_ok,sonnet-agent,enrich.v3.md,true,
2024-01-24:24-0058,2024-01-24,2024-01-24,regular,T.-58,119,general,Chief Academic Officer,24-0058,https://ousd.legistar.com/gateway.aspx?M=L&ID=60232,School Year 2024-2025 Comprehensive School Site Safety Plan - Laurel Elementary School,Adoption by the Board of Education of School Year 2024-2025 Comprehensive School Site Safety Plan - Laurel Elementary School.,Safety/Climate Plan,Chief Academic Officer,,,,Adopts the 2024-25 school safety plan for Laurel Elementary School,The Board is asked to adopt the Comprehensive School Site Safety Plan for Laurel Elementary School for the 2024-2025 school year. The item lists no dollar amount.,School plans,school_plan,,,Laurel Elementary School,no_cost,,,,,,,true,2024-07-01,2025-06-30,,,,Adopted on the General Consent Report,2024-01-24,true,auto_ok,sonnet-agent,enrich.v3.md,true,
2024-01-24:24-0059,2024-01-24,2024-01-24,regular,T.-59,120,general,Chief Academic Officer,24-0059,https://ousd.legistar.com/gateway.aspx?M=L&ID=60233,School Year 2024-2025 Comprehensive School Site Safety Plan - Life Academy,Adoption by the Board of Education of School Year 2024-2025 Comprehensive School Site Safety Plan - Life Academy.,Safety/Climate Plan,Chief Academic Officer,,,,Adopts the 2024-25 school safety plan for Life Academy,The Board is asked to adopt the Comprehensive School Site Safety Plan for Life Academy for the 2024-2025 school year. The item lists no dollar amount.,School plans,school_plan,,,Life Academy,no_cost,,,,,,,true,2024-07-01,2025-06-30,,,,Adopted on the General Consent Report,2024-01-24,true,auto_ok,sonnet-agent,enrich.v3.md,true,
2024-01-24:24-0060,2024-01-24,2024-01-24,regular,T.-60,121,general,Chief Academic Officer,24-0060,https://ousd.legistar.com/gateway.aspx?M=L&ID=60234,School Year 2024-2025 Comprehensive School Site Safety Plan - Lincoln Elementary School,Adoption by the Board of Education of School Year 2024-2025 Comprehensive School Site Safety Plan - Lincoln Elementary School.,Safety/Climate Plan,Chief Academic Officer,,,,Adopts the 2024-25 school safety plan for Lincoln Elementary School,The Board is asked to adopt the Comprehensive School Site Safety Plan for Lincoln Elementary School for the 2024-2025 school year. The item lists no dollar amount.,School plans,school_plan,,,Lincoln Elementary School,no_cost,,,,,,,true,2024-07-01,2025-06-30,,,,Adopted on the General Consent Report,2024-01-24,true,auto_ok,sonnet-agent,enrich.v3.md,true,
2024-01-24:24-0061,2024-01-24,2024-01-24,regular,T.-61,122,general,Chief Academic Officer,24-0061,https://ousd.legistar.com/gateway.aspx?M=L&ID=60235,School Year 2024-2025 Comprehensive School Site Safety Plan - Lockwood STEAM School,Adoption by the Board of Education of School Year 2024-2025 Comprehensive School Site Safety Plan - Lockwood STEAM School.,Safety/Climate Plan,Chief Academic Officer,,,,Adopts the 2024-25 school site safety plan for Lockwood STEAM School,The Board adopts the Comprehensive School Site Safety Plan for Lockwood STEAM School for the 2024-2025 school year. The plan sets out the safety measures for that school. The text lists no cost for this vote.,School plans,school_plan,,,Lockwood STEAM School,no_cost,,,,,,,true,2024-07-01,2025-06-30,,,,Adopted on the General Consent Report,2024-01-24,true,auto_ok,sonnet-agent,enrich.v3.md,true,
2024-01-24:24-0062,2024-01-24,2024-01-24,regular,T.-62,123,general,Chief Academic Officer,24-0062,https://ousd.legistar.com/gateway.aspx?M=L&ID=60236,School Year 2024-2025 Comprehensive School Site Safety Plan - Madison Park Academy-Lower,Adoption by the Board of Education of School Year 2024-2025 Comprehensive School Site Safety Plan - Madison Park Academy-Lower.,Safety/Climate Plan,Chief Academic Officer,,,,Adopts the 2024-25 school site safety plan for Madison Park Academy-Lower,The Board adopts the Comprehensive School Site Safety Plan for Madison Park Academy-Lower for the 2024-2025 school year. The plan sets out the safety measures for that school. The text lists no cost for this vote.,School plans,school_plan,,,Madison Park Academy-Lower,no_cost,,,,,,,true,2024-07-01,2025-06-30,,,,Adopted on the General Consent Report,2024-01-24,true,auto_ok,sonnet-agent,enrich.v3.md,true,
2024-01-24:24-0063,2024-01-24,2024-01-24,regular,T.-63,124,general,Chief Academic Officer,24-0063,https://ousd.legistar.com/gateway.aspx?M=L&ID=60237,School Year 2024-2025 Comprehensive School Site Safety Plan - Madison Park Academy-Upper,Adoption by the Board of Education of School Year 2024-2025 Comprehensive School Site Safety Plan - Madison Park Academy-Upper.,Safety/Climate Plan,Chief Academic Officer,,,,Adopts the 2024-25 school site safety plan for Madison Park Academy-Upper,The Board adopts the Comprehensive School Site Safety Plan for Madison Park Academy-Upper for the 2024-2025 school year. The plan sets out the safety measures for that school. The text lists no cost for this vote.,School plans,school_plan,,,Madison Park Academy-Upper,no_cost,,,,,,,true,2024-07-01,2025-06-30,,,,Adopted on the General Consent Report,2024-01-24,true,auto_ok,sonnet-agent,enrich.v3.md,true,
2024-01-24:24-0064,2024-01-24,2024-01-24,regular,T.-64,125,general,Chief Academic Officer,24-0064,https://ousd.legistar.com/gateway.aspx?M=L&ID=60238,School Year 2024-2025 Comprehensive School Site Safety Plan - Manzanita Community School,Adoption by the Board of Education of School Year 2024-2025 Comprehensive School Site Safety Plan - Manzanita Community School.,Safety/Climate Plan,Chief Academic Officer,,,,Adopts the 2024-25 school site safety plan for Manzanita Community School,The Board adopts the Comprehensive School Site Safety Plan for Manzanita Community School for the 2024-2025 school year. The plan sets out the safety measures for that school. The text lists no cost for this vote.,School plans,school_plan,,,Manzanita Community School,no_cost,,,,,,,true,2024-07-01,2025-06-30,,,,Adopted on the General Consent Report,2024-01-24,true,auto_ok,sonnet-agent,enrich.v3.md,true,
2024-01-24:24-0065,2024-01-24,2024-01-24,regular,T.-65,126,general,Chief Academic Officer,24-0065,https://ousd.legistar.com/gateway.aspx?M=L&ID=60239,School Year 2024-2025 Comprehensive School Site Safety Plan - Manzanita SEED School,Adoption by the Board of Education of School Year 2024-2025 Comprehensive School Site Safety Plan - Manzanita SEED School.,Safety/Climate Plan,Chief Academic Officer,,,,Adopts the 2024-25 school site safety plan for Manzanita SEED School,The Board adopts the Comprehensive School Site Safety Plan for Manzanita SEED School for the 2024-2025 school year. The plan sets out the safety measures for that school. The text lists no cost for this vote.,School plans,school_plan,,,Manzanita SEED School,no_cost,,,,,,,true,2024-07-01,2025-06-30,,,,Adopted on the General Consent Report,2024-01-24,true,auto_ok,sonnet-agent,enrich.v3.md,true,
2024-01-24:24-0066,2024-01-24,2024-01-24,regular,T.-66,127,general,Chief Academic Officer,24-0066,https://ousd.legistar.com/gateway.aspx?M=L&ID=60240,School Year 2024-2025 Comprehensive School Site Safety Plan - Markham Elementary School,Adoption by the Board of Education of School Year 2024-2025 Comprehensive School Site Safety Plan - Markham Elementary School.,Safety/Climate Plan,Chief Academic Officer,,,,Adopts the 2024-25 school site safety plan for Markham Elementary School,The Board adopts the Comprehensive School Site Safety Plan for Markham Elementary School for the 2024-2025 school year. The plan sets out the safety measures for that school. The text lists no cost for this vote.,School plans,school_plan,,,Markham Elementary School,no_cost,,,,,,,true,2024-07-01,2025-06-30,,,,Adopted on the General Consent Report,2024-01-24,true,auto_ok,sonnet-agent,enrich.v3.md,true,
2024-01-24:24-0067,2024-01-24,2024-01-24,regular,T.-67,128,general,Chief Academic Officer,24-0067,https://ousd.legistar.com/gateway.aspx?M=L&ID=60241,School Year 2024-2025 Comprehensive School Site Safety Plan - Martin Luther King Jr. Elementary School,Adoption by the Board of Education of School Year 2024-2025 Comprehensive School Site Safety Plan - Martin Luther King Jr. Elementary School.,Safety/Climate Plan,Chief Academic Officer,,,,Adopts the 2024-25 school site safety plan for Martin Luther King Jr. Elementary School,The Board adopts the Comprehensive School Site Safety Plan for Martin Luther King Jr. Elementary School for the 2024-2025 school year. The plan sets out the safety measures for that school. The text lists no cost for this vote.,School plans,school_plan,,,Martin Luther King Jr. Elementary School,no_cost,,,,,,,true,2024-07-01,2025-06-30,,,,Adopted on the General Consent Report,2024-01-24,true,auto_ok,sonnet-agent,enrich.v3.md,true,
2024-01-24:24-0068,2024-01-24,2024-01-24,regular,T.-68,129,general,Chief Academic Officer,24-0068,https://ousd.legistar.com/gateway.aspx?M=L&ID=60242,School Year 2024-2025 Comprehensive School Site Safety Plan - McClymonds High School,Adoption by the Board of Education of School Year 2024-2025 Comprehensive School Site Safety Plan - McClymonds High School.,Safety/Climate Plan,Chief Academic Officer,,,,Adopts the 2024-25 school site safety plan for McClymonds High School,The Board adopts the Comprehensive School Site Safety Plan for McClymonds High School for the 2024-2025 school year. The plan sets out the safety measures for that school. The text lists no cost for this vote.,School plans,school_plan,,,McClymonds High School,no_cost,,,,,,,true,2024-07-01,2025-06-30,pulled_from_consent,,"Taken off the consent vote, then approved on a later consent report on February 14.",Adopted on the General Consent Report,2024-02-14,true,auto_ok,sonnet-agent,enrich.v3.md,false,
2024-01-24:24-0069,2024-01-24,2024-01-24,regular,T.-69,130,general,Chief Academic Officer,24-0069,https://ousd.legistar.com/gateway.aspx?M=L&ID=60243,School Year 2024-2025 Comprehensive School Site Safety Plan - Melrose Leadership Academy at Sherman (TK-2),Adoption by the Board of Education of School Year 2024-2025 Comprehensive School Site Safety Plan - Melrose Leadership Academy at Sherman (TK-2).,Safety/Climate Plan,Chief Academic Officer,,,,Adopts the 2024-25 school site safety plan for Melrose Leadership Academy at Sherman (TK-2),The Board adopts the Comprehensive School Site Safety Plan for Melrose Leadership Academy at Sherman (TK-2) for the 2024-2025 school year. The plan sets out the safety measures for that school. The text lists no cost for this vote.,School plans,school_plan,,,Melrose Leadership Academy at Sherman (TK-2),no_cost,,,,,,,true,2024-07-01,2025-06-30,,,,Adopted on the General Consent Report,2024-01-24,true,auto_ok,sonnet-agent,enrich.v3.md,true,
2024-01-24:24-0070,2024-01-24,2024-01-24,regular,T.-70,131,general,Chief Academic Officer,24-0070,https://ousd.legistar.com/gateway.aspx?M=L&ID=60244,School Year 2024-2025 Comprehensive School Site Safety Plan - Melrose Leadership Academy at Maxwell Park (3-8),Adoption by the Board of Education of School Year 2024-2025 Comprehensive School Site Safety Plan - Melrose Leadership Academy at Maxwell Park (3-8).,Safety/Climate Plan,Chief Academic Officer,,,,Adopts the 2024-25 school site safety plan for Melrose Leadership Academy at Maxwell Park (3-8),The Board adopts the Comprehensive School Site Safety Plan for Melrose Leadership Academy at Maxwell Park (3-8) for the 2024-2025 school year. The plan sets out the safety measures for that school. The text lists no cost for this vote.,School plans,school_plan,,,Melrose Leadership Academy at Maxwell Park (3-8),no_cost,,,,,,,true,2024-07-01,2025-06-30,,,,Adopted on the General Consent Report,2024-01-24,true,auto_ok,sonnet-agent,enrich.v3.md,true,
2024-01-24:24-0071,2024-01-24,2024-01-24,regular,T.-71,132,general,Chief Academic Officer,24-0071,https://ousd.legistar.com/gateway.aspx?M=L&ID=60245,School Year 2024-2025 Comprehensive School Site Safety Plan - MetWest High School,Adoption by the Board of Education of School Year 2024-2025 Comprehensive School Site Safety Plan - MetWest High School.,Safety/Climate Plan,Chief Academic Officer,,,,Adopts the 2024-25 school site safety plan for MetWest High School,The Board adopts the Comprehensive School Site Safety Plan for MetWest High School for the 2024-2025 school year. The plan sets out the safety measures for that school. The text lists no cost for this vote.,School plans,school_plan,,,MetWest High School,no_cost,,,,,,,true,2024-07-01,2025-06-30,,,,Adopted on the General Consent Report,2024-01-24,true,auto_ok,sonnet-agent,enrich.v3.md,true,
2024-01-24:24-0072,2024-01-24,2024-01-24,regular,T.-72,133,general,Chief Academic Officer,24-0072,https://ousd.legistar.com/gateway.aspx?M=L&ID=60246,School Year 2024-2025 Comprehensive School Site Safety Plan - MetWest High School - Huggins Campus,Adoption by the Board of Education of School Year 2024-2025 Comprehensive School Site Safety Plan - Metwest HS-Huggins Campus School.,Safety/Climate Plan,Chief Academic Officer,,,,Adopts the 2024-25 school site safety plan for MetWest High School - Huggins Campus,The Board adopts the Comprehensive School Site Safety Plan for MetWest High School - Huggins Campus for the 2024-2025 school year. The plan sets out the safety measures for that school. The text lists no cost for this vote.,School plans,school_plan,,,MetWest High School - Huggins Campus,no_cost,,,,,,,true,2024-07-01,2025-06-30,,,,Adopted on the General Consent Report,2024-01-24,true,auto_ok,sonnet-agent,enrich.v3.md,true,
2024-01-24:24-0073,2024-01-24,2024-01-24,regular,T.-73,134,general,Chief Academic Officer,24-0073,https://ousd.legistar.com/gateway.aspx?M=L&ID=60247,School Year 2024-2025 Comprehensive School Site Safety Plan - Montclair Elementary School,Adoption by the Board of Education of School Year 2024-2025 Comprehensive School Site Safety Plan - Montclair Elementary School.,Safety/Climate Plan,Chief Academic Officer,,,,Adopts the 2024-25 school site safety plan for Montclair Elementary School,The Board adopts the Comprehensive School Site Safety Plan for Montclair Elementary School for the 2024-2025 school year. The plan sets out the safety measures for that school. The text lists no cost for this vote.,School plans,school_plan,,,Montclair Elementary School,no_cost,,,,,,,true,2024-07-01,2025-06-30,,,,Adopted on the General Consent Report,2024-01-24,true,auto_ok,sonnet-agent,enrich.v3.md,true,
2024-01-24:24-0074,2024-01-24,2024-01-24,regular,T.-74,135,general,Chief Academic Officer,24-0074,https://ousd.legistar.com/gateway.aspx?M=L&ID=60248,School Year 2024-2025 Comprehensive School Site Safety Plan - Montera Middle School,Adoption by the Board of Education of School Year 2024-2025 Comprehensive School Site Safety Plan - Montera Middle School.,Safety/Climate Plan,Chief Academic Officer,,,,Adopts the 2024-25 school site safety plan for Montera Middle School,The Board adopts the Comprehensive School Site Safety Plan for Montera Middle School for the 2024-2025 school year. The plan sets out the safety measures for that school. The text lists no cost for this vote.,School plans,school_plan,,,Montera Middle School,no_cost,,,,,,,true,2024-07-01,2025-06-30,,,,Adopted on the General Consent Report,2024-01-24,true,auto_ok,sonnet-agent,enrich.v3.md,true,
2024-01-24:24-0075,2024-01-24,2024-01-24,regular,T.-75,136,general,Chief Academic Officer,24-0075,https://ousd.legistar.com/gateway.aspx?M=L&ID=60249,School Year 2024-2025 Comprehensive School Site Safety Plan – Oakland Academy of Knowledge (OAK) Elementary School,Adoption by the Board of Education of School Year 2024-2025 Comprehensive School Site Safety Plan - Oakland Academy of Knowledge (OAK) Elementary School.,Safety/Climate Plan,Chief Academic Officer,,,,Adopts the 2024-25 school site safety plan for Oakland Academy of Knowledge (OAK) Elementary School,The Board adopts the Comprehensive School Site Safety Plan for Oakland Academy of Knowledge (OAK) Elementary School for the 2024-2025 school year. The plan sets out the safety measures for that school. The text lists no cost for this vote.,School plans,school_plan,,,Oakland Academy of Knowledge (OAK) Elementary School,no_cost,,,,,,,true,2024-07-01,2025-06-30,,,,Adopted on the General Consent Report,2024-01-24,true,auto_ok,sonnet-agent,enrich.v3.md,true,
2024-01-24:24-0076,2024-01-24,2024-01-24,regular,T.-76,137,general,Chief Academic Officer,24-0076,https://ousd.legistar.com/gateway.aspx?M=L&ID=60250,School Year 2024-2025 Comprehensive School Site Safety Plan – Oakland High School,Adoption by the Board of Education of School Year 2024-2025 Comprehensive School Site Safety Plan - Oakland High School.,Safety/Climate Plan,Chief Academic Officer,,,,Adopts the 2024-25 school site safety plan for Oakland High School,The Board adopts the Comprehensive School Site Safety Plan for Oakland High School for the 2024-2025 school year. The plan sets out the safety measures for that school. The text lists no cost for this vote.,School plans,school_plan,,,Oakland High School,no_cost,,,,,,,true,2024-07-01,2025-06-30,,,,Adopted on the General Consent Report,2024-01-24,true,auto_ok,sonnet-agent,enrich.v3.md,true,
2024-01-24:24-0077,2024-01-24,2024-01-24,regular,T.-77,138,general,Chief Academic Officer,24-0077,https://ousd.legistar.com/gateway.aspx?M=L&ID=60251,School Year 2024-2025 Comprehensive School Site Safety Plan – Oakland International High School,Adoption by the Board of Education of School Year 2024-2025 Comprehensive School Site Safety Plan - Oakland International High School.,Safety/Climate Plan,Chief Academic Officer,,,,Adopts the 2024-25 school site safety plan for Oakland International High School,The Board adopts the Comprehensive School Site Safety Plan for Oakland International High School for the 2024-2025 school year. The plan sets out the safety measures for that school. The text lists no cost for this vote.,School plans,school_plan,,,Oakland International High School,no_cost,,,,,,,true,2024-07-01,2025-06-30,,,,Adopted on the General Consent Report,2024-01-24,true,auto_ok,sonnet-agent,enrich.v3.md,true,
2024-01-24:24-0078,2024-01-24,2024-01-24,regular,T.-78,139,general,Chief Academic Officer,24-0078,https://ousd.legistar.com/gateway.aspx?M=L&ID=60252,School Year 2024-2025 Comprehensive School Site Safety Plan – Oakland Technical High School,Adoption by the Board of Education of School Year 2024-2025 Comprehensive School Site Safety Plan - Oakland Technical High School.,Safety/Climate Plan,Chief Academic Officer,,,,Adopts the 2024-25 school site safety plan for Oakland Technical High School,The Board adopts the Comprehensive School Site Safety Plan for Oakland Technical High School for the 2024-2025 school year. The plan sets out the safety measures for that school. The text lists no cost for this vote.,School plans,school_plan,,,Oakland Technical High School,no_cost,,,,,,,true,2024-07-01,2025-06-30,,,,Adopted on the General Consent Report,2024-01-24,true,auto_ok,sonnet-agent,enrich.v3.md,true,
2024-01-24:24-0079,2024-01-24,2024-01-24,regular,T.-79,140,general,Chief Academic Officer,24-0079,https://ousd.legistar.com/gateway.aspx?M=L&ID=60253,School Year 2024-2025 Comprehensive School Site Safety Plan – Peralta Elementary School,Adoption by the Board of Education of School Year 2024-2025 Comprehensive School Site Safety Plan - Peralta Elementary School.,Safety/Climate Plan,Chief Academic Officer,,,,Adopts the 2024-25 school site safety plan for Peralta Elementary School,The Board adopts the Comprehensive School Site Safety Plan for Peralta Elementary School for the 2024-2025 school year. The plan sets out the safety measures for that school. The text lists no cost for this vote.,School plans,school_plan,,,Peralta Elementary School,no_cost,,,,,,,true,2024-07-01,2025-06-30,,,,Adopted on the General Consent Report,2024-01-24,true,auto_ok,sonnet-agent,enrich.v3.md,true,
2024-01-24:24-0080,2024-01-24,2024-01-24,regular,T.-80,141,general,Chief Academic Officer,24-0080,https://ousd.legistar.com/gateway.aspx?M=L&ID=60254,School Year 2024-2025 Comprehensive School Site Safety Plan – Piedmont Avenue Elementary School,Adoption by the Board of Education of School Year 2024-2025 Comprehensive School Site Safety Plan - Piedmont Avenue Elementary School.,Safety/Climate Plan,Chief Academic Officer,,,,Adopts the 2024-25 school site safety plan for Piedmont Avenue Elementary School,The Board adopts the Comprehensive School Site Safety Plan for Piedmont Avenue Elementary School for the 2024-2025 school year. The plan sets out the safety measures for that school. The text lists no cost for this vote.,School plans,school_plan,,,Piedmont Avenue Elementary School,no_cost,,,,,,,true,2024-07-01,2025-06-30,,,,Adopted on the General Consent Report,2024-01-24,true,auto_ok,sonnet-agent,enrich.v3.md,true,
2024-01-24:24-0081,2024-01-24,2024-01-24,regular,T.-81,142,general,Chief Academic Officer,24-0081,https://ousd.legistar.com/gateway.aspx?M=L&ID=60255,School Year 2024-2025 Comprehensive School Site Safety Plan – Prescott Elementary School,Adoption by the Board of Education of School Year 2024-2025 Comprehensive School Site Safety Plan - Prescott Elementary School.,Safety/Climate Plan,Chief Academic Officer,,,,Adopts the 2024-25 school site safety plan for Prescott Elementary School,The Board adopts the Comprehensive School Site Safety Plan for Prescott Elementary School for the 2024-2025 school year. The plan sets out the safety measures for that school. The text lists no cost for this vote.,School plans,school_plan,,,Prescott Elementary School,no_cost,,,,,,,true,2024-07-01,2025-06-30,,,,Adopted on the General Consent Report,2024-01-24,true,auto_ok,sonnet-agent,enrich.v3.md,true,
2024-01-24:24-0082,2024-01-24,2024-01-24,regular,T.-82,143,general,Chief Academic Officer,24-0082,https://ousd.legistar.com/gateway.aspx?M=L&ID=60256,School Year 2024-2025 Comprehensive School Site Safety Plan – REACH Academy,Adoption by the Board of Education of School Year 2024-2025 Comprehensive School Site Safety Plan - REACH Academy.,Safety/Climate Plan,Chief Academic Officer,,,,Adopts the 2024-25 school site safety plan for REACH Academy,The Board adopts the Comprehensive School Site Safety Plan for REACH Academy for the 2024-2025 school year. The plan sets out the safety measures for that school. The text lists no cost for this vote.,School plans,school_plan,,,REACH Academy,no_cost,,,,,,,true,2024-07-01,2025-06-30,,,,Adopted on the General Consent Report,2024-01-24,true,auto_ok,sonnet-agent,enrich.v3.md,true,
2024-01-24:24-0083,2024-01-24,2024-01-24,regular,T.-83,144,general,Chief Academic Officer,24-0083,https://ousd.legistar.com/gateway.aspx?M=L&ID=60257,School Year 2024-2025 Comprehensive School Site Safety Plan - Redwood Heights Elementary School,Adoption by the Board of Education of School Year 2024-2025 Comprehensive School Site Safety Plan - Redwood Heights Elementary School.,Safety/Climate Plan,Chief Academic Officer,,,,Adopts the 2024-25 school site safety plan for Redwood Heights Elementary School,The Board adopts the Comprehensive School Site Safety Plan for Redwood Heights Elementary School for the 2024-2025 school year. The plan sets out the safety measures for that school. The text lists no cost for this vote.,School plans,school_plan,,,Redwood Heights Elementary School,no_cost,,,,,,,true,2024-07-01,2025-06-30,,,,Adopted on the General Consent Report,2024-01-24,true,auto_ok,sonnet-agent,enrich.v3.md,true,
2024-01-24:24-0084,2024-01-24,2024-01-24,regular,T.-84,145,general,Chief Academic Officer,24-0084,https://ousd.legistar.com/gateway.aspx?M=L&ID=60258,School Year 2024-2025 Comprehensive School Site Safety Plan – Roosevelt Middle School,Adoption by the Board of Education of School Year 2024-2025 Comprehensive School Site Safety Plan - Roosevelt Middle School.,Safety/Climate Plan,Chief Academic Officer,,,,Adopts the 2024-25 school site safety plan for Roosevelt Middle School,The Board adopts the Comprehensive School Site Safety Plan for Roosevelt Middle School for the 2024-2025 school year. The plan sets out the safety measures for that school. The text lists no cost for this vote.,School plans,school_plan,,,Roosevelt Middle School,no_cost,,,,,,,true,2024-07-01,2025-06-30,,,,Adopted on the General Consent Report,2024-01-24,true,auto_ok,sonnet-agent,enrich.v3.md,true,
2024-01-24:24-0085,2024-01-24,2024-01-24,regular,T.-85,146,general,Chief Academic Officer,24-0085,https://ousd.legistar.com/gateway.aspx?M=L&ID=60259,School Year 2024-2025 Comprehensive School Site Safety Plan – Rusdale Continuation School,Adoption by the Board of Education of School Year 2024-2025 Comprehensive School Site Safety Plan - Rusdale Continuation School.,Safety/Climate Plan,Chief Academic Officer,,,,Adopts the 2024-25 school site safety plan for Rusdale Continuation School,The Board adopts the Comprehensive School Site Safety Plan for Rusdale Continuation School for the 2024-2025 school year. The plan sets out the safety measures for that school. The text lists no cost for this vote.,School plans,school_plan,,,Rusdale Continuation School,no_cost,,,,,,,true,2024-07-01,2025-06-30,,,,Adopted on the General Consent Report,2024-01-24,true,auto_ok,sonnet-agent,enrich.v3.md,true,
2024-01-24:24-0086,2024-01-24,2024-01-24,regular,T.-86,147,general,Chief Academic Officer,24-0086,https://ousd.legistar.com/gateway.aspx?M=L&ID=60260,School Year 2024-2025 Comprehensive School Site Safety Plan – Sankofa United School,Adoption by the Board of Education of School Year 2024-2025 Comprehensive School Site Safety Plan - Sankofa United School.,Safety/Climate Plan,Chief Academic Officer,,,,Adopts the 2024-25 school site safety plan for Sankofa United School,The Board adopts the Comprehensive School Site Safety Plan for Sankofa United School for the 2024-2025 school year. The plan sets out the safety measures for that school. The text lists no cost for this vote.,School plans,school_plan,,,Sankofa United School,no_cost,,,,,,,true,2024-07-01,2025-06-30,,,,Adopted on the General Consent Report,2024-01-24,true,auto_ok,sonnet-agent,enrich.v3.md,true,
2024-01-24:24-0087,2024-01-24,2024-01-24,regular,T.-87,148,general,Chief Academic Officer,24-0087,https://ousd.legistar.com/gateway.aspx?M=L&ID=60261,School Year 2024-2025 Comprehensive School Site Safety Plan – Sequoia Elementary School,Adoption by the Board of Education of School Year 2024-2025 Comprehensive School Site Safety Plan - Sequoia Elementary School.,Safety/Climate Plan,Chief Academic Officer,,,,Adopts the 2024-25 school site safety plan for Sequoia Elementary School,The Board adopts the Comprehensive School Site Safety Plan for Sequoia Elementary School for the 2024-2025 school year. The plan sets out the safety measures for that school. The text lists no cost for this vote.,School plans,school_plan,,,Sequoia Elementary School,no_cost,,,,,,,true,2024-07-01,2025-06-30,,,,Adopted on the General Consent Report,2024-01-24,true,auto_ok,sonnet-agent,enrich.v3.md,true,
2024-01-24:24-0088,2024-01-24,2024-01-24,regular,T.-88,149,general,Chief Academic Officer,24-0088,https://ousd.legistar.com/gateway.aspx?M=L&ID=60262,School Year 2024-2025 Comprehensive School Site Safety Plan – Skyline High School,Adoption by the Board of Education of School Year 2024-2025 Comprehensive School Site Safety Plan - Skyline High School.,Safety/Climate Plan,Chief Academic Officer,,,,Adopts the 2024-25 school site safety plan for Skyline High School,The Board adopts the Comprehensive School Site Safety Plan for Skyline High School for the 2024-2025 school year. The plan sets out the safety measures for that school. The text lists no cost for this vote.,School plans,school_plan,,,Skyline High School,no_cost,,,,,,,true,2024-07-01,2025-06-30,,,,Adopted on the General Consent Report,2024-01-24,true,auto_ok,sonnet-agent,enrich.v3.md,true,
2024-01-24:24-0089,2024-01-24,2024-01-24,regular,T.-89,150,general,Chief Academic Officer,24-0089,https://ousd.legistar.com/gateway.aspx?M=L&ID=60263,School Year 2024-2025 Comprehensive School Site Safety Plan - Sojourner Truth Independent Study School,Adoption by the Board of Education of School Year 2024-2025 Comprehensive School Site Safety Plan - Sojourner Truth Independent Study School.,Safety/Climate Plan,Chief Academic Officer,,,,Adopts the 2024-25 school site safety plan for Sojourner Truth Independent Study School,The Board adopts the Comprehensive School Site Safety Plan for Sojourner Truth Independent Study School for the 2024-2025 school year. The plan sets out the safety measures for that school. The text lists no cost for this vote.,School plans,school_plan,,,Sojourner Truth Independent Study School,no_cost,,,,,,,true,2024-07-01,2025-06-30,,,,Adopted on the General Consent Report,2024-01-24,true,auto_ok,sonnet-agent,enrich.v3.md,true,
2024-01-24:24-0090,2024-01-24,2024-01-24,regular,T.-90,151,general,Chief Academic Officer,24-0090,https://ousd.legistar.com/gateway.aspx?M=L&ID=60264,School Year 2024-2025 Comprehensive School Site Safety Plan – Emiliano Zapata Academy (Street Academy),Adoption by the Board of Education of School Year 2024-2025 Comprehensive School Site Safety Plan - Emiliano Zapata Academy (Street Academy).,Safety/Climate Plan,Chief Academic Officer,,,,Adopts the 2024-25 school site safety plan for Emiliano Zapata Academy (Street Academy),The Board adopts the Comprehensive School Site Safety Plan for Emiliano Zapata Academy (Street Academy) for the 2024-2025 school year. The plan sets out the safety measures for that school. The text lists no cost for this vote.,School plans,school_plan,,,Emiliano Zapata Academy (Street Academy),no_cost,,,,,,,true,2024-07-01,2025-06-30,,,,Adopted on the General Consent Report,2024-01-24,true,auto_ok,sonnet-agent,enrich.v3.md,true,
2024-01-24:24-0091,2024-01-24,2024-01-24,regular,T.-91,152,general,Chief Academic Officer,24-0091,https://ousd.legistar.com/gateway.aspx?M=L&ID=60265,School Year 2024-2025 Comprehensive School Site Safety Plan – Think College Now Elementary School,Adoption by the Board of Education of School Year 2024-2025 Comprehensive School Site Safety Plan - Think College Now Elementary School.,Safety/Climate Plan,Chief Academic Officer,,,,Adopts the 2024-25 school site safety plan for Think College Now Elementary,"The Board is adopting the comprehensive school site safety plan for Think College Now Elementary School for the 2024-2025 school year. The official text does not describe what is in the plan, and no cost is listed.",School plans,school_plan,,,Think College Now Elementary School,no_cost,,,,,,,true,2024-07-01,2025-06-30,,,,Adopted on the General Consent Report,2024-01-24,true,auto_ok,sonnet-agent,enrich.v3.md,true,
2024-01-24:24-0092,2024-01-24,2024-01-24,regular,T.-92,153,general,Chief Academic Officer,24-0092,https://ousd.legistar.com/gateway.aspx?M=L&ID=60266,School Year 2024-2025 Comprehensive School Site Safety Plan – Thornhill Elementary School,Adoption by the Board of Education of School Year 2024-2025 Comprehensive School Site Safety Plan - Thornhill Elementary School.,Safety/Climate Plan,Chief Academic Officer,,,,Adopts the 2024-25 school site safety plan for Thornhill Elementary,"The Board is adopting the comprehensive school site safety plan for Thornhill Elementary School for the 2024-2025 school year. The official text does not describe what is in the plan, and no cost is listed.",School plans,school_plan,,,Thornhill Elementary School,no_cost,,,,,,,true,2024-07-01,2025-06-30,,,,Adopted on the General Consent Report,2024-01-24,true,auto_ok,sonnet-agent,enrich.v3.md,true,
2024-01-24:24-0093,2024-01-24,2024-01-24,regular,T.-93,154,general,Chief Academic Officer,24-0093,https://ousd.legistar.com/gateway.aspx?M=L&ID=60267,School Year 2024-2025 Comprehensive School Site Safety Plan – United for Success Academy,Adoption by the Board of Education of School Year 2024-2025 Comprehensive School Site Safety Plan - United for Success Academy.,Safety/Climate Plan,Chief Academic Officer,,,,Adopts the 2024-25 school site safety plan for United for Success Academy,"The Board is adopting the comprehensive school site safety plan for United for Success Academy for the 2024-2025 school year. The official text does not describe what is in the plan, and no cost is listed.",School plans,school_plan,,,United for Success Academy,no_cost,,,,,,,true,2024-07-01,2025-06-30,,,,Adopted on the General Consent Report,2024-01-24,true,auto_ok,sonnet-agent,enrich.v3.md,true,
2024-01-24:24-0094,2024-01-24,2024-01-24,regular,T.-94,155,general,Chief Academic Officer,24-0094,https://ousd.legistar.com/gateway.aspx?M=L&ID=60268,School Year 2024-2025 Comprehensive School Site Safety Plan – Urban Promise Academy,Adoption by the Board of Education of School Year 2024-2025 Comprehensive School Site Safety Plan - Urban Promise Academy.,Safety/Climate Plan,Chief Academic Officer,,,,Adopts the 2024-25 school site safety plan for Urban Promise Academy,"The Board is adopting the comprehensive school site safety plan for Urban Promise Academy for the 2024-2025 school year. The official text does not describe what is in the plan, and no cost is listed.",School plans,school_plan,,,Urban Promise Academy,no_cost,,,,,,,true,2024-07-01,2025-06-30,,,,Adopted on the General Consent Report,2024-01-24,true,auto_ok,sonnet-agent,enrich.v3.md,true,
2024-01-24:24-0095,2024-01-24,2024-01-24,regular,T.-95,156,general,Chief Academic Officer,24-0095,https://ousd.legistar.com/gateway.aspx?M=L&ID=60269,School Year 2024-2025 Comprehensive School Site Safety Plan – West Oakland Middle School,Adoption by the Board of Education of School Year 2024-2025 Comprehensive School Site Safety Plan - West Oakland Middle School,Safety/Climate Plan,Chief Academic Officer,,,,Adopts the 2024-25 school site safety plan for West Oakland Middle School,"The Board is adopting the comprehensive school site safety plan for West Oakland Middle School for the 2024-2025 school year. The official text does not describe what is in the plan, and no cost is listed.",School plans,school_plan,,,West Oakland Middle School,no_cost,,,,,,,true,2024-07-01,2025-06-30,,,,Adopted on the General Consent Report,2024-01-24,true,auto_ok,sonnet-agent,enrich.v3.md,true,
2024-01-24:24-0096,2024-01-24,2024-01-24,regular,T.-96,157,general,Chief Academic Officer,24-0096,https://ousd.legistar.com/gateway.aspx?M=L&ID=60270,School Year 2024-2025 Comprehensive School Site Safety Plan – Westlake Middle School,Adoption by the Board of Education of School Year 2024-2025 Comprehensive School Site Safety Plan - Westlake Middle School.,Safety/Climate Plan,Chief Academic Officer,,,,Adopts the 2024-25 school site safety plan for Westlake Middle School,"The Board is adopting the comprehensive school site safety plan for Westlake Middle School for the 2024-2025 school year. The official text does not describe what is in the plan, and no cost is listed.",School plans,school_plan,,,Westlake Middle School,no_cost,,,,,,,true,2024-07-01,2025-06-30,,,,Adopted on the General Consent Report,2024-01-24,true,auto_ok,sonnet-agent,enrich.v3.md,true,
2024-01-24:24-0097,2024-01-24,2024-01-24,regular,T.-97,158,general,Chief Academic Officer,24-0097,https://ousd.legistar.com/gateway.aspx?M=L&ID=60271,School Year 2024-2025 Comprehensive School Site Safety Plan – Acorn Woodland Elementary School,Adoption by the Board of Education of School Year 2024-2025 Comprehensive School Site Safety Plan - Acorn Woodland Elementary School,Safety/Climate Plan,Chief Academic Officer,,,,Adopts the 2024-25 school site safety plan for Acorn Woodland Elementary,"The Board is adopting the comprehensive school site safety plan for Acorn Woodland Elementary School for the 2024-2025 school year. The official text does not describe what is in the plan, and no cost is listed.",School plans,school_plan,,,Acorn Woodland Elementary School,no_cost,,,,,,,true,2024-07-01,2025-06-30,,,,Adopted on the General Consent Report,2024-01-24,true,auto_ok,sonnet-agent,enrich.v3.md,true,
2024-01-24:23-2899,2024-01-24,2024-01-24,regular,T.-98,159,general,Chief Academic Officer,23-2899,https://ousd.legistar.com/gateway.aspx?M=L&ID=60142,Services Agreement 2023-2024 - SEE Change Consulting - Strategic Resource Planning Department,"Ratification by the Board of Education of a Services Agreement 2023-2024 by and between the District and SEE Change Consulting, Brisbane, CA, for the latter to provide qualitative assessment of school climate and culture; communication skills training for all employees; coaching sessions for the leadership team and facilitated dialogue for adults in unproductive conflict, via Strategic Resource Planning Department, for the period of December 18, 2023 through June 28, 2024, in an amount not to exceed $31,757.00.",Agreement or Contract,Chief Academic Officer,008536,v-008536,Title 2-a Teacher Quality,"Ratifies up to $31,757 for SEE Change Consulting's school climate review and staff coaching","SEE Change Consulting would assess school climate and culture, train all employees in communication skills, coach the leadership team, and facilitate dialogue for adults in unproductive conflict. The work runs December 18, 2023 through June 28, 2024, so this ratification comes after the work began. The cost is capped at $31,757.",Staff & hiring,new_agreement,SEE Change Consulting,organization,,expense,not_to_exceed,31757,,,,,true,2023-12-18,2024-06-28,after_work_began,,,Adopted on the General Consent Report,2024-01-24,true,auto_ok,sonnet-agent,enrich.v3.md,true,
2024-01-24:23-2906,2024-01-24,2024-01-24,regular,T.-99,160,general,Chief Academic Officer,23-2906,https://ousd.legistar.com/gateway.aspx?M=L&ID=60149,Services Agreement 2023-2024 - Wellness Together - Crocker Highlands Elementary School,"Ratification by the Board of Education of a Services Agreement 2023-2024 by and between the District and Wellness Together, Roseville, CA, for the latter to provide consulting and advisory services in a safe, encouraging, and supportive manner, relevant and specific to the needs of the participating students, in person or on line, as applicable, including but not limited to: School-based services; Individual counseling sessions; General psychosocial interventions; Group counseling sessions; Community referrals; and upon the discontinuation of School-based services, the student and/or family may be offered three referrals to alternative community mental health providers at Crocker Highlands Elementary School, for the period of August 14, 2023 through May 29, 2024, in an amount not to exceed $19,003.80.",Agreement or Contract,Chief Academic Officer,007308,v-007308,PTA LOCAL SCHOOLS,"Ratifies up to $19,003.80 for Wellness Together counseling at Crocker Highlands Elementary","Wellness Together would provide school-based counseling services to participating students at Crocker Highlands Elementary School, including individual and group sessions and referrals to community mental health providers. The agreement runs August 14, 2023 through May 29, 2024, so this ratification comes after the work began. The cost is capped at $19,003.80.","Student health, support & family services",new_agreement,Wellness Together,organization,Crocker Highlands Elementary School,expense,not_to_exceed,19003.8,,,,,true,2023-08-14,2024-05-29,after_work_began,,,Adopted on the General Consent Report,2024-01-24,true,auto_ok,sonnet-agent,enrich.v3.md,true,
2024-01-24:23-2907,2024-01-24,2024-01-24,regular,T.-100,161,general,Chief Academic Officer,23-2907,https://ousd.legistar.com/gateway.aspx?M=L&ID=60150,Services Agreement 2023-2024 - N2Y LLC - Special Education Department,"Ratification by the Board of Education of a Services Agreement 2023-2024 by and between the District and N2Y LLC, Huron, OH, for the latter to provide onsite and targeted webinar professional development Quote No. Q-127908 - Onsite Professional Learning, Targeted Live Webinars (6-hours) - as specified, via Special Education Department, for the period of July 10, 2023 through June 30, 2024, in an amount not to exceed $6,688.50.",Agreement or Contract,Chief Academic Officer,005213,v-005213,Special Education,"Ratifies up to $6,688.50 for N2Y training webinars for special education staff","N2Y LLC would provide onsite professional learning and six hours of targeted live webinars for the Special Education Department. The agreement runs July 10, 2023 through June 30, 2024, so this ratification comes after the work began. The cost is capped at $6,688.50.",Special education,new_agreement,N2Y LLC,organization,,expense,not_to_exceed,6688.5,,,,,true,2023-07-10,2024-06-30,after_work_began,,,Adopted on the General Consent Report,2024-01-24,true,auto_ok,sonnet-agent,enrich.v3.md,true,
2024-01-24:23-2908,2024-01-24,2024-01-24,regular,T.-101,162,general,Chief Academic Officer,23-2908,https://ousd.legistar.com/gateway.aspx?M=L&ID=60151,Services Agreement 2023-2024 - Seneca Family of Agencies - Horace Mann Elementary School,"Ratification by the Board of Education of a Services Agreement 2023-2024 by and between the District and Seneca Family of Agencies, Oakland, CA, for the latter to provide a Student Support Assistant for direct care services, five days a week during the After School Program hours throughout the school year,  including instructional, therapeutic and behavioral support, behavior management, behavior modification, coaching, training, and skill building to students and school staff at Horace Mann Elementary School, for the period of January 8, 2024 through May 23, 2024, in an amount not to exceed $60,000.00.",Agreement or Contract,Chief Academic Officer,003865,v-003865,Expanded Learning Opp Programs,"Ratifies up to $60,000 for Seneca Family of Agencies student support at Horace Mann after-school","Seneca Family of Agencies would provide a Student Support Assistant five days a week during After School Program hours at Horace Mann Elementary School, giving instructional, therapeutic and behavioral support to students and staff. The agreement runs January 8, 2024 through May 23, 2024, so this ratification comes after the work began. The cost is capped at $60,000.",After-school & summer programs,new_agreement,Seneca Family of Agencies,organization,Horace Mann Elementary School,expense,not_to_exceed,60000,,,,,true,2024-01-08,2024-05-23,after_work_began,,,Adopted on the General Consent Report,2024-01-24,true,auto_ok,sonnet-agent,enrich.v3.md,true,
2024-01-24:23-2910,2024-01-24,2024-01-24,regular,T.-102,163,general,Chief Academic Officer,23-2910,https://ousd.legistar.com/gateway.aspx?M=L&ID=60153,Services Agreement 2023-2024 - HeartStart CPR - Redwood Heights Elementary School,"Ratification by the Board of Education of a Services Agreement 2023-2024 by and between the District and HeartStart CPR, San Ramon, CA, for the latter to teach a three-hour CPR and First Aid class to thirty teachers at Redwood Heights Elementary School, for the period of December 12, 2023 through May 24, 2024, in an amount not to exceed $780.00.",Agreement or Contract,Chief Academic Officer,008787,v-008787,Donations,Ratifies up to $780 for HeartStart CPR to teach a CPR and First Aid class at Redwood Heights,"HeartStart CPR would teach a three-hour CPR and First Aid class to thirty teachers at Redwood Heights Elementary School. The agreement runs December 12, 2023 through May 24, 2024, so this ratification comes after the work began. The cost is capped at $780.","Student health, support & family services",new_agreement,HeartStart CPR,organization,Redwood Heights Elementary School,expense,not_to_exceed,780,,,,,true,2023-12-12,2024-05-24,after_work_began,,,Adopted on the General Consent Report,2024-01-24,true,auto_ok,sonnet-agent,enrich.v3.md,true,
2024-01-24:23-2911,2024-01-24,2024-01-24,regular,T.-103,164,general,Chief Academic Officer,23-2911,https://ousd.legistar.com/gateway.aspx?M=L&ID=60154,Services Agreement 2023-2024 - Quattrocchi Kwok Architects - Linked Learning Department,"Approval by the Board of Education of a Services Agreement 2023-2024 by and between the District and Quattrocchi Kwok Architects, Santa Rosa, CA, for the latter to provide professional design services such as electrical, plumbing, architectural and mechanical infrastructure drawings across the following high school sites: Oakland High School, Skyline High School, Madison Park Academy, Castlemont High School, Oakland Technical High School and Fremont High School; create construction documentation that may be used for bidding; and provide construction administration oversight through the implementation phase; with design plans reviewed by High School Linked Learning in partnership with Facilities Planning and Management, via Linked Learning Department, for the period of September 7, 2023 through June 30, 2024, in an amount not to exceed $101,490.00.",Agreement or Contract,Chief Academic Officer,008619,v-008619,CTE Incentive Grant,"Approves up to $101,490 for Quattrocchi Kwok Architects' design work at six high schools","Quattrocchi Kwok Architects would prepare electrical, plumbing, architectural and mechanical drawings and construction documents that can be used for bidding, and oversee construction, at Oakland High, Skyline High, Madison Park Academy, Castlemont High, Oakland Technical High and Fremont High. The agreement period began September 7, 2023 and runs through June 30, 2024, before this vote. The cost is capped at $101,490.",School buildings & construction,new_agreement,Quattrocchi Kwok Architects,organization,Oakland High School; Skyline High School; Madison Park Academy; Castlemont High School; Oakland Technical High School; Fremont High School,expense,not_to_exceed,101490,,,,,true,2023-09-07,2024-06-30,after_work_began,,,Adopted on the General Consent Report,2024-01-24,true,auto_ok,sonnet-agent,enrich.v3.md,true,
2024-01-24:23-2912,2024-01-24,2024-01-24,regular,T.-104,165,general,Chief Academic Officer,23-2912,https://ousd.legistar.com/gateway.aspx?M=L&ID=60155,Services Agreement 2023-2024 - Khepera Curriculum Group (KCG) - Office of Equity,"Ratification by the Board of Education of a Services Agreement 2023-2024 by and between the District and Khepera Curriculum Group (KCG), Vallejo, CA, for the latter to support the Office of Equity’s African American Male Achievement (AAMA) leadership to retain, support, and develop knowledge and skills of site based Manhood Development Program (MDP) OEA instructors across 15-20 elementary, middle, and high school sites; work with staff to provide training preparation, co-facilitation, and implementation of the AAMA MDP instructors’ Professional Learning Community (PLC); provide unlimited access for 15-20 AAMA secondary sites and elementary sites to the Khepera curriculum outline, for the period of December 15, 2023 through May 31, 2024, in an amount not to exceed $50,000.00.",Agreement or Contract,Chief Academic Officer,008627,v-008627,Kaiser Health & Wellness W/ebcf,"Ratifies up to $50,000 for Khepera Curriculum Group to support Manhood Development Program instructors","Khepera Curriculum Group would support the Office of Equity's African American Male Achievement leadership in training and developing instructors for the Manhood Development Program at 15 to 20 school sites. It would also help run the instructors' professional learning community and provide access to its curriculum outline. The agreement runs December 15, 2023 through May 31, 2024, so this ratification comes after the work began. The cost is capped at $50,000.",Classroom & academic programs,new_agreement,Khepera Curriculum Group (KCG),organization,,expense,not_to_exceed,50000,,,,,true,2023-12-15,2024-05-31,after_work_began,,,Adopted on the General Consent Report,2024-01-24,true,auto_ok,sonnet-agent,enrich.v3.md,true,
2024-01-24:23-2913,2024-01-24,2024-01-24,regular,T.-105,166,general,Chief Academic Officer,23-2913,https://ousd.legistar.com/gateway.aspx?M=L&ID=60156,Services Agreement 2023-2024 - Flourish Agenda - Hoover Elementary School,"Ratification by the Board of Education of a Services Agreement 2023-2024 by and between the District and Flourish Agenda, Oakland, CA, for the latter to attend and facilitate monthly Family Council Meetings raising awareness and outreach; Introduce Four Pivots Parent Leadership framework to enhance community tools and strategies for parent and guardian leadership; Support Hoover Family Council in identifying primary goals and objectives for family engagement for the 2023-24 academic school year; Prepare a report to submit to Hoover Administration with next step recommendations for following academic year at Hoover Elementary School, for the period of September 1, 2023 through May 31, 2024, in an amount not to exceed $20,000.00.",Agreement or Contract,Chief Academic Officer,006267,v-006267,CCSPP Implementation Grant,"Ratifies up to $20,000 for Flourish Agenda to support Hoover Elementary's family council","Flourish Agenda would facilitate monthly Family Council meetings at Hoover Elementary School, introduce a parent leadership framework, help the council set family engagement goals, and write a report with recommendations for next year. The agreement runs September 1, 2023 through May 31, 2024, so this ratification comes after the work began. The cost is capped at $20,000.","Student health, support & family services",new_agreement,Flourish Agenda,organization,Hoover Elementary School,expense,not_to_exceed,20000,,,,,true,2023-09-01,2024-05-31,after_work_began,,,Adopted on the General Consent Report,2024-01-24,true,auto_ok,sonnet-agent,enrich.v3.md,true,
2024-01-24:23-2915,2024-01-24,2024-01-24,regular,T.-106,167,general,Chief Academic Officer,23-2915,https://ousd.legistar.com/gateway.aspx?M=L&ID=60158,No Cost Services Agreement 2023-2024 - Living Jazz - Academics and Instruction Department,"Ratification by the Board of Education of a Services Agreement - 2023-2024 - No-Cost by and between the District and Living Jazz, Oakland, CA, for the latter to provide Living Jazz Teaching Artists from its Children’s Project to lead united choir of 2nd and 3rd grade students who have been participating in choral program from Glenview, Cleveland, Carl B Munck and La Escuelita Schools rehearsal, on January 11, 2024, in preparation for the MLK Tribute concert at the Paramount Theater on Saturday, January 13, 2024 and as further described in Exhibit A of the Agreement, incorporated herein by reference, via Academics and Instruction Department, for the period of January 11, 2024 through January 13, 2024, at no cost to the District.",Agreement or Contract,Chief Academic Officer,008016,v-008016,No Fiscal Impact,Ratifies a no-cost Living Jazz choir rehearsal for the MLK Tribute concert,"Living Jazz teaching artists would lead a rehearsal on January 11, 2024 for a united choir of 2nd and 3rd graders from Glenview, Cleveland, Carl B Munck and La Escuelita schools. It prepares them for the MLK Tribute concert at the Paramount Theater on January 13, 2024. The district pays nothing, and this ratification comes after the rehearsal date.",Classroom & academic programs,new_agreement,Living Jazz,organization,Glenview; Cleveland; Carl B Munck; La Escuelita,no_cost,,,,,,,true,2024-01-11,2024-01-13,after_work_began,,,Adopted on the General Consent Report,2024-01-24,true,auto_ok,sonnet-agent,enrich.v3.md,true,
2024-01-24:23-2916,2024-01-24,2024-01-24,regular,T.-107,168,general,Chief Academic Officer,23-2916,https://ousd.legistar.com/gateway.aspx?M=L&ID=60159,Services Agreement 2023-2024 - The SIFE Equity Project - Oakland International High School,"Ratification by the Board of Education of a Services Agreement 2023-2024 by and between the District and The SIFE Equity Project, Barrytown, NY, for the latter to partner with teacher Aly Kronik to review how the reading program is strategically supporting student growth; meet twice a month to look at data, develop entrance and exit criteria and reflect on the effectiveness of instructional practices at Oakland International High School, for the period of December 1, 2023 through May 15, 2024, in an amount not to exceed $3,000.00.",Agreement or Contract,Chief Academic Officer,007801,v-007801,Unrestricted Supplemental,"Ratifies up to $3,000 for The SIFE Equity Project to review reading support at Oakland International High","The SIFE Equity Project would work with a teacher at Oakland International High School to review how the reading program supports student growth, meeting twice a month to look at data and set entrance and exit criteria. The agreement runs December 1, 2023 through May 15, 2024, so this ratification comes after the work began. The cost is capped at $3,000.",Classroom & academic programs,new_agreement,The SIFE Equity Project,organization,Oakland International High School,expense,not_to_exceed,3000,,,,,true,2023-12-01,2024-05-15,after_work_began,,,Adopted on the General Consent Report,2024-01-24,true,auto_ok,sonnet-agent,enrich.v3.md,true,
2024-01-24:23-2917,2024-01-24,2024-01-24,regular,T.-108,169,general,Chief Academic Officer,23-2917,https://ousd.legistar.com/gateway.aspx?M=L&ID=60160,Services Agreement 2023-2024 - Bureau of Education Research - Ralph J. Bunche Academy,"Ratification by the Board of Education of a Services Agreement 2023-2024 by and between the District and Bureau of Education Research, Bellevue, WA, for the latter to present strategies to educators and teachers to increase student success by improving educators' knowledge of mental and emotional tools that strengthen learning outcomes through replenishing scholars, staff, and school culture's well-being …. 
for Ralph J. Bunche Academy, for the period of November 17, 2023 through November 17, 2023, in an amount not to exceed $4,966.00.",Agreement or Contract,Chief Academic Officer,002200,v-002200,Unrestricted Supplemental,"Ratifies up to $4,966 for Bureau of Education Research staff well-being training at Bunche Academy","Bureau of Education Research would present strategies to educators at Ralph J. Bunche Academy on mental and emotional tools that support learning and the well-being of students, staff and school culture. The training was set for one day, November 17, 2023, so this ratification comes after it. The cost is capped at $4,966.",Classroom & academic programs,new_agreement,Bureau of Education Research,organization,Ralph J. Bunche Academy,expense,not_to_exceed,4966,,,,,true,2023-11-17,2023-11-17,after_work_began,,,Adopted on the General Consent Report,2024-01-24,true,auto_ok,sonnet-agent,enrich.v3.md,true,
2024-01-24:23-2922,2024-01-24,2024-01-24,regular,T.-109,170,general,Chief Academic Officer,23-2922,https://ousd.legistar.com/gateway.aspx?M=L&ID=60165,"Amendment No. 1, Services Agreement 2023-2024 - Yeah, Art! - Community Schools and Student Services Department","Ratification by the Board of Education of Amendment No. 1, Services Agreement 2023-2024 by and between the District and Yeah, Art!, Oakland, CA, for the latter to continue to provide high quality music programing which may include but is not limited to music production, vocal and instrumentation classes at Roosevelt Middle School, and adding, same at Melrose Leadership Academy for up to 30 students per class, 2 days a week for the 2023-2024 school year, for the unchanged term of July 26, 2023 through May 23, 2024, in the additional amount of $19,030.00, increasing the Agreement not to exceed amount from $28,000.00 to $47,030.00.  All other terms and conditions of the Agreement remain in full force and effect.",Agreement or Contract,Chief Academic Officer,008195,v-008195,Expanded Learning Opp Programs,"Adds $19,030 to Yeah, Art! music classes, now also at Melrose Leadership Academy","This amendment adds $19,030 to the contract with Yeah, Art! for music production, vocal and instrument classes, raising the cap from $28,000 to $47,030. The classes continue at Roosevelt Middle School and are added at Melrose Leadership Academy, for up to 30 students per class, 2 days a week. The term is unchanged (July 26, 2023 through May 23, 2024), so this ratification comes after the term began.",After-school & summer programs,amendment,"Yeah, Art!",organization,Roosevelt Middle School; Melrose Leadership Academy,expense,not_to_exceed,19030,,,28000,47030,true,2023-07-26,2024-05-23,after_work_began; raises_existing_contract; large_increase,,,Adopted on the General Consent Report,2024-01-24,true,auto_ok,sonnet-agent,enrich.v3.md,true,
2024-01-24:23-2923,2024-01-24,2024-01-24,regular,T.-110,171,general,Chief Academic Officer,23-2923,https://ousd.legistar.com/gateway.aspx?M=L&ID=60166,"Amendment No. 1, Services Agreement 2023-2024 - Kathy Bennett - Community Schools and Student Services Department","Ratification by the Board of Education of Amendment No. 1, Services Agreement 2023-2024 by and between the District and Kathy Bennett, El Sobrante, CA, for the latter, by an additional thirty-eight hours, “to serve as supervisor of participants of and to create an internship program to fill gaps in Mental Health Services, using graduate Master Social Worker (MSW) / Marriage and Family Therapist (MFT) students from graduate schools and university as interns …”, in the additional amount of  $5,000.00, increasing the not to exceed amount of the Agreement from $9,360.00 to $14,360.00, for the unchanged term of September 1, 2023 through May 31, 2024. All other terms and conditions of the Agreement remain in full force and effect.",Agreement or Contract,Chief Academic Officer,007983,v-007983,Healthy Oakland Teens,"Adds $5,000 to a mental health intern supervision contract, raising the cap to $14,360","This amendment adds 38 hours and $5,000 to a contract for an individual to supervise graduate social work and family therapy interns who fill gaps in mental health services. The cap rises from $9,360 to $14,360. The term is unchanged (September 1, 2023 through May 31, 2024), so this ratification comes after the term began.","Student health, support & family services",amendment,Kathy Bennett,individual,,expense,not_to_exceed,5000,,,9360,14360,true,2023-09-01,2024-05-31,after_work_began; raises_existing_contract; large_increase,,,Adopted on the General Consent Report,2024-01-24,true,auto_ok,sonnet-agent,enrich.v3.md,true,
2024-01-24:23-2924,2024-01-24,2024-01-24,regular,T.-111,172,general,Chief Academic Officer,23-2924,https://ousd.legistar.com/gateway.aspx?M=L&ID=60167,Services Agreement 2023-2024 - NCAOSA - Community Schools and Student Services Department,"Ratification by the Board of Education of a Services Agreement 2023-2024 by and between the District and NCAOSA, Redwood City, CA, for the latter to provide a professional learning program for 26-30 District music and dance teachers that will significantly support the Visual and Performing Arts initiative to provide arts to every single OUSD elementary student, with Music and dance teachers receiving and participating in 60+ hours of hands-on professional learning and curriculum design with presenters from the American Orff-Schulwerk Association, via Community Schools and Student Services Department, for the period of August 1, 2023 through June 28, 2024, in an amount not to exceed $5,000.00.",Agreement or Contract,Chief Academic Officer,003028,v-003028,"Measure G, Parcel Tax","Ratifies up to $5,000 for NCAOSA music and dance teacher training","NCAOSA would provide a professional learning program for 26 to 30 district music and dance teachers, with more than 60 hours of hands-on learning and curriculum design led by presenters from the American Orff-Schulwerk Association. It supports the district's goal of providing arts to every OUSD elementary student. The agreement runs August 1, 2023 through June 28, 2024, so this ratification comes after the work began. The cost is capped at $5,000.",Classroom & academic programs,new_agreement,NCAOSA,organization,,expense,not_to_exceed,5000,,,,,true,2023-08-01,2024-06-28,after_work_began,,,Adopted on the General Consent Report,2024-01-24,true,auto_ok,sonnet-agent,enrich.v3.md,true,
2024-01-24:23-2925,2024-01-24,2024-01-24,regular,T.-112,173,general,Chief Academic Officer,23-2925,https://ousd.legistar.com/gateway.aspx?M=L&ID=60168,Services Agreement 2023-2024 - Reading Partners - Lockwood STEAM Academy,"Ratification by the Board of Education of a Services Agreement 2023-2024 by and between the District and Reading Partners, Oakland, CA, for the latter to provide approximately forty students identified by staff a one-one reading intervention program, twice a week, with the goal of  participating students showing improvement of reading rate between 70% and 90% in the final evaluation, and related activities as described in Exhibit A of the Agreement, incorporated herein by reference as though fully set forth, at Lockwood STEAM Academy, for the period of August 7, 2023 through June 30, 2024, in an amount not to exceed $12,500.00.",Agreement or Contract,Chief Academic Officer,003539,v-003539,CCSPP Implementation Grant,"Ratifies up to $12,500 for Reading Partners one-on-one reading help at Lockwood STEAM Academy","Reading Partners would give about forty students chosen by staff a one-on-one reading intervention twice a week at Lockwood STEAM Academy. The goal is for participating students to improve their reading rate by 70% to 90% by the final evaluation. The agreement runs August 7, 2023 through June 30, 2024, so this ratification comes after the work began. The cost is capped at $12,500.",Classroom & academic programs,new_agreement,Reading Partners,organization,Lockwood STEAM Academy,expense,not_to_exceed,12500,,,,,true,2023-08-07,2024-06-30,after_work_began,,,Adopted on the General Consent Report,2024-01-24,true,auto_ok,sonnet-agent,enrich.v3.md,true,
2024-01-24:23-2927,2024-01-24,2024-01-24,regular,T.-113,174,general,Chief Academic Officer,23-2927,https://ousd.legistar.com/gateway.aspx?M=L&ID=60170,Services Agreement 2023-2024 - Kimochis/Plushy Feely Corporation - Special Education Department,"Ratification by the Board of Education of a Services Agreement 2023-2024 by and between the District and Kimochis/Plushy Feely Corporation, San Francisco, CA, for the latter to provide an interactive Professional Development at Burbank Preschool on January 8th from 8:30 AM through 3:30 PM for all Early Childhood Special Education (ECSE) teachers and Kindergarten through second grade Mild-Moderate Self Contained Class (SCC) teachers in Oakland Unified School District (OUSD), approximately 50 teachers, giving an overview of the Kimochi's social-emotional curriculum and how to adapt the curriculum for students with special needs, via Special Education Department, for the period of December 11, 2023 through January 19, 2024, in an amount not to exceed $3,700.00.",Agreement or Contract,Chief Academic Officer,002402,v-002402,S&C Carryover,"Ratifies up to $3,700 for Kimochis training for early childhood special education teachers","Kimochis/Plushy Feely Corporation would lead a one-day training at Burbank Preschool on January 8 for about 50 Early Childhood Special Education teachers and K-2 mild-moderate self-contained class teachers. It covers the Kimochis social-emotional curriculum and how to adapt it for students with special needs. The agreement period began December 11, 2023, so this ratification comes after the training date. The cost is capped at $3,700.",Special education,new_agreement,Kimochis/Plushy Feely Corporation,organization,Burbank Preschool,expense,not_to_exceed,3700,,,,,true,2023-12-11,2024-01-19,after_work_began,,,Adopted on the General Consent Report,2024-01-24,true,auto_ok,sonnet-agent,enrich.v3.md,true,
2024-01-24:23-2928,2024-01-24,2024-01-24,regular,T.-114,175,general,Chief Academic Officer,23-2928,https://ousd.legistar.com/gateway.aspx?M=L&ID=60171,"Services Agreement-2023-2024-No-Cost - Northeastern University - Mills College Campus, Lead by Learning - Academics and Instruction Department","Ratification by the Board of Education of a No Cost Services Agreement - 2023-2024  by and between the District and Northeastern University - Mills College Campus, Lead by Learning, Boston, MA, for the latter to provide Library Leadership Team with: Beginning-of-year visioning and goal-setting convening to develop leadership around shared goals; monthly library leader inquiry meetings to align around vision, evaluate impact, build vertical partnerships, and cultivate internal capacity to design and lead adult learning for the OUSD Library staff; monthly lead partner meeting to plan for library leader inquiry meetings, resulting in Library Leadership Team plan monthly staff development for library staff around building inclusive library spaces as evaluated by Library Agendas; Library Staff feeling supported in their work and professional growth as measured by post-meeting surveys; Library Leadership Team members will feel increased efficacy in their leadership roles and will grow as leaders, as measured by the end of year survey, via Academics and Instruction Department, for the period of August 1, 2023 through June 30, 2024, at no cost to the District.",Agreement or Contract,Chief Academic Officer,002865,v-002865,No Fiscal Impact,Ratifies a no-cost Northeastern University partnership to train OUSD library leaders,"Northeastern University - Mills College Campus, Lead by Learning would support the district's Library Leadership Team with goal-setting, monthly leader meetings and planning for staff development on building inclusive library spaces. Results are to be measured with agendas and surveys. The agreement runs August 1, 2023 through June 30, 2024 at no cost to the district, and this ratification comes after it began.",Classroom & academic programs,new_agreement,"Northeastern University - Mills College Campus, Lead by Learning",organization,,no_cost,,,,,,,true,2023-08-01,2024-06-30,after_work_began,,,Adopted on the General Consent Report,2024-01-24,true,auto_ok,sonnet-agent,enrich.v3.md,true,
2024-01-24:23-2929,2024-01-24,2024-01-24,regular,T.-115,176,general,Chief Academic Officer,23-2929,https://ousd.legistar.com/gateway.aspx?M=L&ID=60172,No Cost Services Agreement 2023-2024 - Young Audiences of Northern California - Hoover Elementary School,"Ratification by the Board of Education of a No Cost Services Agreement - 2023-2024 by and between the District and Young Audiences of Northern California, San Francisco, CA, for the latter to provide a performance with AXIS Company for the students at Hoover Elementary School, on March 15, 2024, at no cost to the District.",Agreement or Contract,Chief Academic Officer,004728,v-004728,No Fiscal Impact,"Ratifies a no-cost Young Audiences performance at Hoover Elementary on March 15, 2024","Young Audiences of Northern California would provide a performance with AXIS Company for students at Hoover Elementary School on March 15, 2024. The district pays nothing.",Classroom & academic programs,new_agreement,Young Audiences of Northern California,organization,Hoover Elementary School,no_cost,,,,,,,true,2024-03-15,2024-03-15,,,,Adopted on the General Consent Report,2024-01-24,true,auto_ok,sonnet-agent,enrich.v3.md,true,
2024-01-24:24-0010,2024-01-24,2024-01-24,regular,T.-116,177,general,Chief Academic Officer,24-0010,https://ousd.legistar.com/gateway.aspx?M=L&ID=60184,Services Agreement 2023-2024 - Destiny Arts Center - Westlake Middle School,"Approval by the Board of Education of a Services Agreement 2023-2024 by and between the District and Destiny Arts Center, Oakland, CA, for the latter to provide Movement and Performing Arts programming for the Spring 2024 school semester that aligns with the vision, mission, youth development model, principles and goals of Destiny and school; provide supervision and administrative infrastructure for Destiny Arts Center and Westlake; maintain communication between Destiny Arts Center and Westlake; provide designated Destiny Arts teaching artists with training, supervision, and program development to ensure optimum operation of the classes, via Westlake Middle School, for the period of January 9, 2024 through May 23, 2024, in an amount not to exceed $16,000.00.",Agreement or Contract,Chief Academic Officer,001363,v-001363,Measure G1 Parcel Tx,"Approves up to $16,000 for Destiny Arts Center movement and performing arts at Westlake Middle","Destiny Arts Center would provide movement and performing arts programming at Westlake Middle School for the Spring 2024 semester, including teaching artists with training and supervision. The agreement runs January 9, 2024 through May 23, 2024, so it began before this vote. The cost is capped at $16,000.",Classroom & academic programs,new_agreement,Destiny Arts Center,organization,Westlake Middle School,expense,not_to_exceed,16000,,,,,true,2024-01-09,2024-05-23,after_work_began,,,Adopted on the General Consent Report,2024-01-24,true,auto_ok,sonnet-agent,enrich.v3.md,true,
2024-01-24:24-0011,2024-01-24,2024-01-24,regular,T.-117,178,general,Chief Academic Officer,24-0011,https://ousd.legistar.com/gateway.aspx?M=L&ID=60185,Services Agreement 2023-2024 - Evolve Coaching & Consulting - Network 2,"Ratification by the Board of Education of a Services Agreement 2023-2024 by and between the District and Evolve Coaching & Consulting, Alameda, CA, for the latter to provide One-On-One Leadership Coaching around goals set by CLIENT [District] including the following:
·	60 minute sessions via Zoom or phone schedule by CLIENT via calendar link
·	Two sessions per month for six months
·	60 minute supervisor alignment session (optional)
·	60 minute supervisor close-out session (optional)
·	Email coordination in between sessions
 via Network 2, for the period of January 8, 2024 through June 30, 2024, in an amount not to exceed $5,200.00.",Agreement or Contract,Chief Academic Officer,008819,v-008819,S&C Carryover,"Ratifies up to $5,200 for Evolve Coaching & Consulting leadership coaching for Network 2","Evolve Coaching & Consulting would provide one-on-one leadership coaching for Network 2, with two 60-minute sessions per month for six months and two optional supervisor sessions. The agreement runs January 8, 2024 through June 30, 2024, so this ratification comes after the work began. The cost is capped at $5,200.",Staff & hiring,new_agreement,Evolve Coaching & Consulting,organization,,expense,not_to_exceed,5200,,,,,true,2024-01-08,2024-06-30,after_work_began,,,Adopted on the General Consent Report,2024-01-24,true,auto_ok,sonnet-agent,enrich.v3.md,true,
2024-01-24:24-0012,2024-01-24,2024-01-24,regular,T.-118,179,general,Chief Academic Officer,24-0012,https://ousd.legistar.com/gateway.aspx?M=L&ID=60186,Services Agreement 2023-2024 - Fam 1st Family Foundation - Oakland Athletic League,"Ratification by the Board of Education of a Services Agreement 2023-2024 by and between the District and Fam 1st Family Foundation, San Francisco, CA, for the latter to coordinate all OAL media team coverage for Middle and High Schools Athletic Programs; provide professional training twice a week at 2 hours per day on Media, Graphic Design, Journalism, Photography, Video Editing, and other related duties; provide support with Game Statistics, and event management coordination; provide internship opportunities for high school students committed to enhancing their interest in careers in sports at 12-20 hours per week; and support with coordinating transportation schedules for the OAL Media team to attend scheduled athletic events, via Oakland Athletic League (OAL), for the period of January 1, 2024 through December 30, 2024, in an amount not to exceed $50,000.00.",Agreement or Contract,Chief Academic Officer,008764,v-008764,S&C Carryover,"Ratifies up to $50,000 for Fam 1st Family Foundation to run the Oakland Athletic League media team","Fam 1st Family Foundation would coordinate media coverage of middle and high school athletics for the Oakland Athletic League, train students twice a week in media, graphic design, journalism, photography and video editing, and offer internships to high school students. The agreement runs January 1, 2024 through December 30, 2024, so this ratification comes after the term began. The cost is capped at $50,000.",Classroom & academic programs,new_agreement,Fam 1st Family Foundation,organization,,expense,not_to_exceed,50000,,,,,true,2024-01-01,2024-12-30,after_work_began,,,Adopted on the General Consent Report,2024-01-24,true,auto_ok,sonnet-agent,enrich.v3.md,true,
2024-01-24:24-0013,2024-01-24,2024-01-24,regular,T.-119,180,general,Chief Academic Officer,24-0013,https://ousd.legistar.com/gateway.aspx?M=L&ID=60187,Services Agreement 2023-2024 - Lead Liberated - Hoover Elementary School,"Ratification by the Board of Education of a Services Agreement 2023-2024 by and between the District and Lead Liberated, Oakland, CA, for the latter to support with leadership coaching, with two (2) components, each with its own set of outcomes, designed to support the Alumni Principal and a member of their ILT to identify and interrupt racism in their personal leadership and collective practices, by key activities and timeline, stated in Exhibit A of the Agreement, incorporated herein by reference as though fully set forth, at Hoover Elementary School, for the period of September 1, 2023 through May 31, 2024, in an amount not to exceed $13,000.00.",Agreement or Contract,Chief Academic Officer,008712,v-008712,Unrestricted Supplemental,"Ratifies up to $13,000 for Lead Liberated leadership coaching at Hoover Elementary","Lead Liberated would provide leadership coaching in two parts to the principal and a member of the school's leadership team at Hoover Elementary School, aimed at identifying and interrupting racism in their leadership practices. The agreement runs September 1, 2023 through May 31, 2024, so this ratification comes after the work began. The cost is capped at $13,000.",Staff & hiring,new_agreement,Lead Liberated,organization,Hoover Elementary School,expense,not_to_exceed,13000,,,,,true,2023-09-01,2024-05-31,after_work_began,,,Adopted on the General Consent Report,2024-01-24,true,auto_ok,sonnet-agent,enrich.v3.md,true,
2024-01-24:24-0018,2024-01-24,2024-01-24,regular,T.-120,181,general,Chief Academic Officer,24-0018,https://ousd.legistar.com/gateway.aspx?M=L&ID=60192,No-Cost Services Agreement and Data Sharing Agreement - University of San Francisco - Upward Bound Project - HS Linked Learning Office,"Approval by the Board of Education of a Service Agreement (SA) and Data Sharing Agreement (DSA) by and between the District and the University of San Francisco, San Francisco, CA, for the latter to through the SA to provide its Upward Bound Project advisors to assist OUSD staff to support students in postsecondary planning; view-only access to Aeries and other student data enables advisors to provide more effective services to students, as described in Exhibit A of the SA, incorporated herein by reference as through fully set forth, at no cost to the District, for the period of  July 1, 2023 through August 31, 2024, and under the DSA, the terms and conditions of District's transmission of or sharing of pupil data with the University of San Francisco and the protection by the University of San Francisco, of such data, for the same term as SA, via the High School Linked Learning Department.",Agreement or Contract,Chief Academic Officer,,n-university-of-san-francisco,No Fiscal Impact,Approves no-cost University of San Francisco Upward Bound advising and student data sharing,"The University of San Francisco's Upward Bound Project would provide advisors to help OUSD staff support students with planning after high school, at no cost to the district. A paired data sharing agreement (DSA) sets the terms for sharing student data with the university, including view-only access to Aeries and other student data, and for protecting it. Both run July 1, 2023 through August 31, 2024, so they began before this vote.",Classroom & academic programs,mou_or_data_sharing,University of San Francisco,organization,,no_cost,,,,,,,true,2023-07-01,2024-08-31,after_work_began; multi_year,,,Adopted on the General Consent Report,2024-01-24,true,auto_ok,sonnet-agent,enrich.v3.md,true,
2024-01-24:24-0015,2024-01-24,2024-01-24,regular,T.-121,182,general,Chief Academic Officer,24-0015,https://ousd.legistar.com/gateway.aspx?M=L&ID=60189,Continued Funding Application Fiscal Year 2024-25 - California Department of Education - California State Preschool Program (CSPP) and Pre-Kindergarten & Family Literacy Program (CPKS) - Early Childhood Education Department,"Adoption by the Board of Education of Resolution No. 2324-0010 - Approving Fiscal Year 2024-25 Continued Funding Application for California State Preschool Program (CSPP) and Pre-Kindergarten & Family Literacy Program (CPKS), operated by the Early Childhood Education Department, for automatic renewal, in an amount to be determined by the California Department of Education, pursuant to funding terms and conditions, and authorizing signatories therefor.",Application,Chief Academic Officer,,n-california-department-of-education,California Department of Education,Applies to renew state preschool and family literacy funding for 2024-25; amount set by the state,"The board adopts a resolution approving the district's application to renew state funding for its State Preschool Program and its Pre-Kindergarten and Family Literacy Program, both run by the Early Childhood Education Department. The funding amount will be decided by the California Department of Education. The resolution also authorizes who may sign for the district.",Classroom & academic programs,grant_or_funding_in,California Department of Education,organization,,revenue,,,,,,,true,2024-07-01,2025-06-30,grant_application,,,Adopted on the General Consent Report,2024-01-24,true,auto_ok,sonnet-agent,enrich.v3.md,true,
2024-01-24:23-2598,2024-01-24,2024-01-24,regular,T.-122,184,general,General Counsel (Interim),23-2598,https://ousd.legistar.com/gateway.aspx?M=L&ID=59841,In-Lieu of Prop 39 Facilities Use Agreement for 2024-2027 – AIMS High Charter School - Office of Charter Schools,"Approval by the Board of Education of the In Lieu of Proposition 39 Facilities Use Agreement by and between the District and AIMS High Charter School for partial use of the Lakeview Campus, as specified in the Agreement, for a three-year term, for the period July 1, 2024 through June 30, 2027:

For 26,951 square feet, including utilities: 2024-25 Proposition 39 per square foot rate of $6.58 during the 2024-25 fiscal year*; 1.05 times the 2025-26 Proposition 39 per square foot rate during the 2025-26 fiscal year; and 1.10 times the 2026-27 Proposition 39 per square foot rate during the 2026-27 fiscal year.
___
*Anticipated revenue to the District of $177,338 in 2024-25.",Agreement or Contract,General Counsel,,n-aims-high-charter-school,,"Lets AIMS High Charter School use part of Lakeview Campus through 2027; $177,338 expected in year one","The board approves a three-year agreement letting AIMS High Charter School use part of the Lakeview Campus (26,951 square feet, including utilities) from July 1, 2024 to June 30, 2027. The charter school pays a per-square-foot rate: $6.58 in 2024-25, then 1.05 times the 2025-26 rate and 1.10 times the 2026-27 rate. The district expects $177,338 in revenue in 2024-25, the first year.",Governance & board business,new_agreement,AIMS High Charter School,organization,AIMS High Charter School; Lakeview Campus,revenue,per_year,177338,,,,,true,2024-07-01,2027-06-30,yearly_cap; no_total_stated; multi_year,,,Adopted on the General Consent Report,2024-01-24,true,auto_ok,sonnet-agent,enrich.v3.md,true,
2024-01-24:23-2599,2024-01-24,2024-01-24,regular,T.-123,185,general,General Counsel (Interim),23-2599,https://ousd.legistar.com/gateway.aspx?M=L&ID=59842,In-Lieu of Prop 39 Facilities Use Agreement for 2024-2025 – ASCEND Charter School - Office of Charter Schools,"Approval by the Board of Education of the In Lieu of Proposition 39 Facilities Use Agreement by and between the District and ASCEND Charter School for use of the Campus located at 3709 E 12th St, Oakland, CA 94601, as specified in the Agreement, for a one-year term, for the period July 1, 2024 through June 30, 2025:

For 44,407 square feet: 2024-25 Proposition 39 per square foot rate of $4.56 during the 2024-25 fiscal year.
___
*Anticipated revenue to the District of $202,496 in 2024-25.",Agreement or Contract,General Counsel,,n-ascend-charter-school,,"Lets ASCEND Charter School use the 3709 E 12th St campus in 2024-25; $202,496 expected","The board approves a one-year agreement letting ASCEND Charter School use the campus at 3709 E 12th St, Oakland (44,407 square feet) from July 1, 2024 to June 30, 2025. The charter school pays $4.56 per square foot for 2024-25. The district expects $202,496 in revenue for the year.",Governance & board business,new_agreement,ASCEND Charter School,organization,ASCEND Charter School,revenue,fixed,202496,,,,,true,2024-07-01,2025-06-30,,,,Adopted on the General Consent Report,2024-01-24,true,auto_ok,sonnet-agent,enrich.v3.md,true,
2024-01-24:23-2601,2024-01-24,2024-01-24,regular,T.-124,186,general,General Counsel (Interim),23-2601,https://ousd.legistar.com/gateway.aspx?M=L&ID=59844,In-Lieu of Prop 39 Facilities Use Agreement for 2024-2027 – Community School for Creative Education Charter School - Office of Charter Schools,"Approval by the Board of Education of the In Lieu of Proposition 39 Facilities Use Agreement by and between the District and Community School for Creative Education Charter School for use of the 2111 International Blvd Campus, as specified in the Agreement, for a three-year term, for the period July 1, 2024 through June 30, 2027:

For 25,141 square feet: 2024-25 Proposition 39 per square foot rate of $4.56 during the 2024-25 fiscal year; 1.05 times the 2025-26 Proposition 39 per square foot rate during the 2025-26 fiscal year; and 1.10 times the 2026-27 Proposition 39 per square foot rate during the 2026-27 fiscal year; and

For 1,369 square feet, including utilities: two (2) times the 2024-25 Proposition 39 per square foot rate of $4.56 during the 2024-25 fiscal year; and two (2) times the 2025-26 Proposition 39 per square foot rate during the 2025-26 fiscal year; and two (2) times the 2026-27 Proposition 39 per square foot rate during the 2026-27 fiscal year.
__
*Anticipated revenue to the District of $139,057 in 2024-25.",Agreement or Contract,General Counsel,,n-community-school-for-creative-education-charter-school,,"Lets Community School for Creative Education use 2111 International Blvd campus to 2027; $139,057 in year one","The board approves a three-year agreement letting Community School for Creative Education Charter School use the 2111 International Blvd Campus from July 1, 2024 to June 30, 2027. It covers 25,141 square feet at $4.56 per square foot in 2024-25, plus 1,369 square feet including utilities at two times that rate, with set increases in later years. The district expects $139,057 in revenue in 2024-25, the first year.",Governance & board business,new_agreement,Community School for Creative Education Charter School,organization,Community School for Creative Education Charter School; 2111 International Blvd Campus,revenue,per_year,139057,,,,,true,2024-07-01,2027-06-30,yearly_cap; no_total_stated; multi_year,,,Adopted on the General Consent Report,2024-01-24,true,auto_ok,sonnet-agent,enrich.v3.md,true,
2024-01-24:23-2602,2024-01-24,2024-01-24,regular,T.-125,187,general,General Counsel (Interim),23-2602,https://ousd.legistar.com/gateway.aspx?M=L&ID=59845,In-Lieu of Prop 39 Facilities Use Agreement for 2024-2028 – Francophone Charter School - Office of Charter Schools,"Approval by the Board of Education of the In Lieu of Proposition 39 Facilities Use Agreement by and between the District and Francophone Charter School for use of the Toler Heights Campus, as specified in the Agreement, for a four-year term, for the period July 1, 2024 through June 30, 2028:

For 7,422 square feet: 2024-25 Proposition 39 per square foot rate of $4.56 during the 2024-25 fiscal year*; 1.05 times the 2025-26 Proposition 39 per square foot rate during the 2025-26 fiscal year; 1.10 times the 2026-27 Proposition 39 per square foot rate during the 2026-27 fiscal year; and 1.15 times the 2027-28 Proposition 39 per square foot rate during the 2027-28 fiscal year.
___
*Anticipated revenue to the District of $33,845 in 2024-25.",Agreement or Contract,General Counsel,,n-francophone-charter-school,,"Lets Francophone Charter School use Toler Heights Campus through 2028; $33,845 expected in year one","The board approves a four-year agreement letting Francophone Charter School use the Toler Heights Campus (7,422 square feet) from July 1, 2024 to June 30, 2028. The charter school pays $4.56 per square foot in 2024-25, with set increases of 1.05, 1.10 and 1.15 times the rate in the later years. The district expects $33,845 in revenue in 2024-25, the first year.",Governance & board business,new_agreement,Francophone Charter School,organization,Francophone Charter School; Toler Heights Campus,revenue,fixed,33845,,,,,true,2024-07-01,2028-06-30,multi_year,,,Adopted on the General Consent Report,2024-01-24,true,auto_ok,sonnet-agent,enrich.v3.md,true,
2024-01-24:23-2603,2024-01-24,2024-01-24,regular,T.-126,188,general,General Counsel (Interim),23-2603,https://ousd.legistar.com/gateway.aspx?M=L&ID=59846,In-Lieu of Prop 39 Facilities Use Agreement for 2024-2025 – Learning Without Limits Charter School - Office of Charter Schools,"Approval by the Board of Education of the In Lieu of Proposition 39 Facilities Use Agreement by and between the District and Learning Without Limits Charter School for partial use of the Jefferson Campus, as specified in the Agreement, for a three-year term, for the period July 1, 2024 through June 30, 2025:

For 33,693 square feet, including utilities: 2024-25 Proposition 39 per square foot rate of $6.58 during the 2024-25 fiscal year. *
___
*Anticipated revenue to the District of $211,720 in 2024-25.",Agreement or Contract,General Counsel,,n-learning-without-limits-charter-school,,"Lets Learning Without Limits Charter School use part of Jefferson Campus in 2024-25; $211,720 expected","The board approves an agreement letting Learning Without Limits Charter School use part of the Jefferson Campus (33,693 square feet, including utilities) for the period July 1, 2024 to June 30, 2025. The charter school pays $6.58 per square foot for 2024-25. The district expects $211,720 in revenue for the year.",Governance & board business,new_agreement,Learning Without Limits Charter School,organization,Learning Without Limits Charter School; Jefferson Campus,revenue,fixed,211720,,,,,true,2024-07-01,2025-06-30,source_issue,"The action text calls this a three-year term but gives a one-year period of July 1, 2024 through June 30, 2025, and the title says 2024-2025, so the length of the agreement is unclear.",,Adopted on the General Consent Report,2024-01-24,true,auto_ok,sonnet-agent,enrich.v3.md,true,
2024-01-24:23-2604,2024-01-24,2024-01-24,regular,T.-127,189,general,General Counsel (Interim),23-2604,https://ousd.legistar.com/gateway.aspx?M=L&ID=59847,In-Lieu of Prop 39 Facilities Use Agreement for 2024-2027 – Unity Middle Charter School -Office of Charter Schools,"Approval by the Board of Education of the In Lieu of Proposition 39 Facilities Use Agreement by and between the District and Unity Middle Charter School for use of the Campus located at 1180 70th Avenue, as specified in the Agreement, for a three-year term, for the period July 1, 2024 through June 30, 2027:

For 11,939 square feet, including utilities: 2024-25 Proposition 39 per square foot rate of $4.56 during the 2024-25 fiscal year*; 1.05 times the 2025-26 Proposition 39 per square foot rate during the 2025-26 fiscal year; and 1.10 times the 2026-27 Proposition 39 per square foot rate during the 2026-27 fiscal year.
___
*Anticipated revenue to the District of $54,442 in 2024-25.",Agreement or Contract,General Counsel,,n-unity-middle-charter-school,,"Lets Unity Middle Charter School use the 1180 70th Avenue campus to 2027; $54,442 expected in year one","The board approves a three-year agreement letting Unity Middle Charter School use the campus at 1180 70th Avenue (11,939 square feet, including utilities) from July 1, 2024 to June 30, 2027. The charter school pays $4.56 per square foot in 2024-25, then 1.05 times and 1.10 times that rate in the next two years. The district expects $54,442 in revenue in 2024-25, the first year.",Governance & board business,new_agreement,Unity Middle Charter School,organization,Unity Middle Charter School,revenue,fixed,54442,,,,,true,2024-07-01,2027-06-30,multi_year,,,Adopted on the General Consent Report,2024-01-24,true,auto_ok,sonnet-agent,enrich.v3.md,true,
2024-01-24:23-2605,2024-01-24,2024-01-24,regular,T.-128,190,general,General Counsel (Interim),23-2605,https://ousd.legistar.com/gateway.aspx?M=L&ID=59848,In-Lieu of Prop 39 Facilities Use Agreement for 2024-2026 – Urban Montessori Charter School - Office of Charter Schools,"Approval by the Board of Education of the In Lieu of Proposition 39 Facilities Use Agreement by and between the District and Urban Montessori Charter School for use of the Tilden Campus, as specified in the Agreement, for a two-year term, for the period July 1, 2024 through June 30, 2026:

For 32,527 square feet: 2024-25 Proposition 39 per square foot rate of $4.56 during the 2024-25 fiscal year*; and 1.05 times the 2025-26 Proposition 39 per square foot rate during the 2025-26 fiscal year.
___
*Anticipated revenue to the District of $148,323 in 2024-25.",Agreement or Contract,General Counsel,,n-urban-montessori-charter-school,,"Lets Urban Montessori Charter School use Tilden Campus through 2026; $148,323 expected in year one","The board approves a two-year agreement letting Urban Montessori Charter School use the Tilden Campus (32,527 square feet) from July 1, 2024 to June 30, 2026. The charter school pays $4.56 per square foot in 2024-25, then 1.05 times that rate in 2025-26. The district expects $148,323 in revenue in 2024-25, the first year.",Governance & board business,new_agreement,Urban Montessori Charter School,organization,Urban Montessori Charter School; Tilden Campus,revenue,per_year,148323,,,,,true,2024-07-01,2026-06-30,yearly_cap; no_total_stated; multi_year,,,Adopted on the General Consent Report,2024-01-24,true,auto_ok,sonnet-agent,enrich.v3.md,true,
2024-01-24:23-2606,2024-01-24,2024-01-24,regular,T.-129,191,general,General Counsel (Interim),23-2606,https://ousd.legistar.com/gateway.aspx?M=L&ID=59849,In-Lieu of Prop 39 Facilities Use Agreement for 2024-2025 – Bay Tech Charter School - Office of Charter Schools,"Approval by the Board of Education of the In Lieu of Proposition 39 Facilities Use Agreement by and between the District and Bay Technology Charter School for partial use of the King Estates Campus, as specified in the Agreement, for a one-year term, for the period July 1, 2024 through June 30, 2025:

For 28,862 square feet, including utilities: 2024-25 Proposition 39 per square foot rate of $6.58 during the 2024-25 fiscal year. *
___
*Anticipated revenue to the District of $189,912 in 2024-25.",Agreement or Contract,General Counsel,,n-bay-technology-charter-school,,"Lets Bay Technology Charter School use part of King Estates Campus in 2024-25; $189,912 expected","The board approves a one-year agreement letting Bay Technology Charter School use part of the King Estates Campus (28,862 square feet, including utilities) from July 1, 2024 to June 30, 2025. The charter school pays $6.58 per square foot for 2024-25. The district expects $189,912 in revenue for the year.",Governance & board business,new_agreement,Bay Technology Charter School,organization,Bay Technology Charter School; King Estates Campus,revenue,fixed,189912,,,,,true,2024-07-01,2025-06-30,,,,Adopted on the General Consent Report,2024-01-24,true,auto_ok,sonnet-agent,enrich.v3.md,true,
2024-01-24:24-0165,2024-01-24,2024-01-24,regular,T.-130,192,general,General Counsel (Interim),24-0165,https://ousd.legistar.com/gateway.aspx?M=L&ID=60339,License and Right of Entry Agreement - Masri Investment Corporation - Westlake Middle School - Division of Facilities Planning and Management,"Approval by the Board of Education of a License and Right of Entry Agreement by and between the District and Masri Investment Corporation, Discovery Bay, CA, granting a license and right of entry to the latter allowing corporation, as requested by the San Francisco Bay Regional Water Quality Control Board, to temporarily enter certain areas of Westlake Middle School, to investigate soil, soil gas and groundwater as indicated in Exhibit A, in accordance with the terms and conditions set forth herein, through September 30, 2024 unless the work is completed before September 30, 2024, at no cost to the District.",Agreement or Contract,General Counsel,,n-masri-investment,,Lets Masri Investment Corporation test soil and groundwater at Westlake Middle School at no cost,"The board approves a license letting Masri Investment Corporation enter parts of Westlake Middle School to investigate soil, soil gas and groundwater. The San Francisco Bay Regional Water Quality Control Board requested the work. The access lasts through September 30, 2024 or until the work is done, and costs the district nothing.",Governance & board business,new_agreement,Masri Investment Corporation,organization,Westlake Middle School,no_cost,,,,,,,true,,2024-09-30,,,,Adopted on the General Consent Report,2024-01-24,true,auto_ok,sonnet-agent,enrich.v3.md,true,
2024-01-24:24-0227,2024-01-24,2024-01-24,regular,T.-131,193,general,General Counsel (Interim),24-0227,https://ousd.legistar.com/gateway.aspx?M=L&ID=60401,Academic Calendar - 2024-2025 School Year - K-12 Program - General Counsel,Approval by the Board of Education of draft District 2024-2025 Academic Calendar TK-12 as District 2024-2025 Academic Calendar TK-12.,Motion,General Counsel,,,,Approves the 2024-2025 school-year academic calendar for transitional kindergarten through 12th grade,The board approves the draft 2024-2025 academic calendar for transitional kindergarten through 12th grade as the district's official calendar for that school year. The text does not list the dates.,Governance & board business,other,,,,no_cost,,,,,,,true,,,,,,Adopted on the General Consent Report,2024-02-14,true,auto_ok,sonnet-agent,enrich.v3.md,false,
2024-01-24:23-2888,2024-01-24,2024-01-24,regular,T.-132,195,general,Superintendent of Schools,23-2888,https://ousd.legistar.com/gateway.aspx?M=L&ID=60131,Services Agreement 2023-2024 - Moira De Nike - Office of the Chief of Staff,"Ratification by the Board of Education of a Services Agreement 2023-2024 by and between the District and Moira De Nike, San Francisco, CA, for the latter to  provide Project Management District and City wide Safety Planning, as described in the Agreement’s Scope of Work - City Safety Planning: Project Management, Charter & Labor Working Group, Monthly Safety Communications and Alignment of District Safety Planning Efforts; Working Timeline of Key Deliverables, as described, incorporated herein by reference as though fully set forth, via the Office of the Chief of Staff, for the period of December 11, 2023 through June 30, 2024, in an amount not to exceed $50,000.00.",Agreement or Contract,Superintendent,001318,v-001318,GP,"Ratifies up to $50,000 for a contractor to manage district and citywide safety planning","The board approves, after work began on December 11, 2023, a services agreement with an individual contractor for project management of district and citywide safety planning. The work includes a charter and labor working group, monthly safety communications, and aligning the district's safety planning efforts. The agreement runs through June 30, 2024 and may not exceed $50,000.","Food, transportation & operations",new_agreement,Moira De Nike,individual,,expense,not_to_exceed,50000,,,,,true,2023-12-11,2024-06-30,after_work_began,,,Adopted on the General Consent Report,2024-01-24,true,auto_ok,sonnet-agent,enrich.v3.md,true,
2024-01-24:24-0178,2024-01-24,2024-01-24,regular,T.-133,197,general,Board of Education,24-0178,https://ousd.legistar.com/gateway.aspx?M=L&ID=60352,"Minutes - Board of Education - Annual Organizational Meeting – January 8, 2024","Ratification by the Board of Education of its Annual Organizational Meeting Minutes of January 8, 2024, prepared by Staff shortly after said Meeting.","Minutes, Board of Education",Board of Education,,,,"Approves the minutes of the board's January 8, 2024 annual organizational meeting","The board ratifies the written minutes of its Annual Organizational Meeting held on January 8, 2024. Staff prepared the minutes shortly after the meeting. This is a record-keeping item with no cost.",Governance & board business,other,,,,no_cost,,,,,,,true,,,after_work_began,,,Adopted on the General Consent Report,2024-01-24,true,auto_ok,sonnet-agent,enrich.v3.md,true,
2024-01-24:24-0179,2024-01-24,2024-01-24,regular,T.-134,198,general,Board of Education,24-0179,https://ousd.legistar.com/gateway.aspx?M=L&ID=60353,"Minutes - Board of Education - Special Meeting – January 8, 2024","Ratification by the Board of Education of its Special Meeting Minutes of January 8, 2024, prepared by Staff shortly after said Meeting.","Minutes, Board of Education",Board of Education,,,,"Approves the minutes of the board's January 8, 2024 special meeting","The board ratifies the written minutes of its Special Meeting held on January 8, 2024. Staff prepared the minutes shortly after the meeting. This is a record-keeping item with no cost.",Governance & board business,other,,,,no_cost,,,,,,,true,,,after_work_began,,,Adopted on the General Consent Report,2024-01-24,true,auto_ok,sonnet-agent,enrich.v3.md,true,
2024-01-24:24-0180,2024-01-24,2024-01-24,regular,T.-135,199,general,Board of Education,24-0180,https://ousd.legistar.com/gateway.aspx?M=L&ID=60354,"Minutes - Board of Education - Regular Meeting – January 10, 2024","Ratification by the Board of Education of its Regular Meeting Minutes of January 10, 2024, prepared by Staff shortly after said Meeting.","Minutes, Board of Education",Board of Education,,,,"Approves the minutes of the board's January 10, 2024 regular meeting","The board ratifies the written minutes of its Regular Meeting held on January 10, 2024. Staff prepared the minutes shortly after the meeting. This is a record-keeping item with no cost.",Governance & board business,other,,,,no_cost,,,,,,,true,,,after_work_began,,,Adopted on the General Consent Report,2024-01-24,true,auto_ok,sonnet-agent,enrich.v3.md,true,
2024-01-24:24-0197,2024-01-24,2024-01-24,regular,T.-136,200,general,Board of Education,24-0197,https://ousd.legistar.com/gateway.aspx?M=L&ID=60400,"Amendment, Board Bylaw 9131- Advisory and Oversight Bodies - President, Board of Education","Approval by the Board of Education of Amendment, Bylaw 9131 - Advisory and Oversight Committees, reducing Audit Committees membership from seven (7) to five (5) members effective February 1, 2024.",Board By-Law,Board of Education,,,,"Cuts the Audit Committee from seven members to five starting February 1, 2024","The board amends Bylaw 9131, which covers advisory and oversight committees, to reduce the Audit Committee's membership from seven to five members. The change takes effect February 1, 2024. It has no stated cost.",Governance & board business,resolution_or_policy,,,,no_cost,,,,,,,true,2024-02-01,,,,,Adopted on the General Consent Report,2024-01-24,true,auto_ok,sonnet-agent,enrich.v3.md,true,
2024-01-24:24-0226,2024-01-24,2024-01-24,regular,T.-137,201,general,Board of Education,24-0226,https://ousd.legistar.com/gateway.aspx?M=L&ID=60371,"24-0241Reappointment – Caroline Lee and Bessie Weiss - Audit Committee - President, Board of Education","Ratification by the Board of Education of President of Board’s reappointment of Caroline Lee (3rd Term) and Bessie Weiss (2nd Term), each, having rendered satisfactory service to date, to the Audit Committee, for a term effective February 1, 2024, through January 31, 2026.",Appointment,Board of Education,,,,Reappoints two Audit Committee members for terms running February 2024 through January 2026,"The board ratifies the Board President's reappointment of two members to the Audit Committee: one for a third term and one for a second term. Both are described as having given satisfactory service. The new terms run from February 1, 2024 through January 31, 2026.",Governance & board business,other,,,,no_cost,,,,,,,true,2024-02-01,2026-01-31,multi_year,,,Adopted on the General Consent Report,2024-01-24,true,auto_ok,sonnet-agent,enrich.v3.md,true,
2024-01-24:24-0219,2024-01-24,2024-01-24,regular,T.-138,202,general,Board of Education,24-0219,https://ousd.legistar.com/gateway.aspx?M=L&ID=60393,Naming Members (In Part) To Vacancies/Term Thereof - Career Technical Education Advisory Committee - Board of Education,Adoption by the Board of Education of Resolution No. 2324-0170 - Career Technical Education Advisory Committee: Naming Members (In Part) To Vacancies/Term Thereof.,Appointment,Board of Education,,,,Names members to open seats on the Career Technical Education Advisory Committee,"The board adopts Resolution No. 2324-0170, which names members to fill some vacancies on the Career Technical Education Advisory Committee and sets their terms. The text does not list the members or the term dates.",Governance & board business,resolution_or_policy,,,,no_cost,,,,,,,true,,,,,,Adopted on the General Consent Report,2024-01-24,true,auto_ok,sonnet-agent,enrich.v3.md,true,
2024-01-24:24-0225,2024-01-24,2024-01-24,regular,T.-139,203,general,Board of Education,24-0225,https://ousd.legistar.com/gateway.aspx?M=L&ID=60399,"Appointment(s) - Measures N/H - College and Career Readiness Commission - President, Board of Education","Ratification by the Board of Education of President of the Board’s appointment of Gary Yee (1st Term), as Member, and reappointment of Katharina Nunez-Adler (3rd Term), as Member, and David Kakishiba (2nd Term), as Member and as Chair, of the Measures N and H - College and Career Readiness Commission, effective February 1, 2024,  for term ending January 31, 2026, respectively.",Appointment,Board of Education,,,,Appoints three members to the Measures N and H College and Career Readiness Commission,"The board ratifies the Board President's appointment of one new member and reappointment of two members to the Measures N and H College and Career Readiness Commission. One of the reappointed members will serve as Chair. Terms run from February 1, 2024 through January 31, 2026.",Governance & board business,other,,,,no_cost,,,,,,,true,2024-02-01,2026-01-31,multi_year,,,Adopted on the General Consent Report,2024-01-24,true,auto_ok,sonnet-agent,enrich.v3.md,true,
2024-01-24:24-0204,2024-01-24,2024-01-24,regular,T.-140,205,general,"Measure G1 Commission - December 12, 2023 - Shivani Grover, Chairperson",24-0204,https://ousd.legistar.com/gateway.aspx?M=L&ID=60378,Measure G1 Districtwide Teacher Retention and Middle School Improvement Act Oversight Commission - Measure G1 Funding Allocation - Named Schools,"Adoption by the Board of Education of Resolution No. 2324-0169 - Measure G1 - Districtwide Teacher Retention and Middle School Improvement Act Oversight Commission Recommendation Approving 2023-2024 Measure G1 Amended Grant Proposal for Frick United Academy of Language, and 2022-2023 Carryover/Expenditure Funding Requests for Named Schools: Frick United Academy of Language and Oakland Charter Academy.",Resolution,Board of Education,,,,Approves Measure G1 grant changes for Frick United Academy and carryover requests for two schools,The board adopts a resolution following the Measure G1 oversight commission's recommendation. It approves an amended 2023-2024 grant proposal for Frick United Academy of Language. It also approves requests to carry over and spend 2022-2023 Measure G1 funds at Frick United Academy of Language and Oakland Charter Academy. The text does not state dollar amounts.,Governance & board business,resolution_or_policy,,,Frick United Academy of Language; Oakland Charter Academy,expense,,,,,,,true,,,budget_allocation,,,Adopted on the General Consent Report,2024-01-24,true,auto_ok,sonnet-agent,enrich.v3.md,true,
2024-01-24:23-2749,2024-01-24,2024-01-24,regular,U.-1,207,bonds,,23-2749,https://ousd.legistar.com/gateway.aspx?M=L&ID=59992,"Amendment No. 2, Agreement for Inspector of Record Services for Construction – KDI Group, Inc. – Claremont Middle School Multi-Purpose Room Project – Division of Facilities Planning and Management","Approval by the Board of Education of Amendment No. 2, Agreement for Inspector of Record Services for Construction by and between the District and KDI Group, Inc., Oakland, CA, for the latter to continue to provide Inspector of Record Services for Claremont Middle School Multi-Purpose Room Project, in a not-to-exceed additional amount of $25,080.00, increasing the Agreement’s not to exceed amount from $487,550.00 to $512,630.00, and extending the term of the Agreement from December 2, 2021 through October 31, 2023, to June 30, 2024, an additional 243 calendar days. All other terms and conditions of the Agreement remain in full force and effect.",Agreement or Contract,"Deputy Chief, Facilities Planning and Management",002377,v-002377,Fund 21/Measure Y,"Adds $25,080 and extends KDI Group's inspection work at Claremont Middle School to June 2024","The board approves a second amendment to the contract with KDI Group, Inc. for inspector of record services on the Claremont Middle School Multi-Purpose Room Project. It adds $25,080, raising the contract limit from $487,550 to $512,630. It also extends the end date from October 31, 2023 to June 30, 2024, which is 243 more days.",School buildings & construction,amendment,"KDI Group, Inc.",organization,Claremont Middle School,expense,not_to_exceed,25080,,,487550,512630,true,2021-12-02,2024-06-30,after_work_began; raises_existing_contract; multi_year,,,Adopted on the General Consent Report,2024-01-24,true,auto_ok,sonnet-agent,enrich.v3.md,true,
2024-01-24:23-2761,2024-01-24,2024-01-24,regular,U.-2,208,bonds,,23-2761,https://ousd.legistar.com/gateway.aspx?M=L&ID=60004,"24-0246Amendment No.1, Engineering Services Agreement – Atlas Technical Consultants, LLC – Claremont Middle School Multi-Purpose Building and Kitchen Project - Division of Facilities Planning and Management","Approval by the Board of Education of Amendment No. 1, Agreement for Engineering Services by and between the District and Atlas Technical Consultants, LLC, Oakland, CA, extending the term of Agreement from December 16, 2021 through October 31, 2023 to June 30, 2024, an additional 243 calendar days, [for the latter to provide geotechnical engineer of record (GEOR) and soil testing observation services to include, but limited to earthwork observation and testing; submittal of all required DSA forms; reviews and response to geotechnical -related RFIs; attend project manager meetings and site visits for geotechnical consultations; sampling and laboratory testing of subgrade and fill; observation and moisture/density testing; coordination and engineer’s review of daily field reports (DFRs),] for the Claremont Middle School Multi-Purpose Building and Kitchen Project, at unchanged cost of $46,176.90.  All other terms and conditions of the Agreement remain in full force and effect.",Agreement or Contract,"Deputy Chief, Facilities Planning and Management",007113,v-007113,Fund 21/Measure Y,"Extends Atlas Technical Consultants' soil testing at Claremont Middle School to June 2024, no added cost","The board approves a first amendment to the contract with Atlas Technical Consultants, LLC for geotechnical engineer of record and soil testing services on the Claremont Middle School Multi-Purpose Building and Kitchen Project. It extends the end date from October 31, 2023 to June 30, 2024, which is 243 more days. The cost stays at $46,176.90.",School buildings & construction,amendment,"Atlas Technical Consultants, LLC",organization,Claremont Middle School,no_cost,,,,,,46176.9,true,2021-12-16,2024-06-30,after_work_began; multi_year; time_extension_only,,,Adopted on the General Consent Report,2024-01-24,true,auto_ok,sonnet-agent,enrich.v3.md,true,
2024-01-24:23-2762,2024-01-24,2024-01-24,regular,U.-3,209,bonds,,23-2762,https://ousd.legistar.com/gateway.aspx?M=L&ID=60005,"Amendment No. 2, Engineering Services Agreement – KW Engineering, Inc. – Claremont Middle School MPR & Kitchen Project - Division of Facilities Planning and Management","Approval by the Board of Education of Amendment No.2, Agreement for Engineering Services by and between the District and KW Engineering, Inc., Oakland, CA, extending the term of Agreement from July 1, 2021 through October 31, 2023 to June 30, 2024, an additional 243 calendar days, for the latter to provide Building Envelope and Enclosure Commissioning Services, and other remaining contracted services, if any, in the additional amount of $3,745.84, increasing the not to exceed amount of the Agreement from $78,188.00 to $81,933.84. All other terms and conditions of the Agreement remain in full force and effect.",Agreement or Contract,"Deputy Chief, Facilities Planning and Management",002451,v-002451,Fund 21 Building Funds Measure Y,"Adds $3,746 and extends KW Engineering's building commissioning work at Claremont Middle School","The board approves a second amendment to the contract with KW Engineering, Inc. for building envelope and enclosure commissioning services, plus any other remaining contracted services, on the Claremont Middle School project. It adds $3,745.84, raising the contract limit from $78,188 to $81,933.84. It also extends the end date from October 31, 2023 to June 30, 2024, which is 243 more days.",School buildings & construction,amendment,"KW Engineering, Inc.",organization,Claremont Middle School,expense,not_to_exceed,3745.84,,,78188,81933.84,true,2021-07-01,2024-06-30,after_work_began; raises_existing_contract; multi_year,,,Adopted on the General Consent Report,2024-01-24,true,auto_ok,sonnet-agent,enrich.v3.md,true,
2024-01-24:23-2789,2024-01-24,2024-01-24,regular,U.-4,210,bonds,,23-2789,https://ousd.legistar.com/gateway.aspx?M=L&ID=60032,"Amendment No. 2, General Services Agreement – HERTZ Environmental, Inc., - Claremont Middle School Multipurpose Room and Kitchen Project - Division of Facilities Planning and Management","Approval by the Board of Education of Amendment No. 2, General Services Agreement by and between the District and HERTZ Environmental, Inc., San Francisco, CA, extending the term of Agreement from March 24, 2022 through December 31, 2023 to June 28, 2024, an additional 180 calendar days, for the latter to continue to provide closeout of the Storm Water Pollution Prevention Plan for the Claremont Middle School Multipurpose Room and Kitchen Project, in the additional amount of $7,150.00, increasing the not to exceed amount of the Agreement from $23,500.00 to $30,650.00. All other terms and conditions of the Agreement remain in full force and effect.",Agreement or Contract,"Deputy Chief, Facilities Planning and Management",002056,v-002056,Fund 21/Measure Y,"Adds $7,150 and extends HERTZ Environmental's stormwater plan closeout at Claremont Middle School","The board approves a second amendment to the contract with HERTZ Environmental, Inc. to continue closing out the Storm Water Pollution Prevention Plan for the Claremont Middle School Multipurpose Room and Kitchen Project. It adds $7,150, raising the contract limit from $23,500 to $30,650. It also extends the end date from December 31, 2023 to June 28, 2024, which is 180 more days.",School buildings & construction,amendment,"HERTZ Environmental, Inc.",organization,Claremont Middle School,expense,not_to_exceed,7150,,,23500,30650,true,2022-03-24,2024-06-28,after_work_began; raises_existing_contract; multi_year,,,Adopted on the General Consent Report,2024-01-24,true,auto_ok,sonnet-agent,enrich.v3.md,true,
2024-01-24:23-2801,2024-01-24,2024-01-24,regular,U.-5,211,bonds,,23-2801,https://ousd.legistar.com/gateway.aspx?M=L&ID=60044,"Amendment No. 1, General Services Agreement – ACC Environmental Consultants, Inc. – Roosevelt Middle School Modernization Project - Division of Facilities Planning and Management","Approval by the Board of Education of Amendment No. 1, General Services Agreement by and between the District and ACC Environmental Consultants, Inc., Oakland, CA, extending the term of the Agreement from October 27, 2022 through November 10, 2023 to December 30, 2027, an additional 1,511 calendar days, in the additional amount of $61,162.40, increasing the not to exceed amount of the Agreement from $76,598.50 to $137,760.90. All other terms and conditions of the Agreement remain in full force and effect.",Agreement or Contract,"Deputy Chief, Facilities Planning and Management",000230,v-000230,Fund 21/Measure Y,"Adds $61,162 and extends ACC Environmental's Roosevelt Middle School work to December 2027","The board approves a first amendment to the contract with ACC Environmental Consultants, Inc. for the Roosevelt Middle School Modernization Project. It adds $61,162.40, raising the contract limit from $76,598.50 to $137,760.90. It also extends the end date from November 10, 2023 to December 30, 2027, which is 1,511 more days. The text does not describe the services.",School buildings & construction,amendment,"ACC Environmental Consultants, Inc.",organization,Roosevelt Middle School,expense,not_to_exceed,61162.4,,,76598.5,137760.9,true,2022-10-27,2027-12-30,after_work_began; raises_existing_contract; large_increase; multi_year,,,Adopted on the General Consent Report,2024-01-24,true,auto_ok,sonnet-agent,enrich.v3.md,true,
