item_id,meeting_key,meeting_date,meeting_kind,agenda_number,agenda_sequence,consent_section,group,file_number,legistar_url,title,official_text,matter_type,presenter,vendor_number,vendor_key,funding_source,headline,summary,category,subcategory,action_type,vendor_name,vendor_kind,schools,money_direction,amount_type,amount,amount_range_low,amount_range_high,prior_total,new_total,amount_verified,term_start,term_end,flags,source_issue,pulled_from_consent,outcome_action,outcome_date,adopted,review_status,model_id,prompt_version,counts_toward_totals,duplicate_of
2024-04-10:24-0194,2024-04-10,2024-04-10,regular,T.-1,62,general,"Chief, Systems and Services Officer",24-0194,https://ousd.legistar.com/gateway.aspx?M=L&ID=60368,"Agreement for Engineering Services – Jensen Hughes, Inc. - Fire Alarm, Intrusion Alarm, & Sprinkler Systems Engineering Services Project – Division of Facilities Planning and Management","Approval by the Board of Education of an Agreement for Engineering Services by and between the District and Jensen Hughes, Inc., Concord, CA, retaining the latter to provide engineering design services for the District’s fire alarm, intrusion alarm, and fire sprinkler systems for future projects assigned to Jensen Hughes, Inc., by Amendment to this [Retention] Agreement for the Fire Alarm, Intrusion Alarm, and Sprinkler Systems Engineering Services Project, presently in the not-to-exceed amount of $0, with retention scheduled to commence on April 11, 2024, and scheduled to end April 10, 2029.",Agreement or Contract,"Deputy Chief, Facilities Planning and Management",002281,v-002281,Fund 25 Capital Facilities Fund,"Retains Jensen Hughes for fire alarm and sprinkler engineering, with no cost set yet","The district is hiring Jensen Hughes, Inc. to provide engineering design for its fire alarm, intrusion alarm and fire sprinkler systems. The agreement is currently for $0; future projects will be assigned to the firm by later amendments that come back to the board. The agreement runs from April 11, 2024 to April 10, 2029.",School buildings & construction,,new_agreement,"Jensen Hughes, Inc.",organization,,no_cost,,,,,,,true,2024-04-11,2029-04-10,multi_year,,,Adopted on the General Consent Report,2024-04-10,true,auto_ok,sonnet-agent,enrich.v5.md,true,
2024-04-10:24-0563,2024-04-10,2024-04-10,regular,T.-2,63,general,"Chief, Systems and Services Officer",24-0563,https://ousd.legistar.com/gateway.aspx?M=L&ID=60737,"Agreement Between Owner and Contractor - KM 106 Construction, Inc. - Melrose Leadership Academy at Sherman Elementary School Site Improvement Project- Division of Facilities Planning and Management","Approval by the Board of Education of an Agreement Between Owner and Contractor by and between the District and KM 106 Construction, Inc., San Francisco CA, for the latter to demolish existing play structures, PIP matting, and asphalt, followed by the installation of play matting tiles and nature exploration areas, all work more specifically described in Bid Form Document 00 31 01, incorporated herein by reference as though fully set forth, at the Melrose Leadership Academy at Sherman Elementary School Site Improvement Project, in the amount of $362,049.00, which includes a contingency of $36,000.00, as the lowest responsive, responsible bidder, with the work anticipated to commence on April 11, 2024, and required to be completed within thirty (30) days, with an anticipated ending of May 12, 2024.",Agreement or Contract,"Deputy Chief, Facilities Planning and Management",008444,v-008444,Fund 01 One-time Additional Budget,"Pays KM 106 Construction $362,049 to rebuild play areas at Melrose Leadership Academy","KM 106 Construction, Inc. will tear out the old play structures, rubber matting and asphalt and install play matting tiles and nature exploration areas. The $362,049.00 price includes a $36,000.00 contingency. The company was the lowest responsive, responsible bidder, and the work is expected to take 30 days starting April 11, 2024.",School buildings & construction,,bid_award,"KM 106 Construction, Inc.",organization,Melrose Leadership Academy at Sherman Elementary School,expense,fixed,362049,,,,,true,2024-04-11,2024-05-12,,,,Adopted on the General Consent Report,2024-04-10,true,auto_ok,sonnet-agent,enrich.v5.md,true,
2024-04-10:24-0566,2024-04-10,2024-04-10,regular,T.-3,64,general,"Chief, Systems and Services Officer",24-0566,https://ousd.legistar.com/gateway.aspx?M=L&ID=60740,"Agreement Between Owner and Contractor - KM 106 Construction, Inc. - Piedmont Elementary School Site Improvement Project - Division of Facilities Planning and Management","Approval by the Board of Education of an Agreement Between Owner and Contractor by and between the District and KM 106 Construction, Inc., San Francisco CA, for the latter to demolish existing play structures, and asphalt, followed by the installation of play matting tiles and nature exploration areas, all work more specifically described in Bid Form Document 00 31 01, incorporated herein by reference as though fully set forth, for the Piedmont Elementary School Site Improvement Project, in the amount of $341,299.00, which includes a contingency of $32,000.00, as the lowest responsive, responsible bidder, with the work anticipated to commence on April 11, 2024, and required to be completed within thirty (30) days, with an anticipated ending of May 12, 2024.",Agreement or Contract,"Deputy Chief, Facilities Planning and Management",008444,v-008444,Fund 1 One-time additional Budget,"Pays KM 106 Construction $341,299 to rebuild play areas at Piedmont Elementary","KM 106 Construction, Inc. will tear out the old play structures and asphalt and install play matting tiles and nature exploration areas. The $341,299.00 price includes a $32,000.00 contingency. The company was the lowest responsive, responsible bidder, and the work is expected to take 30 days starting April 11, 2024.",School buildings & construction,,bid_award,"KM 106 Construction, Inc.",organization,Piedmont Elementary School,expense,fixed,341299,,,,,true,2024-04-11,2024-05-12,,,,Adopted on the General Consent Report,2024-04-10,true,auto_ok,sonnet-agent,enrich.v5.md,true,
2024-04-10:24-0603,2024-04-10,2024-04-10,regular,T.-4,65,general,"Chief, Systems and Services Officer",24-0603,https://ousd.legistar.com/gateway.aspx?M=L&ID=60777,"Agreement Between Owner and Contractor - Diversified Flooring Services, Inc. - Edna Brewer Middle School - Buildings and Grounds Department","Approval by the Board of Education of a Construction Agreement Between Owner and Contractor by and between the District and Diversified Flooring Services, Inc., Millbrae, CA, for the latter to demolish existing flooring and replace it with VCT tile vinyl flooring in buildings 30 and 40 hallways at Edna Brewer Middle School, as described in the proposal dated March 7, 2024, attached to the Agreement as Exhibit A, incorporated herein by reference as though fully set forth, in the lump sum amount of $39,130.00, with the work commencing on April 11, 2024, and being completed by August 31, 2024.",Agreement or Contract,"Deputy Chief, Facilities Planning and Management",001369,v-001369,Fund 140 Deferred Maintenance,"Pays Diversified Flooring $39,130 to replace hallway flooring at Edna Brewer Middle School","Diversified Flooring Services, Inc. will remove the existing flooring and install vinyl tile in the hallways of buildings 30 and 40 at Edna Brewer Middle School. The price is a lump sum of $39,130.00. Work starts April 11, 2024 and is to finish by August 31, 2024.",School buildings & construction,,new_agreement,"Diversified Flooring Services, Inc.",organization,Edna Brewer Middle School,expense,fixed,39130,,,,,true,2024-04-11,2024-08-31,,,,Adopted on the General Consent Report,2024-04-10,true,auto_ok,sonnet-agent,enrich.v5.md,true,
2024-04-10:24-0606,2024-04-10,2024-04-10,regular,T.-5,66,general,"Chief, Systems and Services Officer",24-0606,https://ousd.legistar.com/gateway.aspx?M=L&ID=60780,Agreement Between Owner and Contractor - ER Plumbing & Construction - Calvin Simmons Middle School - Buildings and Grounds Department,"Approval by the Board of Education of a Construction Agreement Between Owner and Contractor by and between the District and ER Plumbing & Construction, Alameda, CA, for the latter to replace 190 feet of sewer mainline with new HDPE (high-density polyethylene) piping material SDR17 using trenchless pipe business method from the main building at the Calvin Simmons Middle School, as described in the proposal dated March 4, 2024, attached to this Agreement as Exhibit A, incorporated herein by reference as though fully set forth, in the lump sum amount of $46,925.00, with the work commencing on April 11, 2024, and being completed by June 30, 2024.",Agreement or Contract,"Deputy Chief, Facilities Planning and Management",006328,v-006328,Fund 140 Deferred Maintenance,"Pays ER Plumbing $46,925 to replace a sewer line at Calvin Simmons Middle School","ER Plumbing & Construction will replace 190 feet of sewer mainline running from the main building at Calvin Simmons Middle School, using new plastic piping installed without digging a full trench. The price is a lump sum of $46,925.00. Work starts April 11, 2024 and is to finish by June 30, 2024.",School buildings & construction,,new_agreement,ER Plumbing & Construction,organization,Calvin Simmons Middle School,expense,fixed,46925,,,,,true,2024-04-11,2024-06-30,,,,Adopted on the General Consent Report,2024-04-10,true,auto_ok,sonnet-agent,enrich.v5.md,true,
2024-04-10:24-0622,2024-04-10,2024-04-10,regular,T.-6,67,general,"Chief, Systems and Services Officer",24-0622,https://ousd.legistar.com/gateway.aspx?M=L&ID=60796,Services Agreement 2023-2024 - Consortium Critical Incident and Consulting - Buildings and Grounds Department,"Ratification by the Board of Education of a Services Agreement 2023-2024 by and between the District and Consortium Critical Incident Training and Consulting, Bradenton, FL, for the latter to provide “Stop the Bleeding” training course, which aims to empower individuals to become immediate responders in bleeding emergencies by teaching life-saving techniques to control bleeding, as further stated in Exhibit A of the Agreement, via the Buildings and Grounds Department, for the period of March 1, 2024 through March 31, 2024, in an amount not to exceed $10,500.00.",Agreement or Contract,Chief Systems and Services Officer,008594,v-008594,0000 - General Purpose,"Ratifies $10,500 for ""Stop the Bleeding"" emergency training from Consortium Critical Incident","Consortium Critical Incident Training and Consulting provided a ""Stop the Bleeding"" course that teaches life-saving techniques to control bleeding in an emergency. The service period was March 1 to March 31, 2024, so the board is approving it after the period began. The cost is capped at $10,500.00.","Student health, support & family services",,new_agreement,Consortium Critical Incident Training and Consulting,organization,,expense,not_to_exceed,10500,,,,,true,2024-03-01,2024-03-31,after_work_began,,,Adopted on the General Consent Report,2024-04-10,true,auto_ok,sonnet-agent,enrich.v5.md,true,
2024-04-10:24-0623,2024-04-10,2024-04-10,regular,T.-7,68,general,"Chief, Systems and Services Officer",24-0623,https://ousd.legistar.com/gateway.aspx?M=L&ID=60797,Agreement Between Owner and Contractor - ER Plumbing & Construction - Urban Promise Academy - Buildings and Grounds Department,"Approval by the Board of Education of a Construction Agreement Between Owner and Contractor by and between the District and Comtel Systems Technology, Inc., Sunnyvale, CA, for the latter to provide, install, and program a new Rauland Telecommunication Center Unit (TCU) in the existing intercom rack at Urban Promise Academy, as described in the proposal dated March 20, 20024, attached to the Agreement as Exhibit A, incorporated herein by reference as though fully set forth, in the lump sum amount of $50,325.00, with the work commencing on April 11, 2024, and being completed by August 30, 2024.",Agreement or Contract,"Deputy Chief, Facilities Planning and Management",001165,v-001665,Fund 40 Deferred Maintenance,"Pays Comtel Systems $50,325 for a new intercom control unit at Urban Promise Academy","Comtel Systems Technology, Inc. will provide, install and program a new Rauland Telecommunication Center Unit in the existing intercom rack at Urban Promise Academy. The price is a lump sum of $50,325.00. Work starts April 11, 2024 and is to finish by August 30, 2024.",Technology,,new_agreement,"Comtel Systems Technology, Inc.",organization,Urban Promise Academy,expense,fixed,50325,,,,,true,2024-04-11,2024-08-30,source_issue,"The title names ER Plumbing & Construction as the contractor, but the action text names Comtel Systems Technology, Inc.",,Adopted on the General Consent Report,2024-04-10,true,auto_ok,sonnet-agent,enrich.v5.md,true,
2024-04-10:24-0625,2024-04-10,2024-04-10,regular,T.-8,69,general,"Chief, Systems and Services Officer",24-0625,https://ousd.legistar.com/gateway.aspx?M=L&ID=60799,"Amendment No. 1, No Cost Services Agreement (sic- No Cost Memorandum of Understanding) - The Watershed Project - Lockwood STEAM Academy - Chief Systems and Services Officer","Approval by the Board of Education of Amendment No. 1, No Cost Services Agreement (sic Memorandum of Understanding - No Cost) by and between the District and The Watershed Project, Richmond, CA, obliging the latter’s reduction of the Scope of Work to accommodate other project needs at the site, Lockwood STEAM Academy, which is adjacent to the Havenscourt Campus, now Coliseum College Preparatory Academy; Project, at no cost to the District, will now install irrigation for new trees; create new asphalt cut-outs to enlarge the existing ones to plant 6-10 new California native trees on the main playground; build integrated Redwood benches around the new trees; and paint a mural on the playground pavement surrounding the new trees at Lockwood STEAM Academy; and extending the term of the Agreement by an additional one year, from December 1, 2023 through December 31, 2034 to December 31, 2035. All other terms and conditions of the Agreement remain in full force and effect.",Agreement or Contract,Chief Systems and Services Officer,,n-watershed-project,,Changes The Watershed Project's no-cost playground greening at Lockwood STEAM and extends it a year,"This amendment to a no-cost agreement narrows the scope of work for The Watershed Project at Lockwood STEAM Academy. At no cost to the district, the group will install irrigation for new trees, cut new openings in the asphalt, plant 6 to 10 California native trees, build Redwood benches around them and paint a mural on the playground. The amendment also extends the term by one year, to December 31, 2035.",School buildings & construction,,amendment,The Watershed Project,organization,Lockwood STEAM Academy,no_cost,,,,,,,true,2023-12-01,2035-12-31,multi_year,,,Adopted on the General Consent Report,2024-04-10,true,auto_ok,sonnet-agent,enrich.v5.md,true,
2024-04-10:24-0661,2024-04-10,2024-04-10,regular,T.-9,70,general,"Chief, Systems and Services Officer",24-0661,https://ousd.legistar.com/gateway.aspx?M=L&ID=60834,Services Agreement 2023-2024 - EM Fire Protection - Nutrition Services Department,"Ratification by the Board of Education of a Services Agreement 2023-2024 by and between the District and EM Fire Protection, San Jose, CA, for the latter to clean hoods in 54 kitchens; and verify the functioning of the hoods and make adjustments, as necessary, on the kitchen fire protection systems (fire extinguishers, ansul fire suppression systems, and sprinkler systems), via The Nutrition Services Department, for the period, February 1, 2024 through June 30, 2024, in an amount not to exceed $83,430.00.",Agreement or Contract,Chief Systems and Services Officer,008808,v-008808,5310 - Child Nutrition School Program,"Ratifies $83,430 for EM Fire Protection to clean and check fire systems in 54 school kitchens","EM Fire Protection will clean the hoods in 54 school kitchens and check and adjust the kitchen fire protection systems, including fire extinguishers, fire suppression systems and sprinklers. The work covers February 1 to June 30, 2024 for the Nutrition Services Department, and the board is approving it after the period began. The cost is capped at $83,430.00.","Food, transportation & operations",,new_agreement,EM Fire Protection,organization,,expense,not_to_exceed,83430,,,,,true,2024-02-01,2024-06-30,after_work_began,,,Adopted on the General Consent Report,2024-04-10,true,auto_ok,sonnet-agent,enrich.v5.md,true,
2024-04-10:24-0663,2024-04-10,2024-04-10,regular,T.-10,71,general,"Chief, Systems and Services Officer",24-0663,https://ousd.legistar.com/gateway.aspx?M=L&ID=60836,"Amendment No. 1, Services Agreement - Maxim Healthcare Services - Chief Systems and Services Officer","Approval by the Board of Education of Amendment No. 1, Services Agreement 2022-2023 by and between the District and Maxim Healthcare Services, Chicago, IL, allowing the District to contract less COVID staff/services than initially anticipated, decreasing the Agreement amount by $408,213.75, from a not to exceed amount of $718,213.75 to $310,000.00, for the unchanged term of July 1, 2022 through June 30, 2024. All other terms and conditions of the Agreement remain in full force and effect.",Agreement or Contract,Chief Systems and Services Officer,002767,v-002767,,"Cuts $408,213.75 from Maxim Healthcare's COVID staffing agreement","The district needed less COVID staff and services than it first expected, so this amendment lowers the Maxim Healthcare Services agreement from a limit of $718,213.75 to $310,000.00. The term is unchanged and runs from July 1, 2022 through June 30, 2024.","Student health, support & family services",,amendment,Maxim Healthcare Services,organization,,decrease,not_to_exceed,408213.75,,,718213.75,310000,true,2022-07-01,2024-06-30,multi_year,,,Adopted on the General Consent Report,2024-04-10,true,auto_ok,sonnet-agent,enrich.v5.md,true,
2024-04-10:24-0667,2024-04-10,2024-04-10,regular,T.-11,72,general,"Chief, Systems and Services Officer",24-0667,https://ousd.legistar.com/gateway.aspx?M=L&ID=60840,"Amendment No. 1, Services Agreement 2023-2024 - My School RD, Inc. - Nutrition Services Department","Ratification by the Board of Education of Amendment No. 1, Services Agreement 2023-2024 by and between the District and My School RD, Inc, Wrightwood, CA, for the latter to provide additional menu support and training with Nutritional Analysis Services in Titan for inventory, ingredients, recipes, and menus for school year 2023-2024 for the period, for the unchanged term of July 1, 2023 through June 30, 2024, in the additional amount of $20,000.00, increasing the Agreement not to exceed term from $67,500.00 to $87,500.00. All other terms and conditions of the Agreement remain in full force and effect.",Agreement or Contract,Chief Systems and Services Officer,008597,v-008597,5310 - Child Nutrition School Program,"Adds $20,000 for My School RD's menu support and nutrition analysis training","This amendment adds $20,000.00 to the agreement with My School RD, Inc. for more menu support and training on nutritional analysis in the Titan system, covering inventory, ingredients, recipes and menus. The agreement limit rises from $67,500.00 to $87,500.00 for the same term, July 1, 2023 through June 30, 2024. The board is ratifying it, which means approving it after the work began.","Food, transportation & operations",,amendment,"My School RD, Inc.",organization,,expense,not_to_exceed,20000,,,67500,87500,true,2023-07-01,2024-06-30,after_work_began; raises_existing_contract,,,Adopted on the General Consent Report,2024-04-10,true,auto_ok,sonnet-agent,enrich.v5.md,true,
2024-04-10:24-0677,2024-04-10,2024-04-10,regular,T.-12,74,general,Chief Business Officer,24-0677,https://ousd.legistar.com/gateway.aspx?M=L&ID=60850,Services Agreement 2023-2024 - BELFOR USA Group Inc. - Risk Management Department,"Ratification by the Board of Education of a Services Agreement 2023-2024 by and between the District and BELFOR USA Group Inc., Hayward, CA, for the latter to provide environmental cleanup related services to reduce risk at OUSD school sites and properties, via Risk Management Department,, for the period of July 1, 2023 through June 30, 2024 in an amount not to exceed $60,000.00.",Agreement or Contract,Chief Financial Officer,008767,v-008767,Property & Liability,"Ratifies up to $60,000 for BELFOR's environmental cleanup at school sites","BELFOR USA Group Inc. provides environmental cleanup services to reduce risk at district school sites and properties, through the Risk Management Department. The agreement covers July 1, 2023 through June 30, 2024 and is capped at $60,000.00. The board is ratifying it, which means approving it after the work began.",School buildings & construction,,new_agreement,BELFOR USA Group Inc.,organization,,expense,not_to_exceed,60000,,,,,true,2023-07-01,2024-06-30,after_work_began,,,Adopted on the General Consent Report,2024-04-10,true,auto_ok,sonnet-agent,enrich.v5.md,true,
2024-04-10:24-0678,2024-04-10,2024-04-10,regular,T.-13,75,general,Chief Business Officer,24-0678,https://ousd.legistar.com/gateway.aspx?M=L&ID=60851,Services Agreement 2023-2024 - Capital Building Maintenance - Risk Management Department,"Ratification by the Board of Education of a Services Agreement 2023-2024 by and between the District and Capital Building Maintenance, South San Francisco, CA, for the latter to provide Pressure washing, Temporary Labor Services including but not limited to Restroom Deep Cleaning, via Risk Management Department, for the period of July 1, 2023 through June 30, 2024, in an amount not to exceed $50,000.00.",Motion,Chief Financial Officer,008766,v-008766,Property & Liability,"Ratifies up to $50,000 for Capital Building Maintenance pressure washing and restroom cleaning","Capital Building Maintenance provides pressure washing and temporary labor, including deep cleaning of restrooms, through the Risk Management Department. The agreement covers July 1, 2023 through June 30, 2024 and is capped at $50,000.00. The board is ratifying it, which means approving it after the work began.","Food, transportation & operations",,new_agreement,Capital Building Maintenance,organization,,expense,not_to_exceed,50000,,,,,true,2023-07-01,2024-06-30,after_work_began,,,Adopted on the General Consent Report,2024-04-10,true,auto_ok,sonnet-agent,enrich.v5.md,true,
2024-04-10:24-0679,2024-04-10,2024-04-10,regular,T.-14,76,general,Chief Business Officer,24-0679,https://ousd.legistar.com/gateway.aspx?M=L&ID=60852,Services Agreement 2023-2024 - Luna Bell Industries - Risk Management Department,"Ratification by the Board of Education of a Services Agreement 2023-2024 by and between the District and Luna Bell Industries, Pittsburg , CA, for the latter to provide environmental related services to reduce risk at the school sites, including but not limited to collection of environmental samples, such as water testing and removal of hazardous waste or debris during site recovery,  via Risk Management Department,  for the period of July 1, 2023 through June 30, 2024,  in an amount not to exceed $50,000.00.",Motion,Chief Financial Officer,008835,v-008835,Property & Liability,"Ratifies up to $50,000 for Luna Bell Industries' environmental testing and cleanup at schools","Luna Bell Industries provides environmental services to reduce risk at school sites, such as collecting samples for water testing and removing hazardous waste or debris during site recovery. The agreement covers July 1, 2023 through June 30, 2024 and is capped at $50,000.00. The board is ratifying it, which means approving it after the work began.",School buildings & construction,,new_agreement,Luna Bell Industries,organization,,expense,not_to_exceed,50000,,,,,true,2023-07-01,2024-06-30,after_work_began,,,Adopted on the General Consent Report,2024-04-10,true,auto_ok,sonnet-agent,enrich.v5.md,true,
2024-04-10:24-0613,2024-04-10,2024-04-10,regular,T.-15,78,general,"Chief, Talent",24-0613,https://ousd.legistar.com/gateway.aspx?M=L&ID=60787,Declaration of Need for Fully Qualified Educators - School Year 2024-2025 - Talent/Human Resources Department,"Approval by Board of Education of Resolution No. 2324-0125 - Declaration of Need for Fully Qualified Educators, School Year 2024-2025.",Resolution,"Deputy Chief, Talent",,,,Approves the 2024-2025 declaration of need for fully qualified educators,"The board is voting on Resolution No. 2324-0125, the district's Declaration of Need for Fully Qualified Educators for school year 2024-2025. The resolution has no dollar amount in the official text.",Staff & hiring,,resolution_or_policy,,,,no_cost,,,,,,,true,2024-07-01,2025-06-30,,,,Adopted on the General Consent Report,2024-04-10,true,auto_ok,sonnet-agent,enrich.v5.md,true,
2024-04-10:24-0636,2024-04-10,2024-04-10,regular,T.-16,79,general,"Chief, Talent",24-0636,https://ousd.legistar.com/gateway.aspx?M=L&ID=60810,"Proclaiming - May 7, 2024 - Oakland Unified School District - Day of the Teacher - Talent/Human Resources Department","Adoption by the Board of Education of Resolution No. 2324-0127 - Proclaiming May 7, 2024, as the District’s Day of the Teacher.",Resolution,"Deputy Chief, Talent",,,,"Proclaims May 7, 2024 as the district's Day of the Teacher","The board is adopting Resolution No. 2324-0127, which proclaims May 7, 2024 as the district's Day of the Teacher. There is no cost listed.",Governance & board business,,resolution_or_policy,,,,no_cost,,,,,,,true,,,,,,Adopted on the General Consent Report,2024-04-10,true,auto_ok,sonnet-agent,enrich.v5.md,true,
2024-04-10:24-0643,2024-04-10,2024-04-10,regular,T.-17,80,general,"Chief, Talent",24-0643,https://ousd.legistar.com/gateway.aspx?M=L&ID=60817,"Proclaiming - April 24, 2024 - Oakland Unified School District - Administrative Professionals Day - Talent/Human Resources Department","Adoption by the Board of Education of Resolution No. 2324-0128 - Proclaiming April 24, 2024, as Administrative Professionals Day.",Resolution,"Deputy Chief, Talent",,,,"Proclaims April 24, 2024 as Administrative Professionals Day","The board is adopting Resolution No. 2324-0128, which proclaims April 24, 2024 as Administrative Professionals Day. There is no cost listed.",Governance & board business,,resolution_or_policy,,,,no_cost,,,,,,,true,,,,,,Adopted on the General Consent Report,2024-04-10,true,auto_ok,sonnet-agent,enrich.v5.md,true,
2024-04-10:24-0741,2024-04-10,2024-04-10,regular,T.-18,81,general,"Chief, Talent",24-0741,https://ousd.legistar.com/gateway.aspx?M=L&ID=60914,"Designation/Selection – Sarah Ben-Israel, Claudia Hung-Haas, and Jazmine Njissang - Collectively and Individually, as Oakland Unified School District’s 2024-2025 Teachers of the Year - Talent/Human Resources Department","Adoption by the Board of Education of Resolution No. 2324-0116-Designation/Selection of Sarah Ben-Israel, Claudia Hung-Haas, and Jazmine Njissang, collectively and individually, as Oakland Unified School District's 2024-2025 Teachers of the Year.",Resolution,"Deputy Chief, Talent",,,,Names three educators as the district's 2024-2025 Teachers of the Year,"The board is adopting Resolution No. 2324-0116, which designates three named educators, collectively and individually, as the district's 2024-2025 Teachers of the Year. There is no cost listed.",Governance & board business,,resolution_or_policy,,,,no_cost,,,,,,,true,,,,,,Adopted on the General Consent Report,2024-04-10,true,auto_ok,sonnet-agent,enrich.v5.md,true,
2024-04-10:24-0849,2024-04-10,2024-04-10,regular,T.-19,82,general,"Chief, Talent",24-0849,https://ousd.legistar.com/gateway.aspx?M=L&ID=61022,Services Agreement - Hazard Young Attea Associates - Talent/Human Resources Department,"Approval by the Board of Education of a Services Agreement by and between the District and Hazard Young Attea Associates (HYA Corporation), Arlington Heights, IL, for the latter to provide services to conduct the executive search for the General Counsel position, as described in Exhibit A, incorporated herein by reference as though fully set forth, for the Human Resources/Talent Department, for the term March 15, 2024 to June 30, 2024, at a cost not to exceed $75,000.00.",Agreement or Contract,"Deputy Chief, Talent",002025,v-002025,,"Pays Hazard Young Attea up to $75,000 to run the search for a General Counsel","Hazard Young Attea Associates (HYA Corporation) will conduct the executive search for the district's General Counsel position for the Talent Department. The term runs March 15 to June 30, 2024, which began before this April 10 meeting, and the cost is capped at $75,000.00.",Staff & hiring,,new_agreement,Hazard Young Attea Associates (HYA Corporation),organization,,expense,not_to_exceed,75000,,,,,true,2024-03-15,2024-06-30,after_work_began,,,Adopted on the General Consent Report,2024-04-10,true,auto_ok,sonnet-agent,enrich.v5.md,true,
2024-04-10:23-2283A,2024-04-10,2024-04-10,regular,T.-20,84,general,Chief Academic Officer,23-2283A,https://ousd.legistar.com/gateway.aspx?M=L&ID=61018,Repeal - First Amendment - Grant Agreement - City of Oakland - Oakland Fund for Children and Youth - High School Linked Learning Office,"Repeal by the Board of Education of Legislative File No. 23-2283, Enactment No. 23-1892 - First Amendment - Grant Agreement - City of Oakland - Oakland Fund for Children and Youth - High School Linked Learning Office, passed October 25, 2023, given the Board's motion language adopted, based on the submitted memo and the similarity between two pending First Amendments in the same amounts for two City District funded programs (names of Program not stated on particular sections of First Amendments),* incorrectly stated the adoption was the First Amendment for the Linked Learning pathways Exploring College, Career, and Community Options (ECCCO) Program for named school sites with the First Amendment for the Newcomer et al Program, with minor difference terms, attached to the legislative file.",Agreement or Contract,Chief Academic Officer,,n-city-of-oakland-oakland-fund-for-children-and-youth,Oakland Fund for Children and Youth (OFCY),Repeals a 2023 City of Oakland children's fund grant amendment approved under unclear wording,"The board is repealing an October 25, 2023 approval of a First Amendment to a grant agreement with the City of Oakland's Oakland Fund for Children and Youth. The text says the motion language wrongly tied the amendment to the Linked Learning pathways program (called ECCCO) when two similar amendments were pending for two programs. No dollar amount is stated.",Governance & board business,,other,City of Oakland - Oakland Fund for Children and Youth,organization,,no_cost,,,,,,,true,,,source_issue,"The text repeals the October 25, 2023 enactment because its motion language misidentified which program the First Amendment covered, but it does not state which amendment replaces it or clearly state the amounts.",,Adopted on the General Consent Report,2024-04-10,true,auto_ok,sonnet-agent,enrich.v5.md,true,
2024-04-10:24-0561,2024-04-10,2024-04-10,regular,T.-21,85,general,Chief Academic Officer,24-0561,https://ousd.legistar.com/gateway.aspx?M=L&ID=60735,Services Agreement 2023-2024 - Families In Action for Quality Education - Hoover Elementary School,"Ratification by the Board of Education of a Services Agreement 2023-2024 by and between the District and Families In Action for Quality Education, Oakland, CA, for the latter to provide leadership, project management and communications in partnership with school site to:
·	Increase family engagement as partners in the literacy;
·	Increase family leadership skills;
·	Increase home school academic partnership;
·	Build the family engagement coordinator capacity and increase the collaboration with Community School Manager,
each, as described in the Scope of Work, incorporated herein by reference as though fully set forth, at Hoover Elementary School, for the period of January 1, 2024 through May 31, 2024, in an amount not to exceed $10,000.00.",Agreement or Contract,Chief Academic Officer,008734,v-008734,Unrestricted Supplemental,"Ratifies $10,000 for Families In Action to boost family engagement at Hoover Elementary","Families In Action for Quality Education will provide leadership, project management and communications with the school to increase family engagement in literacy, build family leadership skills and strengthen home-school academic partnership. The period is January 1 to May 31, 2024, and the cost is capped at $10,000.00. The board is ratifying it, which means approving it after the work began.","Student health, support & family services",,new_agreement,Families In Action for Quality Education,organization,Hoover Elementary School,expense,not_to_exceed,10000,,,,,true,2024-01-01,2024-05-31,pulled_from_consent; after_work_began,,"Adopted in its own vote at this meeting (2–3, 1 recused), instead of with the rest of the consent report.",Adopted,2024-04-10,true,auto_ok,sonnet-agent,enrich.v5.md,true,
2024-04-10:24-0582,2024-04-10,2024-04-10,regular,T.-22,86,general,Chief Academic Officer,24-0582,https://ousd.legistar.com/gateway.aspx?M=L&ID=60756,"Amendment No. 1, Services Agreement 2023-2024 - Bay Area Community Resources - Oakland Technical High School","Approval by the Board of Education of Amendment No. 1, Services Agreement 2023-24 by and between the District and Bay Area Community Resources, San Rafael, CA, for the latter to on-board and pay five Student Support Specialists under the BACR umbrella, directed by specified site staff, to provide academic mentoring support to pathway students, identified by pathway teachers in the form of tutoring, study skills, organizational support, and motivational support; provide a channel of information flow and support to students least likely to engage summer programs, afterschool programs, tutoring supports, and enrichment activities; and support the pathways in all Work-based learning and College outreach including scheduling field trips, supporting students in accessing internships and job shadows, and scheduling guest speakers, at Oakland Technical High School, for the period of October 16, 2023 through June 30, 2024, in the additional amount of $263,521.72, increasing the not to exceed amount of the Agreement from $126,328.28 to $389,850.00. All other terms and conditions of the Agreement remain in full force and effect.",Agreement or Contract,Chief Academic Officer,000624,v-000624,Measure N,"Adds $263,521.72 to Bay Area Community Resources' student mentoring at Oakland Tech","This amendment adds $263,521.72 so Bay Area Community Resources can bring on five Student Support Specialists at Oakland Technical High School. They give pathway students tutoring and study help, and support work-based learning, field trips, internships and college outreach. The agreement limit rises from $126,328.28 to $389,850.00, and the period is October 16, 2023 through June 30, 2024.",Classroom & academic programs,,amendment,Bay Area Community Resources,organization,Oakland Technical High School,expense,not_to_exceed,263521.72,,,126328.28,389850,true,2023-10-16,2024-06-30,raises_existing_contract; large_increase,,,Adopted on the General Consent Report,2024-04-10,true,auto_ok,sonnet-agent,enrich.v5.md,true,
2024-04-10:24-0595,2024-04-10,2024-04-10,regular,T.-23,87,general,Chief Academic Officer,24-0595,https://ousd.legistar.com/gateway.aspx?M=L&ID=60769,Services Agreement 2023-2024 - Bay Area Community Resources - LIFE Academy,"Approval by the Board of Education of a Services Agreement 2023-2024 by and between the District and Bay Area Community Resources, San Rafael, CA, for the latter to provide stipends for students who participate in work-based internships available through school allowing participants to develop and demonstrate relevant skills and knowledge in their chosen Pathway at LIFE Academy, for the period of March 25, 2024 through May 31, 2024, in an amount not to exceed $7,500.00.",Agreement or Contract,Chief Academic Officer,000624,v-000624,Measure N,"Pays Bay Area Community Resources up to $7,500 for student internship stipends at LIFE Academy","Bay Area Community Resources will provide stipends for LIFE Academy students who take part in work-based internships, so they can build and show skills in their chosen career pathway. The period is March 25 to May 31, 2024, and the cost is capped at $7,500.00.",Classroom & academic programs,,new_agreement,Bay Area Community Resources,organization,LIFE Academy,expense,not_to_exceed,7500,,,,,true,2024-03-25,2024-05-31,after_work_began,,,Adopted on the General Consent Report,2024-04-10,true,auto_ok,sonnet-agent,enrich.v5.md,true,
2024-04-10:24-0597,2024-04-10,2024-04-10,regular,T.-24,88,general,Chief Academic Officer,24-0597,https://ousd.legistar.com/gateway.aspx?M=L&ID=60771,Services Agreement 2023-2024 - Playworks - Bridges Academy @ Melrose,"Approval by the Board of Education of a Services Agreement 2023-2024 by and between the District and Playworks, Oakland, CA, for the latter to provide its Program Plan: Coach for student play and recess, Game Type, Junior Coordination Leadership Program, Leagues, Safe and Health Play Best Practices Training, each, and related services, as described in Exhibit A, of the agreement, incorporated herein by reference as though fully set forth, at Bridges Academy @Melrose, for the period of August 16, 2023, through May 23, 2024, in an amount not to exceed $59,000.00.",Agreement or Contract,Chief Academic Officer,003388,v-003388,CCSPP Implementation Grant,"Pays Playworks up to $59,000 for recess coaching and play programs at Bridges Academy","Playworks will provide coaching for student play and recess, a junior leadership program, leagues and training on safe and healthy play at Bridges Academy @ Melrose. The period is August 16, 2023 through May 23, 2024, and the cost is capped at $59,000.00.",Classroom & academic programs,,new_agreement,Playworks,organization,Bridges Academy @ Melrose,expense,not_to_exceed,59000,,,,,true,2023-08-16,2024-05-23,after_work_began,,,Adopted on the General Consent Report,2024-04-10,true,auto_ok,sonnet-agent,enrich.v5.md,true,
2024-04-10:24-0598,2024-04-10,2024-04-10,regular,T.-25,89,general,Chief Academic Officer,24-0598,https://ousd.legistar.com/gateway.aspx?M=L&ID=60772,Services Agreement 2023-2024 - Street Academy Foundation - Emiliano Zapata Street Academy,"Approval by the Board of Education of a Services Agreement 2023-2024 by and between the District and Street Academy Foundation, Oakland, CA, for the latter to provide services to support student’s access to courses and experiences aligned to our Education, Child Development & Family Services Pathway, as described in Exhibit A of the Agreement, incorporated herein by reference as though fully set forth, at Emiliano Zapata Street Academy, for the period of December 12, 2023 through June 30, 2024, in an amount not to exceed $84,986.65.",Agreement or Contract,Chief Academic Officer,004105,v-004105,Measure N,"Pays Street Academy Foundation up to $84,986.65 for pathway courses at Emiliano Zapata Street Academy","Street Academy Foundation will provide services that help students at Emiliano Zapata Street Academy access courses and experiences in the Education, Child Development and Family Services career pathway. The period is December 12, 2023 through June 30, 2024, and the cost is capped at $84,986.65.",Classroom & academic programs,,new_agreement,Street Academy Foundation,organization,Emiliano Zapata Street Academy,expense,not_to_exceed,84986.65,,,,,true,2023-12-12,2024-06-30,after_work_began,,,Adopted on the General Consent Report,2024-04-10,true,auto_ok,sonnet-agent,enrich.v5.md,true,
2024-04-10:24-0599,2024-04-10,2024-04-10,regular,T.-26,90,general,Chief Academic Officer,24-0599,https://ousd.legistar.com/gateway.aspx?M=L&ID=60773,Services Agreement 2023-2024 - Bay Area Community Resources - Fred T. Korematsu Discovery Academy,"Approval by the Board of Education of a Services Agreement 2023-2024 by and between the District and Bay Area Community Resources, San Rafael, CA, for the latter, under the direction of the Site Administrator and assigned Family, Schools, and Community Partnerships Supervisor, to manage and lead the development of a system of support services for students and families, and other services, as described in Exhibit A of the Agreement, incorporated herein by reference as though fully set forth, at Fred T. Korematsu Discovery Academy, for the period of November 1, 2023 through June 30, 2024, in an amount not to exceed $81,458.41.",Agreement or Contract,Chief Academic Officer,000624,v-000624,CCSPP Implementation Grant and Unrestricted Supplemental,"Pays Bay Area Community Resources up to $81,458.41 for student and family support at Korematsu","Bay Area Community Resources will manage and lead a system of support services for students and families at Fred T. Korematsu Discovery Academy, working under the site administrator and a district partnerships supervisor. The period is November 1, 2023 through June 30, 2024, and the cost is capped at $81,458.41.","Student health, support & family services",,new_agreement,Bay Area Community Resources,organization,Fred T. Korematsu Discovery Academy,expense,not_to_exceed,81458.41,,,,,true,2023-11-01,2024-06-30,after_work_began,,,Adopted on the General Consent Report,2024-04-10,true,auto_ok,sonnet-agent,enrich.v5.md,true,
2024-04-10:24-0602,2024-04-10,2024-04-10,regular,T.-27,91,general,Chief Academic Officer,24-0602,https://ousd.legistar.com/gateway.aspx?M=L&ID=60776,Services Agreement 2023-2024 - Hadar Institute (Pedagogy of Partnership) - Strategic Resource Planning Department,"Ratification by the Board of Education of a Services Agreement 2023-2024 by and between the District and Hadar Institute (Pedagogy of Partnership), New York, NY, for the latter to provide professional training with teachers in the Pedagogy of Partnership (PoP) approach to lesson planning and instruction, as described in Exhibit A of the Agreement, incorporated herein by reference as though fully set forth, via Strategic Resource Planning Department, for the period of March 1, 2024 through June 5, 2024, in an amount not to exceed $11,609.00.",Agreement or Contract,Chief Academic Officer,006919,v-006919,Title 2-a Teacher Quality,"Ratifies $11,609 for Hadar Institute to train teachers in the Pedagogy of Partnership approach","Hadar Institute (Pedagogy of Partnership) will provide professional training for teachers on the Pedagogy of Partnership approach to lesson planning and instruction. The period is March 1 to June 5, 2024, and the cost is capped at $11,609.00. The board is ratifying it, which means approving it after the work began.",Classroom & academic programs,,new_agreement,Hadar Institute (Pedagogy of Partnership),organization,,expense,not_to_exceed,11609,,,,,true,2024-03-01,2024-06-05,after_work_began,,,Adopted on the General Consent Report,2024-04-10,true,auto_ok,sonnet-agent,enrich.v5.md,true,
2024-04-10:24-0604,2024-04-10,2024-04-10,regular,T.-28,92,general,Chief Academic Officer,24-0604,https://ousd.legistar.com/gateway.aspx?M=L&ID=60778,Services Agreement 2023-2024 – Michelle Falise – Special Education Department,"Ratification by the Board of Education of a Services Agreement by and between the District and Michelle Falise, Berkeley, CA, for the latter to provide design services for core department documents for print and digital use, to include Program Guide, What is a FAPE, Department Fast Facts one-pagers for Individual Education Program (IEP) team use, welcome guide for families, and a reusable letterhead template;  a second phase of the work that will include routine edits to these core documents as changes occur before the onset of each new school year; and provide document delivery in a format appropriate for future department use, via the Special Education Department, for the period of March 15, 2024 through June 30, 2026, in an amount not to exceed $20,000.00.",Agreement or Contract,Chief Academic Officer,007856,v-007856,Special Education Funding,"Pays a designer up to $20,000 for special education guides and templates","The contractor will design core Special Education Department documents for print and digital use, including a program guide, one-page fast facts for Individualized Education Program (IEP) teams, a welcome guide for families and a letterhead template. A second phase covers routine edits before each school year. The period is March 15, 2024 through June 30, 2026, and the cost is capped at $20,000.00. The board is ratifying it, which means approving it after the work began.",Special education,Programs & support,new_agreement,Michelle Falise,individual,,expense,not_to_exceed,20000,,,,,true,2024-03-15,2026-06-30,after_work_began; multi_year,,,Adopted on the General Consent Report,2024-04-10,true,auto_ok,sonnet-agent,enrich.v5.md,true,
2024-04-10:24-0605,2024-04-10,2024-04-10,regular,T.-29,93,general,Chief Academic Officer,24-0605,https://ousd.legistar.com/gateway.aspx?M=L&ID=60779,"Services Agreement and Data Sharing Agreement - CAB Publishing Company, LLC - Special Education Department","Ratification by the Board of Education of a Services Agreement (SA) and a Data Sharing Agreement (DSA), each, by and between the District and CAB Publishing Company (CABPC), LLC, Leesburg, VA, for the latter to provide by the SA, an in depth audit of special education records as it pertains to the significant disproportionality of African-American/black students identified under the classification of Other Health Impairment in order to review referral, evaluation, and eligibility practices used by relevant Oakland Unified School District (OUSD) staff and provide detailed feedback on any areas of the process that could be contributing to the significant disproportionality identified by the California Department of Education (CDE) and provide suggestions for improvement on how to promote equity through special education practices and evaluation, for the period of March 15, 2024 through June 30, 2024, in an amount not to exceed $35,000.00, and, under the DSA, the terms and conditions of the District’s transmission of or sharing of pupil data with CABPC, and the protection by CABPC, of such data, for the same term as SA, via the Special Education Department.",Agreement or Contract,Chief Academic Officer,008896,v-008896,Special Education Funding,"Ratifies up to $35,000 for CAB Publishing to audit special education records for bias","CAB Publishing Company will audit special education records on the significant disproportionality of African-American/Black students identified as Other Health Impairment, which the California Department of Education flagged. It will review referral, evaluation and eligibility practices and suggest improvements. A paired data sharing agreement covers how student data is shared and protected. The period is March 15 to June 30, 2024, and the cost is capped at $35,000.00.",Special education,Programs & support,new_agreement,"CAB Publishing Company (CABPC), LLC",organization,,expense,not_to_exceed,35000,,,,,true,2024-03-15,2024-06-30,after_work_began,,,Adopted on the General Consent Report,2024-04-10,true,auto_ok,sonnet-agent,enrich.v5.md,true,
2024-04-10:24-0617,2024-04-10,2024-04-10,regular,T.-30,94,general,Chief Academic Officer,24-0617,https://ousd.legistar.com/gateway.aspx?M=L&ID=60791,"Services Agreement 2023-2024 - Servio Consulting, LLC - Chief Academic Officer","Approval by the Board of Education of a Services Agreement 2023-2024 by and between the District and Servio Consulting, LLC, Frankfort, IL, for the latter to build an integrated Student Success Team platform into OUSD Force; support with training, and provide an iterative process in which OUSD stakeholders can offer feedback on the tool before it goes live, and then train District’s trainers when it is live, via Chief Academic Officer (Multi-Tiered System of Supports (MTSS) Department), for the period of March 1, 2024 through December 1, 2024, in an amount not to exceed $47,250.00.",Agreement or Contract,Chief Academic Officer,006408,v-006408,S&C Carryover,"Pays Servio Consulting up to $47,250 to build a Student Success Team tool in OUSD Force","Servio Consulting, LLC will build an integrated Student Success Team platform into OUSD Force, gather feedback from district staff before it goes live, and train the district's trainers once it launches. The work is for the Multi-Tiered System of Supports (MTSS) Department. The period is March 1 to December 1, 2024, and the cost is capped at $47,250.00.",Technology,,new_agreement,"Servio Consulting, LLC",organization,,expense,not_to_exceed,47250,,,,,true,2024-03-01,2024-12-01,after_work_began,,,Adopted on the General Consent Report,2024-04-10,true,auto_ok,sonnet-agent,enrich.v5.md,true,
2024-04-10:24-0618,2024-04-10,2024-04-10,regular,T.-31,95,general,Chief Academic Officer,24-0618,https://ousd.legistar.com/gateway.aspx?M=L&ID=60792,Services Agreement 2023-2024 - Build California - Castlemont High School,"Ratification by the Board of Education of a Services Agreement 2023-2024 by and between the District and Build California, Redwood City, CA, for the latter to provide ongoing year-long coaching services to teachers through curriculum implementation on how to best meet student and school needs; provides a curriculum that includes lesson plans and materials that are used every day at school; provide focal teachers biweekly check-ins to support lesson implementation and event planning; and provide lesson plans, coaching support and support the organization of three school events that are off campus and compete in the Bay Area with other BUILD classes and students, at Castlemont High School, for the period of August 7, 2023 through June 30, 2024, in an amount not to exceed $5,000.00.",Agreement or Contract,Chief Academic Officer,008821,v-008821,Title I-Basic Grant Low Income,"Pays Build California up to $5,000 to coach Castlemont High teachers and run student events","Build California will coach teachers year-round at Castlemont High School, provide daily lesson plans and materials, and check in with focal teachers every two weeks. It will also help organize three off-campus events where its classes compete with other Bay Area students. The agreement runs August 7, 2023 through June 30, 2024. This is a ratification, so the work period began before the Board's vote.",Classroom & academic programs,,new_agreement,Build California,organization,Castlemont High School,expense,not_to_exceed,5000,,,,,true,2023-08-07,2024-06-30,after_work_began,,,Adopted on the General Consent Report,2024-04-10,true,auto_ok,sonnet-agent,enrich.v5.md,true,
2024-04-10:24-0619,2024-04-10,2024-04-10,regular,T.-32,96,general,Chief Academic Officer,24-0619,https://ousd.legistar.com/gateway.aspx?M=L&ID=60793,Services Agreement 2023-2024 - Get Fit Academics - Sankofa United Elementary School,"Ratification by the Board of Education of a Services Agreement 2023-2024 by and between the District and Get Fit Academics, Oakland, CA, for the latter to provide one-to-one weekly tutoring sessions and group tutoring sessions for fourth and fifth grade students significantly behind grade level in math and  provide special events for students to progress and experience real-world reasoning in math at Sankofa United Elementary School, for the period of April 20, 2024 through June 29, 2024, in an amount not to exceed $15,000.00.",Agreement or Contract,Chief Academic Officer,008888,v-008888,CCSPP Implementation Grant,"Pays Get Fit Academics up to $15,000 to tutor Sankofa United students behind in math","Get Fit Academics will give one-to-one and small-group math tutoring to fourth and fifth graders who are significantly behind grade level at Sankofa United Elementary School. It will also run special events on real-world math reasoning. The agreement runs April 20 through June 29, 2024.",Classroom & academic programs,,new_agreement,Get Fit Academics,organization,Sankofa United Elementary School,expense,not_to_exceed,15000,,,,,true,2024-04-20,2024-06-29,,,,Adopted on the General Consent Report,2024-04-10,true,auto_ok,sonnet-agent,enrich.v5.md,true,
2024-04-10:24-0620,2024-04-10,2024-04-10,regular,T.-33,97,general,Chief Academic Officer,24-0620,https://ousd.legistar.com/gateway.aspx?M=L&ID=60794,Services Agreement 2023-2024 - Shantel Watson - Sojourner Truth Independent Study,"Ratification by the Board of Education of a Services Agreement 2023-2024 by and between the District and Shantel Watson, Oakland, CA, for the latter to provide support to build and develop Structures for On-going Family Communication, Partnership, and Engagement, as described in Exhibit A of the Agreement, incorporated herein by reference as though fully set forth, for Sojourner Truth Independent Study, for the period of March 1, 2024 through May 24, 2024, in an amount not to exceed $10,080.00.",Agreement or Contract,Chief Academic Officer,008844,v-008844,ESSA: Comp Support & Improvmt,"Pays a consultant up to $10,080 to build family partnership structures at Sojourner Truth","An individual consultant will help Sojourner Truth Independent Study build and develop ongoing structures for communicating with families and involving them as partners. The agreement runs March 1 through May 24, 2024. This is a ratification, so the work period began before the Board's vote.","Student health, support & family services",,new_agreement,Shantel Watson,individual,Sojourner Truth Independent Study,expense,not_to_exceed,10080,,,,,true,2024-03-01,2024-05-24,after_work_began,,,Adopted on the General Consent Report,2024-04-10,true,auto_ok,sonnet-agent,enrich.v5.md,true,
2024-04-10:24-0621,2024-04-10,2024-04-10,regular,T.-34,98,general,Chief Academic Officer,24-0621,https://ousd.legistar.com/gateway.aspx?M=L&ID=60795,Services Agreement 2023-2024 - Playworks - Manzanita SEED Elementary School,"Ratification by the Board of Education of a Services Agreement 2023-2024 by and between the District and Playworks, Oakland, CA, for the latter to provides comprehensive support to schools by delivering a fully trained Site Specialist who implements strategies, games, and systems to develop and sustain a positive educational culture, with a commitment to adhering to CDC guidelines for social distancing and group activities, as described in Exhibit A of Agreement, incorporated herein by reference as though fully set forth, at Manzanita SEED Elementary School, for the period of August 16, 2023 through May 23, 2024, in an amount not to exceed $34,000.00.",Agreement or Contract,Chief Academic Officer,003388,v-003388,CCSPP Implementation Grant,"Pays Playworks up to $34,000 for a site specialist at Manzanita SEED to build school culture","Playworks will place a fully trained Site Specialist at Manzanita SEED Elementary School who uses games, strategies and systems to build a positive school culture. The agreement runs August 16, 2023 through May 23, 2024. This is a ratification, so the work period began before the Board's vote.","Student health, support & family services",,new_agreement,Playworks,organization,Manzanita SEED Elementary School,expense,not_to_exceed,34000,,,,,true,2023-08-16,2024-05-23,after_work_began,,,Adopted on the General Consent Report,2024-04-10,true,auto_ok,sonnet-agent,enrich.v5.md,true,
2024-04-10:24-0626,2024-04-10,2024-04-10,regular,T.-35,99,general,Chief Academic Officer,24-0626,https://ousd.legistar.com/gateway.aspx?M=L&ID=60800,"Nonpublic, Nonsectarian School/ Agency Services Master Contract 2023-24 – Cherry Gulch - Special Education Department","Approval by the Board of Education of a Nonpublic, Nonsectarian School/ Agency Services Master Contract 2023-24 by and between the District and Cherry Gulch, Emmett, ID, for the latter to provide Special Education Services, stated in Agreement, required by a student’s Individualized Education Program, for the period of July 1, 2023 through June 30, 2024, via the Special Education Department, in an amount not to exceed $100,000.00.",Agreement or Contract,Chief Academic Officer,,n-cherry-gulch,Special Education,"Approves up to $100,000 for Cherry Gulch, an Idaho nonpublic school, to serve a special education student","This is a master contract with Cherry Gulch of Emmett, Idaho, a nonpublic, nonsectarian school or agency, to provide special education services that a student's Individualized Education Program (IEP) requires. It runs July 1, 2023 through June 30, 2024 and is handled through the Special Education Department.",Special education,Nonpublic schools & agencies,new_agreement,Cherry Gulch,organization,,expense,not_to_exceed,100000,,,,,true,2023-07-01,2024-06-30,after_work_began,,,Adopted on the General Consent Report,2024-04-10,true,auto_ok,sonnet-agent,enrich.v5.md,true,
2024-04-10:24-0631,2024-04-10,2024-04-10,regular,T.-36,100,general,Chief Academic Officer,24-0631,https://ousd.legistar.com/gateway.aspx?M=L&ID=60805,Services Agreement 2023-2024 - The Program for Counseling in Schools - Strategic Resource Planning Department,"Ratification by the Board of Education of a Services Agreement 2023-2024 by and between the District and The Program for Counseling in Schools, Pleasanton, CA, for the latter oversee the work of two on site-counselors, via Strategic Resource Planning Department, for the period of March 11, 2024 through June 7, 2024, in an amount not to exceed $6,000.00.",Agreement or Contract,Chief Academic Officer,008929,v-008929,Title 4-Student Support,"Pays The Program for Counseling in Schools up to $6,000 to oversee two on-site counselors","The Program for Counseling in Schools will oversee the work of two on-site counselors, through the Strategic Resource Planning Department. The agreement runs March 11 through June 7, 2024. This is a ratification, so the work period began before the Board's vote.","Student health, support & family services",,new_agreement,The Program for Counseling in Schools,organization,,expense,not_to_exceed,6000,,,,,true,2024-03-11,2024-06-07,after_work_began,,,Adopted on the General Consent Report,2024-04-10,true,auto_ok,sonnet-agent,enrich.v5.md,true,
2024-04-10:24-0632,2024-04-10,2024-04-10,regular,T.-37,101,general,Chief Academic Officer,24-0632,https://ousd.legistar.com/gateway.aspx?M=L&ID=60806,Services Agreement 2023-2024 - California School-Age Consortium - Community Schools and Student Services Department,"Ratification by the Board of Education of a Services Agreement 2023-2024 by and between the District and California School-Age Consortium, El Sobrante, CA, for the latter to provide the Expanded Learning Community Workshops for the Summer Institute, including modules focused on the role of staff in behavior guidance, leading teams/orgs with head and heart, and designing safe and supportive programs so participants will understand how intentional program design can contribute to youth's mental, social, and emotional wellness, as described in Exhibit A of the Agreement, incorporated herein by reference as though fully set forth, via the Community Schools and Student Services Department, for the period of March 15, 2024 through May 15, 2024, in an amount not to exceed $12,500.00.",Agreement or Contract,Chief Academic Officer,,v-000897,Expanded Learning Opp Programs,"Pays California School-Age Consortium up to $12,500 for expanded learning Summer Institute workshops","California School-Age Consortium will lead workshops for the Summer Institute for expanded learning staff, covering behavior guidance, leading teams, and designing safe and supportive programs that support youth mental, social and emotional wellness. The agreement runs March 15 through May 15, 2024 and is handled by the Community Schools and Student Services Department. This is a ratification, so the work period began before the Board's vote.",After-school & summer programs,,new_agreement,California School-Age Consortium,organization,,expense,not_to_exceed,12500,,,,,true,2024-03-15,2024-05-15,after_work_began,,,Adopted on the General Consent Report,2024-04-10,true,auto_ok,sonnet-agent,enrich.v5.md,true,
2024-04-10:24-0634,2024-04-10,2024-04-10,regular,T.-38,102,general,Chief Academic Officer,24-0634,https://ousd.legistar.com/gateway.aspx?M=L&ID=60808,Services Agreement 2023-2024 - Oakland Public Education Fund - Community Schools and Student Services Department,"Approval by the Board of Education of a Services Agreement 2023-2024 by and between the District and Oakland Public Education Fund, Oakland, CA, for the latter to support health and wellness at school sites by providing stipends to Madison Park Academy alumni to run and organize activities for the Peer to Peer Mentoring Program, as described in Exhibit A of the Agreement, incorporated herein by reference as though fully set forth, via the Community Schools and Student Services Department, for the period of March 1, 2024 through June 30, 2024, in an amount not to exceed $10,000.00.",Agreement or Contract,Chief Academic Officer,003143,v-003143,Alameda Alliance for Health,"Approves up to $10,000 for Oakland Public Education Fund to pay Madison Park alumni peer mentors","Oakland Public Education Fund will provide stipends to Madison Park Academy alumni who run and organize activities for the Peer to Peer Mentoring Program, which supports health and wellness at school sites. The agreement runs March 1 through June 30, 2024.","Student health, support & family services",,new_agreement,Oakland Public Education Fund,organization,Madison Park Academy,expense,not_to_exceed,10000,,,,,true,2024-03-01,2024-06-30,after_work_began,,,Adopted on the General Consent Report,2024-04-10,true,auto_ok,sonnet-agent,enrich.v5.md,true,
2024-04-10:24-0635,2024-04-10,2024-04-10,regular,T.-39,103,general,Chief Academic Officer,24-0635,https://ousd.legistar.com/gateway.aspx?M=L&ID=60809,Services Agreement 2023-2024 - Bay Area Women Against Rape (BAWAR) - Community Schools and Student Services Department,"Ratification by the Board of Education of a Services Agreement 2023-2024 by and between the District and Bay Area Women Against Rape (BAWAR), Oakland, CA, for the latter to serve as one of the approved partners in the Human Trafficking Youth Prevention Education (HTYPE) grant Cohort 3; work with OUSD project staff on curriculum development; training of trainers (ToT); direct instruction; consultation on the District’s Human Trafficking School Safety Protocol (HTSSP); training and technical assistance; co-develop Human Trafficking Protocol (HTP) education for caregivers and a Training of Trainers guide; provide input on an updated Human Trafficking School Safety Protocol (HTSSP), participate in monthly check-in meetings with the Office of Trafficking in People and monthly HTYPE partner meetings with the District, and provide ongoing technical assistance for Cohort 3 activities, as described in Exhibit A of the Agreement, incorporated herein by reference as though fully set forth, via the Community Schools and Student Services Department, for the period of October 1, 2023 through June 30, 2024, in an amount not to exceed $43,399.00.",Agreement or Contract,Chief Academic Officer,008276,v-008276,Human Trafficking Prevention,"Pays Bay Area Women Against Rape up to $43,399 as a partner in a human trafficking prevention grant","Bay Area Women Against Rape is an approved partner in Cohort 3 of the Human Trafficking Youth Prevention Education (HTYPE) grant. It will help develop curriculum, train trainers, give direct instruction, advise on the District's school safety protocol, and provide technical help. The agreement runs October 1, 2023 through June 30, 2024. This is a ratification, so the work period began before the Board's vote.","Student health, support & family services",,new_agreement,Bay Area Women Against Rape (BAWAR),organization,,expense,not_to_exceed,43399,,,,,true,2023-10-01,2024-06-30,after_work_began,,,Adopted on the General Consent Report,2024-04-10,true,auto_ok,sonnet-agent,enrich.v5.md,true,
2024-04-10:24-0637,2024-04-10,2024-04-10,regular,T.-40,104,general,Chief Academic Officer,24-0637,https://ousd.legistar.com/gateway.aspx?M=L&ID=60811,Services Agreement 2023-2024 - Quetzal Education Consulting - Manzanita SEED Elementary School,"Ratification by the Board of Education of a Services Agreement 2023-2024 by and between the District and Quetzal Education Consulting, Oakland, CA, for the latter to tackle instances of anti-black racism within the organization comprehensively, using a blend of qualitative and quantitative data collection techniques, the initiative aims to disrupt oppression and propel antiracist demos forward, achieving objectives further stated in  Exhibit A of the Agreement, incorporated herein by reference as though fully set forth, at Manzanita SEED Elementary School, for the period of March 11, 2024 through May 24, 2024, in an amount not to exceed $7,500.00.",Agreement or Contract,Chief Academic Officer,007078,v-007078,CCSPP Implementation Grant,"Pays Quetzal Education Consulting up to $7,500 for anti-Black racism work at Manzanita SEED","Quetzal Education Consulting will use interviews, surveys and other data collection to address instances of anti-Black racism within the organization, as laid out in the agreement's Exhibit A, at Manzanita SEED Elementary School. The agreement runs March 11 through May 24, 2024. This is a ratification, so the work period began before the Board's vote.","Student health, support & family services",,new_agreement,Quetzal Education Consulting,organization,Manzanita SEED Elementary School,expense,not_to_exceed,7500,,,,,true,2024-03-11,2024-05-24,after_work_began,,,Adopted on the General Consent Report,2024-04-10,true,auto_ok,sonnet-agent,enrich.v5.md,true,
2024-04-10:24-0638,2024-04-10,2024-04-10,regular,T.-41,105,general,Chief Academic Officer,24-0638,https://ousd.legistar.com/gateway.aspx?M=L&ID=60812,Services Agreement 2023-2024 - Bay Area Women Against Rape (BAWAR) - Community Schools and Student Services Department,"Ratification by the Board of Education of a Services Agreement 2023-2024 by and between the District and Bay Area Women Against Rape (BAWAR), Oakland, CA, for the latter to serve as the approved nonprofit agency partner in the Human Trafficking Youth Prevention Education (HTYPE) grant Cohort 1; work with OUSD project staff on curriculum development; training of trainers (ToT); direct instruction; consultation on the District’s Human Trafficking School Safety Protocol (HTSSP); training and technical assistance; be available to co-facilitate student prevention education and training of trainers to central and school-site staff as needed;  then develop a ToT for District trainers to train future Human Trafficking Protocol Leads to facilitate the supplemental lessons and provide this training to District Lead Trainers no later than May, 2024; co-facilitate a caregiver webinar for Human Trafficking Awareness Month; provide ongoing consultation and technical assistance and participate in program meetings, reporting, and evaluation per the requirements of the Office of Trafficking in People (OTIP), via the Community Schools and Student Services Department, for the period of October 1, 2023 through June 30, 2024, in an amount not to exceed $17,556.00.",Agreement or Contract,Chief Academic Officer,008276,v-008276,Human Trafficking Prevention,"Pays Bay Area Women Against Rape up to $17,556 as the nonprofit partner in a trafficking prevention grant","Bay Area Women Against Rape is the nonprofit partner in Cohort 1 of the Human Trafficking Youth Prevention Education (HTYPE) grant. It will help develop curriculum, train District trainers, co-host a caregiver webinar, and join program meetings and reporting. The agreement runs October 1, 2023 through June 30, 2024. This is a ratification, so the work period began before the Board's vote.","Student health, support & family services",,new_agreement,Bay Area Women Against Rape (BAWAR),organization,,expense,not_to_exceed,17556,,,,,true,2023-10-01,2024-06-30,after_work_began,,,Adopted on the General Consent Report,2024-04-10,true,auto_ok,sonnet-agent,enrich.v5.md,true,
2024-04-10:24-0640,2024-04-10,2024-04-10,regular,T.-42,106,general,Chief Academic Officer,24-0640,https://ousd.legistar.com/gateway.aspx?M=L&ID=60814,Services Agreement 2023-2024 - Oakland Public Education Fund - Community Schools and Student Services Department,"Approval by the Board of Education of a Services Agreement 2023-2024 by and between the District and Oakland Public Education Fund, Oakland, CA, for the latter to provide stipends for counseling interns who are masters level students (MFT, MSW, LPCC) in training to deliver social-emotional supports in OUSD schools for students and families, as described in Exhibit A of the Agreement, incorporated herein by reference as though fully set forth, via the Community Schools and Student Services Department, for the period of March 1, 2024 through June 30, 2024, in an amount not to exceed $121,000.00.",Agreement or Contract,Chief Academic Officer,003143,v-003143,Alameda Alliance for Health,"Approves up to $121,000 for Oakland Public Education Fund to pay counseling interns in OUSD schools","Oakland Public Education Fund will provide stipends to master's-level counseling interns who are in training to give social-emotional support to students and families in OUSD schools. The agreement runs March 1 through June 30, 2024.","Student health, support & family services",,new_agreement,Oakland Public Education Fund,organization,,expense,not_to_exceed,121000,,,,,true,2024-03-01,2024-06-30,after_work_began,,,Adopted on the General Consent Report,2024-04-10,true,auto_ok,sonnet-agent,enrich.v5.md,true,
2024-04-10:24-0641,2024-04-10,2024-04-10,regular,T.-43,107,general,Chief Academic Officer,24-0641,https://ousd.legistar.com/gateway.aspx?M=L&ID=60815,Services Agreement 2023-2024 - UnaMesa Association dba InPlay - Community Schools and Student Services Department,"Ratification by the Board of Education of a Services Agreement 2023-2024 by and between the District and UnaMesa Association dba InPlay, San Mateo, CA, for the latter to create an enrollment system for OUSD parents to participate in independent summer programs and a summer activity guide for all OUSD parents, as described in Exhibit A of the Agreement, incorporated herein by reference as though fully set forth, via the Community Schools and Student Services Department, for the period of January 1, 2024 through June 30, 2024, in an amount not to exceed $74,000.00.",Agreement or Contract,Chief Academic Officer,004424,v-004424,Expanded Learning Opp Programs,"Pays InPlay up to $74,000 to build a summer program enrollment system and activity guide for parents","UnaMesa Association, doing business as InPlay, will create an enrollment system that lets OUSD parents sign up for independent summer programs, plus a summer activity guide for all OUSD parents. The agreement runs January 1 through June 30, 2024. This is a ratification, so the work period began before the Board's vote.",After-school & summer programs,,new_agreement,UnaMesa Association dba InPlay,organization,,expense,not_to_exceed,74000,,,,,true,2024-01-01,2024-06-30,after_work_began,,,Adopted on the General Consent Report,2024-04-10,true,auto_ok,sonnet-agent,enrich.v5.md,true,
2024-04-10:24-0653,2024-04-10,2024-04-10,regular,T.-44,108,general,Chief Academic Officer,24-0653,https://ousd.legistar.com/gateway.aspx?M=L&ID=60827,Services Agreement 2023-2024 - C&C Educational Consultants - Brookfield Elementary School,"Ratification by the Board of Education of a Services Agreement 2023-2024 by and between the District and C&C Educational Consultants, Suisun, CA, for the latter to assist, train, and coach the site administrator in developing and implementing parent engagement strategies and improving parent advocacy for identified student subgroups as a key component of school redesign; assist school leadership in developing and conducting a Needs Asset Assessment to ensure parents and families have input and are included in key decision-making processes that ensure improved academic engagement, instruction, and outcomes for all enrolled students at Brookfield Elementary School, for the period of March 15, 2024 through June 7, 2024, in an amount not to exceed $65,000.00.",Agreement or Contract,Chief Academic Officer,006616,v-006616,Early Literacy Support Block,"Pays C&C Educational Consultants up to $65,000 to coach Brookfield's principal on parent engagement","C&C Educational Consultants will train and coach the site administrator at Brookfield Elementary School on engaging parents and strengthening parent advocacy. It will also help school leaders run a needs assessment so families have input in decisions. The agreement runs March 15 through June 7, 2024. This is a ratification, so the work period began before the Board's vote.","Student health, support & family services",,new_agreement,C&C Educational Consultants,organization,Brookfield Elementary School,expense,not_to_exceed,65000,,,,,true,2024-03-15,2024-06-07,after_work_began,,,Adopted on the General Consent Report,2024-04-10,true,auto_ok,sonnet-agent,enrich.v5.md,true,
2024-04-10:24-0654,2024-04-10,2024-04-10,regular,T.-45,109,general,Chief Academic Officer,24-0654,https://ousd.legistar.com/gateway.aspx?M=L&ID=60828,Services Agreement 2023-2024 - Oakland Public Education Fund - Madison Park Academy-Upper,"Approval by the Board of Education of a Services Agreement 2023-2024 by and between the District and Oakland Public Education Fund, Oakland, CA, for the latter to manage the stipend process for student interns from school’s involved pathway-based spring Work-Based Learning internships, including setting up the intern stipend process and timeline, issuing stipend payments as directed by MPA’s Pathway Coach on the agreed-upon timeline, resolving stipend issues in a professional manner and issuing year-end tax documents to stipend recipients at Madison Park Academy-Upper, for the period of March 1, 2024 through June 30, 2024, in an amount not to exceed $20,000.00.",Agreement or Contract,Chief Academic Officer,003143,v-003143,Measure N,"Approves up to $20,000 for Oakland Public Education Fund to pay Madison Park student interns","Oakland Public Education Fund will manage the stipend process for students in spring work-based learning internships at Madison Park Academy-Upper. This includes setting the timeline, issuing payments as directed by the school's pathway coach, and issuing year-end tax documents. The agreement runs March 1 through June 30, 2024.",Classroom & academic programs,,new_agreement,Oakland Public Education Fund,organization,Madison Park Academy-Upper,expense,not_to_exceed,20000,,,,,true,2024-03-01,2024-06-30,after_work_began,,,Adopted on the General Consent Report,2024-04-10,true,auto_ok,sonnet-agent,enrich.v5.md,true,
2024-04-10:24-0655,2024-04-10,2024-04-10,regular,T.-46,110,general,Chief Academic Officer,24-0655,https://ousd.legistar.com/gateway.aspx?M=L&ID=60829,Services Agreement 2023-2024 - Civic Productions LLC - Linked Learning Department,"Ratification by the Board of Education of a Services Agreement 2023-2024 by and between the District and Civic Productions LLC, Oakland, CA, for the latter to facilitate multiple civic engagement projects with OUSD high school pathways, connecting them with cross sector partnerships between community and industry in the process; introduce industry project partners to District’s Career Technical Education (CTE) coordinators and teachers, with collaborative projects and in class presentations by Civic and Partners; and focus on major multiyear initiatives: Building CREATIVE INDUSTRY” pathways for OUSD to Peralta and the professional creative industry: arts, 2D and 3D design, architecture, via Linked Learning Department, for the period of March 1, 2024 through June 30, 2024, in an amount not to exceed $50,000.00.",Agreement or Contract,Chief Academic Officer,005705,v-005705,K12 Strong Workforce Grant,"Pays Civic Productions up to $50,000 for civic and creative industry projects in high school pathways","Civic Productions LLC will run civic engagement projects with OUSD high school career pathways and introduce industry partners to Career Technical Education coordinators and teachers. It will also work on building creative industry pathways toward Peralta and the professional creative industry. The agreement runs March 1 through June 30, 2024. This is a ratification, so the work period began before the Board's vote.",Classroom & academic programs,,new_agreement,Civic Productions LLC,organization,,expense,not_to_exceed,50000,,,,,true,2024-03-01,2024-06-30,after_work_began,,,Adopted on the General Consent Report,2024-04-10,true,auto_ok,sonnet-agent,enrich.v5.md,true,
2024-04-10:24-0656,2024-04-10,2024-04-10,regular,T.-47,111,general,Chief Academic Officer,24-0656,https://ousd.legistar.com/gateway.aspx?M=L&ID=60830,Services Agreement 2023-2024 - Oakland Public Education Fund - Frick United Academy of Language,"Approval by the Board of Education of a Services Agreement 2023-2024 by and between the District and Oakland Public Education Fund, Oakland, CA, for the latter to provide a Restorative Student Ambassador to support and initiate restorative justice practices at site throughout the academic school year, as described in Exhibit a of the Agreement, incorporated herein by reference as though fully set forth, at Frick United Academy of Language, for the period of January 8, 2024 through May 31, 2024, in an amount not to exceed $50,000.00.",Agreement or Contract,Chief Academic Officer,003143,v-003143,Measure G1 Parcel Tax,"Approves up to $50,000 for Oakland Public Education Fund to provide a restorative ambassador at Frick","Oakland Public Education Fund will provide a Restorative Student Ambassador to support and start restorative justice practices at Frick United Academy of Language. The agreement runs January 8 through May 31, 2024.","Student health, support & family services",,new_agreement,Oakland Public Education Fund,organization,Frick United Academy of Language,expense,not_to_exceed,50000,,,,,true,2024-01-08,2024-05-31,after_work_began,,,Adopted on the General Consent Report,2024-04-10,true,auto_ok,sonnet-agent,enrich.v5.md,true,
2024-04-10:24-0657,2024-04-10,2024-04-10,regular,T.-48,112,general,Chief Academic Officer,24-0657,https://ousd.legistar.com/gateway.aspx?M=L&ID=60831,Services Agreement 2023-2024 - Julie Kurtz - Early Childhood Development Department,"Ratification by the Board of Education of a Services Agreement 2023-2024 by and between the District and Julie Kurtz, Danville, CA, for the latter to facilitate site-based professional development building on-site needs and goals related to trauma-informed care and social-emotional learning; and with the early learning principals to schedule the training sessions identified in the Scope of Work, via Early Childhood Development Department, for the period of March 11, 2024 through June 30, 2024, in an amount not to exceed $20,000.00.",Agreement or Contract,Chief Academic Officer,008634,v-008634,Urban Forestry Grant and State Preschool One-Time Funds,"Pays a consultant up to $20,000 to train early learning staff in trauma-informed care","An individual consultant will lead site-based professional development on trauma-informed care and social-emotional learning for early childhood staff. The consultant will schedule sessions with the early learning principals. The agreement runs March 11 through June 30, 2024. This is a ratification, so the work period began before the Board's vote.","Student health, support & family services",,new_agreement,Julie Kurtz,individual,,expense,not_to_exceed,20000,,,,,true,2024-03-11,2024-06-30,after_work_began,,,Adopted on the General Consent Report,2024-04-10,true,auto_ok,sonnet-agent,enrich.v5.md,true,
2024-04-10:24-0658,2024-04-10,2024-04-10,regular,T.-49,113,general,Chief Academic Officer,24-0658,https://ousd.legistar.com/gateway.aspx?M=L&ID=60832,Services Agreement 2023-2024 - Civic Productions LLC - Oakland International High School,"Ratification by the Board of Education of a Services Agreement 2023-2024 by and between the District and Civic Productions LLC, Oakland, CA, for the latter to provide materials, art direction and advisory for Geometry classrooms throughout the fall semester to support the design process, iteration, and final product development of personal values art pieces that use geometry and yarncraft to create public displays; partner will support by showcasing final student products at a public venue to be determined: options are Main Oakland Library, Chinatown and Old Oakland windows; in the spring semester,  showcase student work in permanent display for affordable housing in Oakland; and work with Graphic Design teacher and Film Production capstone class to showcase student work at Oakland International High School, for the period of December 10, 2023 through May 24, 2024, in an amount not to exceed $8,500.00.",Agreement or Contract,Chief Academic Officer,005705,v-005705,Voc & Applied Secondary&adult,"Pays Civic Productions up to $8,500 for student geometry art projects at Oakland International High","Civic Productions LLC will provide materials, art direction and advice for Geometry classes at Oakland International High School, where students make personal-values art using geometry and yarncraft. It will also help show student work at public venues and at the school. The agreement runs December 10, 2023 through May 24, 2024. This is a ratification, so the work period began before the Board's vote.",Classroom & academic programs,,new_agreement,Civic Productions LLC,organization,Oakland International High School,expense,not_to_exceed,8500,,,,,true,2023-12-10,2024-05-24,after_work_began,,,Adopted on the General Consent Report,2024-04-10,true,auto_ok,sonnet-agent,enrich.v5.md,true,
2024-04-10:24-0659,2024-04-10,2024-04-10,regular,T.-50,114,general,Chief Academic Officer,24-0659,https://ousd.legistar.com/gateway.aspx?M=L&ID=60833,No-Cost Services Agreement 2023-2024 - Living Jazz - Glenview Elementary School,"Ratification by the Board of Education of a No Cost Services Agreement - 2023-2024  by and between the District and Living Jazz, Oakland, CA, for the latter to provide classes in one of three components each semester: choral, rhythm, or dance, with performance programming and curriculum supporting Living Jazz’s theme of social justice, civil rights and highlight styles related to jazz; classes that emphasize the historical and cultural context of African Diasporic rhythms, via discussions, on the use of dance, rhythm, music and song to preserve and create cultural identity at Glenview Elementary School, for the period of January 16, 2024 through May 23, 2024, at no cost to the District.",Agreement or Contract,Chief Academic Officer,008016,v-008016,No Fiscal Impact - No-Cost Agreement,Accepts free arts classes from Living Jazz at Glenview Elementary through May 2024,"Living Jazz will teach classes at Glenview Elementary School in choral, rhythm or dance each semester, with a theme of social justice and civil rights and a focus on the history and culture of African Diasporic rhythms. It costs the District nothing. The agreement runs January 16 through May 23, 2024. This is a ratification, so the work period began before the Board's vote.",Classroom & academic programs,,mou_or_data_sharing,Living Jazz,organization,Glenview Elementary School,no_cost,,,,,,,true,2024-01-16,2024-05-23,after_work_began,,,Adopted on the General Consent Report,2024-04-10,true,auto_ok,sonnet-agent,enrich.v5.md,true,
2024-04-10:24-0662,2024-04-10,2024-04-10,regular,T.-51,115,general,Chief Academic Officer,24-0662,https://ousd.legistar.com/gateway.aspx?M=L&ID=60835,Services Agreement 2023-2024 - Amy McDonald Crudo - Linked Learning Department,"Ratification by the Board of Education of a Services Agreement 2023-2024 by and between the District and Amy McDonald Crudo, Oakland, CA, for the latter to provide expert technical support in the customization of the Education Improvement Plans required by the Measures N and H commission;  provide copy review and document preparation for Commission meetings; and assist with projects required for the administration of Measures N and H, including the Annual Report and updating key forms and documents for the 2024-25 academic year, via Linked Learning Department, for the period of January 23, 2024 through June 30, 2024, in an amount not to exceed $20,000.00.",Agreement or Contract,Chief Academic Officer,008870,v-008870,Measure N,"Pays a consultant up to $20,000 to support Measure N and H plans and commission work","An individual consultant will give technical help customizing the Education Improvement Plans required by the Measures N and H commission, review documents for commission meetings, and help with the Annual Report and key forms for 2024-25. The agreement runs January 23 through June 30, 2024. This is a ratification, so the work period began before the Board's vote.","Budget, finance & payments",,new_agreement,Amy McDonald Crudo,individual,,expense,not_to_exceed,20000,,,,,true,2024-01-23,2024-06-30,after_work_began,,,Adopted on the General Consent Report,2024-04-10,true,auto_ok,sonnet-agent,enrich.v5.md,true,
2024-04-10:24-0664,2024-04-10,2024-04-10,regular,T.-52,116,general,Chief Academic Officer,24-0664,https://ousd.legistar.com/gateway.aspx?M=L&ID=60837,Services Agreement 2023-2024 - The Mosaic Project - Reach Academy,"Ratification by the Board of Education of a Services Agreement 2023-2024 by and between the District and The Mosaic Project, Oakland, CA, for the latter to provide a four-night, five-day experience that unites 4th and 5th grade classes from schools that differ socioeconomically, racially, and ethnically, with  an immersive, experiential education program that places students at the center in diverse groups within a setting and directly addresses issues of difference while building self-esteem and community; provide student learning through shared challenges, exciting “gametivities”, honest discussions and conversations, as well as through the power of song; and serves as a professional development retreat for teachers who learn and experience at Reach Academy, for the period of April 29, 2024 through May 3, 2024, in an amount not to exceed $5,775.00.",Agreement or Contract,Chief Academic Officer,002941,v-002941,Unrestricted Supplemental,"Pays The Mosaic Project up to $5,775 for a five-day shared program at Reach Academy","The Mosaic Project will run a four-night, five-day program that brings together 4th and 5th grade classes from schools of different backgrounds to talk about differences and build community. It also serves as a professional development retreat for teachers. The agreement runs April 29 through May 3, 2024.",Classroom & academic programs,,new_agreement,The Mosaic Project,organization,Reach Academy,expense,not_to_exceed,5775,,,,,true,2024-04-29,2024-05-03,,,,Adopted on the General Consent Report,2024-04-10,true,auto_ok,sonnet-agent,enrich.v5.md,true,
2024-04-10:24-0665,2024-04-10,2024-04-10,regular,T.-53,117,general,Chief Academic Officer,24-0665,https://ousd.legistar.com/gateway.aspx?M=L&ID=60838,Services Agreement 2023-2024 - Blueprint Schools Network - Elmhurst United Middle School,"Approval by the Board of Education of a Services Agreement 2023-2024 by and between the District and Blueprint Schools Network, Needham, MA, for the latter to provide two full-time math fellows, typically Americacorps members, to provide small group high dosage tutoring in math during the school day and to support, in part, selection, training, Professional Development and site supervision of the fellows program at Elmhurst United Middle School, for the period of July 1, 2023 through June 30, 2024, in an amount not to exceed $96,850.00.",Agreement or Contract,Chief Academic Officer,000725,v-000725,Salesforce.org,"Approves up to $96,850 for Blueprint Schools Network math fellows to tutor at Elmhurst United Middle","Blueprint Schools Network will provide two full-time math fellows, typically AmeriCorps members, to give small-group math tutoring during the school day at Elmhurst United Middle School. The money also helps cover selecting, training and supervising the fellows. The agreement runs July 1, 2023 through June 30, 2024.",Classroom & academic programs,,new_agreement,Blueprint Schools Network,organization,Elmhurst United Middle School,expense,not_to_exceed,96850,,,,,true,2023-07-01,2024-06-30,after_work_began,,,Adopted on the General Consent Report,2024-04-10,true,auto_ok,sonnet-agent,enrich.v5.md,true,
2024-04-10:24-0666,2024-04-10,2024-04-10,regular,T.-54,118,general,Chief Academic Officer,24-0666,https://ousd.legistar.com/gateway.aspx?M=L&ID=60839,Services Agreement 2023-2024 - Michelle Gonzalez - Oakland High School,"Ratification by the Board of Education of a Services Agreement 2023-2024 by and between the District and Michelle Gonzalez, Oakland, CA, for the latter to support the collaboration between parents/caregivers, teachers, administration, and support staff to enable student success; promote and support parent participation in the appropriate leadership bodies on campus for Oakland High School, for the period of February 28, 2024 through May 31, 2024, in an amount not to exceed $6,913.00.",Agreement or Contract,Chief Academic Officer,007783,v-007783,Title I-Basic Grant Low Income,"Pays a consultant up to $6,913 to support parent involvement at Oakland High","An individual consultant will support collaboration among parents and caregivers, teachers, administrators and support staff at Oakland High School, and encourage parents to take part in campus leadership bodies. The agreement runs February 28 through May 31, 2024. This is a ratification, so the work period began before the Board's vote.","Student health, support & family services",,new_agreement,Michelle Gonzalez,individual,Oakland High School,expense,not_to_exceed,6913,,,,,true,2024-02-28,2024-05-31,after_work_began,,,Adopted on the General Consent Report,2024-04-10,true,auto_ok,sonnet-agent,enrich.v5.md,true,
2024-04-10:24-0669,2024-04-10,2024-04-10,regular,T.-55,119,general,Chief Academic Officer,24-0669,https://ousd.legistar.com/gateway.aspx?M=L&ID=60842,Services Agreement 2023-2024 - Instruction Partners - EnCompass Academy,"Approval by the Board of Education of a Services Agreement 2023-2024 by and between the District and Instruction Partners, Nashville, TN, for the latter to build the capacity of instructional teacher leaders to ensure equitable access to high quality instruction for high-poverty students, multilingual learners, foster or homeless youth, and students with disabilities; work with site to support coaching, conduct school walkthroughs, collaborative professional learning sessions, and PLC implementation so teachers align tasks to standards and increase academic discourse in mathematics at EnCompass Academy, for the period of August 8, 2023 through June 30, 2024, in an amount not to exceed $30,000.00.",Agreement or Contract,Chief Academic Officer,007467,v-007467,Educator Effectiveness,"Approves up to $30,000 for Instruction Partners to coach EnCompass Academy teacher leaders in math","Instruction Partners will help teacher leaders at EnCompass Academy deliver high-quality instruction through coaching, school walkthroughs and professional learning sessions, with a focus on math. The agreement runs August 8, 2023 through June 30, 2024.",Classroom & academic programs,,new_agreement,Instruction Partners,organization,EnCompass Academy,expense,not_to_exceed,30000,,,,,true,2023-08-08,2024-06-30,after_work_began,,,Adopted on the General Consent Report,2024-04-10,true,auto_ok,sonnet-agent,enrich.v5.md,true,
2024-04-10:24-0671,2024-04-10,2024-04-10,regular,T.-56,120,general,Chief Academic Officer,24-0671,https://ousd.legistar.com/gateway.aspx?M=L&ID=60844,Services Agreement 2023-2024 - Thena Gee Consulting - Early Childhood Development Department,"Ratification by the Board of Education of a Services Agreement 2023-2024 by and between the District and Thena Gee Consulting, Sunnyvale, CA, for the latter to provide virtual Effective Mindfulness, Building Responsive and Confident Educators (EMBRACE) training and coaching to reinforce concepts and strategies to support the transfer of practices; introduce core practices to create strength-based environments that support educators and children’s health and resiliency; to positively influence the culture and climate in early childhood settings and ultimately improve child outcomes, via Early Childhood Development Department, for the period of March 4, 2024 through June 30, 2024, in an amount not to exceed $4,200.00.",Agreement or Contract,Chief Academic Officer,008624,v-008624,Child Dev ARPA Funded Stipends,"Pays Thena Gee Consulting up to $4,200 for mindfulness training for early childhood educators","Thena Gee Consulting will provide virtual training and coaching, called EMBRACE, to help early childhood educators build strength-based, supportive settings that improve children's health and resilience. The agreement runs March 4 through June 30, 2024. This is a ratification, so the work period began before the Board's vote.","Student health, support & family services",,new_agreement,Thena Gee Consulting,organization,,expense,not_to_exceed,4200,,,,,true,2024-03-04,2024-06-30,after_work_began,,,Adopted on the General Consent Report,2024-04-10,true,auto_ok,sonnet-agent,enrich.v5.md,true,
2024-04-10:24-0672,2024-04-10,2024-04-10,regular,T.-57,121,general,Chief Academic Officer,24-0672,https://ousd.legistar.com/gateway.aspx?M=L&ID=60845,No Cost Services Agreement - Strategic Urban Development Alliance - Adult Education Department,"Ratification by the Board of Education of a No Cost Services Agreement by and between the District and Strategic Urban Development Alliance, Oakland, CA, for the latter to work with OUSD’s Oakland Adult and Career Education (OACE) to identify opportunities for workforce development, career development and internship opportunities at The Strategic Urban Development Alliance’s three on-transit mixed use development projects in Oakland (Mandela Station at West Oakland BART, Eastline near 19th St BART, and the Coliseum Development project), via the Oakland Adult and Career Education Department, for the period of February 2, 2024 through June 30, 2027, at no cost to the District.",Agreement or Contract,Chief Academic Officer,,n-strategic-urban-development-alliance,No Fiscal Impact,Accepts a free partnership with Strategic Urban Development Alliance on adult career opportunities,"Strategic Urban Development Alliance will work with Oakland Adult and Career Education to find workforce development, career development and internship opportunities at its three mixed-use projects near transit in Oakland. It costs the District nothing. The agreement runs February 2, 2024 through June 30, 2027. This is a ratification, so the work period began before the Board's vote.",Classroom & academic programs,,mou_or_data_sharing,Strategic Urban Development Alliance,organization,,no_cost,,,,,,,true,2024-02-02,2027-06-30,after_work_began; multi_year,,,Adopted on the General Consent Report,2024-04-10,true,auto_ok,sonnet-agent,enrich.v5.md,true,
2024-04-10:24-0673,2024-04-10,2024-04-10,regular,T.-58,122,general,Chief Academic Officer,24-0673,https://ousd.legistar.com/gateway.aspx?M=L&ID=60846,Grant Agreement - Oakland Public Education Fund - Quest Foundation - Regrant #24-02-05963915 - Think College Now Elementary School,"Approval by the Board of Education of a Grant Agreement by and between the District and the Oakland Public Education Fund, Oakland, CA, accepting $23,000.00 from the Quest Foundation, for funding a support staff at Think College Now for the 2024/2025 School Year, for the period of August 1, 2024 through May 23, 2025.",Agreement or Contract,Chief Academic Officer,,v-003143,,"Accepts $23,000 from the Quest Foundation, through Oakland Public Education Fund, for Think College Now staff","The Quest Foundation is giving $23,000 through the Oakland Public Education Fund to pay for a support staff position at Think College Now for the 2024-25 school year. The grant period runs August 1, 2024 through May 23, 2025.",Classroom & academic programs,,grant_or_funding_in,Oakland Public Education Fund,organization,Think College Now Elementary School,revenue,fixed,23000,,,,,true,2024-08-01,2025-05-23,,,,Adopted on the General Consent Report,2024-04-10,true,auto_ok,sonnet-agent,enrich.v5.md,true,
2024-04-10:24-0676,2024-04-10,2024-04-10,regular,T.-59,123,general,Chief Academic Officer,24-0676,https://ousd.legistar.com/gateway.aspx?M=L&ID=60849,Services Agreement 2023-2024 - The Black Cultural Zone Community Development - Community Schools and Student Services Department,"Ratification by the Board of Education of a Services Agreement 2023-2024 by and between the District and The Black Cultural Zone Community Development, Oakland, CA, for the latter to consult with the Expanded Learning Arts Enrichment Initiative to develop student engaged/led mural projects implemented during after school hours, including communications to site administration at school sites to identify location of the murals on campus, program and mural design, as well logistics related to timelines for implementation, via Community Schools and Student Services Department, for the period of April 1, 2024 through April 24, 2024, in an amount not to exceed $5,500.00.",Agreement or Contract,Chief Academic Officer,008577,v-008577,Expanded Learning Opp Programs,"Pays The Black Cultural Zone up to $5,500 to help students plan after-school murals","The Black Cultural Zone Community Development will advise the Expanded Learning Arts Enrichment Initiative on student-led mural projects held after school. This includes choosing mural locations with school administrators, designing the programs and murals, and planning timelines. The agreement runs April 1 through April 24, 2024. This is a ratification, so the work period began before the Board's vote.",After-school & summer programs,,new_agreement,The Black Cultural Zone Community Development,organization,,expense,not_to_exceed,5500,,,,,true,2024-04-01,2024-04-24,after_work_began,,,Adopted on the General Consent Report,2024-04-10,true,auto_ok,sonnet-agent,enrich.v5.md,true,
2024-04-10:24-0682,2024-04-10,2024-04-10,regular,T.-60,124,general,Chief Academic Officer,24-0682,https://ousd.legistar.com/gateway.aspx?M=L&ID=60855,Standard Agreement - State of California - Department of Rehabilitation - Special Education Department,"Approval by the Board of Education of Resolution No. 2324-0205 - Approving Standard Agreement (Agreement No. 32469) - Subvention Contract - Vocational Rehabilitation Third Party Cooperative/Case Agreement - Transition Partnership Program - by and between District and California State Department of Rehabilitation (DoR), accepting grant in the amount of $2,123,418.00, authorizing Benjamin Davis and Kyla Johnson Trammell to sign and execute any and all documents required by DOR to effectuate the execution of said Agreement and all amendments, California Civil Rights Laws Certification, Grant/Contract Signature Authorization, and Contractor Certification Clauses, except as otherwise authorized in the Standard Agreement, for the period July 1, 2024 through June 30, 2027, for services to Special Education pupils, as specified, pursuant to terms and conditions thereof.",Agreement or Contract,Chief Academic Officer,,n-california-department-of-rehabilitation,Transition Partnership Program,Accepts $2.12M over three years from the state for special education transition services,"The Board is approving a resolution and agreement to accept a $2,123,418 grant from the California Department of Rehabilitation for the Transition Partnership Program, which provides services to special education students. The resolution also authorizes named officials to sign the related documents. The agreement runs July 1, 2024 through June 30, 2027.",Special education,"Legal, compliance & policy",grant_or_funding_in,California Department of Rehabilitation,organization,,revenue,fixed,2123418,,,,,true,2024-07-01,2027-06-30,multi_year,,,Adopted on the General Consent Report,2024-04-10,true,auto_ok,sonnet-agent,enrich.v5.md,true,
2024-04-10:24-0683,2024-04-10,2024-04-10,regular,T.-61,125,general,Chief Academic Officer,24-0683,https://ousd.legistar.com/gateway.aspx?M=L&ID=60856,Services Agreement 2023-2024 - YMCA of the East Bay - District Child Development - Early Childhood Education Department,"Approval by the Board of Education of Resolution No. 2324-0161 - Authorizing Subcontract to the YMCA of the Eastbay a Portion of District's Fiscal Year 2023-24 Child Development Funding [Authorizing Subcontracting of a portion of the District's Fiscal Year 2023-2024 Child Development Funds, with YMCA of the East Bay, Oakland, CA, a Not-for-Profit Child Development Agency, in an amount not to exceed $487,872.60, and approving said subcontract (Service Agreement) with same, for the purpose of providing classroom renovation using a portion of Oakland Unified School District’s Funding from 6128 Inclusive Early Learning Education Expansion Program Grant (IEEEP) from the Alameda County Office of Education, for classroom renovation that will assist children with disabilities, including children with severe disabilities, with increasing access to inclusive Early Learning and Care Programs, and is available to use by both OUSD and their ELC consortium and as further described in the Services Agreement, Exhibit A, incorporated herein by reference as though fully set forth, via the Early Childhood Education Department, for the period of July 1, 2023 through December 31, 2024.]",Agreement or Contract,Chief Academic Officer,,v-004722,,"Subcontracts up to $487,872.60 to the YMCA of the East Bay to renovate early learning classrooms","The district would pass part of its 2023-24 child development funding to the YMCA of the East Bay, a nonprofit, for classroom renovation. The money comes from an Inclusive Early Learning Education Expansion Program grant from the Alameda County Office of Education and is meant to help children with disabilities, including severe disabilities, get into inclusive early learning programs. The renovated classrooms can be used by the district and its early learning and care consortium, and the agreement runs July 1, 2023 through December 31, 2024.",School buildings & construction,,new_agreement,YMCA of the East Bay,organization,,expense,not_to_exceed,487872.6,,,,,true,2023-07-01,2024-12-31,after_work_began; multi_year,,,Adopted on the General Consent Report,2024-04-10,true,auto_ok,sonnet-agent,enrich.v5.md,true,
2024-04-10:24-0684,2024-04-10,2024-04-10,regular,T.-62,126,general,Chief Academic Officer,24-0684,https://ousd.legistar.com/gateway.aspx?M=L&ID=60857,Services Agreement 2023-2024 - Positive Coaching Alliance - Community Schools and Student Services Department,"Ratification by the Board of Education of a Services Agreement 2023-2024 by and between the District and Positive Coaching Alliance, Oakland, CA, for the latter to work with District staff to evaluate whether the Expanded Learning Elementary Sports Program benefits District youth, which will include the development of an overall evaluation plan to measure the effectiveness of the Elementary Sports Program, working with District staff to develop, administer, and analyze evaluation tools with relevant stakeholders, and production of a report summarizing the impact of the Elementary Sports Program and implementation recommendations, via the Community Schools and Student Services Department, for the period of March 4, 2024 through June 30, 2024, in an amount not to exceed $40,000.00.",Agreement or Contract,Chief Academic Officer,006629,v-006629,Expanded Learning Opp Programs,"Ratifies up to $40,000 for Positive Coaching Alliance to evaluate the elementary sports program","Positive Coaching Alliance will work with district staff to judge whether the Expanded Learning Elementary Sports Program benefits district youth. It will build an evaluation plan, develop and use evaluation tools with stakeholders, and write a report on the program's impact with recommendations. The agreement runs March 4 through June 30, 2024.",After-school & summer programs,,new_agreement,Positive Coaching Alliance,organization,,expense,not_to_exceed,40000,,,,,true,2024-03-04,2024-06-30,after_work_began,,,Adopted on the General Consent Report,2024-04-10,true,auto_ok,sonnet-agent,enrich.v5.md,true,
2024-04-10:24-0685,2024-04-10,2024-04-10,regular,T.-63,127,general,Chief Academic Officer,24-0685,https://ousd.legistar.com/gateway.aspx?M=L&ID=60858,District's Young Adult Program (YAP) - Academic (School Year) Calendar - 2024-2025,Approval by the Board of Education of the District's Young Adult Program (YAP) 2024-2025 Academic (School Year) Calendar.,Motion,Chief Academic Officer,,,No Fiscal Impact,Approves the 2024-25 school-year calendar for the district's Young Adult Program,The board is asked to approve the 2024-2025 academic calendar for the district's Young Adult Program (YAP). The item states no cost to the district.,Classroom & academic programs,,other,,,,no_cost,,,,,,,true,,,,,,Adopted on the General Consent Report,2024-04-10,true,auto_ok,sonnet-agent,enrich.v5.md,true,
2024-04-10:24-0686,2024-04-10,2024-04-10,regular,T.-64,128,general,Chief Academic Officer,24-0686,https://ousd.legistar.com/gateway.aspx?M=L&ID=60859,Services Agreement 2023-2024 - East Bay Consortium - Dewey Academy,"Ratification by the Board of Education of a Services Agreement 2023-2024 by and between the District and East Bay Consortium, Oakland, CA, for the latter to provide college student staff who will provide in class academic support to students in various classes, as described in Exhibit A of the Agreement, incorporated herein by reference as though fully set forth, at Dewey Academy, for the period of March 11, 2024 through May 24, 2024 in an amount not to exceed $5,000.00.",Agreement or Contract,Chief Academic Officer,001478,v-001478,Measure N,"Ratifies up to $5,000 for East Bay Consortium college students to tutor in Dewey Academy classes","East Bay Consortium will provide college student staff who give in-class academic support to students in various classes at Dewey Academy. The agreement runs March 11 through May 24, 2024.",Classroom & academic programs,,new_agreement,East Bay Consortium,organization,Dewey Academy,expense,not_to_exceed,5000,,,,,true,2024-03-11,2024-05-24,after_work_began,,,Adopted on the General Consent Report,2024-04-10,true,auto_ok,sonnet-agent,enrich.v5.md,true,
2024-04-10:24-0687,2024-04-10,2024-04-10,regular,T.-65,129,general,Chief Academic Officer,24-0687,https://ousd.legistar.com/gateway.aspx?M=L&ID=60860,Services Agreement 2023-2024 - Empower Initiative - Dewey Academy,"Ratification by the Board of Education of a Services Agreement 2023-2024 by and between the District and Empower Initiative, Hayward, CA, for the latter to provide its ""Introduction to Fostering Belonging,"" for leaders investing in personal development and long-term cultural and structural change, as described in Exhibit A of Agreement, incorporated herein by reference as though fully set forth, for Dewey Academy, for the period of March 25, 2024 through June 28, 2024, in an amount not to exceed $12,000.00.",Agreement or Contract,Chief Academic Officer,008923,v-008923,Educator Effectiveness,"Ratifies up to $12,000 for Empower Initiative's belonging training at Dewey Academy","Empower Initiative will provide its ""Introduction to Fostering Belonging"" at Dewey Academy, aimed at leaders investing in personal development and long-term cultural and structural change. The agreement runs March 25 through June 28, 2024.",Classroom & academic programs,,new_agreement,Empower Initiative,organization,Dewey Academy,expense,not_to_exceed,12000,,,,,true,2024-03-25,2024-06-28,after_work_began,,,Adopted on the General Consent Report,2024-04-10,true,auto_ok,sonnet-agent,enrich.v5.md,true,
2024-04-10:24-0688,2024-04-10,2024-04-10,regular,T.-66,130,general,Chief Academic Officer,24-0688,https://ousd.legistar.com/gateway.aspx?M=L&ID=60861,Services Agreement 2023-2024 - Bay Area Community Resources - Highland Community School,"Approval by the Board of Education of a Services Agreement 2023-2024 by and between the District and Bay Area Community Resources, San Rafael, CA, for the latter to provide an AmeriCorps team member to serve as youth support specialist to provide small group interventions and support students identified by school staff as needing extra support, as described in Exhibit A of Agreement, incorporated herein by reference as though fully set forth, at Highland Community School, for the period of February 26, 2024 through May 24, 2024, in an amount not to exceed $4,375.00.",Agreement or Contract,Chief Academic Officer,000624,v-000624,CCSPP Implementation Grant,"Approves up to $4,375 for an AmeriCorps youth support specialist at Highland Community School","Bay Area Community Resources will provide an AmeriCorps team member to serve as a youth support specialist at Highland Community School. The specialist will lead small group interventions and support students that school staff identify as needing extra help. The agreement runs February 26 through May 24, 2024.","Student health, support & family services",,new_agreement,Bay Area Community Resources,organization,Highland Community School,expense,not_to_exceed,4375,,,,,true,2024-02-26,2024-05-24,after_work_began,,,Adopted on the General Consent Report,2024-04-10,true,auto_ok,sonnet-agent,enrich.v5.md,true,
2024-04-10:24-0689,2024-04-10,2024-04-10,regular,T.-67,131,general,Chief Academic Officer,24-0689,https://ousd.legistar.com/gateway.aspx?M=L&ID=60862,Services Agreement 2023-2024 - The Center for Powerful Public Schools - Brookfield Elementary School,"Ratification by the Board of Education of a Services Agreement 2023-2024 by and between the District and The Center for Powerful Public Schools, Los Angeles, CA, for the latter to work with the Principal and School Community Manager to plan and deliver 4 parent/family workshops and build the capacity of the site team to deliver high quality parent/family; and review data from the session, reflect on the efficacy of the session, and identify areas of improvement/next steps, for Brookfield Elementary School, for the period of March 4, 2024 through May 17, 2024, in an amount not to exceed $16,000.00.",Agreement or Contract,Chief Academic Officer,008029,v-008029,CCSPP Implementation Grant,"Ratifies up to $16,000 for family workshops at Brookfield Elementary with Center for Powerful Public Schools","The Center for Powerful Public Schools will work with the principal and School Community Manager to plan and deliver four parent and family workshops at Brookfield Elementary School. It will also help build the site team's ability to run such workshops and review data to find improvements. The agreement runs March 4 through May 17, 2024.","Student health, support & family services",,new_agreement,The Center for Powerful Public Schools,organization,Brookfield Elementary School,expense,not_to_exceed,16000,,,,,true,2024-03-04,2024-05-17,after_work_began,,,Adopted on the General Consent Report,2024-04-10,true,auto_ok,sonnet-agent,enrich.v5.md,true,
2024-04-10:24-0681,2024-04-10,2024-04-10,regular,T.-68,132,general,Chief Academic Officer,24-0681,https://ousd.legistar.com/gateway.aspx?M=L&ID=60854,"Grant Application - Emerging Bilingual Collaborative via Global Impact - English Language Learner, Multilingual Achievement Department","Approval by the Board of Education of District’s Grant Proposal Application to the Emerging Bilingual Collaborative through its fiscal sponsor, Global Impact, Alexandria, VA, seeking $200,000.00, in funding to build site and District capacity to improve multilingual education in District’s Dual Language schools, as described, incorporated herein by reference as though fully set forth, for the period of July 1, 2024 through June 30, 2026.",Application,Chief Academic Officer,,n-global-impact,Emerging Bilingual Collaborative,"Applies for a $200,000 grant to strengthen multilingual education in dual language schools","The board is asked to approve the district's grant application to the Emerging Bilingual Collaborative, through its fiscal sponsor Global Impact, seeking $200,000.00. The money would build school and district capacity to improve multilingual education in the district's Dual Language schools. This is an application, so the funding is not yet awarded; the grant period would run July 1, 2024 through June 30, 2026.",Classroom & academic programs,,grant_or_funding_in,Global Impact (fiscal sponsor of the Emerging Bilingual Collaborative),organization,,revenue,fixed,200000,,,,,true,2024-07-01,2026-06-30,grant_application; multi_year,,,Adopted on the General Consent Report,2024-04-10,true,auto_ok,sonnet-agent,enrich.v5.md,true,
2024-04-10:24-0841,2024-04-10,2024-04-10,regular,T.-69,133,general,Chief Academic Officer,24-0841,https://ousd.legistar.com/gateway.aspx?M=L&ID=61014,Grant Agreement - City of Oakland - Newcomer Wellness and Peer Restorative Justice - Community Schools and Student Services Department,"Approval by the Board of Education of a Grant Agreement - City of Oakland - Newcomer Wellness and Peer Restorative Justice by and between the District and the City of Oakland, with the District receiving $225,000.00 through the City’s Oakland Fund for Children and Youth for support of a Peer Restorative Justice Program at Fremont High School, Oakland Technical High School, and Oakland High School as well as a Newcomer Wellness Center at Oakland International High School, via the Community Schools and Student Services Department, subject to the terms and conditions thereof, for the period July 1, 2022 through June 30, 2023.",Agreement or Contract,Chief Academic Officer,,n-city-of-oakland,City of Oakland Kids First Initiative,"Accepts $225,000 from the City of Oakland for peer restorative justice and newcomer wellness","The district would receive $225,000.00 through the City of Oakland's Oakland Fund for Children and Youth. The money supports a Peer Restorative Justice Program at Fremont, Oakland Technical and Oakland High Schools and a Newcomer Wellness Center at Oakland International High School. The grant period is July 1, 2022 through June 30, 2023.","Student health, support & family services",,grant_or_funding_in,City of Oakland,organization,Fremont High School; Oakland Technical High School; Oakland High School; Oakland International High School,revenue,fixed,225000,,,,,true,2022-07-01,2023-06-30,after_work_began,,,Adopted on the General Consent Report,2024-04-10,true,auto_ok,sonnet-agent,enrich.v5.md,true,
2024-04-10:24-0842,2024-04-10,2024-04-10,regular,T.-70,134,general,Chief Academic Officer,24-0842,https://ousd.legistar.com/gateway.aspx?M=L&ID=61015,"First Amendment, Grant Agreement - City of Oakland - Newcomer Wellness and Peer Restorative Justice - Community Schools and Student Services Department","Approval by the Board of Education of First Amendment, Grant Agreement - City of Oakland - Newcomer Wellness and Peer Restorative Justice by and between the District and the City of Oakland, with the District receiving an additional $225,000.00, increasing grant total from $225,000.00 to $450,000.00, through the city’s Oakland Fund for Children and Youth for support of a Peer Restorative Justice Program at Fremont High School, Oakland Technical High School, and Oakland High School as well as a Newcomer Wellness Center at Oakland International High School, via the Community Schools and Student Services Department, and extending the grant term from July 1, 2022 through June 30, 2023 to June 30, 2024, subject to the terms and conditions thereof.  All other terms and conditions of the Agreement remain in full force and effect.",Agreement or Contract,Chief Academic Officer,,n-city-of-oakland,City of Oakland Kids First Initiative,"Adds $225,000 and a year to the City of Oakland grant for peer restorative justice and newcomer wellness","The district would receive an additional $225,000.00 from the City of Oakland's Oakland Fund for Children and Youth, raising the grant total from $225,000.00 to $450,000.00. The money supports a Peer Restorative Justice Program at three high schools and a Newcomer Wellness Center at Oakland International High School. The amendment also extends the grant end date from June 30, 2023 to June 30, 2024.","Student health, support & family services",,amendment,City of Oakland,organization,Fremont High School; Oakland Technical High School; Oakland High School; Oakland International High School,revenue,fixed,225000,,,225000,450000,true,2022-07-01,2024-06-30,after_work_began; multi_year,,,Adopted on the General Consent Report,2024-04-10,true,auto_ok,sonnet-agent,enrich.v5.md,true,
2024-04-10:24-0845,2024-04-10,2024-04-10,regular,T.-71,135,general,Chief Academic Officer,24-0845,https://ousd.legistar.com/gateway.aspx?M=L&ID=61092,First Amendment - Grant Agreement - City of Oakland - Oakland Fund for Children and Youth - ECCCO Program - High School Linked Learning Office,"Approval by the Board of Education of First Amendment, Grant Agreement - City of Oakland - Exploring College, Career, and Community Options (ECCCO by and between the District and the City of Oakland, with the District receiving an additional $225,000.00, increasing grant total from $225,000.00 to $450,000.00, through the City’s Oakland Fund for Children and Youth to provide support stipends for students in summer internships as part of the Link Learning Pathway Program, Exploring College, Career, and Community Options (ECCCO) at McClymonds, Castlemont, Fremont, Dewey, Rudsdale, Sojourner Truth, Bunche, Oakland High, Oakland Technical, Skyline, Coliseum College Preparatory Academy, Life Academy and MetWest High Schools, for the period of June 1, 2022 through June 30, 2023. All other terms and conditions of the Agreement remain in full force and effect.",Agreement or Contract,Chief Academic Officer,,n-city-of-oakland,City of Oakland Kids First Initiative,"Adds $225,000 to the City of Oakland grant for summer internship stipends in the ECCCO program","The district would receive an additional $225,000.00 from the City of Oakland's Oakland Fund for Children and Youth, raising the grant total from $225,000.00 to $450,000.00. The money pays support stipends for students in summer internships through the Exploring College, Career, and Community Options (ECCCO) program, part of the Linked Learning Pathway Program, at 13 high schools. The grant period is June 1, 2022 through June 30, 2023.",After-school & summer programs,,amendment,City of Oakland,organization,McClymonds; Castlemont; Fremont; Dewey; Rudsdale; Sojourner Truth; Bunche; Oakland High; Oakland Technical; Skyline; Coliseum College Preparatory Academy; Life Academy; MetWest,revenue,fixed,225000,,,225000,450000,true,2022-06-01,2023-06-30,,,,Adopted on the General Consent Report,2024-04-10,true,auto_ok,sonnet-agent,enrich.v5.md,true,
2024-04-10:24-0869,2024-04-10,2024-04-10,regular,T.-72,136,general,Chief Academic Officer,24-0869,https://ousd.legistar.com/gateway.aspx?M=L&ID=61042,Student Travel - American Research Association National Conference - Philadelphia PA - OAK Academy of Knowledge,"Approval by the Board of Education of Resolution No. 2324-0032 - Authorizing student travel by school site Oakland Academy of Knowledge to the Philadelphia Convention Center, Philadelphia, PA, where select 5th grade students will prepare, participate and present at the American Education Research Association (AERA) in an invited presidential session, for the period of April 11, 2024 through April 14, 2024, at no cost to the District.",Resolution,Chief Academic Officer,,,No Fiscal Impact,Approves a no-cost trip for Oakland Academy of Knowledge 5th graders to present at a Philadelphia conference,"The board is asked to approve a student trip by Oakland Academy of Knowledge to the Philadelphia Convention Center. Select 5th grade students will prepare for, take part in and present at the American Education Research Association (AERA) conference in an invited presidential session. The trip runs April 11 through April 14, 2024, at no cost to the district.",Classroom & academic programs,,resolution_or_policy,,,Oakland Academy of Knowledge,no_cost,,,,,,,true,2024-04-11,2024-04-14,,,,Adopted on the General Consent Report,2024-04-10,true,auto_ok,sonnet-agent,enrich.v5.md,true,
2024-04-10:24-0624,2024-04-10,2024-04-10,regular,T.-73,138,general,General Counsel (Interim),24-0624,https://ousd.legistar.com/gateway.aspx?M=L&ID=60798,Services Agreement 2023-2024 - Jason Yamashiro - Office of Charter Schools,"Ratification by the Board of Education of a Services Agreement 2023-2024 by and between the District and Jason Yamashiro, Albany, CA, for the latter to provide expertise in reviewing information about the academic program and culture for each charter school; provide a report after the site visits and meeting with site leaders, outlining the strengths and areas of growths in consultation with Charter Office staff, via Charter Schools Office, for the period of March 5, 2024 through May 31, 2024, in an amount not to exceed $15,000.00.",Agreement or Contract,General Counsel,,n-jason-yamashiro,,"Ratifies up to $15,000 for a consultant to review the academic programs and culture of charter schools","An individual consultant will review information about the academic program and culture of each charter school. After site visits and meetings with site leaders, the consultant will write a report, with Charter Schools Office staff, on strengths and areas for growth. The agreement runs March 5 through May 31, 2024.",Classroom & academic programs,,new_agreement,Jason Yamashiro,individual,,expense,not_to_exceed,15000,,,,,true,2024-03-05,2024-05-31,after_work_began,,,Adopted on the General Consent Report,2024-04-10,true,auto_ok,sonnet-agent,enrich.v5.md,true,
2024-04-10:24-0227A,2024-04-10,2024-04-10,regular,T.-74,139,general,General Counsel (Interim),24-0227A,https://ousd.legistar.com/gateway.aspx?M=L&ID=61098,Academic Calendar - 2024-2025 School Year - K-12 Program (Revised) - General Counsel,Approval by the Board of Education of revised draft District 2024-2025 Academic Calendar TK-12 as District 2024-2025 Academic Calendar TK-12 (Revised).,Motion,Board of Education,,,,Approves the revised 2024-25 districtwide academic calendar for TK-12,The board is asked to approve a revised draft of the district's 2024-2025 academic calendar for transitional kindergarten through 12th grade as the final 2024-2025 calendar. The item states no dollar amount.,Classroom & academic programs,,other,,,,no_cost,,,,,,,true,,,,,,Adopted on the General Consent Report,2024-04-10,true,auto_ok,sonnet-agent,enrich.v5.md,true,
2024-04-10:24-0933,2024-04-10,2024-04-10,regular,T.-75,141,general,Board of Education,24-0933,https://ousd.legistar.com/gateway.aspx?M=L&ID=61106,"Reappointments - Measure G1 - Districtwide Teacher Retention and Middle School Improvement Act Oversight Commission - President, Board of Education","Ratification by the Board of Education of President of Board’s reappointment of Edmund Chun (2nd Term), and Christian Martinez (2nd Term), each, having rendered satisfactory service to date, to the Measure G1 - Districtwide Teacher Retention and Middle School Improvement Act Oversight Commission, for the term April 16, 2024, through April 15, 2026, respectively.",Appointment,Board of Education,,,,Reappoints two members to the Measure G1 teacher retention and middle school oversight commission,"The Board President's reappointment of two commission members to second terms is up for ratification. They serve on the Measure G1 Districtwide Teacher Retention and Middle School Improvement Act Oversight Commission, and the text says each has given satisfactory service. The new terms run April 16, 2024 through April 15, 2026.",Governance & board business,,other,,,,no_cost,,,,,,,true,2024-04-16,2026-04-15,multi_year,,,Adopted on the General Consent Report,2024-04-10,true,auto_ok,sonnet-agent,enrich.v5.md,true,
2024-04-10:24-0490,2024-04-10,2024-04-10,regular,T.-76,143,general,"Measures N and H Commission - Chairperson David Kakishiba - March 5, 2024",24-0490,https://ousd.legistar.com/gateway.aspx?M=L&ID=60664,Measures N and H - College and Career Readiness Commission - Madison Park Academy - 2022-2023 Carryover Plan/Budget,"Adoption by the Board of Education, upon recommendation of the Measures N and H Commission, of Madison Park Academy 2022-2023 Carryover Plan/Budget in the amount of $137,577.18.",Appropriation,Measures N and H - College and Career Readiness Commission,,,,"Adopts Madison Park Academy's $137,577.18 carryover spending plan from 2022-23 (Measures N and H)","On the recommendation of the Measures N and H Commission, the board is asked to adopt Madison Park Academy's 2022-2023 Carryover Plan/Budget in the amount of $137,577.18. This is money left over from the 2022-23 school year that the school plans to spend.","Budget, finance & payments",,other,,,Madison Park Academy,expense,fixed,137577.18,,,,,true,,,,,,Adopted on the General Consent Report,2024-04-10,true,auto_ok,sonnet-agent,enrich.v5.md,true,
2024-04-10:24-0491,2024-04-10,2024-04-10,regular,T.-77,144,general,"Measures N and H Commission - Chairperson David Kakishiba - March 5, 2024",24-0491,https://ousd.legistar.com/gateway.aspx?M=L&ID=60665,Measures N and H - College and Career Readiness Commission - McClymonds High School - 2022-2023 Carryover Plan/Budget,"Adoption by the Board of Education, upon recommendation of the Measures N and H Commission, of McClymonds 2022-2023 Carryover Plan/Budget in the amount of $128,190.60.",Appropriation,Measures N and H - College and Career Readiness Commission,,,,"Adopts McClymonds High School's $128,190.60 carryover spending plan from 2022-23 (Measures N and H)","On the recommendation of the Measures N and H Commission, the board is asked to adopt McClymonds High School's 2022-2023 Carryover Plan/Budget in the amount of $128,190.60. This is money left over from the 2022-23 school year that the school plans to spend.","Budget, finance & payments",,other,,,McClymonds High School,expense,fixed,128190.6,,,,,true,,,,,,Adopted on the General Consent Report,2024-04-10,true,auto_ok,sonnet-agent,enrich.v5.md,true,
2024-04-10:24-0492,2024-04-10,2024-04-10,regular,T.-78,145,general,"Measures N and H Commission - Chairperson David Kakishiba - March 5, 2024",24-0492,https://ousd.legistar.com/gateway.aspx?M=L&ID=60666,Measures N and H - College and Career Readiness Commission - Oakland High School - 2022-2023 Carryover Plan/Budget,"Adoption by the Board of Education, upon recommendation of the Measures N and H Commission, of Oakland High School 2022-2023 Carryover Plan/Budget in the amount of $221,890.56.",Appropriation,Measures N and H - College and Career Readiness Commission,,,,"Adopts Oakland High School's $221,890.56 carryover spending plan from 2022-23 (Measures N and H)","On the recommendation of the Measures N and H Commission, the board is asked to adopt Oakland High School's 2022-2023 Carryover Plan/Budget in the amount of $221,890.56. This is money left over from the 2022-23 school year that the school plans to spend.","Budget, finance & payments",,other,,,Oakland High School,expense,fixed,221890.56,,,,,true,,,,,,Adopted on the General Consent Report,2024-04-10,true,auto_ok,sonnet-agent,enrich.v5.md,true,
2024-04-10:24-0493,2024-04-10,2024-04-10,regular,T.-79,146,general,"Measures N and H Commission - Chairperson David Kakishiba - March 5, 2024",24-0493,https://ousd.legistar.com/gateway.aspx?M=L&ID=60667,Measures N and H - College and Career Readiness Commission - Skyline High School - 2022-2023 Carryover Plan/Budget,"Adoption by the Board of Education, upon recommendation of the Measures N and H Commission, of Skyline High School 2022-2023 Carryover Plan/Budget in the amount of $700,222.21.",Appropriation,Measures N and H - College and Career Readiness Commission,,,,"Adopts Skyline High School's $700,222.21 carryover spending plan from 2022-23 (Measures N and H)","On the recommendation of the Measures N and H Commission, the board is asked to adopt Skyline High School's 2022-2023 Carryover Plan/Budget in the amount of $700,222.21. This is money left over from the 2022-23 school year that the school plans to spend.","Budget, finance & payments",,other,,,Skyline High School,expense,fixed,700222.21,,,,,true,,,,,,Adopted on the General Consent Report,2024-04-10,true,auto_ok,sonnet-agent,enrich.v5.md,true,
2024-04-10:24-0494,2024-04-10,2024-04-10,regular,T.-80,147,general,"Measures N and H Commission - Chairperson David Kakishiba - March 5, 2024",24-0494,https://ousd.legistar.com/gateway.aspx?M=L&ID=60668,Measures N and H - College and Career Readiness Commission - Oakland Technical High School - 2022-2023 Carryover Plan/Budget,"Adoption by the Board of Education, upon recommendation of the Measures N and H Commission, of Oakland Technical High School 2022-2023 Carryover Plan/Budget in the amount of $472,661.82.",Appropriation,Measures N and H - College and Career Readiness Commission,,,,"Adopts Oakland Technical High School's $472,661.82 carryover spending plan from 2022-23 (Measures N and H)","On the recommendation of the Measures N and H Commission, the board is asked to adopt Oakland Technical High School's 2022-2023 Carryover Plan/Budget in the amount of $472,661.82. This is money left over from the 2022-23 school year that the school plans to spend.","Budget, finance & payments",,other,,,Oakland Technical High School,expense,fixed,472661.82,,,,,true,,,,,,Adopted on the General Consent Report,2024-04-10,true,auto_ok,sonnet-agent,enrich.v5.md,true,
2024-04-10:24-0495,2024-04-10,2024-04-10,regular,T.-81,148,general,"Measures N and H Commission - Chairperson David Kakishiba - March 5, 2024",24-0495,https://ousd.legistar.com/gateway.aspx?M=L&ID=60669,Measures N and H – College and Career Readiness Commission - Castlemont High School - 2022-2023 Education Improvement Plan/ Budget Modification,"Adoption by the Board of Education, upon recommendation of the Measures N and H Commission, of a 2022-2023 Education Improvement Plan/Budget modification for Castlemont High School reducing $115,773 by $21,000 to $94,773, Teacher Salaries: Hire a 9th Grade CHEA Teacher, at 1.0 FTE, and establishing a new expenditure in the amount of $21,000. for Classified Support Salaries Overtime: Extra Time/Overtime to pay the Work Based Learning Liaison for additional hours of work, as stated in the justification section of the New or Revised Strategic Action Section of the Budget Modification Form.",Appropriation,Measures N and H - College and Career Readiness Commission,,,,"Shifts $21,000 in Castlemont High's Measures N and H plan from a teacher position to staff overtime","On the commission's recommendation, the board is asked to change Castlemont High School's 2022-23 education improvement plan. The 9th grade teacher salary line would drop by $21,000, from $115,773 to $94,773, and a new $21,000 line would pay the Work Based Learning Liaison for extra hours. This moves money within the plan rather than adding new money.","Budget, finance & payments",,other,,,Castlemont High School,no_cost,,,,,,,true,,,,,,Adopted on the General Consent Report,2024-04-10,true,auto_ok,sonnet-agent,enrich.v5.md,true,
2024-04-10:24-0496,2024-04-10,2024-04-10,regular,T.-82,149,general,"Measures N and H Commission - Chairperson David Kakishiba - March 5, 2024",24-0496,https://ousd.legistar.com/gateway.aspx?M=L&ID=60670,Measures N and H – College and Career Readiness Commission - Oakland High School - 2022-2023 Education Improvement Plan/ Budget Modification,"Adoption by the Board of Education, upon recommendation of the Measures N and H Commission, of a 2022-2023 Education Improvement Plan/Budget modification for Oakland High School reducing $6,730.50 by $1,775 to $4955.50 for Teacher Salary Stipends: Extended Contracts to pay the teachers from the (Tigers) 9th Grade Family for Professional Learning Community services and establishing a new expenditure in the amount of $1775.00 for Professional Contracted Services: Funds to pay for transportation costs on a field trip to the University of California, Santa Cruz and Santa Cruz Beach in Santa Cruz, CA , as stated in the justification section of the New or Revised Strategic Action Section of the Budget Modification Form.",Appropriation,Measures N and H - College and Career Readiness Commission,,,,"Shifts $1,775 in Oakland High's Measures N and H plan from teacher stipends to field trip transportation","On the commission's recommendation, the board is asked to change Oakland High School's 2022-23 education improvement plan. A teacher stipend line for the 9th Grade Family would drop from $6,730.50 to $4955.50, and a new $1775.00 line would pay for transportation on a field trip to the University of California, Santa Cruz and Santa Cruz Beach. This moves money within the plan rather than adding new money.","Budget, finance & payments",,other,,,Oakland High School,no_cost,,,,,,,true,,,,,,Adopted on the General Consent Report,2024-04-10,true,auto_ok,sonnet-agent,enrich.v5.md,true,
2024-04-10:24-0497,2024-04-10,2024-04-10,regular,T.-83,150,general,"Measures N and H Commission - Chairperson David Kakishiba - March 5, 2024",24-0497,https://ousd.legistar.com/gateway.aspx?M=L&ID=60671,Measures N and H – College and Career Readiness Commission - Oakland High School - 2022-2023 Education Improvement Plan/ Budget Modification,"Adoption by the Board of Education, upon recommendation of the Measures N and H Commission, of a 2022-2023 Education Improvement Plan/Budget modification for Oakland High School reducing $7,000 by $269.50 to $6,730.50 for Teacher Salary Stipends: Extended Contracts to pay the Teachers from the (Tigers) 9th Grade Family for Professional Learning Community Services and establishing a new expenditure in the amount of $269.50 for Professional Contracted Services: Funds to pay for transportation costs on the San Francisco Ferry and a field trip to the Exploratorium and Aquarium of the Bay, as stated in the justification section of the New or Revised Strategic Action Section of the Budget Modification Form.",Appropriation,Measures N and H - College and Career Readiness Commission,,,,Shifts $269.50 in Oakland High's Measures N and H plan from teacher stipends to field trip transportation,"On the commission's recommendation, the board is asked to change Oakland High School's 2022-23 education improvement plan. A teacher stipend line for the 9th Grade Family would drop from $7,000 to $6,730.50, and a new $269.50 line would pay for transportation on the San Francisco Ferry and a field trip to the Exploratorium and Aquarium of the Bay. This moves money within the plan rather than adding new money.","Budget, finance & payments",,other,,,Oakland High School,no_cost,,,,,,,true,,,,,,Adopted on the General Consent Report,2024-04-10,true,auto_ok,sonnet-agent,enrich.v5.md,true,
2024-04-10:24-0498,2024-04-10,2024-04-10,regular,T.-84,151,general,"Measures N and H Commission - Chairperson David Kakishiba - March 5, 2024",24-0498,https://ousd.legistar.com/gateway.aspx?M=L&ID=60672,Measures N and H – College and Career Readiness Commission - High School Linked Learning Office - 2022-2023 Education Improvement Plan/ Budget Modification,"Adoption by the Board of Education, upon recommendation of the Measures N and H Commission, of 2022-2023 Education Improvement Plan/Budget modification for the High School Linked Learning Office reducing the Admin 10% budget of $7,000 for Professional Contracted Services by $7000; reducing the Admin 10% budget of $2,000 for Supplies and Materials by $2,000; reducing the Admin 10% budget of $11,000 for Professional Contracted Services by $11,000 and to transfer the total amount of $20,000 creating a new expenditure of $20,000 for Professional contracted services with Amy Crudo, as stated in the justification section of the New or Revised Strategic Action Section of the Budget Modification Form.",Appropriation,Measures N and H - College and Career Readiness Commission,,n-amy-crudo,,"Moves $20,000 in the Linked Learning Office's Measures N and H budget to a new consulting contract","On the commission's recommendation, the board is asked to cut three administrative lines in the High School Linked Learning Office's 2022-23 plan, by $7,000, $2,000 and $11,000. The $20,000 transferred would create a new expenditure for professional contracted services with an individual contractor. This moves money within the plan rather than adding new money.","Budget, finance & payments",,other,Amy Crudo,individual,,no_cost,,,,,,,true,,,,,,Adopted on the General Consent Report,2024-04-10,true,auto_ok,sonnet-agent,enrich.v5.md,true,
2024-04-10:24-0499,2024-04-10,2024-04-10,regular,T.-85,152,general,"Measures N and H Commission - Chairperson David Kakishiba - March 5, 2024",24-0499,https://ousd.legistar.com/gateway.aspx?M=L&ID=60673,Measures N and H – College and Career Readiness Commission - High School Linked Learning Office - 2022-2023 Education Improvement Plan/ Budget Modification,"Adoption by the Board of Education, upon recommendation of the Measures N and H Commission, of a 2022-2023 Education Improvement Plan/Budget modification for the High School Linked Learning Office to reduce $45,150 Teacher Salaries Stipends: Extended Contracts for 43 Pathway Leads to participate in the Linked Learning Leadership Institute by $25,000 to $20,150 and modifying an existing expenditure of $50,000 by $25,000 for Consultant Contract with Connect Ed to support Linked Learning Coach training totaling $75,000, as stated in the justification section of the New or Revised Strategic Action Section of the Budget Modification Form.",Appropriation,Measures N and H - College and Career Readiness Commission,,n-connect-ed,,"Moves $25,000 within the Linked Learning Office's Measures N and H budget to Connect Ed coach training","On the commission's recommendation, the board is asked to cut the Linked Learning Leadership Institute teacher stipend line for 43 Pathway Leads by $25,000, from $45,150 to $20,150. The $25,000 would raise an existing consultant contract with Connect Ed, for Linked Learning Coach training, from $50,000 to a total of $75,000. This moves money within the plan rather than adding new money.","Budget, finance & payments",,other,Connect Ed,organization,,no_cost,,,,,,,true,,,,,,Adopted on the General Consent Report,2024-04-10,true,auto_ok,sonnet-agent,enrich.v5.md,true,
2024-04-10:24-0475,2024-04-10,2024-04-10,regular,U.-1,154,bonds,,24-0475,https://ousd.legistar.com/gateway.aspx?M=L&ID=60649,"Change Order No. 1, Agreement Between Owner and Contractor – Mar Con Builders, Inc. – Kaiser Child Development Center Site Improvements Project – Division of Facilities Planning and Management","Approval by the Board of Education of Change Order No. 1, Agreement Between Owner and Contractor by and between the District and Mar Con Builders, Inc., Oakland, CA, for the latter to perform: 
·	PCO #12 for installation of 3 new play structures.
·	PCO #13 for 6"" wide 24"" deep concrete curb placed as a divider between pavers and existing asphalt.
·	PCO #14 for expansion joints needed at retaining wall.
·	PCO #15 for demolition of concrete apron that is not ADA compliant
for the Kaiser Child Development Center Site Improvements Project, in the additional amount of $156,911.00, increasing the not to exceed amount of the Agreement from $6,551,440.00 to $6,708,351.00; and extending the term of the Agreement by an additional 239 Calendar Days, from June 8, 2023 through November 4, 2023 to June 30, 2024. All other terms and conditions of the Agreement remain in full force and effect.",Agreement or Contract,"Deputy Chief, Facilities Planning and Management",002712,v-002712,Fund 21 Building Fund Measure Y,"Adds $156,911 to Kaiser Child Development Center site work with Mar Con Builders and extends it to June 2024","The contractor will do four added items on the Kaiser Child Development Center Site Improvements Project: three new play structures, a concrete curb between pavers and asphalt, expansion joints at a retaining wall, and removal of a concrete apron that does not meet Americans with Disabilities Act rules. The change order raises the contract limit from $6,551,440.00 to $6,708,351.00 and adds 239 calendar days, so work now ends June 30, 2024.",School buildings & construction,,change_order,"Mar Con Builders, Inc.",organization,Kaiser Child Development Center,expense,not_to_exceed,156911,,,6551440,6708351,true,2023-06-08,2024-06-30,after_work_began; raises_existing_contract,,,Adopted on the General Consent Report,2024-04-10,true,auto_ok,sonnet-agent,enrich.v5.md,true,
2024-04-10:24-0581,2024-04-10,2024-04-10,regular,U.-2,155,bonds,,24-0581,https://ousd.legistar.com/gateway.aspx?M=L&ID=60755,"Amendment No. 1, General Services Agreement – Sandis Civil Engineers Surveyors Planners – East Oakland Pride Site Improvements Project - Division of Facilities Planning and Management","Approval by the Board of Education of Amendment No. 1, General Services Agreement by and between the District and Sandis Civil Engineers Surveyors Planners, Pleasanton, CA., for the latter to provide additional underground potholing work deemed necessary to identify the nature of the unknown utilities on site, as described in the Proposal dated, February 21, 2024, attached to this Amendment as Exhibit A, for the East Oakland Pride Site Improvements Project, in the additional amount of $12,100.00, increasing the Agreement’s not to exceed cost from $37,950.00 to $50,050.00, with an unchanged term date of July 1, 2023 through June 30, 2024. All other terms and conditions of the Agreement remain in full force and effect.",Agreement or Contract,"Deputy Chief, Facilities Planning and Management",003768,v-003768,,"Adds $12,100 for underground utility potholing at the East Oakland Pride site","Sandis Civil Engineers Surveyors Planners will do added underground potholing work to identify unknown utilities on site for the East Oakland Pride Site Improvements Project. The amendment raises the agreement's limit from $37,950.00 to $50,050.00. The term stays July 1, 2023 through June 30, 2024.",School buildings & construction,,amendment,Sandis Civil Engineers Surveyors Planners,organization,East Oakland Pride,expense,not_to_exceed,12100,,,37950,50050,true,2023-07-01,2024-06-30,raises_existing_contract,,,Adopted on the General Consent Report,2024-04-10,true,auto_ok,sonnet-agent,enrich.v5.md,true,
2024-04-10:24-0584,2024-04-10,2024-04-10,regular,U.-3,156,bonds,,24-0584,https://ousd.legistar.com/gateway.aspx?M=L&ID=60758,"Change Order No. 1, Agreement Between Owner and Contractor - Deco Tech Systems - Castlemont High School Security Improvement Project - Division of Facilities Planning and Management","Approval by the Board of Education of Change Order No. 1, Agreement Between Owner and Contractor, by and between the District and Deco Tech Systems, Walnut Creek, CA, for additional software services deemed necessary to improve the user experience, software experience, and a server upgrade, more specifically described in PCO 1, incorporated herein by reference as though fully set forth, for the Castlemont High School Security Improvement Project, in the additional amount of $8,375.50, increasing the not to exceed amount of the Agreement from $323,000.00 to $331,387.50. All other terms and conditions of the Agreement remain in full force and effect.",Agreement or Contract,"Deputy Chief, Facilities Planning and Management",001325,v-001325,Fund 21 Building Fund Measure Y,"Adds $8,375.50 to Deco Tech Systems' Castlemont High security project for software and a server upgrade","Deco Tech Systems will provide added software services to improve the user experience and a server upgrade for the Castlemont High School Security Improvement Project. The change order adds $8,375.50 and states a new contract limit of $331,387.50, up from $323,000.00.",School buildings & construction,,change_order,Deco Tech Systems,organization,Castlemont High School,expense,not_to_exceed,8375.5,,,323000,331387.5,true,,,raises_existing_contract,,,Adopted on the General Consent Report,2024-04-10,true,auto_ok,sonnet-agent,enrich.v5.md,true,
2024-04-10:24-0586,2024-04-10,2024-04-10,regular,U.-4,157,bonds,,24-0586,https://ousd.legistar.com/gateway.aspx?M=L&ID=60760,"Agreement Between Owner and Contractor – DecoTech Systems, Inc. - Cole Data Center Relocation Project – Division of Facilities Planning and Management","Approval by the Board of Education of an Agreement Between Owner and Contractor by and between the District and DecoTech Systems, Inc., Walnut Creek, CA, for the latter to relocate the data center equipment and reinstall the services from the existing building to the new building for the Cole Data Center Relocation Project, in the not-to-exceed amount of $147,400.00 which includes a not-to-exceed general contingency allowance amount of $13,400.00 with the work scheduled to commence on April 11, 2024, and scheduled to last until April 30, 2025.",Agreement or Contract,"Deputy Chief, Facilities Planning and Management",001325,v-001325,Fund 21 Measure J,"Awards DecoTech Systems up to $147,400 to move the Cole data center to its new building","DecoTech Systems will relocate the data center equipment from the existing building to the new building and reinstall the services as part of the Cole Data Center Relocation Project. The limit of $147,400.00 includes a $13,400.00 general contingency allowance. Work is scheduled to begin April 11, 2024 and last until April 30, 2025.",Technology,,new_agreement,"DecoTech Systems, Inc.",organization,,expense,not_to_exceed,147400,,,,,true,2024-04-11,2025-04-30,,,,Adopted on the General Consent Report,2024-04-10,true,auto_ok,sonnet-agent,enrich.v5.md,true,
