item_id,meeting_key,meeting_date,meeting_kind,agenda_number,agenda_sequence,consent_section,group,file_number,legistar_url,title,official_text,matter_type,presenter,vendor_number,vendor_key,funding_source,headline,summary,category,subcategory,action_type,vendor_name,vendor_kind,schools,money_direction,amount_type,amount,amount_range_low,amount_range_high,prior_total,new_total,amount_verified,term_start,term_end,flags,source_issue,pulled_from_consent,outcome_action,outcome_date,adopted,review_status,model_id,prompt_version,counts_toward_totals,duplicate_of
2025-06-11:25-0477,2025-06-11,2025-06-11,regular,L.-1,38,general,Chief Systems and Services Officer,25-0477,https://ousd.legistar.com/gateway.aspx?M=L&ID=64813,"General Services Agreement – Also Energy, Inc. – Solar Renewable Energy Certificates Project- Division of Facilities Planning and Management","Ratification by the Board of Education of a General Services Agreement by and between the District and Also Energy, Inc., Boulder, CO, for the latter to provide Third Party Energy Generation Reporting Services at those sites listed in Exhibit “A”:
1. Frick Campus
2. Highland Community School
3. Hoover Campus
4. Lockwood Steam Academy
5. Martin Luther King Jr. Elementary School
6. Center-Foster Elementary School; and
7. Acorn Woodland Elementary School
with the work of and the charge thereof specified in in Exhibit “B”
for the Solar Renewable Energy Certificates Project, in the lump-sum amount of $2,450.00, with the work scheduled to commence on May 15, 2025, and scheduled to last until May 15, 2030.",Agreement or Contract,"Deputy Chief, Facilities Planning and Management",009457,v-009457,Fund 21 Building Fund,"Ratifies a $2,450 deal with Also Energy to report solar energy credits at seven school sites","The board is approving, after the work was scheduled to start, a lump-sum agreement with Also Energy, Inc. to provide third-party energy generation reporting for the Solar Renewable Energy Certificates Project at seven school sites. The cost is $2,450. The work runs from May 15, 2025 to May 15, 2030.","Food, transportation & operations",,new_agreement,"Also Energy, Inc.",organization,Frick Campus; Highland Community School; Hoover Campus; Lockwood Steam Academy; Martin Luther King Jr. Elementary School; Center-Foster Elementary School; Acorn Woodland Elementary School,expense,fixed,2450,,,,,true,2025-05-15,2030-05-15,after_work_began; multi_year,,,Adopted on the General Consent Report,2025-06-11,true,auto_ok,sonnet-agent,enrich.v5.md,true,
2025-06-11:25-1076,2025-06-11,2025-06-11,regular,L.-2,39,general,Chief Systems and Services Officer,25-1076,https://ousd.legistar.com/gateway.aspx?M=L&ID=65412,"Services Agreement - District and Crowe, LLP - Technology Services Department","Ratification by the Board of Education of a Services Agreement by and between the District and Crowe, LLP, Sarasota, FL, for the latter, utilizing various resources and tools, to conduct threat research and analysis of social medial and darknet sources related to client and neighboring communities, as it may have an impact on the safety, security or integrity of District’s student population and parents, and based on assessment report and address issues, as further described in Exhibit A of Agreement, incorporated herein by reference as though fully set forth, for the term January 2, 2025 through June 30, 2026, in an amount not-to-exceed $5,400.00.",Agreement or Contract,Chief Academic Officer,009205,v-009205,General Purpose Funds,"Ratifies up to $5,400 for Crowe to monitor social media and darknet threats to students","The board is approving, after the work began, an agreement with Crowe, LLP to research and analyze social media and darknet sources for threats that could affect the safety and security of students and parents, and to report what it finds. The cost is up to $5,400. The term is January 2, 2025 through June 30, 2026.",Technology,,new_agreement,"Crowe, LLP",organization,,expense,not_to_exceed,5400,,,,,true,2025-01-02,2026-06-30,after_work_began; multi_year,,,Adopted on the General Consent Report,2025-06-11,true,auto_ok,sonnet-agent,enrich.v5.md,true,
2025-06-11:25-1160,2025-06-11,2025-06-11,regular,L.-3,40,general,Chief Systems and Services Officer,25-1160,https://ousd.legistar.com/gateway.aspx?M=L&ID=65496,Agreement Between Owner and Contractor - Emergency Rooter - McClymonds High School Kitchen Upgrades Project - Nutrition Services Department,"Approval by the Board of Education of an Agreement Between Owner and Contractor by and between the District and Emergency Rooter, Oakland, CA, for the latter to perform the Scope of Work, described in Contract/Proposal 24951 - Cafeteria Kitchen Remodel, incorporated herein by reference as though fully set forth - as part of the McClymonds High School Kitchen Renovations Project, in the amount of $168,750.00, with the work anticipated to commence on June 12, 2025, and required to be completed within fifty-one (51) days, with an anticipated ending of August 2, 2025.",Agreement or Contract,"Deputy Chief, Facilities Planning and Management",001567,v-001567,Cafeteria Special Revenue Funds KIT Funds Kitchen Infrastructure,"Approves $168,750 for Emergency Rooter to remodel the McClymonds High School kitchen","The district is hiring Emergency Rooter of Oakland to remodel the cafeteria kitchen at McClymonds High School as part of its kitchen renovation project. The cost is $168,750. Work is expected to start June 12, 2025 and be finished within 51 days, by August 2, 2025.",School buildings & construction,,new_agreement,Emergency Rooter,organization,McClymonds High School,expense,fixed,168750,,,,,true,2025-06-12,2025-08-02,,,,Adopted on the General Consent Report,2025-06-11,true,auto_ok,sonnet-agent,enrich.v5.md,true,
2025-06-11:25-1164,2025-06-11,2025-06-11,regular,L.-4,41,general,Chief Systems and Services Officer,25-1164,https://ousd.legistar.com/gateway.aspx?M=L&ID=65500,Agreement Between Owner and Contractor - Emergency Rooter - Skyline High School Kitchen Upgrades Project - Nutrition Services Department,"Approval by the Board of Education of an Agreement Between Owner and Contractor by and between the District and Emergency Rooter, Oakland, CA, for the latter to perform the Scope of Work, described in Contract/Proposal 24951 - Cafeteria Kitchen Remodel, incorporated herein by reference as though fully set forth - as part of the Skyline High School Kitchen Renovations Project, in the amount of $199,590.00, with the work anticipated to commence on June 12, 2025, and required to be completed within fifty-one (51) days, with an anticipated ending of August 2, 2025.",Agreement or Contract,"Deputy Chief, Facilities Planning and Management",006492,v-006492,KIT Funds Kitchen Infrastructure Funds,"Approves $199,590 for Emergency Rooter to remodel the Skyline High School kitchen","The district is hiring Emergency Rooter of Oakland to remodel the cafeteria kitchen at Skyline High School as part of its kitchen renovation project. The cost is $199,590. Work is expected to start June 12, 2025 and be finished within 51 days, by August 2, 2025.",School buildings & construction,,new_agreement,Emergency Rooter,organization,Skyline High School,expense,fixed,199590,,,,,true,2025-06-12,2025-08-02,,,,Adopted on the General Consent Report,2025-06-11,true,auto_ok,sonnet-agent,enrich.v5.md,true,
2025-06-11:25-1285,2025-06-11,2025-06-11,regular,L.-5,42,general,Chief Systems and Services Officer,25-1285,https://ousd.legistar.com/gateway.aspx?M=L&ID=65621,Agreement for Maintenance – Vegetation Fire Management Weed Abatement Project - Competitively Bid - Julian Tree Care Inc. - Named Sites - Department of Buildings and Grounds,"Approval by the Board of Education of an Agreement for Maintenance by and between the District and Julian Tree Care Inc., Richmond, CA, for the latter to provide vegetation fire weed abatement maintenance services, as described in Exhibit A of the Agreement, incorporated herein by reference as though fully set forth, for named sites - Kaiser Elementary School, Hillcrest Elementary School, Thornhill Elementary School, Montera Middle School, Joaquin Miller Elementary School, Skyline High School, Montclair Elementary School, and Carl Munck Elementary School - Vegetation Fire Management Weed Abatement Project, in the amount of $88,500.00, as the lowest responsive, responsible bidder, with the work anticipated to commence on June 12, 2025, and required to be completed within forty-five (45) days, with an anticipated ending of July 27, 2025.",Agreement or Contract,"Deputy Chief, Facilities Planning and Management",006916,v-006916,Fund 1 General Fund Routine Restricted Maintenance Account,"Awards Julian Tree Care $88,500 for fire-prevention weed abatement at eight school sites","Julian Tree Care Inc. of Richmond will clear vegetation and weeds that could fuel fires at eight named schools. It was the lowest responsive, responsible bidder in a competitive bid. The cost is $88,500, with work starting around June 12, 2025 and finished within 45 days, by July 27, 2025.","Food, transportation & operations",,bid_award,Julian Tree Care Inc.,organization,Kaiser Elementary School; Hillcrest Elementary School; Thornhill Elementary School; Montera Middle School; Joaquin Miller Elementary School; Skyline High School; Montclair Elementary School; Carl Munck Elementary School,expense,fixed,88500,,,,,true,2025-06-12,2025-07-27,,,,Adopted on the General Consent Report,2025-06-11,true,auto_ok,sonnet-agent,enrich.v5.md,true,
2025-06-11:25-1286,2025-06-11,2025-06-11,regular,L.-6,43,general,Chief Systems and Services Officer,25-1286,https://ousd.legistar.com/gateway.aspx?M=L&ID=65622,"General Services Agreement – Rincon Consultants, Inc.– Environmental Services for Brownfield Assessment and Cleanup Work Plan Project - Division of Facilities Planning and Management","Approval by the Board of Education of a General Services Agreement by and between the District and Rincon Consultants, Inc., Oakland, CA, for the latter to provide environmental services  for the  Brownfield Assessment and Cleanup Work-Plan Project at The Center (other than Basic Services), in the not to exceed amount of $772,984.80, which includes a not-to-exceed amount for Additional Services of $70,000.00, with the work scheduled to commence on June 12, 2025, and expected to last until  December 31, 2026.",Agreement or Contract,"Deputy Chief, Facilities Planning and Management",009589,v-009589,,"Approves up to $772,984.80 for Rincon's brownfield assessment and cleanup planning at The Center","The district is hiring Rincon Consultants, Inc. of Oakland to provide environmental services for a brownfield assessment and cleanup work plan at The Center. The limit of $772,984.80 includes up to $70,000 for additional services. Work is scheduled to start June 12, 2025 and last until December 31, 2026.",School buildings & construction,,new_agreement,"Rincon Consultants, Inc.",organization,The Center,expense,not_to_exceed,772984.8,,,,,true,2025-06-12,2026-12-31,multi_year,,,Adopted on the General Consent Report,2025-06-11,true,auto_ok,sonnet-agent,enrich.v5.md,true,
2025-06-11:25-1287,2025-06-11,2025-06-11,regular,L.-7,44,general,Chief Systems and Services Officer,25-1287,https://ousd.legistar.com/gateway.aspx?M=L&ID=65623,Agreement for Maintenance – Vegetation Fire Management Weed Abatement Project - Competitively Bid - Julian Tree Care Inc. - Named Sites - Department of Buildings and Grounds,"Approval by the Board of Education of an Agreement for Maintenance by and between the District and Julian Tree Care Inc., Richmond, CA, for the latter to provide vegetation fire weed abatement maintenance services, as described in Exhibit A of the Agreement, incorporated herein by reference as though fully set forth, for named sites - Burbank Elementary School, Grass Valley Elementary School, Community Day, King Estates Middle School, Howard Elementary School, Marshall Elementary School, and John Swett Elementary School - Vegetation Fire Management Weed Abatement Project, in the amount of $64,500.00, as the lowest responsive, responsible bidder, with the work anticipated to commence on June 12, 2025, and required to be completed within forty-five (45) days, with an anticipated ending of July 27, 2025.",Agreement or Contract,"Deputy Chief, Facilities Planning and Management",006916,v-006916,Fund 1 General Fund Routine Restricted Maintenance Account,"Awards Julian Tree Care $64,500 for fire-prevention weed abatement at seven school sites","Julian Tree Care Inc. of Richmond will clear vegetation and weeds that could fuel fires at seven named sites. It was the lowest responsive, responsible bidder in a competitive bid. The cost is $64,500, with work starting around June 12, 2025 and finished within 45 days, by July 27, 2025.","Food, transportation & operations",,bid_award,Julian Tree Care Inc.,organization,Burbank Elementary School; Grass Valley Elementary School; Community Day; King Estates Middle School; Howard Elementary School; Marshall Elementary School; John Swett Elementary School,expense,fixed,64500,,,,,true,2025-06-12,2025-07-27,,,,Adopted on the General Consent Report,2025-06-11,true,auto_ok,sonnet-agent,enrich.v5.md,true,
2025-06-11:25-1290,2025-06-11,2025-06-11,regular,L.-8,45,general,Chief Systems and Services Officer,25-1290,https://ousd.legistar.com/gateway.aspx?M=L&ID=65626,"Agreement Between Owner and Contractor – Tulum Innovative Engineering, Inc. – Joaquin Miller Elementary Site Improvements Project- Division of Facilities Planning and Management","Approval by the Board of Education of an Agreement Between Owner and Contractor by and between the District and Tulum Innovative Engineering, Inc., Oakland, CA, for the latter to demolish existing play structures, safety surfacing, basketball hoop post, enhance the garden space, and prepare surface to receive new nature area; install safety systems for new play structures (to be installed by others); perform additional work including installing privacy screens, prepare walls for mirrors, tree planning with irrigation and drainage, and upgrades to the nature area with a decomposed granite pathway, for the Joaquin Miller Elementary School Site Improvements Project, in the amount of $598,634.00, which includes a contingency of $63,000.00, as the lowest responsive, responsible bidder, with the work anticipated to commence on June 12, 2025, and required to be completed within seventy-nine (79) days, with an anticipated ending of August 30, 2025.",Agreement or Contract,"Deputy Chief, Facilities Planning and Management",004387,v-004387,Fund 1 General Fund ELOP,"Awards Tulum Innovative Engineering $598,634 for Joaquin Miller Elementary site improvements","Tulum Innovative Engineering, Inc. of Oakland will remove old play structures and surfacing, enhance the garden, build a new nature area with a decomposed granite path, and add safety systems, privacy screens and trees at Joaquin Miller Elementary. The $598,634 includes a $63,000 contingency. It was the lowest responsive, responsible bidder; work runs June 12 to August 30, 2025.",School buildings & construction,,bid_award,"Tulum Innovative Engineering, Inc.",organization,Joaquin Miller Elementary School,expense,fixed,598634,,,,,true,2025-06-12,2025-08-30,,,,Adopted on the General Consent Report,2025-06-11,true,auto_ok,sonnet-agent,enrich.v5.md,true,
2025-06-11:25-1351,2025-06-11,2025-06-11,regular,L.-9,46,general,Chief Systems and Services Officer,25-1351,https://ousd.legistar.com/gateway.aspx?M=L&ID=65687,Software as a Service (SaaS) Agreement and Standard Student Data Privacy Agreement - CrisisGo - Technology Services Department and Research and Data Department,"Approval by the Board of Education of a Software as a Services (Saas) Agreement by and between the District and CrisisGo, Mountain View, CA, for the latter to provide a visitor management and emergency alert system (software), as described in  Exhibit A of the SaaS Agreement, incorporated herein by reference as though fully set forth, at a cost not to exceed $100,000.00, for the term January 2, 2025 through June 30, 2026, via the Technology Services Department and a Standard Student Data Privacy Agreement (SDPA), by and between said Parties, defining the terms and conditions of the District’s transmission of or sharing of pupil data with CrisisGo, and the protection by CrisisGo of such data, for the same term as the SaaS, via the Research and Data Department (RAD).",Agreement or Contract,Chief Academic Officer,008217,v-008217,"Arts, Music, Instructional Materials Block Grant, 6762","Approves up to $100,000 for CrisisGo visitor check-in and emergency alert software","The district is buying a visitor management and emergency alert software service from CrisisGo, at a cost of up to $100,000 for January 2, 2025 through June 30, 2026. A separate student data privacy agreement sets the rules for sharing student data with CrisisGo and protecting it over the same term.",Technology,,new_agreement,CrisisGo,organization,,expense,not_to_exceed,100000,,,,,true,2025-01-02,2026-06-30,after_work_began; multi_year,,,Adopted on the General Consent Report,2025-06-11,true,auto_ok,sonnet-agent,enrich.v5.md,true,
2025-06-11:25-1374,2025-06-11,2025-06-11,regular,L.-10,47,general,Chief Systems and Services Officer,25-1374,https://ousd.legistar.com/gateway.aspx?M=L&ID=65710,"Amendment No. 2 - Milk and Dairy Products Contract - Crystal Creamery, Inc. - Nutrition Services Department","Approval by the Board of Education of Amendment No. 2, Milk and Dairy Products Contract (IFB #22-134NS: Milk and Dairy Products K-12 Meal Program) by and between the District and Crystal Creamery, Inc., Modesto, CA, for the latter to provide milk and dairy products for Nutrition Services Programs, exercising the second of two one-year options, renewing the Contract, in an additional amount not to exceed $900,000.00, increasing the Agreement not to exceed amount from $1,645,000.00 to $2,545,000.00 and extending the term of the Agreement from July 1, 2023, through June 30, 2025 to June 30, 2026. All other terms and conditions of the Contract remain in full force and effect.",Agreement or Contract,Chief Systems and Services Officer,001249,v-001249,5310 - Child Nutrition School Program,"Adds $900,000 and a year to the Crystal Creamery milk and dairy contract, to June 2026","This amendment uses the second of two one-year renewal options on the milk and dairy contract for school meal programs. It adds up to $900,000, raising the limit from $1,645,000 to $2,545,000, and extends the term from June 30, 2025 to June 30, 2026. All other terms stay the same.","Food, transportation & operations",,amendment,"Crystal Creamery, Inc.",organization,,expense,not_to_exceed,900000,,,1645000,2545000,true,2023-07-01,2026-06-30,raises_existing_contract; large_increase; multi_year,,,Adopted on the General Consent Report,2025-06-11,true,auto_ok,sonnet-agent,enrich.v5.md,true,
2025-06-11:25-1076:L.-11,2025-06-11,2025-06-11,regular,L.-11,49,general,Chief Business Officer,25-1076,https://ousd.legistar.com/gateway.aspx?M=L&ID=65412,"Services Agreement - District and Crowe, LLP - Technology Services Department","Ratification by the Board of Education of a Services Agreement by and between the District and Crowe, LLP, Sarasota, FL, for the latter, utilizing various resources and tools, to conduct threat research and analysis of social medial and darknet sources related to client and neighboring communities, as it may have an impact on the safety, security or integrity of District’s student population and parents, and based on assessment report and address issues, as further described in Exhibit A of Agreement, incorporated herein by reference as though fully set forth, for the term January 2, 2025 through June 30, 2026, in an amount not-to-exceed $5,400.00.",Agreement or Contract,Chief Academic Officer,009205,v-009205,General Purpose Funds,"Ratifies up to $5,400 for Crowe to monitor social media and darknet threats to students","The board is approving, after the work began, an agreement with Crowe, LLP to research and analyze social media and darknet sources for threats that could affect the safety and security of students and parents, and to report what it finds. The cost is up to $5,400. The term is January 2, 2025 through June 30, 2026.",Technology,,new_agreement,"Crowe, LLP",organization,,expense,not_to_exceed,5400,,,,,true,2025-01-02,2026-06-30,after_work_began; multi_year,,,Adopted on the General Consent Report,2025-06-11,true,auto_ok,sonnet-agent,enrich.v5.md,false,2025-06-11:25-1076
2025-06-11:25-1250,2025-06-11,2025-06-11,regular,L.-12,51,general,Chief Academic Officer,25-1250,https://ousd.legistar.com/gateway.aspx?M=L&ID=65586,"Master Agreements or Contracts and Individual Service Agreements with Nonpublic, Nonsectarian School/Agency Services - Students of Special Education Program - School Year 2025-2026 – Special Education Department","Adoption by the Board of Education of Resolution Number 2425-0234 - Master Agreements or Contracts and Individual Service Agreements with Nonpublic, Nonsectarian School/Agency Services for Students of Special Education Program - School Year 2025-2026 in a cumulative amount not to exceed $73,240,000.00.
__________
Attachment “A” - Nonpublic Schools -   $9,900,000.00
Attachment “B” - Nonpublic Agencies - $63,340,000.00",Resolution,Chief Academic Officer,,,,"Authorizes up to $73,240,000 for nonpublic special education school and agency contracts in 2025-26","This resolution sets the limit for master agreements and individual service agreements with nonpublic, nonsectarian schools and agencies that serve students in special education during the 2025-26 school year. The combined limit is $73,240,000: $9,900,000 for nonpublic schools and $63,340,000 for nonpublic agencies.",Special education,Nonpublic schools & agencies,new_agreement,,,,expense,cumulative,73240000,,,,,true,2025-07-01,2026-06-30,pulled_from_consent,,"Taken off the consent vote, then approved on a later consent report on June 25.",Adopted on the General Consent Report,2025-06-25,true,auto_ok,sonnet-agent,enrich.v5.md,false,
2025-06-11:25-1298,2025-06-11,2025-06-11,regular,L.-13,52,general,Chief Academic Officer,25-1298,https://ousd.legistar.com/gateway.aspx?M=L&ID=65634,Expanded Learning Programs After School Program Master Contract 2025-2028 - Youth Together - Skyline High School - Community Schools and Student Services Department,"Approval by the Board of Education of an Expanded Learning Programs After School Program Master Contract 2025-2028 by and between the District and Youth Together, Oakland, CA, for the latter to serve as lead agency for program coordination, academic intervention, homework support, student supervision and a variety of enrichment services, as described in the Master Contract, for the comprehensive after school program at  Skyline High School, via the Community Schools and Student Services Department, for the period July 1, 2025 through July 31, 2028, in an amount not to exceed $838,500.00.",Agreement or Contract,Chief Academic Officer,004737,v-004737,"21st Century Programs, Expanded Learning Opportunities Program","Approves up to $838,500 for Youth Together to run Skyline High's after school program through 2028","The district is contracting with Youth Together to lead an after school program at Skyline High School, covering program coordination, academic intervention, homework support, student supervision and enrichment activities. The contract is for up to $838,500.00 over the period July 1, 2025 through July 31, 2028.",After-school & summer programs,,new_agreement,Youth Together,organization,Skyline High School,expense,not_to_exceed,838500,,,,,true,2025-07-01,2028-07-31,multi_year,,,Adopted on the General Consent Report,2025-06-11,true,auto_ok,sonnet-agent,enrich.v5.md,true,
2025-06-11:25-1303,2025-06-11,2025-06-11,regular,L.-14,53,general,Chief Academic Officer,25-1303,https://ousd.legistar.com/gateway.aspx?M=L&ID=65639,Expanded Learning Programs After School Program Master Contract 2025-2028 - YMCA of the East Bay - Piedmont Avenue Elementary School - Community Schools and Student Services Department,"Approval by the Board of Education of an Expanded Learning Programs After School Program Master Contract 2025-2028 by and between the District and YMCA of the East Bay, Oakland, CA, for the latter to serve as lead agency for program coordination, academic intervention, homework support, student supervision and a variety of enrichment services, as described in the Master Contract, for the comprehensive after school program at Piedmont Avenue Elementary School, via the Community Schools and Student Services Department, for the period July 1, 2025 through July 31, 2028, in an amount not to exceed $1,507,836.39.",Agreement or Contract,Chief Academic Officer,004722,v-004722,"After School Education and Safety Grant, Expanded Learning Opportunities Program","Approves up to $1,507,836.39 for YMCA of the East Bay to run Piedmont Avenue's after school program","The district is contracting with YMCA of the East Bay to lead an after school program at Piedmont Avenue Elementary School, covering program coordination, academic intervention, homework support, student supervision and enrichment activities. The contract is for up to $1,507,836.39 over the period July 1, 2025 through July 31, 2028.",After-school & summer programs,,new_agreement,YMCA of the East Bay,organization,Piedmont Avenue Elementary School,expense,not_to_exceed,1507836.39,,,,,true,2025-07-01,2028-07-31,multi_year,,,Adopted on the General Consent Report,2025-06-11,true,auto_ok,sonnet-agent,enrich.v5.md,true,
2025-06-11:25-1315,2025-06-11,2025-06-11,regular,L.-15,54,general,Chief Academic Officer,25-1315,https://ousd.legistar.com/gateway.aspx?M=L&ID=65651,"Expanded Learning Programs After School Program Master Contract 2022-2025 - Love, Learn, Success - Melrose Leadership Academy - Community Schools and Student Services Department","Approval by the Board of Education of an Expanded Learning Programs After School Program Master Contract 2025-2028 by and between the District and Love, Learn, Success, Vallejo, CA, for the latter to serve as lead agency for program coordination, academic intervention, homework support, student supervision and a variety of enrichment services, as described in the Master Contract, for the comprehensive after school program at Melrose Leadership Academy, via the Community Schools and Student Services Department, for the period July 1, 2025 through July 31, 2028, in an amount not to exceed $2,455,451.40.",Agreement or Contract,Chief Academic Officer,002651,v-002651,"After School Education and Safety Grant, Expanded Learning Opportunities Program","Approves up to $2,455,451.40 for Love, Learn, Success to run Melrose Leadership's after school program","The district is contracting with Love, Learn, Success to lead an after school program at Melrose Leadership Academy, covering program coordination, academic intervention, homework support, student supervision and enrichment activities. The contract is for up to $2,455,451.40 over the period July 1, 2025 through July 31, 2028.",After-school & summer programs,,new_agreement,"Love, Learn, Success",organization,Melrose Leadership Academy,expense,not_to_exceed,2455451.4,,,,,true,2025-07-01,2028-07-31,multi_year,,,Adopted on the General Consent Report,2025-06-11,true,auto_ok,sonnet-agent,enrich.v5.md,true,
2025-06-11:25-1319,2025-06-11,2025-06-11,regular,L.-16,55,general,Chief Academic Officer,25-1319,https://ousd.legistar.com/gateway.aspx?M=L&ID=65655,Expanded Learning Programs After School Program Master Contract 2025-2028 - East Bay Agency for Children - Named Sites - Community Schools and Student Services Department,"Approval by the Board of Education of an Expanded Learning Programs After School Program Master Contract 2025-2028 by and between the District and East Bay Agency for Children, Oakland, CA, for the latter to serve as lead agency for program coordination, academic intervention, homework support, student supervision and a variety of enrichment services, as described in the Master Contract, for the comprehensive after school programs at the seven OUSD school sites listed in Exhibit A - Burbank Preschool, Crocker Highlands Elementary School, Highland Community School, Kaiser Preschool, Peralta Elementary School, Reach Academy, and Sequoia Elementary School - incorporated herein by reference as though fully set forth, via the Community Schools and Student Services Department, for the period July 1, 2025 through July 31, 2028, in an amount not to exceed $10,231,345.56.",Agreement or Contract,Chief Academic Officer,001473,v-001473,"After School Education and Safety Grant, 21st Century Programs, Expanded Learning Opportunities Program","Approves up to $10,231,345.56 for East Bay Agency for Children's after school programs at seven sites","The district is contracting with East Bay Agency for Children to lead an after school program at seven school sites, covering program coordination, academic intervention, homework support, student supervision and enrichment activities. The contract is for up to $10,231,345.56 over the period July 1, 2025 through July 31, 2028.",After-school & summer programs,,new_agreement,East Bay Agency for Children,organization,Burbank Preschool; Crocker Highlands Elementary School; Highland Community School; Kaiser Preschool; Peralta Elementary School; Reach Academy; Sequoia Elementary School,expense,not_to_exceed,10231345.56,,,,,true,2025-07-01,2028-07-31,multi_year,,,Adopted on the General Consent Report,2025-06-11,true,auto_ok,sonnet-agent,enrich.v5.md,true,
2025-06-11:25-1326,2025-06-11,2025-06-11,regular,L.-17,56,general,Chief Academic Officer,25-1326,https://ousd.legistar.com/gateway.aspx?M=L&ID=65662,"Memorandum of Understanding - Azusa Unified School District - English Language Learner, Multilingual Achievement Office","Approval by the Board of Education of a Memorandum of Understanding by and between Azusa Unified School District (Azusa) and the District, for the purpose of District establishing an Agreement with Azusa regarding the reimbursement process for the Bilingual Teacher Professional Development Program (BTPDP) Grant, which aims to facilitate the professional development of bilingual teachers through eligible grant expenditures (See APPENDICES A and B) in partnership with the Sobrato Early Academic Language (SEAL), with reimbursement from the BTPDP grant, for the term April 15, 2025 through June 30, 2029, at no cost to the District.",Agreement or Contract,Chief Academic Officer,009580,v-009580,NA,Sets up no-cost agreement with Azusa Unified to reimburse bilingual teacher training grant costs,"The district and Azusa Unified School District are signing a memorandum of understanding (an agreement between organizations) on how grant money from the Bilingual Teacher Professional Development Program will reimburse eligible costs of training bilingual teachers, in partnership with the Sobrato Early Academic Language program. It costs the district nothing and runs April 15, 2025 through June 30, 2029.",Classroom & academic programs,,mou_or_data_sharing,Azusa Unified School District,organization,,no_cost,,,,,,,true,2025-04-15,2029-06-30,after_work_began; multi_year,,,Adopted on the General Consent Report,2025-06-11,true,auto_ok,sonnet-agent,enrich.v5.md,true,
2025-06-11:25-1348,2025-06-11,2025-06-11,regular,L.-18,57,general,Chief Academic Officer,25-1348,https://ousd.legistar.com/gateway.aspx?M=L&ID=65684,"Amendment No. 1, Grant Agreement - Intrepid Philanthropy Foundation - Cultivating Our Collective Efficacy to Support Future Social Justice Leaders - Oakland Technical High School","Approval by the Board of Education of Amendment No. 1, Grant Agreement by and between the District and Intrepid Philanthropy Foundation, San Francisco, CA, with the former accepting reduction of grant Award from $30,000.00 to $20,000.00, in Light Awards Program funding for Oakland Technical High School, for the teacher professional development project titled ""Cultivating Our Collective Efficacy to Support Future Social Justice Leaders"" (the ""Project""), as described in the proposal submitted for the 2024-2026 grant cycle, incorporated herein by reference as though fully set forth, for the term April 1, 2024 - June 1, 2026. All other terms and conditions of the Agreement remain in full force and effect.",Agreement or Contract,Chief Academic Officer,,n-intrepid-philanthropy-foundation,"LIGHT Awards Program, Intrepid Philanthropy Foundation","Cuts Oakland Tech's Intrepid Philanthropy Foundation grant from $30,000 to $20,000","This amendment lowers the foundation's Light Awards Program grant for a teacher professional development project at Oakland Technical High School from $30,000 to $20,000. The grant cycle runs April 1, 2024 through June 1, 2026. All other terms stay the same.",Classroom & academic programs,,amendment,Intrepid Philanthropy Foundation,organization,Oakland Technical High School,decrease,,,,,30000,20000,true,2024-04-01,2026-06-01,multi_year,,,Adopted on the General Consent Report,2025-06-11,true,auto_ok,sonnet-agent,enrich.v5.md,true,
2025-06-11:25-1375,2025-06-11,2025-06-11,regular,L.-19,58,general,Chief Academic Officer,25-1375,https://ousd.legistar.com/gateway.aspx?M=L&ID=65711,No-Cost Services Agreement 2024-2025 - Buddhist Tzu Chi Medical Foundation - Franklin Elementary School,"Ratification by the Board of Education of a No Cost Services Agreement 2024-2025 by and between the District and Buddhist Tzu Chi Medical Foundation, El Monte, CA, for the latter to provide eye exams to students who have been identified with possible need for glasses at Franklin Elementary School, for the period of May 1, 2025 through May 23, 2025, at no cost to the District.",Agreement or Contract,Chief Academic Officer,,n-buddhist-tzu-chi-medical-foundation,No Fiscal Impact,Ratifies free eye exams from Buddhist Tzu Chi Medical Foundation at Franklin Elementary,"The board is approving a no-cost agreement in which the Buddhist Tzu Chi Medical Foundation gave eye exams to Franklin Elementary students who may need glasses. The period was May 1 through May 23, 2025, and the district pays nothing.","Student health, support & family services",,mou_or_data_sharing,Buddhist Tzu Chi Medical Foundation,organization,Franklin Elementary School,no_cost,,,,,,,true,2025-05-01,2025-05-23,after_work_began,,,Adopted on the General Consent Report,2025-06-11,true,auto_ok,sonnet-agent,enrich.v5.md,true,
2025-06-11:25-1378,2025-06-11,2025-06-11,regular,L.-20,59,general,Chief Academic Officer,25-1378,https://ousd.legistar.com/gateway.aspx?M=L&ID=65714,Services Agreement 2024-2025 - The Teaching Well - Piedmont Avenue Elementary School,"Approval by the Board of Education of a Services Agreement 2024-2025 by and between the District and The Teaching Well, Oakland, CA, for the latter to provide 1 hour sessions by a Teaching Well Leadership Coach to unpack trends that emerge from staff data sources (surveys, staff reporting, etc.), plan/practice change management communication, and think strategically about the policy, practice, systems, and interpersonal shifts that may alleviate pain points and increase staff retention and wellness, with sessions scheduled at a consistent cadence and/or utilized as on call service as pressing matters arise at Piedmont Avenue Elementary School, for the period of September 9, 2024 through May 29, 2025, in an amount not to exceed $5,000.00.",Agreement or Contract,Chief Academic Officer,004278,v-004278,Educator Effectiveness,"Approves up to $5,000 for The Teaching Well to coach Piedmont Avenue Elementary staff","The Teaching Well will provide one-hour leadership coaching sessions at Piedmont Avenue Elementary to look at trends in staff surveys and reporting and plan changes that could improve staff retention and wellness. The cost is up to $5,000, for September 9, 2024 through May 29, 2025.",Staff & hiring,,new_agreement,The Teaching Well,organization,Piedmont Avenue Elementary School,expense,not_to_exceed,5000,,,,,true,2024-09-09,2025-05-29,after_work_began,,,Adopted on the General Consent Report,2025-06-11,true,auto_ok,sonnet-agent,enrich.v5.md,true,
2025-06-11:25-1379,2025-06-11,2025-06-11,regular,L.-21,60,general,Chief Academic Officer,25-1379,https://ousd.legistar.com/gateway.aspx?M=L&ID=65715,Services Agreement 2024-2025 - The Teaching Well - Piedmont Avenue Elementary School,"Approval by the Board of Education of a Services Agreement 2024-2025 by and between the District and The Teaching Well, Oakland, CA, for the latter to provide staff coaching which includes Abridged Mindful Mentoring Cohort (4 slots, each semester), one on one Mentoring for 30 minutes twice per month for participating Piedmont educators and ILT Group Coaching (3/ 90 min sessions), 1 hour sessions with Teaching Well Leadership Coach to Mindful Mentoring, plan and practice connected communication aimed to build cohesion, collaboration, and trust for Piedmont Avenue Elementary School, for the period of September 9, 2024 through May 29, 2025, in an amount not to exceed $19,994.00.",Agreement or Contract,Chief Academic Officer,004278,v-004278,Educator Effectiveness,"Approves up to $19,994 for The Teaching Well mentoring and coaching at Piedmont Avenue Elementary","The Teaching Well will provide staff coaching at Piedmont Avenue Elementary, including a mindful mentoring cohort, twice-monthly one-on-one mentoring for participating educators, and group coaching for the school's leadership team. The cost is up to $19,994, for September 9, 2024 through May 29, 2025.",Staff & hiring,,new_agreement,The Teaching Well,organization,Piedmont Avenue Elementary School,expense,not_to_exceed,19994,,,,,true,2024-09-09,2025-05-29,after_work_began,,,Adopted on the General Consent Report,2025-06-11,true,auto_ok,sonnet-agent,enrich.v5.md,true,
2025-06-11:25-1392,2025-06-11,2025-06-11,regular,L.-22,61,general,Chief Academic Officer,25-1392,https://ousd.legistar.com/gateway.aspx?M=L&ID=65728,Services Agreement 2024-2025 - Bay Area Community Resources - East Oakland Pride Elementary School,"Approval by the Board of Education of a Services Agreement 2024-2025 by and between the District and Bay Area Community Resources, El Cerrito, CA, for the latter to provide an AmeriCorps member for the 2024-25 academic school year, who will serve as youth support specialist to provide small group interventions and support to students identified by school staff as needing the extra support; support the student population and support the classroom teachers in small group and individual and as further described in Exhibit A of the Agreement, incorporated herein by reference as though fully set forth, at East Oakland Pride Elementary School, for the period of August 12, 2024 through May 29, 2025, in an amount not to exceed $11,250.00.",Agreement or Contract,Chief Academic Officer,000624,v-000624,CCSPP Implementation Grant,"Approves up to $11,250 for Bay Area Community Resources AmeriCorps support at East Oakland Pride","Bay Area Community Resources will provide an AmeriCorps member to serve as a youth support specialist at East Oakland Pride Elementary for the 2024-25 school year. The member will give small-group help to students that school staff identify as needing extra support and will assist classroom teachers. The cost is up to $11,250.",Classroom & academic programs,,new_agreement,Bay Area Community Resources,organization,East Oakland Pride Elementary School,expense,not_to_exceed,11250,,,,,true,2024-08-12,2025-05-29,after_work_began,,,Adopted on the General Consent Report,2025-06-11,true,auto_ok,sonnet-agent,enrich.v5.md,true,
2025-06-11:25-1393,2025-06-11,2025-06-11,regular,L.-23,62,general,Chief Academic Officer,25-1393,https://ousd.legistar.com/gateway.aspx?M=L&ID=65729,Services Agreement - Halima Dotson-Franklin - Pupil Disciplinary Hearing Panel - Community Schools and Student Services Department,"Approval by the Board of Education of a Services Agreement by and between the District and Halima Dotson-Franklin, Berkeley, CA, for the latter to conduct, on a rotating basis, pupil expulsion, admission, reinstatement and readmission hearings, pursuant to Education Code Sections 48900-48927, for the term of July 1, 2025 through June 30, 2028, in an amount not to exceed $100.00 per case.",Agreement or Contract,Chief Academic Officer,001417,v-001417,General Purpose Unrestricted,Pays a student hearing officer up to $100 per case for expulsion hearings through 2028,"The district is hiring an individual to serve on a rotating basis on the panel that conducts student expulsion, admission, reinstatement and readmission hearings under the Education Code. The pay is up to $100 per case, and no overall total is stated. The agreement runs July 1, 2025 through June 30, 2028.","Legal, compliance & risk",,new_agreement,Halima Dotson-Franklin,individual,,expense,not_to_exceed,100,,,,,true,2025-07-01,2028-06-30,multi_year,,,Adopted on the General Consent Report,2025-06-11,true,auto_ok,sonnet-agent,enrich.v5.md,true,
2025-06-11:25-1395,2025-06-11,2025-06-11,regular,L.-24,63,general,Chief Academic Officer,25-1395,https://ousd.legistar.com/gateway.aspx?M=L&ID=65731,Services Agreement - Johnny Lorigo - Pupil Disciplinary Hearing Panel - Community Schools and Student Services Department,"Approval by the Board of Education of a Services Agreement by and between the District and Johnny Lorigo, Oakland, CA, for the latter to conduct, on a rotating basis, pupil expulsion, admission, reinstatement and readmission hearings, pursuant to Education Code Sections 48900-48927, for the term of July 1, 2025 through June 30, 2028, in an amount not to exceed $100.00 per case.",Agreement or Contract,Chief Academic Officer,002638,v-002638,General Purpose Unrestricted,Pays a student hearing officer up to $100 per case for expulsion hearings through 2028,"The district is hiring an individual to serve on a rotating basis on the panel that conducts student expulsion, admission, reinstatement and readmission hearings under the Education Code. The pay is up to $100 per case, and no overall total is stated. The agreement runs July 1, 2025 through June 30, 2028.","Legal, compliance & risk",,new_agreement,Johnny Lorigo,individual,,expense,not_to_exceed,100,,,,,true,2025-07-01,2028-06-30,multi_year,,,Adopted on the General Consent Report,2025-06-11,true,auto_ok,sonnet-agent,enrich.v5.md,true,
2025-06-11:25-1396,2025-06-11,2025-06-11,regular,L.-25,64,general,Chief Academic Officer,25-1396,https://ousd.legistar.com/gateway.aspx?M=L&ID=65732,Services Agreement - Lauran Waters-Cherry - Pupil Disciplinary Hearing Panel - Community Schools and Student Services Department,"Approval by the Board of Education of a Services Agreement by and between the District and Lauran Waters-Cherry, Oakland, CA, for the latter to conduct, on a rotating basis, pupil expulsions, admission, reinstatement and readmission hearings, pursuant to Education Code Sections 48900-48927, for the term of July 1, 2025 through June 30, 2028, in an amount not to exceed $100.00 per case.",Agreement or Contract,Chief Academic Officer,006320,v-006320,General Purpose Unrestricted,Pays a student hearing officer up to $100 per case for expulsion hearings through 2028,"The district is hiring an individual to serve on a rotating basis on the panel that conducts student expulsion, admission, reinstatement and readmission hearings under the Education Code. The pay is up to $100 per case, and no overall total is stated. The agreement runs July 1, 2025 through June 30, 2028.","Legal, compliance & risk",,new_agreement,Lauran Waters-Cherry,individual,,expense,not_to_exceed,100,,,,,true,2025-07-01,2028-06-30,multi_year,,,Adopted on the General Consent Report,2025-06-11,true,auto_ok,sonnet-agent,enrich.v5.md,true,
2025-06-11:25-1397,2025-06-11,2025-06-11,regular,L.-26,65,general,Chief Academic Officer,25-1397,https://ousd.legistar.com/gateway.aspx?M=L&ID=65733,Services Agreement - Linda Lu - Pupil Disciplinary Hearing Panel - Community Schools and Student Services Department,"Approval by the Board of Education of a Services Agreement by and between the District and Linda Lu, Hayward, CA, for the latter to conduct, on a rotating basis, pupil expulsion hearings, admission, reinstatement and readmission hearings pursuant to Education Code Sections 48900-48927 for the term of July 1, 2025 through June 30, 2028, in an amount not to exceed $100.00 per case.",Agreement or Contract,Chief Academic Officer,002657,v-002657,General Purpose Unrestricted,Pays a student hearing officer up to $100 per case for expulsion hearings through 2028,"The district is hiring an individual to serve on a rotating basis on the panel that conducts student expulsion, admission, reinstatement and readmission hearings under the Education Code. The pay is up to $100 per case, and no overall total is stated. The agreement runs July 1, 2025 through June 30, 2028.","Legal, compliance & risk",,new_agreement,Linda Lu,individual,,expense,not_to_exceed,100,,,,,true,2025-07-01,2028-06-30,multi_year,,,Adopted on the General Consent Report,2025-06-11,true,auto_ok,sonnet-agent,enrich.v5.md,true,
2025-06-11:25-1398,2025-06-11,2025-06-11,regular,L.-27,66,general,Chief Academic Officer,25-1398,https://ousd.legistar.com/gateway.aspx?M=L&ID=65734,Services Agreement - Theresa Clincy - Pupil Disciplinary Hearing Panel - Community Schools and Student Services Department,"Approval by the Board of Education of a Services Agreement by and between the District and Theresa Clincy, Oakland, CA, for the latter to conduct, on a rotating basis, pupil expulsion, admission, reinstatement and readmission hearings, pursuant to Education Code Sections 48900-48927, for the term of July 1, 2025 through June 30, 2028, in an amount not to exceed $100.00 per case.",Agreement or Contract,Chief Academic Officer,006321,v-006321,General Purpose Unrestricted,Pays a student hearing officer up to $100 per case for expulsion hearings through 2028,"The district is hiring an individual to serve on a rotating basis on the panel that conducts student expulsion, admission, reinstatement and readmission hearings under the Education Code. The pay is up to $100 per case, and no overall total is stated. The agreement runs July 1, 2025 through June 30, 2028.","Legal, compliance & risk",,new_agreement,Theresa Clincy,individual,,expense,not_to_exceed,100,,,,,true,2025-07-01,2028-06-30,multi_year,,,Adopted on the General Consent Report,2025-06-11,true,auto_ok,sonnet-agent,enrich.v5.md,true,
2025-06-11:25-1409,2025-06-11,2025-06-11,regular,L.-28,67,general,Chief Academic Officer,25-1409,https://ousd.legistar.com/gateway.aspx?M=L&ID=65745,Student Travel - University of Hawaii-Honolulu - Pacific Islander IKUNA Crew Club - Skyline High School,"Approval by the Board of Education of Resolution No. 2425-0220 - Approval of Request for Out of State Student Travel - Authorizing student travel by school site Skyline High School for six 9th-12th grade students, one adult, to visit the University of Hawaii, Honolulu, HI, for the period of July 15, 2025 through July 20, 2025.",Resolution,Chief Academic Officer,,,No Fiscal Impact,Approves Skyline High trip for six students and one adult to the University of Hawaii in July,"The board is approving out-of-state travel for six students in grades 9 to 12 and one adult from Skyline High School to visit the University of Hawaii in Honolulu. The trip is scheduled for July 15 through July 20, 2025. The text does not state a dollar cost.",Classroom & academic programs,,resolution_or_policy,,,Skyline High School,no_cost,,,,,,,true,2025-07-15,2025-07-20,,,,Adopted on the General Consent Report,2025-06-11,true,auto_ok,sonnet-agent,enrich.v5.md,true,
2025-06-11:25-1410,2025-06-11,2025-06-11,regular,L.-29,68,general,Chief Academic Officer,25-1410,https://ousd.legistar.com/gateway.aspx?M=L&ID=65746,Student Travel - University of Hawaii - Honolulu - Pacific Islander IKUNA Crew Club - Castlemont High School,"Approval by the Board of Education of Resolution No. 2425-0221 - Approval of Request for Out of State Student Travel -authorizing student travel by school site Castlemont High School for eight 9th-12th grade students, four adults to visit the University of Hawaii, Honolulu, HI, for the period of July 15, 2025 through July 20, 2025.",Resolution,Chief Academic Officer,,,No Fiscal Impact,Approves Castlemont High trip for eight students and four adults to the University of Hawaii,"The board is approving out-of-state travel for eight students in grades 9 to 12 and four adults from Castlemont High School to visit the University of Hawaii in Honolulu. The trip is scheduled for July 15 through July 20, 2025. The text does not state a dollar cost.",Classroom & academic programs,,resolution_or_policy,,,Castlemont High School,no_cost,,,,,,,true,2025-07-15,2025-07-20,,,,Adopted on the General Consent Report,2025-06-11,true,auto_ok,sonnet-agent,enrich.v5.md,true,
2025-06-11:25-1411,2025-06-11,2025-06-11,regular,L.-30,69,general,Chief Academic Officer,25-1411,https://ousd.legistar.com/gateway.aspx?M=L&ID=65747,Student Travel - University of Hawaii-Honolulu - Pacific Islander IKUNA Crew Club - Fremont High School,"Approval by the Board of Education of Resolution No. 2425-0222 - Approval of Request for Out of State Student Travel - authorizing student travel by school site Fremont High School for six 9th-12th grade students, three adults to visit the University of Hawaii, Honolulu, HI, for the period of July 15, 2025 through July 20, 2025.",Resolution,Chief Academic Officer,,,No Fiscal Impact,Approves Fremont High trip for six students and three adults to the University of Hawaii,"The board is approving out-of-state travel for six students in grades 9 to 12 and three adults from Fremont High School to visit the University of Hawaii in Honolulu. The trip is scheduled for July 15 through July 20, 2025. The text does not state a dollar cost.",Classroom & academic programs,,resolution_or_policy,,,Fremont High School,no_cost,,,,,,,true,2025-07-15,2025-07-20,,,,Adopted on the General Consent Report,2025-06-11,true,auto_ok,sonnet-agent,enrich.v5.md,true,
2025-06-11:25-1412,2025-06-11,2025-06-11,regular,L.-31,70,general,Chief Academic Officer,25-1412,https://ousd.legistar.com/gateway.aspx?M=L&ID=65748,Student Travel - University of Hawaii-Honolulu - Pacific Islander IKUNA Crew Club - McClymonds High School,"Approval by the Board of Education of Resolution No. 2425-0223 - Approval of Request for Out of State Student Travel - authorizing student travel by school site McClymonds High School for four 9th-12th grade students, three adults to visit the University of Hawaii, Honolulu, HI, for the period of July 15, 2025 through July 20, 2025.",Resolution,Chief Academic Officer,,,No Fiscal Impact,"Approves McClymonds High School trip to the University of Hawaii for 4 students, July 2025","Approves out-of-state travel for four 9th-12th grade students and three adults from McClymonds High School to visit the University of Hawaii in Honolulu, from July 15, 2025 through July 20, 2025. The item is listed as having no fiscal impact for the district.",Classroom & academic programs,,resolution_or_policy,,,McClymonds High School,no_cost,,,,,,,true,2025-07-15,2025-07-20,,,,Adopted on the General Consent Report,2025-06-11,true,auto_ok,sonnet-agent,enrich.v5.md,true,
2025-06-11:25-1413,2025-06-11,2025-06-11,regular,L.-32,71,general,Chief Academic Officer,25-1413,https://ousd.legistar.com/gateway.aspx?M=L&ID=65749,Student Travel - University of Hawaii-Honolulu - Pacific Islander IKUNA Crew Club - Oakland Technical High School,"Approval by the Board of Education of Resolution No. 2425-0224 - Approval of Request for Out of State Student Travel - authorizing student travel by school site Oakland Technical High School for four 9th-12th grade students, three adults to visit the University of Hawaii, Honolulu, HI, for the period of July 15, 2025 through July 20, 2025.",Resolution,Chief Academic Officer,,,No Fiscal Impact,"Approves Oakland Technical High School trip to the University of Hawaii for 4 students, July 2025","Approves out-of-state travel for four 9th-12th grade students and three adults from Oakland Technical High School to visit the University of Hawaii in Honolulu, from July 15, 2025 through July 20, 2025. The item is listed as having no fiscal impact for the district.",Classroom & academic programs,,resolution_or_policy,,,Oakland Technical High School,no_cost,,,,,,,true,2025-07-15,2025-07-20,,,,Adopted on the General Consent Report,2025-06-11,true,auto_ok,sonnet-agent,enrich.v5.md,true,
2025-06-11:25-1414,2025-06-11,2025-06-11,regular,L.-33,72,general,Chief Academic Officer,25-1414,https://ousd.legistar.com/gateway.aspx?M=L&ID=65750,Memorandum of Understanding - Street Academy Foundation - Emiliano Zapata Street Academy - District - Fiscal Year 2025-28,"Approval by the Board of Education of a Memorandum of Understanding (""MOU"") by and between the Street Academy Foundation of Oakland and the Oakland Unified School District (""District""), for the District to operate the Emiliano Zapata Street Academy, a 9-12 grades school of approximately 120 students, funded by pupil ADA and other eligible resources, if any, named in MOU, for the period July 1, 2025, through June 30, 2028, pursuant to terms and conditions stated therein.",Agreement or Contract,Chief Academic Officer,,v-004105,,Approves 3-year agreement with Street Academy Foundation to operate Emiliano Zapata Street Academy,"The district and the Street Academy Foundation of Oakland sign a memorandum of understanding (MOU) for the district to operate Emiliano Zapata Street Academy, a high school of about 120 students. It runs from July 1, 2025 to June 30, 2028. The school is funded by student attendance money (called ADA) and other eligible resources named in the MOU; the text states no dollar amount.",Partnerships & data sharing,,mou_or_data_sharing,Street Academy Foundation of Oakland,organization,Emiliano Zapata Street Academy,no_cost,,,,,,,true,2025-07-01,2028-06-30,multi_year,,,Adopted on the General Consent Report,2025-06-11,true,auto_ok,sonnet-agent,enrich.v5.md,true,
2025-06-11:25-1415,2025-06-11,2025-06-11,regular,L.-34,73,general,Chief Academic Officer,25-1415,https://ousd.legistar.com/gateway.aspx?M=L&ID=65751,Oakland Unified School District Smart Labs Agreement - Campos Foundation - SmartLabs - Urban Promise Academy,"Approval by the Board of Education of a Smart Labs Agreement by and between the District and the Campos Foundation, Denver, CO, for the latter to provide use of grant funds to install SmartLab furniture and equipment that will support use of engineering and design curriculum and materials provided by SmartLab, for the period of February 17, 2025 through June 30, 2026, in the amount of $250,000.00.",Agreement or Contract,Chief Academic Officer,,n-campos-foundation,Campos Foundation Grant,"Accepts $250,000 Campos Foundation grant for SmartLab equipment at Urban Promise Academy","The Campos Foundation of Denver, CO will provide $250,000 in grant funds to install SmartLab furniture and equipment. The equipment supports engineering and design curriculum and materials provided by SmartLab. The agreement runs from February 17, 2025 through June 30, 2026.",Classroom & academic programs,,grant_or_funding_in,Campos Foundation,organization,Urban Promise Academy,revenue,fixed,250000,,,,,true,2025-02-17,2026-06-30,after_work_began; multi_year,,,Adopted on the General Consent Report,2025-06-11,true,auto_ok,sonnet-agent,enrich.v5.md,true,
2025-06-11:25-1327,2025-06-11,2025-06-11,regular,L.-35,74,general,Chief Academic Officer,25-1327,https://ousd.legistar.com/gateway.aspx?M=L&ID=65663,Services Agreement - Dr. William Riley - Pupil Disciplinary Hearing Panel - Community Schools and Student Services Department,"Approval by the Board of Education of a Services Agreement by and between the District and Dr. William Riley, Oakland, CA, for the latter to conduct, on a rotating basis, pupil expulsion, admission, reinstatement and readmission hearings, pursuant to Education Code Sections 48900-48927, for the term of July 1, 2025 through June 30, 2028, in an amount not to exceed $100.00 per case.",Agreement or Contract,Chief Academic Officer,003618,v-003618,Unrestricted - General Funds,Pays a hearing officer up to $100 per case for student expulsion hearings through June 2028,"The district hires an individual contractor to conduct student expulsion, admission, reinstatement and readmission hearings on a rotating basis. The district pays up to $100 for each case, and the text sets no overall total. The agreement runs from July 1, 2025 through June 30, 2028.","Legal, compliance & risk",,new_agreement,Dr. William Riley,individual,,expense,not_to_exceed,100,,,,,true,2025-07-01,2028-06-30,multi_year,,,Adopted on the General Consent Report,2025-06-11,true,auto_ok,sonnet-agent,enrich.v5.md,true,
2025-06-11:25-1644,2025-06-11,2025-06-11,regular,L.-36,75,general,Chief Academic Officer,25-1644,https://ousd.legistar.com/gateway.aspx?M=L&ID=65980,Student Travel - Lake Tahoe Nevada - Castlemont High School,"Approval by the Board of Education of Resolution No. 2425-0229 - Approval of Request for Out of State Student Travel - authorizing student travel by school site Castlemont High School for two 9th and 12th grade students, six adults to visit Lake Tahoe, Nevada, for the period of June 23, 2025 through June 26, 2025.",Resolution,Chief Academic Officer,,,No Fiscal Impact,"Approves Castlemont High School trip to Lake Tahoe, Nevada for 2 students, June 2025","Approves out-of-state travel for two 9th and 12th grade students and six adults from Castlemont High School to visit Lake Tahoe, Nevada, from June 23, 2025 through June 26, 2025. The item is listed as having no fiscal impact for the district.",Classroom & academic programs,,resolution_or_policy,,,Castlemont High School,no_cost,,,,,,,true,2025-06-23,2025-06-26,,,,Adopted on the General Consent Report,2025-06-11,true,auto_ok,sonnet-agent,enrich.v5.md,true,
2025-06-11:25-1645,2025-06-11,2025-06-11,regular,L.-37,76,general,Chief Academic Officer,25-1645,https://ousd.legistar.com/gateway.aspx?M=L&ID=65981,Student Travel - Lake Tahoe Nevada - Oakland High School,"Approval by the Board of Education of Resolution No. 2425-0230 - Approval of Request for Out of State Student Travel - authorizing student travel by school site Oakland High School for two 10th and 11th grade students, six adults to visit Lake Tahoe, Nevada, for the period of June 23, 2025 through June 26, 2025.",Resolution,Chief Academic Officer,,,No Fiscal Impact,"Approves Oakland High School trip to Lake Tahoe, Nevada for 2 students, June 2025","Approves out-of-state travel for two 10th and 11th grade students and six adults from Oakland High School to visit Lake Tahoe, Nevada, from June 23, 2025 through June 26, 2025. The item is listed as having no fiscal impact for the district.",Classroom & academic programs,,resolution_or_policy,,,Oakland High School,no_cost,,,,,,,true,2025-06-23,2025-06-26,,,,Adopted on the General Consent Report,2025-06-11,true,auto_ok,sonnet-agent,enrich.v5.md,true,
2025-06-11:25-1646,2025-06-11,2025-06-11,regular,L.-38,77,general,Chief Academic Officer,25-1646,https://ousd.legistar.com/gateway.aspx?M=L&ID=65982,Student Travel - Lake Tahoe Nevada - Rudsdale Continuation High School,"Approval by the Board of Education of Resolution No. 2425-0231 - Approval of Request for Out of State Student Travel - authorizing student travel by school site Rudsdale Continuation High School for two 9th and 12th grade students, six adults to visit Lake Tahoe, Nevada, for the period of June 23, 2025 through June 26, 2025.",Resolution,Chief Academic Officer,,,No Fiscal Impact,"Approves Rudsdale Continuation High School trip to Lake Tahoe, Nevada for 2 students","Approves out-of-state travel for two 9th and 12th grade students and six adults from Rudsdale Continuation High School to visit Lake Tahoe, Nevada, from June 23, 2025 through June 26, 2025. The item is listed as having no fiscal impact for the district.",Classroom & academic programs,,resolution_or_policy,,,Rudsdale Continuation High School,no_cost,,,,,,,true,2025-06-23,2025-06-26,,,,Adopted on the General Consent Report,2025-06-11,true,auto_ok,sonnet-agent,enrich.v5.md,true,
2025-06-11:25-1647,2025-06-11,2025-06-11,regular,L.-39,78,general,Chief Academic Officer,25-1647,https://ousd.legistar.com/gateway.aspx?M=L&ID=65983,Student Travel - Lake Tahoe Nevada - Skyline High School,"Approval by the Board of Education of Resolution No. 2425-0232 Approval of Out of State Student Travel - authorizing student travel by school site Skyline High School for two 12th grade students, 4 adults to visit Lake Tahoe, Nevada, for the period of June 23, 2025 through June 26, 2025.",Resolution,Chief Academic Officer,,,No Fiscal Impact,"Approves Skyline High School trip to Lake Tahoe, Nevada for 2 students, June 2025","Approves out-of-state travel for two 12th grade students and four adults from Skyline High School to visit Lake Tahoe, Nevada, from June 23, 2025 through June 26, 2025. The item is listed as having no fiscal impact for the district.",Classroom & academic programs,,resolution_or_policy,,,Skyline High School,no_cost,,,,,,,true,2025-06-23,2025-06-26,,,,Adopted on the General Consent Report,2025-06-11,true,auto_ok,sonnet-agent,enrich.v5.md,true,
2025-06-11:25-1648,2025-06-11,2025-06-11,regular,L.-40,79,general,Chief Academic Officer,25-1648,https://ousd.legistar.com/gateway.aspx?M=L&ID=65984,Out of State Student Travel - Lake Tahoe Nevada - Dewey Academy,"Approval by the Board of Education of Resolution No. 2425-0246 - Approval of Out of State Student Travel - authorizing student travel by school site Oakland High School for two 9th and 12th grade students, six adults to visit Lake Tahoe, Nevada, for the period of June 23, 2025 through June 26, 2025.",Resolution,Chief Academic Officer,,,No Fiscal Impact,"Approves out-of-state student trip to Lake Tahoe, Nevada for 2 students, June 2025","Approves out-of-state travel for two 9th and 12th grade students and six adults from Oakland High School to visit Lake Tahoe, Nevada, from June 23, 2025 through June 26, 2025. The item is listed as having no fiscal impact for the district.",Classroom & academic programs,,resolution_or_policy,,,Oakland High School,no_cost,,,,,,,true,2025-06-23,2025-06-26,source_issue,"The title names Dewey Academy, but the action text names Oakland High School as the school site for the travel.",,Adopted on the General Consent Report,2025-06-11,true,auto_ok,sonnet-agent,enrich.v5.md,true,
2025-06-11:25-1653,2025-06-11,2025-06-11,regular,L.-41,81,general,General Counsel,25-1653,https://ousd.legistar.com/gateway.aspx?M=L&ID=65989,"Tentative Agreement, as Agreement By and Between the District and the Oakland Education Association - Impacts and Effects Bargaining","Approval by the Board of Education of the Tentative Agreement, as Agreement By and Between the Oakland Unified School District and the Oakland Education Association in compliance with Government Code section 3547.5, all applicable AB 1200 disclosure requirements, and all necessary follow-up actions as determined by the Alameda County Office of Education.",Agreement or Contract,General Counsel,,n-oakland-education-association,General Purpose,Approves tentative agreement with the Oakland Education Association on impacts and effects bargaining,"The Board approves a tentative agreement between the district and the Oakland Education Association, the teachers' union, on the effects of district decisions on employees. The approval follows state public-disclosure rules (Government Code section 3547.5 and AB 1200 financial disclosure requirements) and any follow-up required by the Alameda County Office of Education. The text states no dollar amount.",Staff & hiring,,new_agreement,Oakland Education Association,organization,,no_cost,,,,,,,true,,,pulled_from_consent,,"Taken off the consent vote, then approved on a later consent report on June 25.",Adopted on the General Consent Report,2025-06-25,true,auto_ok,sonnet-agent,enrich.v5.md,false,
2025-06-11:25-1654,2025-06-11,2025-06-11,regular,L.-42,82,general,General Counsel,25-1654,https://ousd.legistar.com/gateway.aspx?M=L&ID=65990,"Tentative Agreement, As Agreement By and Between the District and the United Administrators of Oakland Schools - Impacts and Effects of Reduction In the Workforce","Approval by the Board of Education of the Tentative Agreement, as Agreement By and Between the Oakland Unified School District and the United Administrators of Oakland School in compliance with Government Code section 3547.5, all applicable AB 1200 disclosure requirements, and all necessary follow-up actions as determined by the Alameda County Office of Education.",Agreement or Contract,General Counsel,,n-united-administrators-of-oakland-schools,General Purpose,Approves tentative agreement with United Administrators of Oakland Schools on workforce reduction effects,"The Board approves a tentative agreement between the district and the United Administrators of Oakland Schools, the administrators' union, on the effects of reducing the workforce. The approval follows state public-disclosure rules (Government Code section 3547.5 and AB 1200 financial disclosure requirements) and any follow-up required by the Alameda County Office of Education. The text states no dollar amount.",Staff & hiring,,new_agreement,United Administrators of Oakland Schools,organization,,no_cost,,,,,,,true,,,pulled_from_consent,,"Taken off the consent vote, then approved on a later consent report on June 25.",Adopted on the General Consent Report,2025-06-25,true,auto_ok,sonnet-agent,enrich.v5.md,false,
2025-06-11:25-1655,2025-06-11,2025-06-11,regular,L.-43,83,general,General Counsel,25-1655,https://ousd.legistar.com/gateway.aspx?M=L&ID=65991,"Amendment, Board Policy - BP 5144.1 - Students - Suspension and Expulsion Due Process","Adoption by the Board of Education of Amendment of Board Policy 5144.1 - Students - Suspension and Expulsion Due Process, adding Pre-Suspension Requirements for Foster Youth and Post Suspension Support for Foster Youth, as delineated.",Board Policy,Board of Education,,,,Updates student suspension and expulsion policy with added protections for foster youth,The Board amends Board Policy 5144.1 on student suspension and expulsion due process. The change adds steps the district must take before suspending a foster youth and support to give after a suspension. The text states no cost.,Governance & board business,,resolution_or_policy,,,,no_cost,,,,,,,true,,,,,,Adopted on the General Consent Report,2025-06-11,true,auto_ok,sonnet-agent,enrich.v5.md,true,
2025-06-11:25-0514,2025-06-11,2025-06-11,regular,L.-44,85,general,"Measures N and H Commission - April 24, 2025 - David Kakishiba, Chairperson",25-0514,https://ousd.legistar.com/gateway.aspx?M=L&ID=64850,Measures N and H Commission - ARISE High School - 2024-2025 Education Improvement Plan/Budget Modification,"Adoption by the Board of Education, upon recommendation by the Measures N and H Commission, of a 2024-2025 Education Improvement Plan/Budget modification for ARISE High School to modify the position expenditure type and object code 2201 - Non-Certified Staff for the budget item $72,000 Work-Based Learning Liaison (1.0 FTE), and establish a new strategic action for a new expenditure type and object code of 1200 - Certificated Pupil Support Salaries, as stated in the justification section of the New or Revised Strategic Action Section of the Budget Modification Form.",Appropriation,Measures N and H - College and Career Readiness Commission,,,,"Changes the job type for ARISE High School's $72,000 work-based learning liaison position","Upon recommendation by the Measures N and H Commission, the Board approves a change to ARISE High School's 2024-2025 plan and budget. It changes the type of staff and spending code for a $72,000 full-time Work-Based Learning Liaison position and creates a new line for certificated pupil support salaries. The text does not state any added or reduced dollar amount.","Budget, finance & payments",,other,,,ARISE High School,no_cost,,,,,,,true,2024-07-01,2025-06-30,after_work_began,,,Adopted on the General Consent Report,2025-06-11,true,auto_ok,sonnet-agent,enrich.v5.md,true,
2025-06-11:25-0515,2025-06-11,2025-06-11,regular,L.-45,86,general,"Measures N and H Commission - April 24, 2025 - David Kakishiba, Chairperson",25-0515,https://ousd.legistar.com/gateway.aspx?M=L&ID=64851,Measures N and H Commission - Skyline High School - 2024-2025 Education Improvement Plan/Budget Modification,"Adoption by the Board of Education, upon recommendation by the Measures N and H Commission, of a 2024-2025 Education Improvement Plan/Budget modification for Skyline High School to reduce $43,000.00 Materials and Supplies by $6,600.00 to $36,400.00, and establish a new strategic action for $6,600 Equipment, as stated in the justification section of the New or Revised Strategic Action Section of the Budget Modification Form.",Appropriation,Measures N and H - College and Career Readiness Commission,,,,"Moves $6,600 from supplies to equipment in Skyline High School's Measures N and H budget","Upon recommendation by the Measures N and H Commission, the Board approves moving $6,600 within Skyline High School's 2024-2025 plan. Materials and Supplies drops from $43,000 to $36,400, and a new $6,600 Equipment line is created. The money moves between line items rather than adding new spending.","Budget, finance & payments",,other,,,Skyline High School,no_cost,,,,,,,true,2024-07-01,2025-06-30,after_work_began,,,Adopted on the General Consent Report,2025-06-11,true,auto_ok,sonnet-agent,enrich.v5.md,true,
2025-06-11:25-0516,2025-06-11,2025-06-11,regular,L.-46,87,general,"Measures N and H Commission - April 24, 2025 - David Kakishiba, Chairperson",25-0516,https://ousd.legistar.com/gateway.aspx?M=L&ID=64852,Measures N and H Commission - ARISE High School - 2024-2025 Education Improvement Plan/Budget Modification,"Adoption by the Board of Education, upon recommendation by the Measures N and H Commission, of a 2024-2025 Education Improvement Plan/Budget modification for ARISE High School to reduce $10,000.00 Linked Learning Pathway Coach - Consultant Contract by $10,000.00 to $0, and establish a new strategic action for $10,000.00 Consultant Contract with Bay Area Medical Academy (BAMA), as stated in the justification section of the New or Revised Strategic Action Section of the Budget Modification Form.",Appropriation,Measures N and H - College and Career Readiness Commission,,n-bay-area-medical-academy,,"Moves $10,000 at ARISE High School from a pathway coach contract to Bay Area Medical Academy","Upon recommendation by the Measures N and H Commission, the Board approves moving $10,000 within ARISE High School's 2024-2025 plan. A Linked Learning Pathway Coach consultant line drops to $0 and a new $10,000 consultant contract with Bay Area Medical Academy (BAMA) is created. The money moves between line items rather than adding new spending.","Budget, finance & payments",,other,Bay Area Medical Academy,organization,ARISE High School,no_cost,,,,,,,true,2024-07-01,2025-06-30,after_work_began,,,Adopted on the General Consent Report,2025-06-11,true,auto_ok,sonnet-agent,enrich.v5.md,true,
2025-06-11:25-0517,2025-06-11,2025-06-11,regular,L.-47,88,general,"Measures N and H Commission - April 24, 2025 - David Kakishiba, Chairperson",25-0517,https://ousd.legistar.com/gateway.aspx?M=L&ID=64853,Measures N and H Commission - East Bay Innovation Academy - 2024-2025 Education Improvement Plan/Budget Modification,"Adoption by the Board of Education, upon recommendation by the Measures N and H Commission, of a 2024-2025 Education Improvement Plan/Budget modification for East Bay Innovation Academy to reduce $15,450.00 Supplies and Materials: Supplies for Computer Science and Design Innovation Classes by $1,835.00 to $13,615.00, and establish a new strategic action to increase $1,500.00 Travel and Conferences by $1,835.00 to $3,335.00, as stated in the justification section of the New or Revised Strategic Action Section of the Budget Modification Form.",Appropriation,Measures N and H - College and Career Readiness Commission,,,,"Moves $1,835 from computer science supplies to travel at East Bay Innovation Academy","Upon recommendation by the Measures N and H Commission, the Board approves moving $1,835 within East Bay Innovation Academy's 2024-2025 plan. Supplies for computer science and design classes drops from $15,450 to $13,615, and the Travel and Conferences line rises to $3,335. The money moves between line items rather than adding new spending.","Budget, finance & payments",,other,,,East Bay Innovation Academy,no_cost,,,,,,,true,2024-07-01,2025-06-30,after_work_began,,,Adopted on the General Consent Report,2025-06-11,true,auto_ok,sonnet-agent,enrich.v5.md,true,
2025-06-11:25-0673,2025-06-11,2025-06-11,regular,L.-48,89,general,"Measures N and H Commission - April 24, 2025 - David Kakishiba, Chairperson",25-0673,https://ousd.legistar.com/gateway.aspx?M=L&ID=65009,Measures N and H Commission - Fremont High School - 2024-2025 Education Improvement Plan/Budget Modification,"Adoption by the Board of Education, upon recommendation by the Measures N and H Commission, of a 2024-2025 Education Improvement Plan/Budget modification for Fremont High School to reduce $17,142.00 Conference Expenses: Conference & Travel expenses for seven staff members to attend the Linked Learning Alliance Conference 2025 by $1,000.00 to $16,142.00, and establish a new strategic action to increase $5,838.00 Conference Expenses: Conference expenses for 3 CTE Teachers to attend the Educators 4 Careers Conference 2025 by $1,000.00 to $6,838.00, as stated in the justification section of the New or Revised Strategic Action Section of the Budget Modification Form.",Appropriation,Measures N and H - College and Career Readiness Commission,,,,"Moves $1,000 between conference lines in Fremont High School's Measures N and H budget","Upon recommendation by the Measures N and H Commission, the Board approves moving $1,000 within Fremont High School's 2024-2025 plan. Conference spending for seven staff to attend the Linked Learning Alliance Conference drops to $16,142, and conference spending for three career technical education teachers to attend the Educators 4 Careers Conference rises to $6,838. The money moves between line items rather than adding new spending.","Budget, finance & payments",,other,,,Fremont High School,no_cost,,,,,,,true,2024-07-01,2025-06-30,after_work_began,,,Adopted on the General Consent Report,2025-06-11,true,auto_ok,sonnet-agent,enrich.v5.md,true,
2025-06-11:25-0675,2025-06-11,2025-06-11,regular,L.-49,90,general,"Measures N and H Commission - April 24, 2025 - David Kakishiba, Chairperson",25-0675,https://ousd.legistar.com/gateway.aspx?M=L&ID=65011,Measures N and H Commission - ARISE High School - 2024-2025 Education Improvement Plan/Budget Modification,"Adoption by the Board of Education, upon recommendation by the Measures N and H Commission, of a 2024-2025 Education Improvement Plan/Budget modification for ARISE High School to modify the position expenditure type and object code 2100 Non- Certified Staff for the budget item $30,000.00 Director of Community Learning (30% FTE), and establish a new strategic action for a new expenditure type and object code of 1300 Credentialed Staff, as stated in the justification section of the New or Revised Strategic Action Section of the Budget Modification Form.",Appropriation,Measures N and H - College and Career Readiness Commission,,,,"Changes the job type for ARISE High School's $30,000 Director of Community Learning position","Upon recommendation by the Measures N and H Commission, the Board approves a change to ARISE High School's 2024-2025 plan and budget. It changes the type of staff and spending code for a $30,000 Director of Community Learning position (30 percent of a full-time job) to credentialed staff. The text does not state any added or reduced dollar amount.","Budget, finance & payments",,other,,,ARISE High School,no_cost,,,,,,,true,2024-07-01,2025-06-30,after_work_began,,,Adopted on the General Consent Report,2025-06-11,true,auto_ok,sonnet-agent,enrich.v5.md,true,
2025-06-11:25-0676,2025-06-11,2025-06-11,regular,L.-50,91,general,"Measures N and H Commission - April 24, 2025 - David Kakishiba, Chairperson",25-0676,https://ousd.legistar.com/gateway.aspx?M=L&ID=65012,Measures N and H Commission - Dewey Academy - 2024-2025 Education Improvement Plan/Budget Modification,"Adoption by the Board of Education, upon recommendation by the Measures N and H Commission, of a 2024-2025 Education Improvement Plan/Budget modification for Dewey Academy to reduce $5,000.00 Computers: To purchase Specialized Computers to run Paxton/Patterson software for Medical Lab pathway class by $5,000.00 to $0.00, and establish a new strategic action for $5,000 Equipment, as stated in the justification section of the New or Revised Strategic Action Section of the Budget Modification Form.",Appropriation,Measures N and H - College and Career Readiness Commission,,,,"Moves $5,000 from specialized computers to equipment in Dewey Academy's Measures N and H budget","Upon recommendation by the Measures N and H Commission, the Board approves moving $5,000 within Dewey Academy's 2024-2025 plan. A line to buy specialized computers for the Medical Lab pathway class drops to $0, and a new $5,000 Equipment line is created. The money moves between line items rather than adding new spending.","Budget, finance & payments",,other,,,Dewey Academy,no_cost,,,,,,,true,2024-07-01,2025-06-30,after_work_began,,,Adopted on the General Consent Report,2025-06-11,true,auto_ok,sonnet-agent,enrich.v5.md,true,
2025-06-11:25-0677,2025-06-11,2025-06-11,regular,L.-51,92,general,"Measures N and H Commission - April 24, 2025 - David Kakishiba, Chairperson",25-0677,https://ousd.legistar.com/gateway.aspx?M=L&ID=65013,Measures N and H Commission - Oakland High School - 2024-2025 Education Improvement Plan/Budget Modification,"Adoption by the Board of Education, upon recommendation by the Measures N and H Commission, of a 2024-2025 Education Improvement Plan/Budget modification for Oakland High School to the following three line items: (1)reduce $1,200.00 Meeting Refreshments: to purchase meals for PHA students attending the overnight Trip to Sacramento by $1,200.00 to $0 (2) reduce $1,028.40 Rental-Facility: Rent a facility or meeting venue for the PHA Teacher Team Retreat by $1,028.40 to $0 and establish a new strategic action for $2,228.40 Meeting Refreshments for the Public Health Academy Senior Poster Session and Exhibition, as stated in the justification section of the New or Revised Strategic Action Section of the Budget Modification Form.",Appropriation,Measures N and H - College and Career Readiness Commission,,,,"Shifts $2,228.40 at Oakland High School to refreshments for a Public Health Academy poster session","Upon recommendation by the Measures N and H Commission, the Board approves moving money within Oakland High School's 2024-2025 plan. Two lines, $1,200 for meals on a Sacramento trip and $1,028.40 for a teacher retreat venue, drop to $0. A new $2,228.40 line pays for refreshments at the Public Health Academy Senior Poster Session and Exhibition. The money moves between line items rather than adding new spending.","Budget, finance & payments",,other,,,Oakland High School,no_cost,,,,,,,true,2024-07-01,2025-06-30,after_work_began,,,Adopted on the General Consent Report,2025-06-11,true,auto_ok,sonnet-agent,enrich.v5.md,true,
2025-06-11:25-0678,2025-06-11,2025-06-11,regular,L.-52,93,general,"Measures N and H Commission - April 24, 2025 - David Kakishiba, Chairperson",25-0678,https://ousd.legistar.com/gateway.aspx?M=L&ID=65014,Measures N and H Commission - Skyline High School - 2024-2025 Education Improvement Plan/Budget Modification,"Adoption by the Board of Education, upon recommendation by the Measures N and H Commission, of a 2024-2025 Education Improvement Plan/Budget modification for Skyline High School to reduce $36,400.00 Materials and Supplies by $4,545.00 to $31,855 and establish a new strategic action for $4,545.00 Computers: To purchase Specialized Laptops for five teachers in the VAPA pathway, as stated in the justification section of the New or Revised Strategic Action Section of the Budget Modification Form.",Appropriation,Measures N and H - College and Career Readiness Commission,,,,"Moves $4,545 at Skyline High School from supplies to laptops for five visual and performing arts teachers","Upon recommendation by the Measures N and H Commission, the Board approves moving $4,545 within Skyline High School's 2024-2025 plan. Materials and Supplies drops from $36,400 to $31,855, and a new $4,545 line buys specialized laptops for five teachers in the visual and performing arts (VAPA) pathway. The money moves between line items rather than adding new spending.","Budget, finance & payments",,other,,,Skyline High School,no_cost,,,,,,,true,2024-07-01,2025-06-30,after_work_began,,,Adopted on the General Consent Report,2025-06-11,true,auto_ok,sonnet-agent,enrich.v5.md,true,
2025-06-11:25-0679,2025-06-11,2025-06-11,regular,L.-53,94,general,"Measures N and H Commission - April 24, 2025 - David Kakishiba, Chairperson",25-0679,https://ousd.legistar.com/gateway.aspx?M=L&ID=65015,Measures N and H Commission - Skyline High School - 2024-2025 Education Improvement Plan/Budget Modification,"Adoption by the Board of Education, upon recommendation by the Measures N and H Commission, of a 2024-2025 Education Improvement Plan/Budget modification for Skyline High School to reduce $5,500.00 Materials and Supplies by $5,500.00 to $0, and establish a new strategic action for $5,500.00License Agreements: Funds to be spent on industry-standard software licenses for student and instructor use in the classroom on pathway projects directly related to course concentrations, as stated in the justification section of the New or Revised Strategic Action Section of the Budget Modification Form.",Appropriation,Measures N and H - College and Career Readiness Commission,,,,"Moves $5,500 at Skyline High School from supplies to classroom software licenses","Upon recommendation by the Measures N and H Commission, the Board approves moving $5,500 within Skyline High School's 2024-2025 plan. Materials and Supplies drops to $0, and a new $5,500 line pays for industry-standard software licenses for students and instructors on pathway projects. The money moves between line items rather than adding new spending.","Budget, finance & payments",,other,,,Skyline High School,no_cost,,,,,,,true,2024-07-01,2025-06-30,after_work_began,,,Adopted on the General Consent Report,2025-06-11,true,auto_ok,sonnet-agent,enrich.v5.md,true,
2025-06-11:25-0680,2025-06-11,2025-06-11,regular,L.-54,95,general,"Measures N and H Commission - April 24, 2025 - David Kakishiba, Chairperson",25-0680,https://ousd.legistar.com/gateway.aspx?M=L&ID=65016,Measures N and H Commission - Skyline High School - 2024-2025 Education Improvement Plan/Budget Modification,"Adoption by the Board of Education, upon recommendation by the Measures N and H Commission, of a 2024-2025 Education Improvement Plan/Budget modification for Skyline High School to reduce the following three line items: (1) $1,900.00 Teacher Salaries Stipends: Extended Contracts for the CTE teachers who participate in the Quarterly CTE meetings by $1,900.00 to $0 (2) $1,425.00 Teacher Salaries Stipends:Extended Contract for Capstone teachers to offer workshops by $1,425.00 to $0 (3) $1,213.99 Materials and Supplies by $1,213.99 to $0.00, and establish a new strategic action for $4,556.99 Teacher Salaries Stipends: Extended Contracts for 2-3 Teachers to support the 2025 Summer Exploring College, Career, & Community Opportunity Summer Program (ECCCO), as stated in the justification section of the New or Revised Strategic Action Section of the Budget Modification Form.",Appropriation,Measures N and H - College and Career Readiness Commission,,,,"Moves money at Skyline High School to a $4,556.99 summer program for teacher stipends","Upon recommendation by the Measures N and H Commission, the Board approves moving money within Skyline High School's 2024-2025 plan. Three lines ($1,900, $1,425 and $1,213.99) drop to $0, and a new $4,556.99 line pays extended-contract stipends for 2-3 teachers in the 2025 summer Exploring College, Career, & Community Opportunity (ECCCO) program. The money moves between line items rather than adding new spending.","Budget, finance & payments",,other,,,Skyline High School,no_cost,,,,,,,true,2024-07-01,2025-06-30,after_work_began; source_issue,"The three reductions listed ($1,900.00, $1,425.00 and $1,213.99) total $4,538.99, which is $18.00 less than the $4,556.99 new strategic action funded by the modification.",,Adopted on the General Consent Report,2025-06-11,true,auto_ok,sonnet-agent,enrich.v5.md,true,
2025-06-11:25-0681,2025-06-11,2025-06-11,regular,L.-55,96,general,"Measures N and H Commission - April 24, 2025 - David Kakishiba, Chairperson",25-0681,https://ousd.legistar.com/gateway.aspx?M=L&ID=65017,Measures N and H Commission - Skyline High School - 2024-2025 Education Improvement Plan/Budget Modification,"Adoption by the Board of Education, upon recommendation by the Measures N and H Commission, of a 2024-2025 Education Improvement Plan/Budget modification for Skyline High School to reduce the following three line items: (1)$26,952.06 Transportation Costs: Charter Bus rentals College andCareer Exploration Field Trips by $20,000.00 to $6,952.06 (2) $4,500.00 Extra Time/ over time for Case managers embedded in Pathways to attend Pathway retreats by $2,000.00 to $2,500.00 (3)$13,467.36 Refreshments: Whole School Events for Academies by $8,443.01 to $5,024.35, and establish a new strategic action for $30,443.01 Teacher Salaries Stipends: Extended Contracts for 2-3 Teachers to support the 2025 Summer Exploring College, Career, & Community Opportunity Summer Program (ECCCO), as stated in the justification section of the New or Revised Strategic Action Section of the Budget Modification Form.",Appropriation,Measures N and H - College and Career Readiness Commission,,,,"Moves money at Skyline High School to a $30,443.01 summer program for teacher stipends","Upon recommendation by the Measures N and H Commission, the Board approves moving money within Skyline High School's 2024-2025 plan. Charter bus rentals drop by $20,000, case manager extra time by $2,000, and whole-school event refreshments by $8,443.01. A new $30,443.01 line pays extended-contract stipends for 2-3 teachers in the 2025 summer Exploring College, Career, & Community Opportunity (ECCCO) program. The money moves between line items rather than adding new spending.","Budget, finance & payments",,other,,,Skyline High School,no_cost,,,,,,,true,2024-07-01,2025-06-30,after_work_began,,,Adopted on the General Consent Report,2025-06-11,true,auto_ok,sonnet-agent,enrich.v5.md,true,
2025-06-11:25-0682,2025-06-11,2025-06-11,regular,L.-56,97,general,"Measures N and H Commission - April 24, 2025 - David Kakishiba, Chairperson",25-0682,https://ousd.legistar.com/gateway.aspx?M=L&ID=65018,Measures N and H Commission - Skyline High School - 2024-2025 Education Improvement Plan/Budget Modification,"Adoption by the Board of Education, upon recommendation by the Measures N and H Commission, of a 2024-2025 Education Improvement Plan/Budget modification for Skyline High School to reduce $9,500.00 Travel and Conference: Travel and conference expenses for the Green Energy Pathway teachers and staff to host and attend a pathway retreat by $9,500.00 to $0, and establish a new strategic action to increase $30,595.00 Equipment: to purchase a 3D printer for Green CTE courses by $9,500.00 to $40,095.00, as stated in the justification section of the New or Revised Strategic Action Section of the Budget Modification Form.",Appropriation,Measures N and H - College and Career Readiness Commission,,,,"Moves $9,500 at Skyline High School from a retreat to a 3D printer for green energy courses","Upon recommendation by the Measures N and H Commission, the Board approves moving $9,500 within Skyline High School's 2024-2025 plan. A travel and conference line for the Green Energy Pathway retreat drops to $0, and the equipment line to buy a 3D printer for green career technical education courses rises to $40,095. The money moves between line items rather than adding new spending.","Budget, finance & payments",,other,,,Skyline High School,no_cost,,,,,,,true,2024-07-01,2025-06-30,after_work_began,,,Adopted on the General Consent Report,2025-06-11,true,auto_ok,sonnet-agent,enrich.v5.md,true,
2025-06-11:25-0683,2025-06-11,2025-06-11,regular,L.-57,98,general,"Measures N and H Commission - April 24, 2025 - David Kakishiba, Chairperson",25-0683,https://ousd.legistar.com/gateway.aspx?M=L&ID=65019,Measures N and H Commission - Skyline High School - 2024-2025 Education Improvement Plan/Budget Modification,"Adoption by the Board of Education, upon recommendation by the Measures N and H Commission, of a 2024-2025 Education Improvement Plan/Budget modification for Skyline High School to reduce the following three line items:(1)$ 31,468.75 Teacher Salaries Stipends: Extended Contracts for the Green Energy Academy Teachers and/or Certified Staff to attend Collaboration & Professional Development by $10,720.00 to $20,748.75 (2) $8,875.00 Professional Contracted Bus Services by $8,875.00 to $0 (3)$5,000.00 Conference Expenses: Conference and travel expenses for the Green Energy Academy. Teachers and/or Staff by $5,000.00 to $0, and establish a new strategic action to increase $6,000.00 Equipment: to purchase a 3D printer for Green CTE courses by $24,595.00 to $30,595.00, as stated in the justification section of the New or Revised Strategic Action Section of the Budget Modification Form.",Appropriation,Measures N and H - College and Career Readiness Commission,,,,"Moves $24,595 at Skyline High School from stipends, bus services and conferences to a 3D printer","Upon recommendation by the Measures N and H Commission, the Board approves moving money within Skyline High School's 2024-2025 plan. Green Energy Academy teacher stipends drop by $10,720, bus services by $8,875 and conference expenses by $5,000. The equipment line to buy a 3D printer for green career technical education courses rises by $24,595 to $30,595. The money moves between line items rather than adding new spending.","Budget, finance & payments",,other,,,Skyline High School,no_cost,,,,,,,true,2024-07-01,2025-06-30,after_work_began,,,Adopted on the General Consent Report,2025-06-11,true,auto_ok,sonnet-agent,enrich.v5.md,true,
2025-06-11:25-0684,2025-06-11,2025-06-11,regular,L.-58,99,general,"Measures N and H Commission - April 24, 2025 - David Kakishiba, Chairperson",25-0684,https://ousd.legistar.com/gateway.aspx?M=L&ID=65020,Measures N and H Commission - Madison Park Academy - 2024-2025 Education Improvement Plan/Budget Modification,"Adoption by the Board of Education, upon recommendation by the Measures N and H Commission, of a 2024-2025 Education Improvement Plan/Budget modification for Madison Park Academy to reduce $50,000.00 Equipment: to purchase equipment for projects for our Media Academy pathway by $19,350.00 to $30,650, and establish a new strategic action to increase $19,350.00 Teacher Salaries Stipends: Extended Contracts for 2 Teachers to support the Exploring College, Career & Community Opportunity (ECCCO) Summer Program courses by $19,350.00 to $38,700.00, as stated in the justification section of the New or Revised Strategic Action Section of the Budget Modification Form.",Appropriation,Measures N and H - College and Career Readiness Commission,,,,"Moves $19,350 at Madison Park Academy from media equipment to summer program teacher stipends","Upon recommendation by the Measures N and H Commission, the Board approves moving $19,350 within Madison Park Academy's 2024-2025 plan. Media Academy equipment drops from $50,000 to $30,650, and teacher stipends for 2 teachers in the Exploring College, Career & Community Opportunity (ECCCO) summer program rise to $38,700. The money moves between line items rather than adding new spending.","Budget, finance & payments",,other,,,Madison Park Academy,no_cost,,,,,,,true,2024-07-01,2025-06-30,after_work_began,,,Adopted on the General Consent Report,2025-06-11,true,auto_ok,sonnet-agent,enrich.v5.md,true,
2025-06-11:25-0685,2025-06-11,2025-06-11,regular,L.-59,100,general,"Measures N and H Commission - April 24, 2025 - David Kakishiba, Chairperson",25-0685,https://ousd.legistar.com/gateway.aspx?M=L&ID=65021,Measures N and H Commission - Skyline High School - 2024-2025 Education Improvement Plan/Budget Modification,"Adoption by the Board of Education, upon recommendation by the Measures N and H Commission, of a 2024-2025 Education Improvement Plan/Budget modification for Skyline High School to reduce $43,000.00 Materials and Supplies by $7,203.95 to $35,796.05 and establish a new strategic action for $7,203.95 Computers: Purchase iMac computers for the VAPA Pathway English, History, and Science classes, as stated in the justification section of the New or Revised Strategic Action Section of the Budget Modification Form.",Appropriation,Measures N and H - College and Career Readiness Commission,,,,"Moves $7,203.95 at Skyline High School from supplies to iMac computers for visual arts pathway classes","Upon recommendation by the Measures N and H Commission, the Board approves moving $7,203.95 within Skyline High School's 2024-2025 plan. Materials and Supplies drops from $43,000 to $35,796.05, and a new $7,203.95 line buys iMac computers for visual and performing arts (VAPA) pathway English, history and science classes. The money moves between line items rather than adding new spending.","Budget, finance & payments",,other,,,Skyline High School,no_cost,,,,,,,true,2024-07-01,2025-06-30,after_work_began,,,Adopted on the General Consent Report,2025-06-11,true,auto_ok,sonnet-agent,enrich.v5.md,true,
2025-06-11:25-0686,2025-06-11,2025-06-11,regular,L.-60,101,general,"Measures N and H Commission - April 24, 2025 - David Kakishiba, Chairperson",25-0686,https://ousd.legistar.com/gateway.aspx?M=L&ID=65022,Measures N and H Commission - Oakland Technical High School - 2024-2025 Education Improvement Plan/Budget Modification,"Adoption by the Board of Education, upon recommendation by the Measures N and H Commission, of a 2024-2025 Education Improvement Plan/Budget modification for Oakland Technical High School to reduce $13,725.96 Materials and Supplies by $2,000.00 to $11,725.96 and establish a new strategic action for $2,000.00 Teacher Substitutes: Hire teacher substitutes to cover for RPL Academy Teachers, as stated in the justification section of the New or Revised Strategic Action Section of the Budget Modification Form.",Appropriation,Measures N and H - College and Career Readiness Commission,,,,"Moves $2,000 at Oakland Technical High School from supplies to substitute teachers for RPL Academy","Upon recommendation by the Measures N and H Commission, the Board approves moving $2,000 within Oakland Technical High School's 2024-2025 plan. Materials and Supplies drops from $13,725.96 to $11,725.96, and a new $2,000 line pays for substitute teachers to cover RPL Academy teachers. The money moves between line items rather than adding new spending.","Budget, finance & payments",,other,,,Oakland Technical High School,no_cost,,,,,,,true,2024-07-01,2025-06-30,after_work_began,,,Adopted on the General Consent Report,2025-06-11,true,auto_ok,sonnet-agent,enrich.v5.md,true,
2025-06-11:25-0687,2025-06-11,2025-06-11,regular,L.-61,102,general,"Measures N and H Commission - April 24, 2025 - David Kakishiba, Chairperson",25-0687,https://ousd.legistar.com/gateway.aspx?M=L&ID=65023,Measures N and H Commission - East Bay Innovation Academy - 2024-2025 Education Improvement Plan/Budget Modification,"Adoption by the Board of Education, upon recommendation by the Measures N and H Commission, of a 2024-2025 Education Improvement Plan/Budget modification for East Bay Innovation Academy to reduce $41,600.00 Pathway Success Academic Mentor by $19,500.02 to $22,099.98 and establish a new strategic action for $19,500.02 Hire a Work Based Learning Coordinator at 0.3 FTE, as stated in the justification section of the New or Revised Strategic Action Section of the Budget Modification Form.",Appropriation,Measures N and H - College and Career Readiness Commission,,,,"Moves $19,500.02 at East Bay Innovation Academy from a mentor role to a work-based learning coordinator","The Board is asked to change East Bay Innovation Academy's 2024-2025 Measures N and H plan. It cuts the Pathway Success Academic Mentor line from $41,600.00 to $22,099.98 and creates a new $19,500.02 line to hire a part-time (0.3 FTE) Work Based Learning Coordinator. The money moves within the school's existing plan; it does not add new spending.","Budget, finance & payments",,other,,,East Bay Innovation Academy,no_cost,,,,,,,true,2024-07-01,2025-06-30,after_work_began,,,Adopted on the General Consent Report,2025-06-11,true,auto_ok,sonnet-agent,enrich.v5.md,true,
2025-06-11:25-0688,2025-06-11,2025-06-11,regular,L.-62,103,general,"Measures N and H Commission - April 24, 2025 - David Kakishiba, Chairperson",25-0688,https://ousd.legistar.com/gateway.aspx?M=L&ID=65024,Measures N and H Commission - Fremont High School - 2024-2025 Education Improvement Plan/Budget Modification,"Adoption by the Board of Education, upon recommendation by the Measures N and H Commission, of a 2024-2025 Education Improvement Plan/Budget modification for Fremont High School to reduce $85,967.87 Consultant Contracts: Contract with the Oakland Public Education Fund to process and pay-out the Student Internship Stipends by $18,921.00 to $67,046.87, and establish a new strategic action to increase $26,718.75 Teacher Salaries Stipends: Extended Contracts for 3 Teachers to support the Exploring College, Career, Community Opportunity Summer Program (ECCCO) by $18,921.00 to $45,639.75, as stated in the justification section of the New or Revised Strategic Action Section of the Budget Modification Form.",Appropriation,Measures N and H - College and Career Readiness Commission,,,,"Shifts $18,921.00 at Fremont High from student internship stipends to summer program teacher pay","The Board is asked to change Fremont High School's 2024-2025 Measures N and H plan. It lowers the Oakland Public Education Fund contract for student internship stipends to $67,046.87 and creates a new $26,718.75 line for extended contracts for 3 teachers in the Exploring College, Career, Community Opportunity Summer Program (ECCCO). The money moves within the school's existing plan.","Budget, finance & payments",,other,,,Fremont High School,no_cost,,,,,,,true,2024-07-01,2025-06-30,after_work_began,,,Adopted on the General Consent Report,2025-06-11,true,auto_ok,sonnet-agent,enrich.v5.md,true,
2025-06-11:25-0689,2025-06-11,2025-06-11,regular,L.-63,104,general,"Measures N and H Commission - April 24, 2025 - David Kakishiba, Chairperson",25-0689,https://ousd.legistar.com/gateway.aspx?M=L&ID=65025,Measures N and H Commission - Fremont High School - 2024-2025 Education Improvement Plan/Budget Modification,"Adoption by the Board of Education, upon recommendation by the Measures N and H Commission, of a 2024-2025 Education Improvement Plan/Budget modification for Fremont High School to reduce $8,815.00 Travel & Conference: funds will be used to pay for travel and conferences for the teachers and students to participate in the SkillsUSA Regional & State Competitions. by $400.00 to $8,415.00, and establish a new strategic action to increase $280.00 Dues & Memberships: funds to pay for membership for teachers and students to become members and participate in the SkillsUSA competitions by $400.00 to $680.00, as stated in the justification section of the New or Revised Strategic Action Section of the Budget Modification Form.",Appropriation,Measures N and H - College and Career Readiness Commission,,,,Moves $400 at Fremont High from travel to SkillsUSA competition memberships,"The Board is asked to change Fremont High School's 2024-2025 Measures N and H plan. It cuts the travel and conference line for SkillsUSA regional and state competitions to $8,415.00 and creates a new $280.00 line for teacher and student SkillsUSA memberships, increased by $400.00 to $680.00. The money moves within the school's existing plan.","Budget, finance & payments",,other,,,Fremont High School,no_cost,,,,,,,true,2024-07-01,2025-06-30,after_work_began,,,Adopted on the General Consent Report,2025-06-11,true,auto_ok,sonnet-agent,enrich.v5.md,true,
2025-06-11:25-0693,2025-06-11,2025-06-11,regular,L.-64,105,general,"Measures N and H Commission - April 24, 2025 - David Kakishiba, Chairperson",25-0693,https://ousd.legistar.com/gateway.aspx?M=L&ID=65029,Measures N and H Commission - Oakland High School - 2024-2025 Education Improvement Plan/Budget Modification,"Adoption by the Board of Education, upon recommendation by the Measures N and H Commission, of a 2024-2025 Education Improvement Plan/Budget modification for Oakland High School to reduce the following three line items: (1)$2,000.00 Professional Contracted Bus Services: Charter bus rentals for IDEA pathway students by $2,000.00 to $0 (2) $1,894.00 Teacher Substitutes: Funds to hire substitutes for the IDEA Pathway by $1,894.00 to $0 (3)$600.50 Meeting Refreshments: Funds to provide refreshments for the IDEA Team/Industry Partner Collaboration meeting by $106.00 to $494.50, and establish a new strategic action for $4,000.00 Admission Fees: Funds to pay admission fees for the IDEA Pathway students to attend the Workshop and Demonstration for Welding at The Crucible, as stated in the justification section of the New or Revised Strategic Action Section of the Budget Modification Form.",Appropriation,Measures N and H - College and Career Readiness Commission,,,,"Reshuffles Oakland High's pathway funds, adding $4,000 for welding workshop admission at The Crucible","The Board is asked to change Oakland High School's 2024-2025 Measures N and H plan. It reduces charter bus rentals and teacher substitutes for the IDEA pathway to $0 and trims meeting refreshments to $494.50. It creates a new $4,000.00 line for admission fees so IDEA pathway students can attend a welding workshop at The Crucible.","Budget, finance & payments",,other,,,Oakland High School,no_cost,,,,,,,true,2024-07-01,2025-06-30,after_work_began,,,Adopted on the General Consent Report,2025-06-11,true,auto_ok,sonnet-agent,enrich.v5.md,true,
2025-06-11:25-0694,2025-06-11,2025-06-11,regular,L.-65,106,general,"Measures N and H Commission - April 24, 2025 - David Kakishiba, Chairperson",25-0694,https://ousd.legistar.com/gateway.aspx?M=L&ID=65030,Measures N and H Commission - Castlemont High School - 2024-2025 Education Improvement Plan/Budget Modification,"Adoption by the Board of Education, upon recommendation by the Measures N and H Commission, of a 2024-2025 Education Improvement Plan/Budget modification for Castlemont High School to reduce $20,790.00 Teacher Salaries Stipends: Extended Contracts for two pathway leads to engage with leadership for pathway design and implementation by $1,781.25 to $19,008.75, and establish a new strategic action to increase $8,662.50 Teacher Salaries Stipends: Extended Contracts for 3 teachers to provide student academic intervention by $1,781.25 to $10,443.75, as stated in the justification section of the New or Revised Strategic Action Section of the Budget Modification Form.",Appropriation,Measures N and H - College and Career Readiness Commission,,,,"Moves $1,781.25 at Castlemont High from pathway lead stipends to teacher academic intervention stipends","The Board is asked to change Castlemont High School's 2024-2025 Measures N and H plan. It lowers the stipend line for two pathway leads to $19,008.75 and raises a new line for 3 teachers who will provide student academic intervention to $10,443.75. The money moves within the school's existing plan.","Budget, finance & payments",,other,,,Castlemont High School,no_cost,,,,,,,true,2024-07-01,2025-06-30,after_work_began,,,Adopted on the General Consent Report,2025-06-11,true,auto_ok,sonnet-agent,enrich.v5.md,true,
2025-06-11:25-0690,2025-06-11,2025-06-11,regular,L.-66,108,general,"Measures N and H Commission - May 6, 2025 - David Kakishiba, Chairperson",25-0690,https://ousd.legistar.com/gateway.aspx?M=L&ID=65026,Measures N and H Commission - Coliseum College Preparatory Academy - 2024-2025 Education Improvement Plan/Budget Modification,"Adoption by the Board of Education, upon recommendation by the Measures N and H Commission, of a 2024-2025 Education Improvement Plan/Budget modification for Coliseum College Preparatory Academy to reduce $63,742.00 Classified Support Salaries: Hire a College and Career Readiness Specialist by $12,288.40 to $51,453.60, and establish a new strategic action to increase $91,174.52 Teacher Salaries Stipends: Extended Contracts to pay teachers for participating in academic support and credit recovery options by $12,288.40 to $103,462.92, as stated in the justification section of the New or Revised Strategic Action Section of the Budget Modification Form.",Appropriation,Measures N and H - College and Career Readiness Commission,,,,"Moves $12,288.40 at Coliseum Prep from a career specialist position to teacher pay for credit recovery","The Board is asked to change Coliseum College Preparatory Academy's 2024-2025 Measures N and H plan. It lowers the line to hire a College and Career Readiness Specialist to $51,453.60 and raises teacher stipends for academic support and credit recovery to $103,462.92. The money moves within the school's existing plan.","Budget, finance & payments",,other,,,Coliseum College Preparatory Academy,no_cost,,,,,,,true,2024-07-01,2025-06-30,after_work_began,,,Adopted on the General Consent Report,2025-06-11,true,auto_ok,sonnet-agent,enrich.v5.md,true,
2025-06-11:25-0691,2025-06-11,2025-06-11,regular,L.-67,109,general,"Measures N and H Commission - May 6, 2025 - David Kakishiba, Chairperson",25-0691,https://ousd.legistar.com/gateway.aspx?M=L&ID=65027,Measures N and H Commission - Ralph J. Bunche Academy - 2024-2025 Education Improvement Plan/Budget Modification,"Adoption by the Board of Education, upon recommendation by the Measures N and H Commission, of a 2024-2025 Education Improvement Plan/Budget modification for Ralph J. Bunche Academy to the following two line items: (1)reduce $5,000.00 Consultant Contract: contract with Leticia Rivera to serve as the Internship Coordinator by $5,000.00 to $0.00 (2) reduce $2,000.00 Consultant Contract with Oakland Public Ed Fund to payout stipends for guest speakers in the industry of HTR+Culinary by $2,000.00 to $0.00, and establish a new strategic action $7,000.00 TEquipment: Funds are needed to purchase 1 Hobart Centerline Dishwasher, as stated in the justification section of the New or Revised Strategic Action Section of the Budget Modification Form.",Appropriation,Measures N and H - College and Career Readiness Commission,,,,"Redirects $7,000 at Bunche Academy from consultant contracts to buy a commercial dishwasher","The Board is asked to change Ralph J. Bunche Academy's 2024-2025 Measures N and H plan. It reduces two consultant contracts, an internship coordinator ($5,000.00) and guest speaker stipends paid through the Oakland Public Ed Fund ($2,000.00), to $0.00. It creates a new $7,000.00 line to buy one Hobart Centerline dishwasher.","Budget, finance & payments",,other,,,Ralph J. Bunche Academy,no_cost,,,,,,,true,2024-07-01,2025-06-30,after_work_began,,,Adopted on the General Consent Report,2025-06-11,true,auto_ok,sonnet-agent,enrich.v5.md,true,
2025-06-11:25-0695,2025-06-11,2025-06-11,regular,L.-68,110,general,"Measures N and H Commission - May 6, 2025 - David Kakishiba, Chairperson",25-0695,https://ousd.legistar.com/gateway.aspx?M=L&ID=65031,Measures N and H Commission - Oakland High School - 2024-2025 Education Improvement Plan/Budget Modification,"Adoption by the Board of Education, upon recommendation by the Measures N and H Commission, of a 2024-2025 Education Improvement Plan/Budget modification for Oakland High School to reduce $3,128.26 Professional Contracted Bus Services by $3,128.26 to $0.00, and establish a new strategic action to increase $2,828.41 Teacher Substitutes: Hire substitutes for the ESA Pathway by $3,128.26 to $5,956.67, as stated in the justification section of the New or Revised Strategic Action Section of the Budget Modification Form.",Appropriation,Measures N and H - College and Career Readiness Commission,,,,"Moves $3,128.26 at Oakland High from charter bus services to substitute teachers for a pathway","The Board is asked to change Oakland High School's 2024-2025 Measures N and H plan. It reduces the bus services line to $0.00 and raises a teacher substitutes line for the ESA Pathway to $5,956.67. The money moves within the school's existing plan.","Budget, finance & payments",,other,,,Oakland High School,no_cost,,,,,,,true,2024-07-01,2025-06-30,after_work_began,,,Adopted on the General Consent Report,2025-06-11,true,auto_ok,sonnet-agent,enrich.v5.md,true,
2025-06-11:25-0696,2025-06-11,2025-06-11,regular,L.-69,111,general,"Measures N and H Commission - May 6, 2025 - David Kakishiba, Chairperson",25-0696,https://ousd.legistar.com/gateway.aspx?M=L&ID=65032,Measures N and H Commission - East Bay Innovation Academy - 2024-2025 Education Improvement Plan/Budget Modification,"Adoption by the Board of Education, upon recommendation by the Measures N and H Commission, of a 2024-2025 Education Improvement Plan/Budget modification for East Bay Innovation Academy to reduce $22,099.98 Pathway Success Academic Mentor by $1,329.65 to $20,770.33, and establish a new strategic action to increase $18,000.00 Benefit Costs for the salaried positions by $1,329.65 to $19,329.65, as stated in the justification section of the New or Revised Strategic Action Section of the Budget Modification Form.",Appropriation,Measures N and H - College and Career Readiness Commission,,,,"Moves $1,329.65 at East Bay Innovation Academy from a mentor position to benefit costs","The Board is asked to change East Bay Innovation Academy's 2024-2025 Measures N and H plan. It lowers the Pathway Success Academic Mentor line to $20,770.33 and raises the line for benefit costs of salaried positions to $19,329.65. The money moves within the school's existing plan.","Budget, finance & payments",,other,,,East Bay Innovation Academy,no_cost,,,,,,,true,2024-07-01,2025-06-30,after_work_began,,,Adopted on the General Consent Report,2025-06-11,true,auto_ok,sonnet-agent,enrich.v5.md,true,
2025-06-11:25-0697,2025-06-11,2025-06-11,regular,L.-70,112,general,"Measures N and H Commission - May 6, 2025 - David Kakishiba, Chairperson",25-0697,https://ousd.legistar.com/gateway.aspx?M=L&ID=65033,Measures N and H Commission - Castlemont High School - 2024-2025 Education Improvement Plan/Budget Modification,"Adoption by the Board of Education, upon recommendation by the Measures N and H Commission, of a 2024-2025 Education Improvement Plan/Budget modification for Castlemont High School to reduce $10,000.00 Transportation Costs by $7,500.00 to $2,500.00, and establish a new strategic action $7,500.00 Consultant Contracts: Contract with Mentoring in Medicine and Science (MIMS), as stated in the justification section of the New or Revised Strategic Action Section of the Budget Modification Form.",Appropriation,Measures N and H - College and Career Readiness Commission,,v-002825,,"Moves $7,500 at Castlemont High from transportation to a mentoring consultant contract","The Board is asked to change Castlemont High School's 2024-2025 Measures N and H plan. It cuts transportation costs from $10,000.00 to $2,500.00 and creates a new $7,500.00 consultant contract with Mentoring in Medicine and Science (MIMS).","Budget, finance & payments",,other,Mentoring in Medicine and Science (MIMS),organization,Castlemont High School,no_cost,,,,,,,true,2024-07-01,2025-06-30,after_work_began,,,Adopted on the General Consent Report,2025-06-11,true,auto_ok,sonnet-agent,enrich.v5.md,true,
2025-06-11:25-0698,2025-06-11,2025-06-11,regular,L.-71,113,general,"Measures N and H Commission - May 6, 2025 - David Kakishiba, Chairperson",25-0698,https://ousd.legistar.com/gateway.aspx?M=L&ID=65034,Measures N and H Commission - Ralph J. Bunche Academy - 2024-2025 Education Improvement Plan/Budget Modification,"Adoption by the Board of Education, upon recommendation by the Measures N and H Commission, of a 2024-2025 Education Improvement Plan/Budget modification for Ralph J. Bunche Academy to reduce $7,500.00 Consultant Contract with the Oakland Ed Fund to facilitate and pay-out all of the Student Internship Stipends by $4,000.00 to $3,500.00, and establish a new strategic action to increase $2,500.00 Consultant Contract with the Oakland Public Ed Fund (OPEF) for the Exploring College, Career, & Community Options Program (ECCCO) by $4,000.00 to $6,500.00, as stated in the justification section of the New or Revised Strategic Action Section of the Budget Modification Form.",Appropriation,Measures N and H - College and Career Readiness Commission,,,,"Moves $4,000 at Bunche Academy between two Oakland Public Ed Fund contracts for student programs","The Board is asked to change Ralph J. Bunche Academy's 2024-2025 Measures N and H plan. It lowers the Oakland Ed Fund contract for student internship stipends to $3,500.00 and raises the Oakland Public Ed Fund contract for the Exploring College, Career, & Community Options Program (ECCCO) to $6,500.00.","Budget, finance & payments",,other,,,Ralph J. Bunche Academy,no_cost,,,,,,,true,2024-07-01,2025-06-30,after_work_began,,,Adopted on the General Consent Report,2025-06-11,true,auto_ok,sonnet-agent,enrich.v5.md,true,
2025-06-11:25-0699,2025-06-11,2025-06-11,regular,L.-72,114,general,"Measures N and H Commission - May 6, 2025 - David Kakishiba, Chairperson",25-0699,https://ousd.legistar.com/gateway.aspx?M=L&ID=65035,Measures N and H Commission - Oakland Technical High School - 2024-2025 Education Improvement Plan/Budget Modification,"Adoption by the Board of Education, upon recommendation by the Measures N and H Commission, of a 2024-2025 Education Improvement Plan/Budget modification for Oakland Technical High School to reduce $15,725.96 Materials and Supplies by $2,000.00 to $13,725.96, and establish a new strategic action $2,000.00 Professional Contracted Bus Services, as stated in the justification section of the New or Revised Strategic Action Section of the Budget Modification Form.",Appropriation,Measures N and H - College and Career Readiness Commission,,,,"Moves $2,000 at Oakland Tech from materials and supplies to charter bus services","The Board is asked to change Oakland Technical High School's 2024-2025 Measures N and H plan. It reduces materials and supplies to $13,725.96 and creates a new $2,000.00 line for professional contracted bus services.","Budget, finance & payments",,other,,,Oakland Technical High School,no_cost,,,,,,,true,2024-07-01,2025-06-30,after_work_began,,,Adopted on the General Consent Report,2025-06-11,true,auto_ok,sonnet-agent,enrich.v5.md,true,
2025-06-11:25-0700,2025-06-11,2025-06-11,regular,L.-73,115,general,"Measures N and H Commission - May 6, 2025 - David Kakishiba, Chairperson",25-0700,https://ousd.legistar.com/gateway.aspx?M=L&ID=65036,Measures N and H Commission - Leadership Public Schools Oakland R&D - 2024-2025 Education Improvement Plan/Budget Modification,"Adoption by the Board of Education, upon recommendation by the Measures N and H Commission, of a 2024-2025 Education Improvement Plan/Budget modification for Leadership Public Schools Oakland R&D to the following three line items: (1) reduce $1,650.00 Linked Learning Lead Facilitator to participate in the California Dual Enrollment Equity Conference by $1,650.00 to $0.00 (2) reduce $4,200.00 Lab Safety Equipment for Design Labs by $208.00 to $3,992.00 (3) reduce $7,500.00 Software for Dual Enrollment Classes by $6,863.27 to $636.73, and establish a new strategic action $8,721.27 Travel and Conference expenses to attend the Educating for Careers Conference, as stated in the justification section of the New or Revised Strategic Action Section of the Budget Modification Form.",Appropriation,Measures N and H - College and Career Readiness Commission,,,,"Reshuffles Leadership Public Schools Oakland R&D funds, adding $8,721.27 for a careers conference","The Board is asked to change Leadership Public Schools Oakland R&D's 2024-2025 Measures N and H plan. It cuts three lines: a facilitator's conference trip to $0.00, lab safety equipment to $3,992.00, and dual enrollment software to $636.73. It creates a new $8,721.27 line for travel and conference costs to attend the Educating for Careers Conference.","Budget, finance & payments",,other,,,Leadership Public Schools Oakland R&D,no_cost,,,,,,,true,2024-07-01,2025-06-30,after_work_began,,,Adopted on the General Consent Report,2025-06-11,true,auto_ok,sonnet-agent,enrich.v5.md,true,
2025-06-11:25-0701,2025-06-11,2025-06-11,regular,L.-74,116,general,"Measures N and H Commission - May 6, 2025 - David Kakishiba, Chairperson",25-0701,https://ousd.legistar.com/gateway.aspx?M=L&ID=65037,Measures N and H Commission - Oakland High School - 2024-2025 Education Improvement Plan/Budget Modification,"Adoption by the Board of Education, upon recommendation by the Measures N and H Commission, of a 2024-2025 Education Improvement Plan/Budget modification for Oakland High School to reduce $8,433.54 Strategic Carryover for Fiscal Year 2024- 2025 by $8,433.54 to $0.00, and establish a new strategic action $8,433.54 Consultant Contract with Oakland Kids First, as stated in the justification section of the New or Revised Strategic Action Section of the Budget Modification Form.",Appropriation,Measures N and H - College and Career Readiness Commission,,v-003136,,"Moves $8,433.54 of Oakland High's carryover funds to a contract with Oakland Kids First","The Board is asked to change Oakland High School's 2024-2025 Measures N and H plan. It reduces the school's strategic carryover for 2024-2025 to $0.00 and creates a new $8,433.54 consultant contract with Oakland Kids First.","Budget, finance & payments",,other,Oakland Kids First,organization,Oakland High School,no_cost,,,,,,,true,2024-07-01,2025-06-30,after_work_began,,,Adopted on the General Consent Report,2025-06-11,true,auto_ok,sonnet-agent,enrich.v5.md,true,
2025-06-11:25-0702,2025-06-11,2025-06-11,regular,L.-75,117,general,"Measures N and H Commission - May 6, 2025 - David Kakishiba, Chairperson",25-0702,https://ousd.legistar.com/gateway.aspx?M=L&ID=65038,Measures N and H Commission - Life Academy High School - 2024-2025 Education Improvement Plan/Budget Modification,"Adoption by the Board of Education, upon recommendation by the Measures N and H Commission, of a 2024-2025 Education Improvement Plan/Budget modification for Life Academy to the following two line items: (1) reduce $4,900.00 Travel & Conferences by $4,900.00 to $0.00 (2) reduce $5,805.00 Conference Expense: For 3 Academy teachers to attend the National Science Teachers Association Conference by$5,805.00 to $0.00, and establish a new strategic action to increase $12,648.75 Teacher Salaries Stipends: Extended Contracts to pay 6 credentialed Pathway Leadership Team members to meet in a winter retreat by $10,705.00 to $23,353.75, as stated in the justification section of the New or Revised Strategic Action Section of the Budget Modification Form.",Appropriation,Measures N and H - College and Career Readiness Commission,,,,"Moves $10,705 at Life Academy from conference travel to a teacher leadership winter retreat","The Board is asked to change Life Academy's 2024-2025 Measures N and H plan. It reduces travel and conferences and a National Science Teachers Association conference trip for 3 teachers to $0.00. It raises extended-contract pay for 6 credentialed Pathway Leadership Team members to meet in a winter retreat to $23,353.75.","Budget, finance & payments",,other,,,Life Academy,no_cost,,,,,,,true,2024-07-01,2025-06-30,after_work_began,,,Adopted on the General Consent Report,2025-06-11,true,auto_ok,sonnet-agent,enrich.v5.md,true,
2025-06-11:25-0703,2025-06-11,2025-06-11,regular,L.-76,118,general,"Measures N and H Commission - May 6, 2025 - David Kakishiba, Chairperson",25-0703,https://ousd.legistar.com/gateway.aspx?M=L&ID=65039,Measures N and H Commission - Castlemont High School - 2024-2025 Education Improvement Plan/Budget Modification,"Adoption by the Board of Education, upon recommendation by the Measures N and H Commission, of a 2024-2025 Education Improvement Plan/Budget modification for Castlemont High School to reduce $21,126.82 Materials and Supplies by $6,229.13 to $14,897.69, and establish a new strategic action $6,229.13 Equipment>=$5,000: To purchase an EKG machine, as stated in the justification section of the New or Revised Strategic Action Section of the Budget Modification Form.",Appropriation,Measures N and H - College and Career Readiness Commission,,,,"Moves $6,229.13 at Castlemont High from supplies to buy an EKG machine","The Board is asked to change Castlemont High School's 2024-2025 Measures N and H plan. It reduces materials and supplies to $14,897.69 and creates a new $6,229.13 equipment line to purchase an EKG machine.","Budget, finance & payments",,other,,,Castlemont High School,no_cost,,,,,,,true,2024-07-01,2025-06-30,after_work_began,,,Adopted on the General Consent Report,2025-06-11,true,auto_ok,sonnet-agent,enrich.v5.md,true,
2025-06-11:25-1180,2025-06-11,2025-06-11,regular,L.-77,119,general,"Measures N and H Commission - May 6, 2025 - David Kakishiba, Chairperson",25-1180,https://ousd.legistar.com/gateway.aspx?M=L&ID=65516,Measures N and H - College and Career Readiness Commission - Young Adult Program (YAP) - Site Visit Report - 2025-2026 Funding Recommendation,"Adoption by the Board of Education, upon recommendation by the Measures N and H Commission, of the 2024-2025 Young Adult Program Site visit report and 2025-2026 Funding Recommendation of $850.00 Per Student.",Appropriation,Measures N and H - College and Career Readiness Commission,,,,Sets 2025-26 funding for the Young Adult Program at $850 per student under Measures N and H,The Board is asked to adopt the Measures N and H commission's 2024-2025 site visit report on the Young Adult Program (YAP). It also adopts a 2025-2026 funding recommendation of $850.00 per student. The text does not say how many students are covered or the total cost.,"Budget, finance & payments",,other,,,,expense,fixed,850,,,,,true,2025-07-01,2026-06-30,,,,Adopted on the General Consent Report,2025-06-11,true,auto_ok,sonnet-agent,enrich.v5.md,true,
2025-06-11:25-1182,2025-06-11,2025-06-11,regular,L.-78,120,general,"Measures N and H Commission - May 6, 2025 - David Kakishiba, Chairperson",25-1182,https://ousd.legistar.com/gateway.aspx?M=L&ID=65518,Measures N and H Commission - Dewey Academy - 2024-2025 Education Improvement Plan/Budget Modification,"Adoption by the Board of Education, upon recommendation by the Measures N and H Commission, of a 2024-2025 Education Improvement Plan/Budget modification for Dewey Academy reduce $4,549.50 Conference Expenses by $4,549.50 to $0.00, and establish a new strategic action $4,549.50 Teacher Salaries Stipends: Extended contracts to pay the Pathway Co-Leads for planning time, as stated in the justification section of the New or Revised Strategic Action Section of the Budget Modification Form.",Appropriation,Measures N and H - College and Career Readiness Commission,,,,"Moves $4,549.50 at Dewey Academy from conference costs to pathway co-lead planning-time pay","The Board is asked to change Dewey Academy's 2024-2025 Measures N and H plan. It reduces conference expenses to $0.00 and creates a new $4,549.50 line for extended contracts to pay the Pathway Co-Leads for planning time.","Budget, finance & payments",,other,,,Dewey Academy,no_cost,,,,,,,true,2024-07-01,2025-06-30,after_work_began,,,Adopted on the General Consent Report,2025-06-11,true,auto_ok,sonnet-agent,enrich.v5.md,true,
2025-06-11:25-1183,2025-06-11,2025-06-11,regular,L.-79,121,general,"Measures N and H Commission - May 6, 2025 - David Kakishiba, Chairperson",25-1183,https://ousd.legistar.com/gateway.aspx?M=L&ID=65519,Measures N and H Commission - Leadership Public Schools Oakland R&D - 2024-2025 Education Improvement Plan/Budget Modification,"Adoption by the Board of Education, upon recommendation by the Measures N and H Commission, of a 2024-2025 Education Improvement Plan/Budget modification for Leadership Public Schools Oakland R&D to reduce $2,500.00 PD and Coaching for Dual Enrollment Facilitator by $2,500.00 to $0.00, and establish a new strategic action $2,500.00 Professional Development Consulting-Contract with Digital Music and Light Immersive Experience, as stated in the justification section of the New or Revised Strategic Action Section of the Budget Modification Form.",Appropriation,Measures N and H - College and Career Readiness Commission,,n-digital-music-and-light-immersive-experience,,"Moves $2,500 at Leadership Public Schools Oakland R&D to a contract with Digital Music and Light","The Board is asked to change Leadership Public Schools Oakland R&D's 2024-2025 Measures N and H plan. It reduces the professional development and coaching line for a dual enrollment facilitator to $0.00. It creates a new $2,500.00 professional development consulting contract with Digital Music and Light Immersive Experience.","Budget, finance & payments",,other,Digital Music and Light Immersive Experience,organization,Leadership Public Schools Oakland R&D,no_cost,,,,,,,true,2024-07-01,2025-06-30,after_work_began,,,Adopted on the General Consent Report,2025-06-11,true,auto_ok,sonnet-agent,enrich.v5.md,true,
2025-06-11:25-1184,2025-06-11,2025-06-11,regular,L.-80,122,general,"Measures N and H Commission - May 6, 2025 - David Kakishiba, Chairperson",25-1184,https://ousd.legistar.com/gateway.aspx?M=L&ID=65520,Measures N and H Commission - High School Linked Learning - 2024-2025 Plan/Budget Modification,"Adoption by the Board of Education, upon recommendation by the Measures N and H Commission, of a 2024-2025 Plan/Budget modification for the High School Linked Learning Office Administrative 10% to reduce $48,125.00 Teacher Salaries Stipends: Extended Contracts to pay participating teachers at Measure H Charter Schools who will prepare for the Linked Learning Gold Certification by $48,125.00 to $0.00, and establish a new strategic action $48,125.00 Consultant Contracts: Consultant contracted with the Oakland Public Ed Fund (OPEF) to facilitate and pay the Charter School Teachers additional pay for participating in the Getting to Gold certification, as stated in the justification section of the New or Revised Strategic Action Section of the Budget Modification Form.",Appropriation,Measures N and H - College and Career Readiness Commission,,n-oakland-public-ed-fund,,"Shifts $48,125 for charter school teacher certification pay to a contract with Oakland Public Ed Fund","The Board is asked to change the 2024-2025 plan for the High School Linked Learning Office. It reduces teacher stipends for Measure H charter school teachers preparing for Linked Learning Gold Certification to $0.00. It creates a new $48,125.00 consultant contract with the Oakland Public Ed Fund (OPEF) to facilitate and pay those teachers extra pay for the certification work.","Budget, finance & payments",,other,Oakland Public Ed Fund (OPEF),organization,,no_cost,,,,,,,true,2024-07-01,2025-06-30,after_work_began,,,Adopted on the General Consent Report,2025-06-11,true,auto_ok,sonnet-agent,enrich.v5.md,true,
2025-06-11:25-0692,2025-06-11,2025-06-11,regular,L.-81,124,general,"Measures N and H Commission - May 20, 2025 - David Kakishiba, Chairperson",25-0692,https://ousd.legistar.com/gateway.aspx?M=L&ID=65028,Measures N and H Commission - Skyline High School - 2024-2025 Plan/Budget Modification,"Adoption by the Board of Education, upon recommendation by the Measures N and H Commission, of a 2024-2025 Education Improvement Plan/Budget modification for Skyline High School to reduce $43,000.00 Materials and Supplies by $7,203.95 to $35,796.05, and establish a new strategic action $7,203.95 Computers: Purchase iMac computers for the VAPA Pathway English, History, and Science classes, as stated in the justification section of the New or Revised Strategic Action Section of the Budget Modification Form.",Appropriation,Measures N and H - College and Career Readiness Commission,,,,"Moves $7,203.95 at Skyline High from supplies to iMac computers for arts pathway classes","The Board is asked to change Skyline High School's 2024-2025 Measures N and H plan. It reduces materials and supplies to $35,796.05 and creates a new $7,203.95 line to buy iMac computers for visual and performing arts pathway English, history and science classes.","Budget, finance & payments",,other,,,Skyline High School,no_cost,,,,,,,true,2024-07-01,2025-06-30,after_work_began,,,Adopted on the General Consent Report,2025-06-11,true,auto_ok,sonnet-agent,enrich.v5.md,true,
2025-06-11:25-1185,2025-06-11,2025-06-11,regular,L.-82,125,general,"Measures N and H Commission - May 20, 2025 - David Kakishiba, Chairperson",25-1185,https://ousd.legistar.com/gateway.aspx?M=L&ID=65521,Measures N and H Commission - Fremont High School - 2024-2025 Plan/Budget Modification,"Adoption by the Board of Education, upon recommendation by the Measures N and H Commission, of a 2024-2025 Education Improvement Plan/Budget modification for Fremont High School to reduce $16,142.00 Conference Expenses: Conference & Travel expenses for 7 staff members to attend the Linked Learning Alliance Conference 2025 by $635.87 to $15,506.13, and establish a new strategic action to increase $3,732.13 Conference Expenses: Conference expenses for the pathway coach to attend UnboundEd Leadership Institute by $635.87 to $4,368.00, as stated in the justification section of the New or Revised Strategic Action Section of the Budget Modification Form.",Appropriation,Measures N and H - College and Career Readiness Commission,,,,"Moves $635.87 at Fremont High between two conference lines, now for a pathway coach's leadership institute","The Board is asked to change Fremont High School's 2024-2025 Measures N and H plan. It lowers the conference line for 7 staff to attend the 2025 Linked Learning Alliance Conference to $15,506.13. It raises a conference line for the pathway coach to attend the UnboundEd Leadership Institute to $4,368.00.","Budget, finance & payments",,other,,,Fremont High School,no_cost,,,,,,,true,2024-07-01,2025-06-30,after_work_began,,,Adopted on the General Consent Report,2025-06-11,true,auto_ok,sonnet-agent,enrich.v5.md,true,
2025-06-11:25-1186,2025-06-11,2025-06-11,regular,L.-83,126,general,"Measures N and H Commission - May 20, 2025 - David Kakishiba, Chairperson",25-1186,https://ousd.legistar.com/gateway.aspx?M=L&ID=65522,Measures N and H Commission - Fremont High School - 2024-2025 Plan/Budget Modification,"Adoption by the Board of Education, upon recommendation by the Measures N and H Commission, of a 2024-2025 Education Improvement Plan/Budget modification for Fremont High School to reduce $15,506.13 Conference Expenses: Conference & Travel expenses for 7 staff members to attend the Linked Learning Alliance Conference 2025 by $15,506.13 to $0.00, and establish a new strategic action to increase $1.87 Consultant Contracts: Contract with the Oakland Public Education Fund to process and pay out the Student Internship Stipends by $15,506.13 to $15,508.00, as stated in the justification section of the New or Revised Strategic Action Section of the Budget Modification Form.",Appropriation,Measures N and H - College and Career Readiness Commission,,,,"Moves $15,506.13 at Fremont High from a conference trip to student internship stipends","The Board is asked to change Fremont High School's 2024-2025 Measures N and H plan. It reduces the conference and travel line for 7 staff to attend the Linked Learning Alliance Conference to $0.00. It raises the Oakland Public Education Fund contract that processes and pays student internship stipends to $15,508.00.","Budget, finance & payments",,other,,,Fremont High School,no_cost,,,,,,,true,2024-07-01,2025-06-30,after_work_began,,,Adopted on the General Consent Report,2025-06-11,true,auto_ok,sonnet-agent,enrich.v5.md,true,
2025-06-11:25-1187,2025-06-11,2025-06-11,regular,L.-84,127,general,"Measures N and H Commission - May 20, 2025 - David Kakishiba, Chairperson",25-1187,https://ousd.legistar.com/gateway.aspx?M=L&ID=65523,Measures N and H Commission - High School Linked Learning Office - 2024-2025 Plan/Budget Modification,"Adoption by the Board of Education, upon recommendation by the Measures N and H Commission, of 2024-2025 Education Improvement Plan/Budget modification for the High School Linked Learning Office to reduce $85,200.00 Consultant Contract: Hire a full-time Pathway Coach to work across the ten Charter Schools by $10,609.00 to $74,591.00, and establish a new strategic action to increase $61,455.25 Correcting Negatives in Measure H accounts by $10,609.00 to $72,064.25, as stated in the justification section of the New or Revised Strategic Action Section of the Budget Modification Form.",Appropriation,Measures N and H - College and Career Readiness Commission,,,,"Moves $10,609 within the High School Linked Learning Office to correct negative Measure H account balances","The Board is asked to change the 2024-2025 plan for the High School Linked Learning Office. It lowers the consultant line for a full-time Pathway Coach across the ten charter schools to $74,591.00 and raises a line for correcting negatives in Measure H accounts to $72,064.25.","Budget, finance & payments",,other,,,,no_cost,,,,,,,true,2024-07-01,2025-06-30,after_work_began,,,Adopted on the General Consent Report,2025-06-11,true,auto_ok,sonnet-agent,enrich.v5.md,true,
2025-06-11:25-1188,2025-06-11,2025-06-11,regular,L.-85,128,general,"Measures N and H Commission - May 20, 2025 - David Kakishiba, Chairperson",25-1188,https://ousd.legistar.com/gateway.aspx?M=L&ID=65524,Measures N and H Commission - High School Linked Learning Office - 2024-2025 Plan/Budget Modification,"Adoption by the Board of Education, upon recommendation by the Measures N and H Commission, of a 2024-2025 Education Improvement Plan/Budget modification for the High School Linked Learning Office to reduce $87,700.00 Consultant Contract: Hire a full-time Pathway Coach to work across the ten Charter Schools by $2,500.00 to $85,200.00, and establish a new strategic action to increase $39,000.00 Consultant Contracts: Contract with Amy Crudo to support OUSD Measure N and H administrative tasks by $2,500.00 to $41,500.00, as stated in the justification section of the New or Revised Strategic Action Section of the Budget Modification Form.",Appropriation,Measures N and H - College and Career Readiness Commission,,,,"Moves $2,500 from the Linked Learning Office's pathway coach line to a Measures N and H admin support contract","The Board is asked to change the 2024-2025 plan for the High School Linked Learning Office. It lowers the consultant line for a full-time Pathway Coach across the ten charter schools to $85,200.00. It raises a consultant contract to support the district's Measures N and H administrative tasks to $41,500.00.","Budget, finance & payments",,other,,,,no_cost,,,,,,,true,2024-07-01,2025-06-30,after_work_began,,,Adopted on the General Consent Report,2025-06-11,true,auto_ok,sonnet-agent,enrich.v5.md,true,
2025-06-11:25-1189,2025-06-11,2025-06-11,regular,L.-86,129,general,"Measures N and H Commission - May 20, 2025 - David Kakishiba, Chairperson",25-1189,https://ousd.legistar.com/gateway.aspx?M=L&ID=65525,Measures N and H Commission - Life Academy - 2024-2025 Plan/Budget Modification,"Adoption by the Board of Education, upon recommendation by the Measures N and H Commission, of a 2024-2025 Education Improvement Plan/Budget modification for Life Academy of Health & BioScience to reduce $18,211.00 Professional Contracted Bus Services by $5,000.00 to $13,211.00, and establish a new strategic action to increase $0 Consultant Contract with Bay Area Community Resources (BACR) to facilitate and pay out the Work-Based Learning (WBL) Student Internship Stipends by $5,000.00 to $5,000.00, as stated in the justification section of the Budget Modification Form's New or Revised Strategic Action Section.",Appropriation,Measures N and H - College and Career Readiness Commission,,v-000624,,"Moves $5,000 at Life Academy from bus services to a contract that pays student internship stipends","The Board is asked to change Life Academy of Health & BioScience's 2024-2025 Measures N and H plan. It reduces professional contracted bus services to $13,211.00 and creates a new line for a contract with Bay Area Community Resources (BACR) to run and pay Work-Based Learning student internship stipends, set at $5,000.00.","Budget, finance & payments",,other,Bay Area Community Resources (BACR),organization,Life Academy of Health & BioScience,no_cost,,,,,,,true,2024-07-01,2025-06-30,after_work_began,,,Adopted on the General Consent Report,2025-06-11,true,auto_ok,sonnet-agent,enrich.v5.md,true,
2025-06-11:25-1190,2025-06-11,2025-06-11,regular,L.-87,130,general,"Measures N and H Commission - May 20, 2025 - David Kakishiba, Chairperson",25-1190,https://ousd.legistar.com/gateway.aspx?M=L&ID=65526,Measures N and H Commission - Life Academy - 2024-2025 Plan/Budget Modification,"Adoption by the Board of Education, upon recommendation by the Measures N and H Commission, of a 2024-2025 Education Improvement Plan/Budget modification for Life Academy of Health & BioScience to reduce $25,000.00 Hire a CTE Teacher at .2 FTE to teach one section of CTE Introduction to Biotechnology by $11,200.00 to $13,800.00, and establish a new strategic action $11,200.00 Consultant Contract to pay for tuition fees for FACES Summer Medical Academy, as stated in the justification section of the New or Revised Strategic Action Section of the Budget Modification Form.",Appropriation,Measures N and H - College and Career Readiness Commission,,,,"Moves $11,200 at Life Academy from a part-time biotech teacher to FACES Summer Medical Academy tuition","The Board is asked to change Life Academy of Health & BioScience's 2024-2025 Measures N and H plan. It lowers the line to hire a career technical education teacher at 0.2 FTE for an introduction to biotechnology class to $13,800.00. It creates a new $11,200.00 consultant line to pay tuition for the FACES Summer Medical Academy.","Budget, finance & payments",,other,,,Life Academy of Health & BioScience,no_cost,,,,,,,true,2024-07-01,2025-06-30,after_work_began,,,Adopted on the General Consent Report,2025-06-11,true,auto_ok,sonnet-agent,enrich.v5.md,true,
2025-06-11:25-1191,2025-06-11,2025-06-11,regular,L.-88,131,general,"Measures N and H Commission - May 20, 2025 - David Kakishiba, Chairperson",25-1191,https://ousd.legistar.com/gateway.aspx?M=L&ID=65527,Measures N and H Commission - Life Academy - 2024-2025 Plan/Budget Modification,"Adoption by the Board of Education, upon recommendation by the Measures N and H Commission, of a 2024-2025 Education Improvement Plan/Budget modification for Life Academy of Health & BioScience to the following three line items: (1)reduce $29,385.00 Clerical Salaries: Funds to increase the FTE for a pathway-specific Case Manager by $17,631.00 to $11,754.00 (2) reduce $9,362.85 Strategic Carryover for Fiscal Year 2024-2025 by $9,362.85 to $0.00 (3) reduce $12,500.00 Hire a CTE Teacher at .1 FTE for a total 0.2 FTE to teach CTE Introduction to Mental and Behavioral Health by $12,006.15 to $493.85, and establish a new strategic action $39,000.00 Computers: Funds are to purchase a MacBook or Microsoft Surface computer cart, as stated in the justification section of the New or Revised Strategic Action Section of the Budget Modification Form.",Appropriation,Measures N and H - College and Career Readiness Commission,,,,"Reshuffles Life Academy funds, adding $39,000 for a laptop computer cart","The Board is asked to change Life Academy of Health & BioScience's 2024-2025 Measures N and H plan. It cuts three lines: a case manager's clerical salaries to $11,754.00, strategic carryover to $0.00, and a career technical education teacher position to $493.85. It creates a new $39,000.00 line to buy a MacBook or Microsoft Surface computer cart.","Budget, finance & payments",,other,,,Life Academy of Health & BioScience,no_cost,,,,,,,true,2024-07-01,2025-06-30,after_work_began,,,Adopted on the General Consent Report,2025-06-11,true,auto_ok,sonnet-agent,enrich.v5.md,true,
2025-06-11:25-1192,2025-06-11,2025-06-11,regular,L.-89,132,general,"Measures N and H Commission - May 20, 2025 - David Kakishiba, Chairperson",25-1192,https://ousd.legistar.com/gateway.aspx?M=L&ID=65528,Measures N and H Commission - Metwest High School - 2024-2025 Plan/Budget Modification,"Adoption by the Board of Education, upon recommendation by the Measures N and H Commission, of a 2024-2025 Education Improvement Plan/Budget modification for Metwest High School to the following two line items: (1)reduce $21,375.00 Teacher Salaries Stipends: Extended contracts to pay teachers who assist with learning through interest, internship work, and pathway integration by $21,221.86 to $153.14 (2) reduce $11,367.79 Conference Expenses: Conference expenses for MetWest staff to attend approved professional development conferences by $3,778.14 to $7,589.65, and establish a new strategic action $25,000.00 Consultant Contracts: Contract with Big Picture Learning (BPL), as stated in the justification section of the New or Revised Strategic Action Section of the Budget Modification Form.",Appropriation,Measures N and H - College and Career Readiness Commission,,v-000693,,"Reshuffles Metwest High funds, adding $25,000 for a contract with Big Picture Learning","The Board is asked to change Metwest High School's 2024-2025 Measures N and H plan. It cuts teacher stipends to $153.14 and conference expenses to $7,589.65. It creates a new $25,000.00 consultant contract with Big Picture Learning (BPL).","Budget, finance & payments",,other,Big Picture Learning (BPL),organization,Metwest High School,no_cost,,,,,,,true,2024-07-01,2025-06-30,after_work_began,,,Adopted on the General Consent Report,2025-06-11,true,auto_ok,sonnet-agent,enrich.v5.md,true,
2025-06-11:25-1193,2025-06-11,2025-06-11,regular,L.-90,133,general,"Measures N and H Commission - May 20, 2025 - David Kakishiba, Chairperson",25-1193,https://ousd.legistar.com/gateway.aspx?M=L&ID=65529,Measures N and H Commission - Madison Park Academy - 2024-2025 Plan/Budget Modification,"Adoption by the Board of Education, upon recommendation by the Measures N and H Commission, of a 2024-2025 Education Improvement Plan/Budget modification for Madison Park Academy to the following three line items: (1)reduce $11,962.53 Supplies and Materials by $10,386.37 to $1,576.16 (2) reduce $11,300.00 Equipment: Funds to purchase equipment for projects for our Media Academy pathway by $8,937.50 to $2,362.50 (3) reduce $2,000.00 Consultant Contract: Contract with the Black Film Guild by $2,000.00 to $0.00, and establish a new strategic action to increase $20,781.25 Teacher Salaries Stipends: Extended Contract for Teachers to improve and build pathway alignment by $21,323.87 to $42,105.12, as stated in the justification section of the New or Revised Strategic Action Section of the Budget Modification Form.",Appropriation,Measures N and H - College and Career Readiness Commission,,,,"Reshuffles Madison Park Academy funds, raising teacher pathway-alignment pay to $42,105.12","The Board is asked to change Madison Park Academy's 2024-2025 Measures N and H plan. It cuts supplies and materials to $1,576.16, Media Academy equipment to $2,362.50, and a Black Film Guild consultant contract to $0.00. It raises extended-contract pay for teachers working on pathway alignment to $42,105.12.","Budget, finance & payments",,other,,,Madison Park Academy,no_cost,,,,,,,true,2024-07-01,2025-06-30,after_work_began,,,Adopted on the General Consent Report,2025-06-11,true,auto_ok,sonnet-agent,enrich.v5.md,true,
2025-06-11:25-1194,2025-06-11,2025-06-11,regular,L.-91,134,general,"Measures N and H Commission - May 20, 2025 - David Kakishiba, Chairperson",25-1194,https://ousd.legistar.com/gateway.aspx?M=L&ID=65530,Measures N and H Commission - Madison Park Academy - 2024-2025 Plan/Budget Modification,"Adoption by the Board of Education, upon recommendation by the Measures N and H Commission, of a 2024-2025 Education Improvement Plan/Budget modification for Madison Park Academy to reduce $30,650.00 Equipment: to purchase equipment for projects for our Media Academy pathway by $19,350.00 to $11,300.00, and establish a new strategic action to increase $38,700.00 Teacher Salaries Stipends: Extended Contracts for 2 Teachers to support the Exploring College, Career & Community Opportunity (ECCCO) Summer Program by $19,350.00 to $58,050.00, as stated in the justification section of the New or Revised Strategic Action Section of the Budget Modification Form.",Appropriation,Measures N and H - College and Career Readiness Commission,,,,"Shifts $19,350 at Madison Park Academy from media equipment to summer program teacher stipends","Under a 2024-2025 Measures N and H college and career funding plan change recommended by the Measures N and H Commission, Madison Park Academy cuts its Media Academy pathway equipment line by $19,350 to $11,300. It raises a teacher stipend line by $19,350 to $58,050 for extended contracts for 2 teachers in the Exploring College, Career & Community Opportunity (ECCCO) Summer Program.","Budget, finance & payments",,other,,,Madison Park Academy,no_cost,,,,,,,true,2024-07-01,2025-06-30,after_work_began,,,Adopted on the General Consent Report,2025-06-11,true,auto_ok,sonnet-agent,enrich.v5.md,true,
2025-06-11:25-1195,2025-06-11,2025-06-11,regular,L.-92,135,general,"Measures N and H Commission - May 20, 2025 - David Kakishiba, Chairperson",25-1195,https://ousd.legistar.com/gateway.aspx?M=L&ID=65531,Measures N and H Commission - Oakland Technical High School - 2024-2025 Plan/Budget Modification,"Adoption by the Board of Education, upon recommendation by the Measures N and H Commission, of a 2024-2025 Education Improvement Plan/Budget modification for Oakland Technical High School to reduce $16,225.96 Materials and Supplies by $14,960.66 to $ 1,265.30, and establish a new strategic action $14,960.66 Teacher Salaries Stipends: Extended contracts to pay teachers for facilitating the 2025 Summer Programs, as stated in the justification section of the New or Revised Strategic Action Section of the Budget Modification Form.",Appropriation,Measures N and H - College and Career Readiness Commission,,,,"Moves $14,960.66 at Oakland Technical High School from supplies to summer program teacher stipends","Under a 2024-2025 Measures N and H college and career funding plan change recommended by the Measures N and H Commission, Oakland Technical High School cuts its materials and supplies line by $14,960.66 to $1,265.30. It creates a new $14,960.66 line for extended contracts to pay teachers for facilitating the 2025 summer programs.","Budget, finance & payments",,other,,,Oakland Technical High School,no_cost,,,,,,,true,2024-07-01,2025-06-30,after_work_began,,,Adopted on the General Consent Report,2025-06-11,true,auto_ok,sonnet-agent,enrich.v5.md,true,
2025-06-11:25-1196,2025-06-11,2025-06-11,regular,L.-93,137,general,"Measures N and H Commission - June 3, 2025 - David Kakishiba, Chairperson",25-1196,https://ousd.legistar.com/gateway.aspx?M=L&ID=65532,Measures N and H Commission - Skyline High School - 2024-2025 Plan/Budget Modification,"Adoption by the Board of Education, upon recommendation of the Measures N and H Commission, of a 2024-2025 Education Improvement Plan/Budget modification for Skyline High School to reduce $2,055.64 Materials and Supplies for the Visual & Performing Arts Academy (VAPA) by $2,055.64 to $0.00, and establish a new strategic action $2,055.64 Equipment: To purchase equipment for the VAPA Pathway, as stated in the justification section of the New or Revised Strategic Action Section of the Budget Modification Form.",Appropriation,Measures N and H - College and Career Readiness Commission,,,,"Moves $2,055.64 at Skyline High School from arts supplies to equipment for the arts pathway","Under a 2024-2025 Measures N and H college and career funding plan change recommended by the Measures N and H Commission, Skyline High School cuts materials and supplies for its Visual & Performing Arts Academy (VAPA) by $2,055.64, to $0.00. It creates a new $2,055.64 line to buy equipment for the VAPA pathway.","Budget, finance & payments",,other,,,Skyline High School,no_cost,,,,,,,true,2024-07-01,2025-06-30,after_work_began,,,Adopted on the General Consent Report,2025-06-11,true,auto_ok,sonnet-agent,enrich.v5.md,true,
2025-06-11:25-1197,2025-06-11,2025-06-11,regular,L.-94,138,general,"Measures N and H Commission - June 3, 2025 - David Kakishiba, Chairperson",25-1197,https://ousd.legistar.com/gateway.aspx?M=L&ID=65533,Measures N and H Commission - Skyline High School - 2024-2025 Plan/Budget Modification,"Adoption by the Board of Education, upon recommendation of the Measures N and H Commission, of a 2024-2025 Education Improvement Plan/Budget modification for Skyline High School to reduce $40,095.00 Equipment: to purchase a 3D printer for Green CTE courses by $5,880.80 to $34,214.20, and establish a new strategic action $5,880.80 Materials and supplies: Funds to purchase supplies for the 3D printer for the Green CTE courses, as stated in the justification section of the New or Revised Strategic Action Section of the Budget Modification Form.",Appropriation,Measures N and H - College and Career Readiness Commission,,,,"Moves $5,880.80 at Skyline High School from a 3D printer purchase to printer supplies","Under a 2024-2025 Measures N and H college and career funding plan change recommended by the Measures N and H Commission, Skyline High School cuts its equipment line for a 3D printer for Green career technical education (CTE) courses by $5,880.80, from $40,095.00 to $34,214.20. It creates a new $5,880.80 line for supplies for that printer.","Budget, finance & payments",,other,,,Skyline High School,no_cost,,,,,,,true,2024-07-01,2025-06-30,after_work_began,,,Adopted on the General Consent Report,2025-06-11,true,auto_ok,sonnet-agent,enrich.v5.md,true,
2025-06-11:25-1198,2025-06-11,2025-06-11,regular,L.-95,139,general,"Measures N and H Commission - June 3, 2025 - David Kakishiba, Chairperson",25-1198,https://ousd.legistar.com/gateway.aspx?M=L&ID=65534,Measures N and H Commission - Skyline High School - 2024-2025 Plan/Budget Modification,"Adoption by the Board of Education, upon recommendation of the Measures N and H Commission, of a 2024-2025 Education Improvement Plan/Budget modification for Skyline High School to reduce $5,000.00 Equipment: to purchase a 3D printer for the Multimedia and Digital Film CTE courses by $900.00 to $4,100.00, and establish a new strategic action $900.00 Material & Supplies: Funds to purchase 3D printer filaments for the Multimedia and Digital Film CTE courses, as stated in the justification section of the New or Revised Strategic Action Section of the Budget Modification Form.",Appropriation,Measures N and H - College and Career Readiness Commission,,,,Moves $900 at Skyline High School from a 3D printer purchase to printer filaments,"Under a 2024-2025 Measures N and H college and career funding plan change recommended by the Measures N and H Commission, Skyline High School cuts its equipment line for a 3D printer for Multimedia and Digital Film career technical education (CTE) courses by $900.00, from $5,000.00 to $4,100.00. It creates a new $900.00 line for 3D printer filaments for those courses.","Budget, finance & payments",,other,,,Skyline High School,no_cost,,,,,,,true,2024-07-01,2025-06-30,after_work_began,,,Adopted on the General Consent Report,2025-06-11,true,auto_ok,sonnet-agent,enrich.v5.md,true,
2025-06-11:25-1199,2025-06-11,2025-06-11,regular,L.-96,140,general,"Measures N and H Commission - June 3, 2025 - David Kakishiba, Chairperson",25-1199,https://ousd.legistar.com/gateway.aspx?M=L&ID=65535,Measures N and H Commission - Leadership Public School Oakland R&D - 2024-2025 Plan/Budget Modification,"Adoption by the Board of Education, upon recommendation of the Measures N and H Commission, of a 2024-2025 Education Improvement Plan/Budget modification for Leadership Public School to the following two line items: (1)reduce $3,000.00 Virtual Career Fair Event Sem 1 by $3,000.00 to $0.00 (2) reduce $3,000.00 Capstone Exhibition Event Sem 2 by $3,000.00 to $0.00, and establish a new strategic action $6,000.00 Meeting Refreshments For the Creative Media Festival, as stated in the justification section of the New or Revised Strategic Action Section of the Budget Modification Form.",Appropriation,Measures N and H - College and Career Readiness Commission,,,,"Moves $6,000 at Leadership Public School Oakland R&D from career fair and exhibition events to refreshments","Under a 2024-2025 Measures N and H college and career funding plan change recommended by the Measures N and H Commission, Leadership Public School cuts two event lines by $3,000 each, to $0.00: a Virtual Career Fair Event for semester 1 and a Capstone Exhibition Event for semester 2. It creates a new $6,000 line for meeting refreshments for the Creative Media Festival.","Budget, finance & payments",,other,,,Leadership Public School Oakland R&D,no_cost,,,,,,,true,2024-07-01,2025-06-30,after_work_began,,,Adopted on the General Consent Report,2025-06-11,true,auto_ok,sonnet-agent,enrich.v5.md,true,
2025-06-11:25-1200,2025-06-11,2025-06-11,regular,L.-97,141,general,"Measures N and H Commission - June 3, 2025 - David Kakishiba, Chairperson",25-1200,https://ousd.legistar.com/gateway.aspx?M=L&ID=65536,Measures N and H Commission - Leadership Public School Oakland R&D - 2024-2025 Plan/Budget Modification,"Adoption by the Board of Education, upon recommendation of the Measures N and H Commission, of a 2024-2025 Education Improvement Plan/Budget modification for Leadership Public School to the following two line items: (1) reduce $3,000.00 Refreshments at Pathway Advisory Council (PAC) meetings by $2,000.00 to $1,000.00 (2) reduce $3,992.00 Lab Safety Equipment for Design Labs by $3,000.00 to $992.00, and establish a new strategic action $5,000.00 Non-Capitalized Equipment, as stated in the justification section of the New or Revised Strategic Action Section of the Budget Modification Form.",Appropriation,Measures N and H - College and Career Readiness Commission,,,,"Moves $5,000 at Leadership Public School Oakland R&D from refreshments and lab safety gear to equipment","Under a 2024-2025 Measures N and H college and career funding plan change recommended by the Measures N and H Commission, Leadership Public School cuts refreshments for Pathway Advisory Council (PAC) meetings by $2,000, to $1,000, and lab safety equipment for design labs by $3,000, to $992. It creates a new $5,000 line listed as non-capitalized equipment.","Budget, finance & payments",,other,,,Leadership Public School Oakland R&D,no_cost,,,,,,,true,2024-07-01,2025-06-30,after_work_began,,,Adopted on the General Consent Report,2025-06-11,true,auto_ok,sonnet-agent,enrich.v5.md,true,
2025-06-11:25-1201,2025-06-11,2025-06-11,regular,L.-98,142,general,"Measures N and H Commission - June 3, 2025 - David Kakishiba, Chairperson",25-1201,https://ousd.legistar.com/gateway.aspx?M=L&ID=65537,Measures N and H Commission - Leadership Public School Oakland R&D - 2024-2025 Plan/Budget Modification,"Adoption by the Board of Education, upon recommendation of the Measures N and H Commission, of a 2024-2025 Education Improvement Plan/Budget modification for Leadership Public School to the following two line items: (1) reduce $15,000.00 Internship and Apprenticeship Stipends by $13,000.00 to $2,000.00 (2) reduce $2,000.00 Linked Learning Advisory Board meals by $2,000.00 to $0.00, and establish a new strategic action $15,000.00 Admission Fees: Funds to attend the Figma Config Conference, as stated in the justification section of the New or Revised Strategic Action Section of the Budget Modification Form.",Appropriation,Measures N and H - College and Career Readiness Commission,,,,"Moves $15,000 at Leadership Public School Oakland R&D from stipends and meals to Figma conference fees","Under a 2024-2025 Measures N and H college and career funding plan change recommended by the Measures N and H Commission, Leadership Public School cuts internship and apprenticeship stipends by $13,000, to $2,000, and Linked Learning Advisory Board meals by $2,000, to $0.00. It creates a new $15,000 line for admission fees to attend the Figma Config Conference.","Budget, finance & payments",,other,,,Leadership Public School Oakland R&D,no_cost,,,,,,,true,2024-07-01,2025-06-30,after_work_began,,,Adopted on the General Consent Report,2025-06-11,true,auto_ok,sonnet-agent,enrich.v5.md,true,
2025-06-11:25-1202,2025-06-11,2025-06-11,regular,L.-99,143,general,"Measures N and H Commission - June 3, 2025 - David Kakishiba, Chairperson",25-1202,https://ousd.legistar.com/gateway.aspx?M=L&ID=65538,Measures N and H Commission - East Bay Innovation Academy - 2024-2025 Plan/Budget Modification,"Adoption by the Board of Education, upon recommendation of the Measures N and H Commission, of a 2024-2025 Education Improvement Plan/Budget modification for East Bay Innovation Academy to reduce $20,770.33 Pathway Success Academic Mentor by $9,252.70 to $11,517.63, and establish a new strategic action to increase $4,933.30 Transportation for College Trips by $9,252.70 to $14,186.00, as stated in the justification section of the New or Revised Strategic Action Section of the Budget Modification Form.",Appropriation,Measures N and H - College and Career Readiness Commission,,,,"Moves $9,252.70 at East Bay Innovation Academy from academic mentors to college trip transportation","Under a 2024-2025 Measures N and H college and career funding plan change recommended by the Measures N and H Commission, East Bay Innovation Academy cuts its Pathway Success Academic Mentor line by $9,252.70, from $20,770.33 to $11,517.63. It raises its Transportation for College Trips line by $9,252.70, from $4,933.30 to $14,186.00.","Budget, finance & payments",,other,,,East Bay Innovation Academy,no_cost,,,,,,,true,2024-07-01,2025-06-30,after_work_began,,,Adopted on the General Consent Report,2025-06-11,true,auto_ok,sonnet-agent,enrich.v5.md,true,
2025-06-11:25-1203,2025-06-11,2025-06-11,regular,L.-100,144,general,"Measures N and H Commission - June 3, 2025 - David Kakishiba, Chairperson",25-1203,https://ousd.legistar.com/gateway.aspx?M=L&ID=65539,Measures N and H Commission - East Bay Innovation Academy - 2024-2025 Plan/Budget Modification,"Adoption by the Board of Education, upon recommendation of the Measures N and H Commission, of a 2024-2025 Education Improvement Plan/Budget modification for East Bay Innovation Academy to reduce $41,600.00 Pathway Success Academic Mentor by $19,500.02 to $22,099.98 and establish a new strategic action $19,500.02 Hire a Work Based Learning Coordinator at 0.3 FTE, as stated in the justification section of the New or Revised Strategic Action Section of the Budget Modification Form.",Appropriation,Measures N and H - College and Career Readiness Commission,,,,"Moves $19,500.02 at East Bay Innovation Academy from academic mentors to a work-based learning coordinator","Under a 2024-2025 Measures N and H college and career funding plan change recommended by the Measures N and H Commission, East Bay Innovation Academy cuts its Pathway Success Academic Mentor line by $19,500.02, from $41,600.00 to $22,099.98. It creates a new $19,500.02 line to hire a Work Based Learning Coordinator at 0.3 full-time equivalent (FTE).","Budget, finance & payments",,other,,,East Bay Innovation Academy,no_cost,,,,,,,true,2024-07-01,2025-06-30,after_work_began,,,Adopted on the General Consent Report,2025-06-11,true,auto_ok,sonnet-agent,enrich.v5.md,true,
2025-06-11:25-1204,2025-06-11,2025-06-11,regular,L.-101,145,general,"Measures N and H Commission - June 3, 2025 - David Kakishiba, Chairperson",25-1204,https://ousd.legistar.com/gateway.aspx?M=L&ID=65540,Measures N and H Commission - Oakland Technical High School - 2024-2025 Plan/Budget Modification,"Adoption by the Board of Education, upon recommendation of the Measures N and H Commission, of a 2024-2025 Education Improvement Plan/Budget modification for Oakland Technical High School to reduce $13,725.96 Materials and Supplies by $2,000.00 to $11,725.96 and establish a new strategic action $2,000.00 Teacher Substitutes: Hire teacher substitutes to cover for RPL Academy Teachers, as stated in the justification section of the New or Revised Strategic Action Section of the Budget Modification Form.",Appropriation,Measures N and H - College and Career Readiness Commission,,,,"Moves $2,000 at Oakland Technical High School from supplies to substitute teachers","Under a 2024-2025 Measures N and H college and career funding plan change recommended by the Measures N and H Commission, Oakland Technical High School cuts its materials and supplies line by $2,000, from $13,725.96 to $11,725.96. It creates a new $2,000 line to hire substitutes to cover for RPL Academy teachers.","Budget, finance & payments",,other,,,Oakland Technical High School,no_cost,,,,,,,true,2024-07-01,2025-06-30,pulled_from_consent; after_work_began,,Taken off the consent report and withdrawn at this meeting.,Withdrawn,2025-06-11,false,auto_ok,sonnet-agent,enrich.v5.md,false,
2025-06-11:25-1205,2025-06-11,2025-06-11,regular,L.-102,146,general,"Measures N and H Commission - June 3, 2025 - David Kakishiba, Chairperson",25-1205,https://ousd.legistar.com/gateway.aspx?M=L&ID=65541,Measures N and H Commission - High School Linked Learning Office - 2024-2025 Plan/Budget Modification,"Adoption by the Board of Education, upon recommendation of the Measures N and H Commission, of a 2024-2025 Education Improvement Plan/Budget modification for High School Linked Learning Office to reduce $96,500.00 Consultant Contract: to hire a fulltime Pathway Coach to work across the ten Charter Schools by $8,800.00 to $87,700, and establish a new strategic action to increase $14,400.00 Consultant Contracts: Contract with Robert Curtis by $8,800.00 to $23,200.00, as stated in the justification section of the New or Revised Strategic Action Section of the Budget Modification Form.",Appropriation,Measures N and H - College and Career Readiness Commission,,v-008704,,"Moves $8,800 within the Linked Learning Office's consultant funds to a new consultant contract","Under a 2024-2025 Measures N and H college and career funding plan change recommended by the Measures N and H Commission, the High School Linked Learning Office cuts a consultant line meant to hire a full-time Pathway Coach across the ten charter schools by $8,800, from $96,500 to $87,700. It raises a consultant contracts line by $8,800, from $14,400 to $23,200, for a contract with an individual consultant.","Budget, finance & payments",,other,Robert Curtis,individual,,no_cost,,,,,,,true,2024-07-01,2025-06-30,after_work_began,,,Adopted on the General Consent Report,2025-06-11,true,auto_ok,sonnet-agent,enrich.v5.md,true,
2025-06-11:25-1206,2025-06-11,2025-06-11,regular,L.-103,147,general,"Measures N and H Commission - June 3, 2025 - David Kakishiba, Chairperson",25-1206,https://ousd.legistar.com/gateway.aspx?M=L&ID=65542,Measures N and H Commission - Aspire Lionel Wilson College Preparatory Academy - 2024-2025 Plan/Budget Modification,"Adoption by the Board of Education, upon recommendation of the Measures N and H Commission, of a 2024-2025 Education Improvement Plan/Budget modification for Aspire Lionel Wilson College Preparatory Academy to reduce $62,814.10 Hire a College & Career Readiness Teacher/Specialist, 1.0 FTE by $28,151.00 to $34,663.10 and establish a new strategic action $28,151.00 Benefit costs associated with this position: Hire a College & Career Readiness Teacher/Specialist, 1.0 FTE, as stated in the justification section of the New or Revised Strategic Action Section of the Budget Modification Form.",Appropriation,Measures N and H - College and Career Readiness Commission,,,,"Moves $28,151 at Aspire Lionel Wilson Prep to benefit costs for a college and career specialist","Under a 2024-2025 Measures N and H college and career funding plan change recommended by the Measures N and H Commission, Aspire Lionel Wilson College Preparatory Academy cuts its line for a College & Career Readiness Teacher/Specialist (1.0 full-time equivalent) by $28,151, from $62,814.10 to $34,663.10. It creates a new $28,151 line for benefit costs for that same position.","Budget, finance & payments",,other,,,Aspire Lionel Wilson College Preparatory Academy,no_cost,,,,,,,true,2024-07-01,2025-06-30,after_work_began,,,Adopted on the General Consent Report,2025-06-11,true,auto_ok,sonnet-agent,enrich.v5.md,true,
2025-06-11:25-1483,2025-06-11,2025-06-11,regular,L.-104,148,general,"Measures N and H Commission - June 3, 2025 - David Kakishiba, Chairperson",25-1483,https://ousd.legistar.com/gateway.aspx?M=L&ID=65819,Measures N and H Commission - ARISE High School - Measures N and H Memorandum of Understanding - School Year 2025-2026,"Adoption by the Board of Education, upon recommendation of the Measures N and H Commission, of a Measures N and H Memorandum of Understanding by and between District and ARISE High School for Fiscal Year 2025-26, to ensure that revenues from the 2014 College and Career Readiness for All Act (“Measure N”) and revenues from the 2022 College and Career Readiness for All Act (“Measure H”, together with Measure N, ”Measures”) are spent in strict accordance with the Measures and is also an oversight and operational agreement that outlines and defines the Parties’ respective operational and reporting responsibilities for the Measures, in a cumulative amount not to exceed $319,600.00.",Appropriation,Measures N and H - College and Career Readiness Commission,,n-arise-high-school,,"Approves 2025-26 Measures N and H agreement with ARISE High School, up to $319,600","The Board is asked to adopt a memorandum of understanding (MOU) between the district and ARISE High School for fiscal year 2025-26. It sets out how revenue from Measure N (2014) and Measure H (2022), both called the College and Career Readiness for All Act, is spent and reported, and spells out each side's operating and reporting duties. The cumulative amount may not exceed $319,600.00.","Budget, finance & payments",,new_agreement,ARISE High School,organization,ARISE High School,expense,not_to_exceed,319600,,,,,true,2025-07-01,2026-06-30,,,,Adopted on the General Consent Report,2025-06-11,true,auto_ok,sonnet-agent,enrich.v5.md,true,
2025-06-11:25-1484,2025-06-11,2025-06-11,regular,L.-105,149,general,"Measures N and H Commission - June 3, 2025 - David Kakishiba, Chairperson",25-1484,https://ousd.legistar.com/gateway.aspx?M=L&ID=65820,Measures N and H Commission - Aspire Golden State Preparatory Academy - Measures N and H Memorandum of Understanding - School Year 2025-2026,"Adoption by the Board of Education, upon recommendation of the Measures N and H Commission, of a Measures N and H Memorandum of Understanding by and between District and Aspire Golden State Preparatory Academy for Fiscal Year 2025-26, to ensure that revenues from the 2014 College and Career Readiness for All Act (“Measure N”) and revenues from the 2022 College and Career Readiness for All Act (“Measure H”, together with Measure N, ”Measures”) are spent in strict accordance with the Measures and is also an oversight and operational agreement that outlines and defines the Parties’ respective operational and reporting responsibilities for the Measures, in a cumulative amount not to exceed $189,550.00.",Appropriation,Measures N and H - College and Career Readiness Commission,,n-aspire-golden-state-preparatory-academy,,"Approves 2025-26 Measures N and H agreement with Aspire Golden State Preparatory Academy, up to $189,550","The Board is asked to adopt a memorandum of understanding (MOU) between the district and Aspire Golden State Preparatory Academy for fiscal year 2025-26. It sets out how revenue from Measure N (2014) and Measure H (2022), both called the College and Career Readiness for All Act, is spent and reported, and spells out each side's operating and reporting duties. The cumulative amount may not exceed $189,550.00.","Budget, finance & payments",,new_agreement,Aspire Golden State Preparatory Academy,organization,Aspire Golden State Preparatory Academy,expense,not_to_exceed,189550,,,,,true,2025-07-01,2026-06-30,,,,Adopted on the General Consent Report,2025-06-11,true,auto_ok,sonnet-agent,enrich.v5.md,true,
2025-06-11:25-1485,2025-06-11,2025-06-11,regular,L.-106,150,general,"Measures N and H Commission - June 3, 2025 - David Kakishiba, Chairperson",25-1485,https://ousd.legistar.com/gateway.aspx?M=L&ID=65821,Measures N and H Commission - ASPIRE Lionel Wilson College Preparatory Academy - Measures N and H Memorandum of Understanding - School Year 2025-2026,"Adoption by the Board of Education, upon recommendation of the Measures N and H Commission, of a Measures N and H Memorandum of Understanding by and between District and ASPIRE Lionel Wilson Prep for Fiscal Year 2025-26, to ensure that revenues from the 2014 College and Career Readiness for All Act (“Measure N”) and revenues from the 2022 College and Career Readiness for All Act (“Measure H”, together with Measure N, ”Measures”) are spent in strict accordance with the Measures and is also an oversight and operational agreement that outlines and defines the Parties’ respective operational and reporting responsibilities for the Measures, in a cumulative amount not to exceed $182,750.00.",Appropriation,Measures N and H - College and Career Readiness Commission,,n-aspire-lionel-wilson-college-preparatory-academy,,"Approves 2025-26 Measures N and H agreement with Aspire Lionel Wilson Prep, up to $182,750","The Board is asked to adopt a memorandum of understanding (MOU) between the district and Aspire Lionel Wilson College Preparatory Academy for fiscal year 2025-26. It sets out how revenue from Measure N (2014) and Measure H (2022), both called the College and Career Readiness for All Act, is spent and reported, and spells out each side's operating and reporting duties. The cumulative amount may not exceed $182,750.00.","Budget, finance & payments",,new_agreement,Aspire Lionel Wilson College Preparatory Academy,organization,Aspire Lionel Wilson College Preparatory Academy,expense,not_to_exceed,182750,,,,,true,2025-07-01,2026-06-30,,,,Adopted on the General Consent Report,2025-06-11,true,auto_ok,sonnet-agent,enrich.v5.md,true,
2025-06-11:25-1486,2025-06-11,2025-06-11,regular,L.-107,151,general,"Measures N and H Commission - June 3, 2025 - David Kakishiba, Chairperson",25-1486,https://ousd.legistar.com/gateway.aspx?M=L&ID=65822,Measures N and H Commission - East Bay Innovation Academy - Measures N and H Memorandum of Understanding - School Year 2025-2026,"Adoption by the Board of Education, upon recommendation of the Measures N and H Commission, of a Measures N and H Memorandum of Understanding by and between District and East Bay Innovation Academy for Fiscal Year 2025-26, to ensure that revenues from the 2014 College and Career Readiness for All Act (“Measure N”) and revenues from the 2022 College and Career Readiness for All Act (“Measure H”, together with Measure N, ”Measures”) are spent in strict accordance with the Measures and is also an oversight and operational agreement that outlines and defines the Parties’ respective operational and reporting responsibilities for the Measures, in a cumulative amount not to exceed $214,798.30.",Appropriation,Measures N and H - College and Career Readiness Commission,,n-east-bay-innovation-academy,,"Approves 2025-26 Measures N and H agreement with East Bay Innovation Academy, up to $214,798.30","The Board is asked to adopt a memorandum of understanding (MOU) between the district and East Bay Innovation Academy for fiscal year 2025-26. It sets out how revenue from Measure N (2014) and Measure H (2022), both called the College and Career Readiness for All Act, is spent and reported, and spells out each side's operating and reporting duties. The cumulative amount may not exceed $214,798.30.","Budget, finance & payments",,new_agreement,East Bay Innovation Academy,organization,East Bay Innovation Academy,expense,not_to_exceed,214798.3,,,,,true,2025-07-01,2026-06-30,,,,Adopted on the General Consent Report,2025-06-11,true,auto_ok,sonnet-agent,enrich.v5.md,true,
2025-06-11:25-1487,2025-06-11,2025-06-11,regular,L.-108,152,general,"Measures N and H Commission - June 3, 2025 - David Kakishiba, Chairperson",25-1487,https://ousd.legistar.com/gateway.aspx?M=L&ID=65823,Measures N and H Commission - Envision Academy - Measures N and H Memorandum of Understanding - School Year 2025-2026,"Adoption by the Board of Education, upon recommendation of the Measures N and H Commission, of a Measures N and H Memorandum of Understanding by and between District and Envision Academy for Fiscal Year 2025-26, to ensure that revenues from the 2014 College and Career Readiness for All Act (“Measure N”) and revenues from the 2022 College and Career Readiness for All Act (“Measure H”, together with Measure N, ”Measures”) are spent in strict accordance with the Measures and is also an oversight and operational agreement that outlines and defines the Parties’ respective operational and reporting responsibilities for the Measures, in a cumulative amount not to exceed $110,500.00",Appropriation,Measures N and H - College and Career Readiness Commission,,n-envision-academy-of-arts-and-technology,,"Approves 2025-26 Measures N and H agreement with Envision Academy, up to $110,500","The Board is asked to adopt a memorandum of understanding (MOU) between the district and Envision Academy for fiscal year 2025-26. It sets out how revenue from Measure N (2014) and Measure H (2022), both called the College and Career Readiness for All Act, is spent and reported, and spells out each side's operating and reporting duties. The cumulative amount may not exceed $110,500.00.","Budget, finance & payments",,new_agreement,Envision Academy,organization,Envision Academy,expense,not_to_exceed,110500,,,,,true,2025-07-01,2026-06-30,,,,Adopted on the General Consent Report,2025-06-11,true,auto_ok,sonnet-agent,enrich.v5.md,true,
2025-06-11:25-1488,2025-06-11,2025-06-11,regular,L.-109,153,general,"Measures N and H Commission - June 3, 2025 - David Kakishiba, Chairperson",25-1488,https://ousd.legistar.com/gateway.aspx?M=L&ID=65824,Measures N and H Commission - Leadership Public School Oakland R&D - Measures N and H Memorandum of Understanding - School Year 2025-2026,"Adoption by the Board of Education, upon recommendation of the Measures N and H Commission, of a Measures N and H Memorandum of Understanding by and between District and Leadership Public School Oakland R&D for Fiscal Year 2025-26, to ensure that revenues from the 2014 College and Career Readiness for All Act (“Measure N”) and revenues from the 2022 College and Career Readiness for All Act (“Measure H”, together with Measure N, ”Measures”) are spent in strict accordance with the Measures and is also an oversight and operational agreement that outlines and defines the Parties’ respective operational and reporting responsibilities for the Measures, in a cumulative amount not to exceed $284,325.00.",Appropriation,Measures N and H - College and Career Readiness Commission,,n-leadership-public-schools-oakland-r-and-d,,"Approves 2025-26 Measures N and H agreement with Leadership Public School Oakland R&D, up to $284,325","The Board is asked to adopt a memorandum of understanding (MOU) between the district and Leadership Public School Oakland R&D for fiscal year 2025-26. It sets out how revenue from Measure N (2014) and Measure H (2022), both called the College and Career Readiness for All Act, is spent and reported, and spells out each side's operating and reporting duties. The cumulative amount may not exceed $284,325.00.","Budget, finance & payments",,new_agreement,Leadership Public School Oakland R&D,organization,Leadership Public School Oakland R&D,expense,not_to_exceed,284325,,,,,true,2025-07-01,2026-06-30,,,,Adopted on the General Consent Report,2025-06-11,true,auto_ok,sonnet-agent,enrich.v5.md,true,
2025-06-11:25-1489,2025-06-11,2025-06-11,regular,L.-110,154,general,"Measures N and H Commission - June 3, 2025 - David Kakishiba, Chairperson",25-1489,https://ousd.legistar.com/gateway.aspx?M=L&ID=65825,Measures N and H Commission - Lighthouse Community Charter Public High School - Measures N and H Memorandum of Understanding - School Year 2025-2026,"Adoption by the Board of Education, upon recommendation of the Measures N and H Commission, of a Measures N and H Memorandum of Understanding by and between District and Lighthouse Community Charter High School for Fiscal Year 2025-26, to ensure that revenues from the 2014 College and Career Readiness for All Act (“Measure N”) and revenues from the 2022 College and Career Readiness for All Act (“Measure H”, together with Measure N, ”Measures”) are spent in strict accordance with the Measures and is also an oversight and operational agreement that outlines and defines the Parties’ respective operational and reporting responsibilities for the Measures, in a cumulative amount not to exceed $222,700.00.",Appropriation,Measures N and H - College and Career Readiness Commission,,n-lighthouse-community-charter-high-school,,"Approves 2025-26 Measures N and H agreement with Lighthouse Community Charter High School, up to $222,700","The Board is asked to adopt a memorandum of understanding (MOU) between the district and Lighthouse Community Charter High School for fiscal year 2025-26. It sets out how revenue from Measure N (2014) and Measure H (2022), both called the College and Career Readiness for All Act, is spent and reported, and spells out each side's operating and reporting duties. The cumulative amount may not exceed $222,700.00.","Budget, finance & payments",,new_agreement,Lighthouse Community Charter High School,organization,Lighthouse Community Charter High School,expense,not_to_exceed,222700,,,,,true,2025-07-01,2026-06-30,,,,Adopted on the General Consent Report,2025-06-11,true,auto_ok,sonnet-agent,enrich.v5.md,true,
2025-06-11:25-1490,2025-06-11,2025-06-11,regular,L.-111,155,general,"Measures N and H Commission - June 3, 2025 - David Kakishiba, Chairperson",25-1490,https://ousd.legistar.com/gateway.aspx?M=L&ID=65826,Measures N and H Commission - Oakland School for the Arts - Measures N and H Memorandum of Understanding - School Year 2025-2026,"Adoption by the Board of Education, upon recommendation of the Measures N and H Commission, of a Measures N and H Memorandum of Understanding by and between District and Oakland School for the Arts for Fiscal Year 2025-26, to ensure that revenues from the 2014 College and Career Readiness for All Act (“Measure N”) and revenues from the 2022 College and Career Readiness for All Act (“Measure H”, together with Measure N, ”Measures”) are spent in strict accordance with the Measures and is also an oversight and operational agreement that outlines and defines the Parties’ respective operational and reporting responsibilities for the Measures, in a cumulative amount not to exceed $322,703.91.",Appropriation,Measures N and H - College and Career Readiness Commission,,n-oakland-school-for-arts,,"Approves 2025-26 Measures N and H agreement with Oakland School for the Arts, up to $322,703.91","The Board is asked to adopt a memorandum of understanding (MOU) between the district and Oakland School for the Arts for fiscal year 2025-26. It sets out how revenue from Measure N (2014) and Measure H (2022), both called the College and Career Readiness for All Act, is spent and reported, and spells out each side's operating and reporting duties. The cumulative amount may not exceed $322,703.91.","Budget, finance & payments",,new_agreement,Oakland School for the Arts,organization,Oakland School for the Arts,expense,not_to_exceed,322703.91,,,,,true,2025-07-01,2026-06-30,,,,Adopted on the General Consent Report,2025-06-11,true,auto_ok,sonnet-agent,enrich.v5.md,true,
2025-06-11:25-1491,2025-06-11,2025-06-11,regular,L.-112,156,general,"Measures N and H Commission - June 3, 2025 - David Kakishiba, Chairperson",25-1491,https://ousd.legistar.com/gateway.aspx?M=L&ID=65827,Measures N and H Commission - Oakland Unity High School - Measures N and H Memorandum of Understanding - School Year 2025-2026,"Adoption by the Board of Education, upon recommendation of the Measures N and H Commission, of a Measures N and H Memorandum of Understanding by and between District and Oakland Unity High School for Fiscal Year 2025-26, to ensure that revenues from the 2014 College and Career Readiness for All Act (“Measure N”) and revenues from the 2022 College and Career Readiness for All Act (“Measure H”, together with Measure N, ”Measures”) are spent in strict accordance with the Measures and is also an oversight and operational agreement that outlines and defines the Parties’ respective operational and reporting responsibilities for the Measures, in a cumulative amount not to exceed $241,400.00.",Appropriation,Measures N and H - College and Career Readiness Commission,,n-oakland-unity-high-school,,"Approves 2025-26 Measures N and H agreement with Oakland Unity High School, up to $241,400","The Board is asked to adopt a memorandum of understanding (MOU) between the district and Oakland Unity High School for fiscal year 2025-26. It sets out how revenue from Measure N (2014) and Measure H (2022), both called the College and Career Readiness for All Act, is spent and reported, and spells out each side's operating and reporting duties. The cumulative amount may not exceed $241,400.00.","Budget, finance & payments",,new_agreement,Oakland Unity High School,organization,Oakland Unity High School,expense,not_to_exceed,241400,,,,,true,2025-07-01,2026-06-30,,,,Adopted on the General Consent Report,2025-06-11,true,auto_ok,sonnet-agent,enrich.v5.md,true,
2025-06-11:25-1492,2025-06-11,2025-06-11,regular,L.-113,157,general,"Measures N and H Commission - June 3, 2025 - David Kakishiba, Chairperson",25-1492,https://ousd.legistar.com/gateway.aspx?M=L&ID=65828,Measures N and H Commission - Lodestar: A Lighthouse Community Charter Public School - Measures N and H Memorandum of Understanding - School Year 2025-2026,"Adoption by the Board of Education, upon recommendation of the Measures N and H Commission, of a Measures N and H Memorandum of Understanding by and  between District and Lodestar: A Lighthouse Community Charter Public School for Fiscal Year 2025-26, to ensure that revenues from the 2014 College and Career Readiness for All Act (“Measure N”) and revenues from the 2022 College and Career Readiness for All Act (“Measure H”, together with Measure N, ”Measures”) are spent in strict accordance with the Measures and is also an oversight and operational agreement that outlines and defines the Parties’ respective operational and reporting responsibilities for the Measures, in a cumulative amount not to exceed $177,650.00.",Appropriation,Measures N and H - College and Career Readiness Commission,,n-lodestar-a-lighthouse-community-charter-public-school,,"Approves 2025-26 Measures N and H agreement with Lodestar Charter School, up to $177,650","The Board is asked to adopt a memorandum of understanding (MOU) between the district and Lodestar: A Lighthouse Community Charter Public School for fiscal year 2025-26. It sets out how revenue from Measure N (2014) and Measure H (2022), both called the College and Career Readiness for All Act, is spent and reported, and spells out each side's operating and reporting duties. The cumulative amount may not exceed $177,650.00.","Budget, finance & payments",,new_agreement,Lodestar: A Lighthouse Community Charter Public School,organization,Lodestar: A Lighthouse Community Charter Public School,expense,not_to_exceed,177650,,,,,true,2025-07-01,2026-06-30,,,,Adopted on the General Consent Report,2025-06-11,true,auto_ok,sonnet-agent,enrich.v5.md,true,
2025-06-11:25-1493,2025-06-11,2025-06-11,regular,L.-114,158,general,"Measures N and H Commission - June 3, 2025 - David Kakishiba, Chairperson",25-1493,https://ousd.legistar.com/gateway.aspx?M=L&ID=65829,Measures N and H Commission - Emiliano Zapata Street Academy - Measures N and H Memorandum of Understanding - School Year 2025-2026,"Adoption by the Board of Education, upon recommendation of the Measures N and H Commission, of a Measures N and H Memorandum of Understanding by and between District and Oakland Emiliano Zapata Street Academy for Fiscal Year 2025-26, to ensure that revenues from the 2014 College and Career Readiness for All Act (“Measure N”) and revenues from the 2022 College and Career Readiness for All Act (“Measure H”, together with Measure N, ”Measures”) are spent in strict accordance with the Measures and is also an oversight and operational agreement that outlines and defines the Parties’ respective operational and reporting responsibilities for the Measures, in a cumulative amount not to exceed $73,468.24.",Appropriation,Measures N and H - College and Career Readiness Commission,,n-oakland-emiliano-zapata-street-academy,,"Approves 2025-26 Measures N and H agreement with Oakland Emiliano Zapata Street Academy, up to $73,468.24","The Board is asked to adopt a memorandum of understanding (MOU) between the district and Oakland Emiliano Zapata Street Academy for fiscal year 2025-26. It sets out how revenue from Measure N (2014) and Measure H (2022), both called the College and Career Readiness for All Act, is spent and reported, and spells out each side's operating and reporting duties. The cumulative amount may not exceed $73,468.24.","Budget, finance & payments",,new_agreement,Oakland Emiliano Zapata Street Academy,organization,Oakland Emiliano Zapata Street Academy,expense,not_to_exceed,73468.24,,,,,true,2025-07-01,2026-06-30,,,,Adopted on the General Consent Report,2025-06-11,true,auto_ok,sonnet-agent,enrich.v5.md,true,
2025-06-11:25-1495,2025-06-11,2025-06-11,regular,L.-115,159,general,"Measures N and H Commission - June 3, 2025 - David Kakishiba, Chairperson",25-1495,https://ousd.legistar.com/gateway.aspx?M=L&ID=65831,Measures N and H Commission - Leadership Public School Oakland R&D - 2024-2025 Plan/Budget Modification,"Adoption by the Board of Education, upon recommendation of the Measures N and H Commission, of a 2024-2025 Education Improvement Plan/Budget modification for Leadership Public School to the following two line items: (1) reduce $10,000.00 Transportation to College and Career Events by $10,000.00 to $0.00 (2) reduce $4,500.00 Admission Fees for College and Career Events by $4,500.00 to $0.00, (3) reduce $3,500.00 Compensation for common planning time after work-day hours by $2,500.00 to $1,000.00, and establish a new strategic action $17,000.00 Additional Rentals: Media Rentals for the Creative Media Fest. 25, as stated in the justification section of the New or Revised Strategic Action Section of the Budget Modification Form.",Appropriation,Measures N and H - College and Career Readiness Commission,,,,"Moves $17,000 at Leadership Public School Oakland R&D from events and planning time to media rentals","Under a 2024-2025 Measures N and H college and career funding plan change recommended by the Measures N and H Commission, Leadership Public School cuts three lines: transportation to college and career events by $10,000, admission fees for those events by $4,500, and pay for common planning time after work-day hours by $2,500. It creates a new $17,000 line for media rentals for the Creative Media Fest. 25.","Budget, finance & payments",,other,,,Leadership Public School Oakland R&D,no_cost,,,,,,,true,2024-07-01,2025-06-30,after_work_began,,,Adopted on the General Consent Report,2025-06-11,true,auto_ok,sonnet-agent,enrich.v5.md,true,
2025-06-11:25-1496,2025-06-11,2025-06-11,regular,L.-116,160,general,"Measures N and H Commission - June 3, 2025 - David Kakishiba, Chairperson",25-1496,https://ousd.legistar.com/gateway.aspx?M=L&ID=65832,Measures N and H Commission - Leadership Public School Oakland R&D - 2024-2025 Plan/Budget Modification,"Adoption by the Board of Education, upon recommendation of the Measures N and H Commission, of a 2024-2025 Education Improvement Plan/Budget modification for Leadership Public School to the following two line items: (1) reduce $5,000.00 PBL Works Summer Institute Registration and Travel Fees by $5,000.00 to $0.00 (2) reduce $15,000.00 PD and Coaching for School-wide Interdisciplinary Projects by $15,000.00 to $0.00, and establish a new strategic action $20,000.00 Professional Development Consulting: PBL Works Summer Institute Registration and Travel Fees for 3 teachers, as stated in the justification section of the New or Revised Strategic Action Section of the Budget Modification Form.",Appropriation,Measures N and H - College and Career Readiness Commission,,,,"Moves $20,000 at Leadership Public School Oakland R&D to Summer Institute fees for 3 teachers","Under a 2024-2025 Measures N and H college and career funding plan change recommended by the Measures N and H Commission, Leadership Public School cuts two lines to $0.00: PBL Works Summer Institute registration and travel fees by $5,000, and professional development and coaching for school-wide interdisciplinary projects by $15,000. It creates a new $20,000 line for professional development consulting that covers Summer Institute registration and travel fees for 3 teachers.","Budget, finance & payments",,other,,,Leadership Public School Oakland R&D,no_cost,,,,,,,true,2024-07-01,2025-06-30,after_work_began,,,Adopted on the General Consent Report,2025-06-11,true,auto_ok,sonnet-agent,enrich.v5.md,true,
2025-06-11:25-1497,2025-06-11,2025-06-11,regular,L.-117,161,general,"Measures N and H Commission - June 3, 2025 - David Kakishiba, Chairperson",25-1497,https://ousd.legistar.com/gateway.aspx?M=L&ID=65833,Measures N and H Commission - Leadership Public School Oakland R&D - 2024-2025 Plan/Budget Modification,"Adoption by the Board of Education, upon recommendation of the Measures N and H Commission, of a 2024-2025 Education Improvement Plan/Budget modification for Leadership Public School to the following two line items: (1) reduce $2,500.00 Internship and Apprenticeship Stipends by $2,500.00 to $0.00 (2) reduce $2,078.11 ID Card Printer for Student Designed Club IDs by $2,078.11 to $0.00, and establish a new strategic action $4,578.11 Non-Capitalized Equipment, as stated in the justification section of the New or Revised Strategic Action Section of the Budget Modification Form.",Appropriation,Measures N and H - College and Career Readiness Commission,,,,"Moves $4,578.11 at Leadership Public School Oakland R&D from stipends and an ID card printer to equipment","Under a 2024-2025 Measures N and H college and career funding plan change recommended by the Measures N and H Commission, Leadership Public School cuts internship and apprenticeship stipends by $2,500 and an ID card printer for student-designed club IDs by $2,078.11, both to $0.00. It creates a new $4,578.11 line listed as non-capitalized equipment.","Budget, finance & payments",,other,,,Leadership Public School Oakland R&D,no_cost,,,,,,,true,2024-07-01,2025-06-30,after_work_began,,,Adopted on the General Consent Report,2025-06-11,true,auto_ok,sonnet-agent,enrich.v5.md,true,
2025-06-11:25-1498,2025-06-11,2025-06-11,regular,L.-118,162,general,"Measures N and H Commission - June 3, 2025 - David Kakishiba, Chairperson",25-1498,https://ousd.legistar.com/gateway.aspx?M=L&ID=65834,Measures N and H Commission - Envision Academy - 2024-2025 Plan/Budget Modification,"Adoption by the Board of Education, upon recommendation of the Measures N and H Commission, of a 2024-2025 Education Improvement Plan/Budget modification for Envision Academy to reduce $40,382.97 Strategic Carryover by $2,100.00 to $38,282.97 and establish a new strategic action $2,100.00 License Agreements: Funds to purchase licensing agreements for the Gladeo Career Development Course, as stated in the justification section of the New or Revised Strategic Action Section of the Budget Modification Form.",Appropriation,Measures N and H - College and Career Readiness Commission,,,,"Moves $2,100 at Envision Academy from carryover funds to Gladeo career course licenses","Under a 2024-2025 Measures N and H college and career funding plan change recommended by the Measures N and H Commission, Envision Academy cuts its Strategic Carryover line by $2,100, from $40,382.97 to $38,282.97. It creates a new $2,100 line to buy licensing agreements for the Gladeo Career Development Course.","Budget, finance & payments",,other,,,Envision Academy,no_cost,,,,,,,true,2024-07-01,2025-06-30,after_work_began,,,Adopted on the General Consent Report,2025-06-11,true,auto_ok,sonnet-agent,enrich.v5.md,true,
2025-06-11:25-1499,2025-06-11,2025-06-11,regular,L.-119,163,general,"Measures N and H Commission - June 3, 2025 - David Kakishiba, Chairperson",25-1499,https://ousd.legistar.com/gateway.aspx?M=L&ID=65835,Measures N and H Commission - Envision Academy - 2024-2025 Plan/Budget Modification,"Adoption by the Board of Education, upon recommendation of the Measures N and H Commission, of a 2024-2025 Education Improvement Plan/Budget modification for Envision Academy to reduce $40,921.97 Strategic Carryover by $539.00 to $40,382.97 and establish a new strategic action $539.00 Equipment: Funds to purchase 35 Logitech MK120 Desktop Corded Keyboard & Mouse Combos, as stated in the justification section of the New or Revised Strategic Action Section of the Budget Modification Form",Appropriation,Measures N and H - College and Career Readiness Commission,,,,Moves $539 at Envision Academy from carryover funds to keyboards and mice,"Under a 2024-2025 Measures N and H college and career funding plan change recommended by the Measures N and H Commission, Envision Academy cuts its Strategic Carryover line by $539, from $40,921.97 to $40,382.97. It creates a new $539 line to buy 35 Logitech MK120 corded keyboard and mouse combos.","Budget, finance & payments",,other,,,Envision Academy,no_cost,,,,,,,true,2024-07-01,2025-06-30,after_work_began,,,Adopted on the General Consent Report,2025-06-11,true,auto_ok,sonnet-agent,enrich.v5.md,true,
2025-06-11:25-1545,2025-06-11,2025-06-11,regular,L.-120,164,general,"Measures N and H Commission - June 3, 2025 - David Kakishiba, Chairperson",25-1545,https://ousd.legistar.com/gateway.aspx?M=L&ID=65881,Measures N and H Commission - Leadership Public School Oakland R&D - 2024-2025 Plan/Budget Modification,"Adoption by the Board of Education, upon recommendation of the Measures N and H Commission, of a 2024-2025 Education Improvement Plan/Budget modification for Leadership Public School to the following two line items: (1) reduce $3,500.00 Equipment for Media Studio by $3,500.00 to $0.00 (2) reduce $2,500.00 PD and Coaching for Art and Design Teacher by $2,500.00 to $0.00, and establish a new strategic action to increase $15,000.00 General Consulting: Partnership with REEL Oakland by $6,000.00 to $21,000.00, as stated in the justification section of the New or Revised Strategic Action Section of the Budget Modification Form",Appropriation,Measures N and H - College and Career Readiness Commission,,n-reel-oakland,,"Moves $6,000 at Leadership Public School Oakland R&D to raise its REEL Oakland partnership to $21,000","Under a 2024-2025 Measures N and H college and career funding plan change recommended by the Measures N and H Commission, Leadership Public School cuts equipment for its media studio by $3,500 and professional development and coaching for an art and design teacher by $2,500, both to $0.00. It raises a general consulting line for a partnership with REEL Oakland by $6,000, from $15,000 to $21,000.","Budget, finance & payments",,other,REEL Oakland,organization,Leadership Public School Oakland R&D,no_cost,,,,,,,true,2024-07-01,2025-06-30,after_work_began,,,Adopted on the General Consent Report,2025-06-11,true,auto_ok,sonnet-agent,enrich.v5.md,true,
2025-06-11:25-1546,2025-06-11,2025-06-11,regular,L.-121,165,general,"Measures N and H Commission - June 3, 2025 - David Kakishiba, Chairperson",25-1546,https://ousd.legistar.com/gateway.aspx?M=L&ID=65882,Measures N and H Commission - Leadership Public School Oakland R&D - 2024-2025 Plan/Budget Modification,"Adoption by the Board of Education, upon recommendation of the Measures N and H Commission, of a 2024-2025 Education Improvement Plan/Budget modification for Leadership Public School Oakland R&D to reduce $15,000.00 Internship and Apprenticeship Stipends by $12,500.00 to $2,500.00and establish a new strategic action $12,500.00 Travel and Conference, as stated in the justification section of the New or Revised Strategic Action Section of the Budget Modification Form.",Appropriation,Measures N and H - College and Career Readiness Commission,,,,"Shifts $12,500 of Leadership Public School Oakland R&D's Measures N and H funds from stipends to travel","The board is asked to approve a change to the 2024-25 spending plan that Leadership Public School Oakland R&D uses for Measures N and H money, after the Measures N and H Commission recommended it. Internship and apprenticeship stipends drop from $15,000 to $2,500, and a new $12,500 line for travel and conference costs is created. No new money is added; funds move between lines in the same plan.","Budget, finance & payments",,other,,,Leadership Public School Oakland R&D,no_cost,,,,,,,true,2024-07-01,2025-06-30,after_work_began,,,Adopted on the General Consent Report,2025-06-11,true,auto_ok,sonnet-agent,enrich.v5.md,true,
2025-06-11:25-1643,2025-06-11,2025-06-11,regular,L.-122,167,general,"Measure G1 – Districtwide Teacher Retention and Middle School Improvement Act Oversight Commission - June 3, 2025 - Edmund Chun, Chairperson",25-1643,https://ousd.legistar.com/gateway.aspx?M=L&ID=65979,Measure G1 Districtwide Teacher Retention and Middle School Improvement Act Oversight Commission - Measure G1 Funding Allocation - Named Schools,Adoption by the Board of Education of Resolution No. 2425-0257 - Measure G1 - Districtwide Teacher Retention and Middle School Improvement Act Oversight Commission Recommendation Approving 2025-2026 G1 Application for Named Schools.,Resolution,Board of Education,,,,"Approves the 2025-26 Measure G1 funding application for named schools, on the oversight commission's advice","The board is asked to adopt a resolution approving the 2025-26 Measure G1 application for named schools, as recommended by the Measure G1 oversight commission. Measure G1 is the local parcel tax for teacher retention and middle school improvement. The text does not state a dollar amount.","Budget, finance & payments",,resolution_or_policy,,,,no_cost,,,,,,,true,2025-07-01,2026-06-30,budget_allocation,,,Adopted on the General Consent Report,2025-06-11,true,auto_ok,sonnet-agent,enrich.v5.md,true,
2025-06-11:25-0994,2025-06-11,2025-06-11,regular,M.-1,169,bonds,,25-0994,https://ousd.legistar.com/gateway.aspx?M=L&ID=65330,"Amendment No. 1, Agreement Between Owner and Alternative Design-Builder – C. Overaa & Company – Coliseum College Preparatory Academy Site Expansion Project– Division of Facilities Planning and Management","Approval by the Board of Education of Amendment No. 1, Award of Agreement Between Owner and Alternative Design-Builder Contract by and between the District and C. Overaa & Company, Richmond, CA., to provide additional redesign and development services, which include the preparation of preliminary schematic diagrams for classroom breakout spaces that meet the 960-square-foot code requirements for the Coliseum College Preparatory Academy Site Expansion Project, in an additional amount of $295,520.00, increasing Agreement’s total not-to-exceed amount from $2,882,578.00 to $3,178,098.00,  and extending the term of the Agreement from August 29, 2024, through September 30, 2027 to December 6, 2027, (an additional 67 days). All other terms and conditions of the Agreement remain in full force and effect.",Agreement or Contract,"Deputy Chief, Facilities Planning and Management",009061,v-009061,Fund 21 Building Fund Measure Y,"Adds $295,520 to C. Overaa & Company's Coliseum College Prep expansion design-build contract","This amendment pays C. Overaa & Company, the firm that both designs and builds the project, an extra $295,520 for more redesign work, including plans for classroom breakout spaces that meet the 960-square-foot code requirement. The contract's not-to-exceed total rises from $2,882,578 to $3,178,098. The end date moves from September 30, 2027 to December 6, 2027, which is 67 more days.",School buildings & construction,,amendment,C. Overaa & Company,organization,Coliseum College Preparatory Academy,expense,not_to_exceed,295520,,,2882578,3178098,true,2024-08-29,2027-12-06,raises_existing_contract; multi_year,,,Adopted on the General Consent Report,2025-06-11,true,auto_ok,sonnet-agent,enrich.v5.md,true,
2025-06-11:25-1341,2025-06-11,2025-06-11,regular,M.-2,170,bonds,,25-1341,https://ousd.legistar.com/gateway.aspx?M=L&ID=65677,"Agreement for Inspector of Record Services for Construction – Anthonio, Inc. – McClymonds High School Modernization Project - Division of Facilities Planning and Management","Approval by the Board of Education of an Inspector of Record Services Agreement by and between the District and Anthonio, Inc., Oakland, CA, for the latter to provide Inspector of Record Services for Construction for the McClymonds High School Modernization Project, in the not-to-exceed amount of $705,408.00, which includes a not-to-exceed amount for Additional Services of $64,128.00, with work scheduled to commence on June 12, 2025, and scheduled to last until June 30, 2027.",Agreement or Contract,"Deputy Chief, Facilities Planning and Management",000453,v-000453,Building Fund 21 Measure Y,"Hires Anthonio, Inc. as construction inspector for McClymonds High modernization, up to $705,408","Anthonio, Inc. of Oakland would serve as the inspector of record for construction on the McClymonds High School Modernization Project, for no more than $705,408. That amount includes up to $64,128 for additional services. Work is scheduled from June 12, 2025 to June 30, 2027.",School buildings & construction,,new_agreement,"Anthonio, Inc.",organization,McClymonds High School,expense,not_to_exceed,705408,,,,,true,2025-06-12,2027-06-30,multi_year,,,Adopted on the General Consent Report,2025-06-11,true,auto_ok,sonnet-agent,enrich.v5.md,true,
2025-06-11:25-1343,2025-06-11,2025-06-11,regular,M.-3,171,bonds,,25-1343,https://ousd.legistar.com/gateway.aspx?M=L&ID=65679,"General Services Agreement Valley Relocation and Storage of Northern California, Inc. - Coliseum College Preparatory Academy Site Expansion Project - Division of Facilities Planning and Management","Approval by the Board of Education of a General Services Agreement by and between the District and Valley Relocation and Storage of Northern California, Inc., Concord, CA, for the latter to provide relocation services for three classrooms from Coliseum College Preparatory Academy to Lockwood STEAM Academy, as part of the Coliseum College Preparatory Academy Site Expansion Project, in the not to exceed amount of $8,283.00, which includes a not-to-exceed amount for Additional Services of $753.00, with work scheduled to commence on June 12, 2025, and scheduled to last until September 30, 2025.",Motion,"Deputy Chief, Facilities Planning and Management",004478,v-004478,Building Fund 21 Measure y,"Pays Valley Relocation and Storage up to $8,283 to move three classrooms to Lockwood STEAM Academy","Valley Relocation and Storage of Northern California, Inc. would move three classrooms from Coliseum College Preparatory Academy to Lockwood STEAM Academy, as part of the Coliseum site expansion project. The cost is capped at $8,283, which includes up to $753 for additional services. Work runs from June 12, 2025 to September 30, 2025.",School buildings & construction,,new_agreement,"Valley Relocation and Storage of Northern California, Inc.",organization,Coliseum College Preparatory Academy; Lockwood STEAM Academy,expense,not_to_exceed,8283,,,,,true,2025-06-12,2025-09-30,,,,Adopted on the General Consent Report,2025-06-11,true,auto_ok,sonnet-agent,enrich.v5.md,true,
2025-06-11:25-1376,2025-06-11,2025-06-11,regular,M.-4,172,bonds,,25-1376,https://ousd.legistar.com/gateway.aspx?M=L&ID=65712,"Amendment No. 1, Agreement for Inspector of Record Services - King Construction Inspection, Inc. - Roosevelt Middle School Modernization Project - Division of Facilities Planning and Management","Approval by the Board of Education of Amendment No. 1, Agreement for Inspector of Record Services for Construction  by and between the District and King Construction Inspection, Inc., Oakland, CA, for the latter to provide additional professional services, which consist of added Scope for Fire Alarm and Intrusion testing, as outlined in the Proposal dated March 21, 2025, which is attached to this Amendment as Exhibit A, incorporated herein by reference as though fully set forth, for the Roosevelt Middle School Modernization Project, in an additional amount of $55,823.20, increasing the Agreement’s total not-to-exceed amount from $72,742.99, to $128,566.19.  All other terms and conditions of the Agreement remain in full force and effect.",Agreement or Contract,"Deputy Chief, Facilities Planning and Management",007828,v-007828,Fund 21 Building Fund Measure Y,"Adds $55,823.20 for King Construction Inspection's fire alarm and intrusion testing at Roosevelt Middle","This amendment adds $55,823.20 to King Construction Inspection, Inc.'s contract as inspector of record for the Roosevelt Middle School Modernization Project. The extra money covers added fire alarm and intrusion testing. The contract's not-to-exceed total rises from $72,742.99 to $128,566.19.",School buildings & construction,,amendment,"King Construction Inspection, Inc.",organization,Roosevelt Middle School,expense,not_to_exceed,55823.2,,,72742.99,128566.19,true,,,raises_existing_contract; large_increase,,,Adopted on the General Consent Report,2025-06-11,true,auto_ok,sonnet-agent,enrich.v5.md,true,
