item_id,meeting_key,meeting_date,meeting_kind,agenda_number,agenda_sequence,consent_section,group,file_number,legistar_url,title,official_text,matter_type,presenter,vendor_number,vendor_key,funding_source,headline,summary,category,action_type,vendor_name,vendor_kind,schools,money_direction,amount_type,amount,amount_range_low,amount_range_high,prior_total,new_total,amount_verified,term_start,term_end,flags,source_issue,pulled_from_consent,outcome_action,outcome_date,adopted,review_status,model_id,prompt_version
2025-01-08:24-3058,2025-01-08,2025-01-08,regular,L.-1,40,general,Chief Systems and Services Officer,24-3058,https://ousd.legistar.com/LegislationDetail.aspx?ID=64222&GUID=511A5230-A87C-42CF-A614-7108EDC01CD4,Grant Award - Eat.Learn.Play. Foundation - Chief of Systems and Services Officer,"Approval by the Board of Education of a Grant Award Letter (Reference #14-2024) by and between the Eat.Learn.Play Foundation (ELPF), Oakland, CA, and the District, with the latter accepting $650,000.00 from ELPF to support emergency FloWater Station installation and access to water bottles at school sites, as described in Annex A of Grant Award Letter, incorporated herein by reference as though fully set forth, pursuant to the terms and conditions thereof, via the Chief of Systems and Services Officer, for the period September 23, 2024 through January 31, 2025.",Agreement or Contract,Chief Systems and Services Officer,,n-eat-learn-play-foundation,,"Accepts $650,000 from the Eat.Learn.Play Foundation for emergency water refill stations at schools","The district is accepting a $650,000 grant from the Eat.Learn.Play Foundation to install FloWater water stations and provide access to water bottles at school sites. The grant period runs from September 23, 2024 through January 31, 2025. The grant began before this board approval.","Food, transportation & operations",grant_or_funding_in,Eat.Learn.Play Foundation,organization,,revenue,fixed,650000,,,,,true,2024-09-23,2025-01-31,after_work_began,,,Adopted on the General Consent Report,2025-01-08,true,auto_ok,sonnet-agent,enrich.v3.md
2025-01-08:24-2939,2025-01-08,2025-01-08,regular,L.-2,41,general,Chief Systems and Services Officer,24-2939,https://ousd.legistar.com/LegislationDetail.aspx?ID=64100&GUID=2EE023D8-BC7B-46D4-861E-70CED0A9C1A1,Services Agreement 2024-2025 - Philip Williams - Chief Systems and Services Officer,"Ratification by the Board of Education of a Services Agreement 2024-2025 by and between the District and Philip Williams, Oakland, CA, for the latter to contact students, parents and guardians to confirm contact information in Parent Square Parent Portal to ensure data confirmations/registration are correct and completed; supported families as needed to complete the required data confirmations/registration to be able to reach families in case of emergencies, identify student technology needs (hotspots, Chromebooks), and as required for Local Control Funding Formula, via the  Chief of Systems and Services, for the period of October 1, 2024 through June 30, 2025, in an amount not to exceed $1,900.00.",Agreement or Contract,Chief Systems and Services Officer,004648,v-004648,0000 - General Purpose,"Pays a contractor up to $1,900 to confirm family contact information in the Parent Square portal","A contractor will contact students, parents and guardians to confirm their contact information and registration data in the Parent Square Parent Portal. The work also helps the district reach families in an emergency and identify students who need hotspots or Chromebooks. The agreement runs October 1, 2024 through June 30, 2025, and the board is approving it after it began.","Student health, support & family services",new_agreement,Philip Williams,individual,,expense,not_to_exceed,1900,,,,,true,2024-10-01,2025-06-30,pulled_from_consent; after_work_began,,"Adopted in its own vote at this meeting (6–0, 1 recused), instead of with the rest of the consent report.",Adopted,2025-01-08,true,auto_ok,sonnet-agent,enrich.v3.md
2025-01-08:24-2946,2025-01-08,2025-01-08,regular,L.-3,42,general,Chief Systems and Services Officer,24-2946,https://ousd.legistar.com/LegislationDetail.aspx?ID=64107&GUID=5CF7BF0A-B39B-4671-8AAA-0F4C446F120E,Services Agreement 2024-2025 - Seal Pack Equipment - Nutrition Services Department,"Ratification by the Board of Education of a Services Agreement 2024-2025 by and between the District and Seal Pack Equipment, Manteca, CA, for the latter to provide fixing and maintenance on food service equipment/machine, via the Nutrition Services Department, for the period of July 1, 2024 through June 30, 2025, in an amount not to exceed $4,320.00.",Agreement or Contract,Chief Systems and Services Officer,003850,v-003850,5310-Child Nutrition School Program,"Pays Seal Pack Equipment up to $4,320 to repair and maintain food service equipment","Seal Pack Equipment will fix and maintain food service equipment and machines for the Nutrition Services Department. The agreement runs July 1, 2024 through June 30, 2025, and the board is approving it after it began.","Food, transportation & operations",new_agreement,Seal Pack Equipment,organization,,expense,not_to_exceed,4320,,,,,true,2024-07-01,2025-06-30,after_work_began,,,Adopted on the General Consent Report,2025-01-08,true,auto_ok,sonnet-agent,enrich.v3.md
2025-01-08:24-3045,2025-01-08,2025-01-08,regular,L.-4,43,general,Chief Systems and Services Officer,24-3045,https://ousd.legistar.com/LegislationDetail.aspx?ID=64209&GUID=64D3F95A-2146-46B2-9AB1-B91FBB73ACB8,"Services Agreement 2024-2025 - Pacific Support Systems, Inc. - Nutrition Services Department","Approval by the Board of Education of a Services Agreement 2024-2025 by and between the District and Pacific Support Systems, Inc., Lynnwood, WA, for the latter to visit 84 sites on a 30-work-day rotation, with site visit including education, support, and routine checks, as well as on-the-spot corrective action as part of the Hazard Analysis and Critical Control Points (HACCP) verification service, with reports sent after each service call detailing areas of success and concern to the Nutrition Services Director, via the Nutrition Services Department, for the period of October 1, 2024, through June 30, 2025, in an amount not to exceed $115,900.00.",Agreement or Contract,Chief Systems and Services Officer,006133,v-006133,5310 - Child Nutrition School Program,"Pays Pacific Support Systems up to $115,900 for food safety checks at 84 sites","Pacific Support Systems will visit 84 sites on a 30-work-day rotation for Hazard Analysis and Critical Control Points (HACCP) food safety verification. Each visit includes education, support, routine checks and on-the-spot corrective action, with a report sent to the Nutrition Services Director afterward. The agreement runs October 1, 2024 through June 30, 2025, and began before this approval.","Food, transportation & operations",new_agreement,"Pacific Support Systems, Inc.",organization,,expense,not_to_exceed,115900,,,,,true,2024-10-01,2025-06-30,after_work_began,,,Adopted on the General Consent Report,2025-01-08,true,auto_ok,sonnet-agent,enrich.v3.md
2025-01-08:24-3048,2025-01-08,2025-01-08,regular,L.-5,44,general,Chief Systems and Services Officer,24-3048,https://ousd.legistar.com/LegislationDetail.aspx?ID=64212&GUID=8616F4DF-5E80-4784-B7AB-278EEE381B88,"Services Agreement 2024-2025 - Restroom Alert, LLC - Custodial Services Department","Approval by the Board of Education of a Services Agreement 2024-2025 by and between the District and Restroom Alert, LLC, Fleming Island, FL, for the latter to provide a 24/7 Restroom Management System Subscription (Restroom Alert PRO Plan) for monitoring approved, current, and outfitted Rooms/Areas; provide full color custom signage for all approved and outfitted restrooms (includes artwork layout, two coded signs per restroom, and additional mini-barcode signs as needed); 24/7 client phone and email support services; and all necessary training for pertinent OUSD staff using the RestroomAlert service, via the Custodial Services Department, for the period, July 1, 2024 through June 30, 2025, in an amount not to exceed $116,535.85.",Agreement or Contract,Chief Systems and Services Officer,004845,v-004845,"6762 - Arts, Music, IM Block Grant","Pays Restroom Alert up to $116,535.85 for a restroom monitoring subscription and signage","Restroom Alert will provide a 24/7 restroom management system subscription (the PRO Plan), custom signs for approved restrooms, phone and email support, and training for district staff. The Custodial Services Department will use it. The agreement runs July 1, 2024 through June 30, 2025, and began before this approval.","Food, transportation & operations",new_agreement,"Restroom Alert, LLC",organization,,expense,not_to_exceed,116535.85,,,,,true,2024-07-01,2025-06-30,after_work_began,,,Adopted on the General Consent Report,2025-01-08,true,auto_ok,sonnet-agent,enrich.v3.md
2025-01-08:24-3050,2025-01-08,2025-01-08,regular,L.-6,45,general,Chief Systems and Services Officer,24-3050,https://ousd.legistar.com/LegislationDetail.aspx?ID=64214&GUID=3EA89E79-DCE4-4A9A-A91D-8A27A131A950,Services Agreement 2024-2025 - HubbleIQ - Technology Services Department,"Ratification by the Board of Education of a Services Agreement 2024-2025 by and between the District and HubbleIQ, Orinda, CA, for the latter to conduct a pilot deployment of HubbleIQ’s AI Self-Service Support Agent for 10,000 students to evaluate the platform’s effectiveness in enhancing digital literacy, reducing IT challenges, and improving the overall learning experience for students and families, as described in the Scope of the Pilot Program, incorporated herein by reference as though fully set forth, via the Technology Services Department, for the period of January 1, 2025 through June 30, 2025, in an amount not to exceed $3,000.00.",Agreement or Contract,Chief Systems and Services Officer,009362,v-009362,0000 - General Purpose,"Pays HubbleIQ up to $3,000 to pilot an AI tech-support assistant for 10,000 students","HubbleIQ will run a pilot of its AI Self-Service Support Agent for 10,000 students. The pilot will test whether it improves digital literacy, reduces technology problems and improves the learning experience for students and families. The pilot runs January 1, 2025 through June 30, 2025, and began before this approval.",Technology,new_agreement,HubbleIQ,organization,,expense,not_to_exceed,3000,,,,,true,2025-01-01,2025-06-30,after_work_began,,,Adopted on the General Consent Report,2025-01-08,true,auto_ok,sonnet-agent,enrich.v3.md
2025-01-08:24-3056,2025-01-08,2025-01-08,regular,L.-7,46,general,Chief Systems and Services Officer,24-3056,https://ousd.legistar.com/LegislationDetail.aspx?ID=64220&GUID=EDD819C4-7E98-408D-88B6-3C59C2E755EA,No-Cost Pilot Agreement - Volt AI - Security Camera Enhancement Pilot Project - Chief Systems and Services Officer,"Approval by the Board of Education of a No-Cost Pilot Agreement by and between the District (“Customer”) and Volt AI, Bethesda, MD, for the latter to use commercially reasonable efforts to provide Customer a limited license to use Volt's platform (""Software"") for the purpose of determining the usability, desirability, functionality, and compatibility of Software with Customer's applications and operations environment (""Pilot""); granting Customer a non-exclusive, nontransferable, non-sublicensable license to use the Software during the Evaluation Period (as defined in Agreement) only in connection with Pilot; granting Customer a nonexclusive, nontransferable, non-sub-licensable license to use the Software during the Evaluation Period only in connection with Pilot, enhance security after hours and during weekends, with existing camera feeds, for the period of November 21, 2024 through January 21, 2025, at no cost to the District.",Agreement or Contract,Chief Systems and Services Officer,,n-volt-ai,,Approves a no-cost pilot of Volt AI software to enhance security with existing cameras,"Volt AI is giving the district a limited license to try its software at no cost. The pilot would use existing camera feeds to enhance security after hours and on weekends. The pilot runs November 21, 2024 through January 21, 2025, and began before this approval.",Technology,new_agreement,Volt AI,organization,,no_cost,,,,,,,true,2024-11-21,2025-01-21,after_work_began,,,Adopted on the General Consent Report,2025-01-08,true,auto_ok,sonnet-agent,enrich.v3.md
2025-01-08:24-3001,2025-01-08,2025-01-08,regular,L.-8,47,general,Chief Systems and Services Officer,24-3001,https://ousd.legistar.com/LegislationDetail.aspx?ID=64165&GUID=159DAC6C-8672-4F4E-A07E-0FE03F47760B,"Application - New County-District-School (CDS) Code - Centro Infantil, Harriet Tubman, Highland, Lockwood STEAM Elementary, and United Nations Child Development Centers (CDCs) - Student Enrollment Office","Approval by the Board of Education of, and authorization for Submission to the California Department of Education, an Application for a New County-District-School (CDS) Code for Centro Infantil, Harriet Tubman, Highland, Lockwood, and United Nations Child Development Centers (CDCs), effective 2025-2026 School Year, respectively.",Application,Chief Systems and Services Officer,,,,Seeks new state school codes for five Child Development Centers starting in 2025-26,"The board is approving an application to the California Department of Education for new County-District-School (CDS) codes. The codes are for the Centro Infantil, Harriet Tubman, Highland, Lockwood and United Nations Child Development Centers, effective the 2025-2026 school year. The text states no cost.",Governance & board business,other,,,Centro Infantil Child Development Center; Harriet Tubman Child Development Center; Highland Child Development Center; Lockwood Child Development Center; United Nations Child Development Center,no_cost,,,,,,,true,2025-07-01,2026-06-30,,,,Adopted on the General Consent Report,2025-01-08,true,auto_ok,sonnet-agent,enrich.v3.md
2025-01-08:24-3051,2025-01-08,2025-01-08,regular,L.-9,48,general,Chief Systems and Services Officer,24-3051,https://ousd.legistar.com/LegislationDetail.aspx?ID=64215&GUID=422BD118-D01B-42C3-B018-77FB0B2B17D0,Grant Application - Environmental Protection Agency - Water Lead Testing - Chief of Systems and Services Officer,"Approval by the Board of Education of submission of the District’s Grant Application to the Environmental Protection Agency, Washington, D.C., seeking $4,999,960.16 for testing of lead in water at school sites, distribution of additional FloWater stations, and appropriate repairs to ensure a parts per billion (ppb) level of 5 ppb or less, for the period of May 1, 2025 to April 30, 2030.",Application,Chief Systems and Services Officer,,n-environmental-protection-agency,,"Applies for up to $4,999,960.16 from the EPA for school water lead testing and water stations","The board is approving the district's application to the Environmental Protection Agency for $4,999,960.16 over five years. The money would pay for testing lead in school water, adding FloWater stations and making repairs so lead levels are 5 parts per billion or less. This is an application only; no grant has been awarded yet. The proposed grant period is May 1, 2025 to April 30, 2030.","Food, transportation & operations",grant_or_funding_in,Environmental Protection Agency,organization,,revenue,fixed,4999960.16,,,,,true,2025-05-01,2030-04-30,multi_year,,,Adopted on the General Consent Report,2025-01-08,true,auto_ok,sonnet-agent,enrich.v3.md
2025-01-08:24-2783,2025-01-08,2025-01-08,regular,L.-10,49,general,Chief Systems and Services Officer,24-2783,https://ousd.legistar.com/LegislationDetail.aspx?ID=63944&GUID=69E5F9CD-936D-440A-9D51-99C9A7952A90,"Amendment No. 6, Agreement for Engineering Services – Jensen Hughes, Inc. - Fire Alarm, Intrusion Alarm, & Sprinkler Systems Engineering Services Project – Division of Facilities Planning and Management","Approval by the Board of Education of Amendment No. 6, Agreement for Engineering Services by and between the District and Jensen Hughes, Inc., Concord, CA, for the latter to provide a new set of fire alarm drawings to meet OUSD standards for the District’s fire alarm and intrusion alarm systems, consult with Facilities and Buildings and Grounds Alarm Shop, as further described in Exhibit A of the Amendment, incorporated herein by reference as though fully set forth, in the additional amount of $64,550.00, increasing the Agreement’s not to exceed amount from $222,545.00 to $287,045.00, for the unchanged term of April 11, 2024 through April 10, 2029. All other terms and conditions of the Agreement remain in full force and effect.",Agreement or Contract,"Deputy Chief, Facilities Planning and Management",002281,v-002281,Fund 25 Capital Facilities Fund,"Adds $64,550 to Jensen Hughes' contract for fire and intrusion alarm engineering drawings","This amendment adds $64,550 for Jensen Hughes to produce a new set of fire alarm drawings meeting district standards for fire and intrusion alarm systems, and to consult with Facilities and the Buildings and Grounds Alarm Shop. The text says the cap rises from $222,545 to $287,045. The contract term is unchanged, April 11, 2024 through April 10, 2029.",School buildings & construction,amendment,"Jensen Hughes, Inc.",organization,,expense,not_to_exceed,64550,,,222545,287045,true,2024-04-11,2029-04-10,raises_existing_contract; multi_year,,,Adopted on the General Consent Report,2025-01-08,true,auto_ok,sonnet-agent,enrich.v3.md
2025-01-08:24-2948,2025-01-08,2025-01-08,regular,L.-11,50,general,Chief Systems and Services Officer,24-2948,https://ousd.legistar.com/LegislationDetail.aspx?ID=64109&GUID=E26557BF-2156-48F9-A771-2C99C32B6BE2,"Change Order No. 1, Agreement Between Owner and Contractor – Mar Con Builders, Inc. – Hintil Kuu Child Development Center Fire & Intrusion Alarm Project - Division of Facilities Planning and Management","Approval by the Board of Education of Change Order No. 1, Agreement Between Owner and Contractor by and between the District and Mar Con Builders, Inc., Oakland, CA, crediting a deductive change order from the latter to District, for the fire alarm parts that District paid for prior to the start of the project for the Hintil Kuu Child Development Center Fire & Intrusion Alarm Project, in amount of - $56,550.00, decreasing the Agreement price from $867,262.00 to $810,712.00. All other terms and conditions of the Agreement remain in full force and effect.",Agreement or Contract,"Deputy Chief, Facilities Planning and Management",002712,v-002712,Fund 25 Capital Facilities Fund,"Credits back $56,550 on Mar Con Builders' Hintil Kuu child development center alarm project","This change order lowers the contract price by $56,550, from $867,262 to $810,712. It credits the district for fire alarm parts the district paid for before the project started. The project is the fire and intrusion alarm work at Hintil Kuu Child Development Center.",School buildings & construction,change_order,"Mar Con Builders, Inc.",organization,Hintil Kuu Child Development Center,decrease,fixed,56550,,,867262,810712,true,,,,,,Adopted on the General Consent Report,2025-01-08,true,auto_ok,sonnet-agent,enrich.v3.md
2025-01-08:24-3057,2025-01-08,2025-01-08,regular,L.-12,51,general,Chief Systems and Services Officer,24-3057,https://ousd.legistar.com/LegislationDetail.aspx?ID=64221&GUID=AEFAA36C-0071-4ED5-B4CC-3878EBF9E671,"General Services Agreement – Langan CA, Inc. – Environmental Site Assessment for Site Improvement Projects at Various Schools- Division of Facilities Planning and Management","Approval by the Board of Education of a General Services Agreement by and between the District and Langan CA, Inc., Oakland, CA, for the latter to provide environmental site assessment consulting services for site improvement projects at Madison Primary Academy Elementary; MLA Maxwell Elementary; Joaquin Miller Elementary; Emerson Elementary; Martin Luther King, Jr. Elementary; Manzanita Community School; and Garfield Elementary School, as described in Exhibit A of the Agreement, incorporated herein by reference as though fully set forth, in the not-to-exceed amount of $83,930.00, which includes a contingency fee of $7,630.00, for additional services, for the duration of the Project, except as otherwise stated in Section 4 of Agreement, which is expected to be from January 9, 2025, through April 30, 2025.",Agreement or Contract,"Deputy Chief, Facilities Planning and Management",009210,v-009210,General fund 1,"Pays Langan up to $83,930 for environmental site assessments at seven schools","Langan CA will provide environmental site assessment consulting for site improvement projects at seven elementary schools. The cap of $83,930 includes a $7,630 contingency for additional services. The work is expected to run from January 9, 2025 through April 30, 2025.",School buildings & construction,new_agreement,"Langan CA, Inc.",organization,"Madison Primary Academy Elementary; MLA Maxwell Elementary; Joaquin Miller Elementary; Emerson Elementary; Martin Luther King, Jr. Elementary; Manzanita Community School; Garfield Elementary School",expense,not_to_exceed,83930,,,,,true,2025-01-09,2025-04-30,,,,Adopted on the General Consent Report,2025-01-08,true,auto_ok,sonnet-agent,enrich.v3.md
2025-01-08:24-2967,2025-01-08,2025-01-08,regular,L.-13,52,general,Chief Systems and Services Officer,24-2967,https://ousd.legistar.com/LegislationDetail.aspx?ID=64128&GUID=CBD1FFAD-E93D-4EA2-B6E4-FE6AD2DB8737,Agreement for Inspection of Record Services for Construction – Jason R. Zalinski Inspection/Construction Services – Under Armour Gym Projects - Division of Facilities Planning and Management,"Ratification by the Board of Education of Agreement for Inspection of Record Services for Construction by and between the District and Jason R. Zalinski Inspection/Construction Services, Newman, CA, for the latter to provide Inspector of Record Services for the oversight of Under Armour Gym Projects at Oakland Technical High School, McClymonds High School, Madison Park Academy, Roosevelt Middle School, and Montera Middle School, in the lump-sum of $45,000.00, with the work scheduled to commence on November 18, 2024, and schedule to last until June 30, 2025.",Agreement or Contract,"Deputy Chief, Facilities Planning and Management",004746,v-004746,Fund 35- county School Facilities,"Pays $45,000 for an inspector to oversee Under Armour gym projects at five schools","A construction inspection firm will serve as inspector of record for the Under Armour gym projects at Oakland Technical High, McClymonds High, Madison Park Academy, Roosevelt Middle and Montera Middle. The fee is a lump sum of $45,000. Work was scheduled to start November 18, 2024 and last until June 30, 2025, so it began before this approval.",School buildings & construction,new_agreement,Jason R. Zalinski Inspection/Construction Services,organization,Oakland Technical High School; McClymonds High School; Madison Park Academy; Roosevelt Middle School; Montera Middle School,expense,fixed,45000,,,,,true,2024-11-18,2025-06-30,after_work_began,,,Adopted on the General Consent Report,2025-01-08,true,auto_ok,sonnet-agent,enrich.v3.md
2025-01-08:24-3020,2025-01-08,2025-01-08,regular,L.-14,54,general,Chief Business Officer,24-3020,https://ousd.legistar.com/LegislationDetail.aspx?ID=64184&GUID=8BE52016-01EA-4AF4-855B-045EE45DB869,"Services Agreement 2024-2025 - Sylint, LLC - Risk Management Department","Ratification by the Board of Education of a Services Agreement 2024-2025 by and between the District and Sylint, LLC, Sarasota, FL, for the latter to provide darknet and threat research monitoring, via Risk Management Department, for the period of July 1, 2024 through December 15, 2024, in an amount not to exceed $1,500.00.",Agreement or Contract,Chief Financial Officer,008686,v-008686,General Purpose-unrestricted,"Pays Sylint up to $1,500 for darknet and threat research monitoring","Sylint, LLC provided darknet and threat research monitoring for the district's Risk Management Department. The agreement ran from July 1, 2024 through December 15, 2024, so the board is approving it after the work period ended.","Legal, insurance & risk",new_agreement,"Sylint, LLC",organization,,expense,not_to_exceed,1500,,,,,true,2024-07-01,2024-12-15,after_work_began,,,Adopted on the General Consent Report,2025-01-08,true,auto_ok,sonnet-agent,enrich.v3.md
2025-01-08:24-3111,2025-01-08,2025-01-08,regular,L.-15,55,general,Chief Business Officer,24-3111,https://ousd.legistar.com/LegislationDetail.aspx?ID=64275&GUID=E941E3D9-7A07-47E0-8A97-DA96DD09F668,Services Agreement 2024-2025 - NATEC International - Risk Management Department,"Ratification by the Board of Education of a Services Agreement 2024-2025 by and between the District and NATEC International, Fountain Valley, CA, for the latter to provide on-site CPR training to Buildings & Grounds staff,  via Risk Management Department, for the period of December 1, 2024 through June 30, 2025, in an amount not to exceed $4,400.00.",Agreement or Contract,Chief Financial Officer,002995,v-002995,Property & Liability,"Pays NATEC International up to $4,400 for CPR training for Buildings & Grounds staff","NATEC International will provide on-site CPR training to Buildings & Grounds staff through the Risk Management Department. The agreement runs December 1, 2024 through June 30, 2025, and the board is approving it after it began.","Legal, insurance & risk",new_agreement,NATEC International,organization,,expense,not_to_exceed,4400,,,,,true,2024-12-01,2025-06-30,after_work_began,,,Adopted on the General Consent Report,2025-01-08,true,auto_ok,sonnet-agent,enrich.v3.md
2025-01-08:24-3112,2025-01-08,2025-01-08,regular,L.-16,56,general,Chief Business Officer,24-3112,https://ousd.legistar.com/LegislationDetail.aspx?ID=64276&GUID=996F1B9C-F2B3-4B30-BF8A-A17922216E11,"Amendment No. 1, Services Agreement 2024-2025 - SCA Environmental, Inc. - Risk Management Department","Ratification by the Board of Education of Amendment No. 1, Services Agreement 2024-2025 by and between the District and SCA Environmental, Inc., San Francisco, CA, for the latter to provide environmental related services to reduce risk at the school sites, which includes but are not limited to collection of environmental samples, such as water lead testing and removal of hazardous waste or debris during site recovery, for the unchanged period of July 01, 2024 through June 30, 2025, in the additional amount of $74,000.00, increasing the Agreement not to exceed amount of  $25,000.00 to $99,000.00, via the Risk Management Department.  All other terms and conditions of the Agreement remain in full force and effect.",Agreement or Contract,Chief Financial Officer,003786,v-003786,Property & Liability,"Adds $74,000 to SCA Environmental's contract for school site environmental services","This amendment adds $74,000 for SCA Environmental to provide environmental services that reduce risk at school sites, such as collecting samples like water lead tests and removing hazardous waste or debris during site recovery. The cap rises from $25,000 to $99,000. The contract period is unchanged, July 1, 2024 through June 30, 2025, and the board is approving the amendment after the fact.","Legal, insurance & risk",amendment,"SCA Environmental, Inc.",organization,,expense,not_to_exceed,74000,,,25000,99000,true,2024-07-01,2025-06-30,after_work_began; raises_existing_contract; large_increase,,,Adopted on the General Consent Report,2025-01-08,true,auto_ok,sonnet-agent,enrich.v3.md
2025-01-08:24-2952,2025-01-08,2025-01-08,regular,L.-17,58,general,"Chief, Talent",24-2952,https://ousd.legistar.com/LegislationDetail.aspx?ID=64113&GUID=CE2CFF97-762B-40F4-9490-246BF1D28C08,Services Agreement 2024-2025 - TeachBar - Talent / Human Resources Department,"Ratification by the Board of Education of a Services Agreement 2024-2025 by and between the District and TeachBar, Oakland, CA, for the latter organize ongoing scheduled classes and prepare students in a minimal of 3 small group classes (8 sessions each) that moves them through a set curriculum focused on: CSET Multiple Subject Test - Subtest II; use proprietary materials in addition to online tools and resources provided by OUSD Talent; and recommend students use an independent test prep book to practice problems and further reinforce their skills, via Talent / Human Resources Department, for the period of September 1, 2024 through August 31, 2025, in an amount not to exceed $22,500.00.",Agreement or Contract,"Deputy Chief, Talent",004208,v-004208,Other State and Federal,"Pays TeachBar up to $22,500 for CSET Multiple Subject Test prep classes","TeachBar will run at least 3 small-group classes of 8 sessions each to prepare students for the CSET Multiple Subject Test, Subtest II. It will use its own materials plus online tools from OUSD Talent, and will recommend an independent test prep book. The agreement runs September 1, 2024 through August 31, 2025, and the board is approving it after it began.",Staff & hiring,new_agreement,TeachBar,organization,,expense,not_to_exceed,22500,,,,,true,2024-09-01,2025-08-31,after_work_began,,,Adopted on the General Consent Report,2025-01-08,true,auto_ok,sonnet-agent,enrich.v3.md
2025-01-08:24-2846,2025-01-08,2025-01-08,regular,L.-18,60,general,Chief Academic Officer,24-2846,https://ousd.legistar.com/LegislationDetail.aspx?ID=64007&GUID=27DF9896-5D46-4CF5-B2B8-985DE55D6E79,"Grant Award - United States Department of Education - Title VI, Indian Education Program - Community Schools and Student Services Department","Acceptance by the Board of Education of a Grant Award (PR/Award No. S060A240769) to the District from the United States Department of Education, Title VI Indian Education Program, in the amount of $47,209.00, for support of academic tutoring and enrichment of Native American youth, pursuant to the terms and conditions thereof, for the period July 1, 2024 through June 30, 2025, via the Community Schools and Student Services Department.",Agreement or Contract,Chief Academic Officer,,n-united-states-department-of-education,,"Accepts a $47,209 federal Title VI grant for tutoring and enrichment of Native American youth","The district is accepting a $47,209 grant from the U.S. Department of Education's Title VI Indian Education Program. The money supports academic tutoring and enrichment for Native American youth. The grant period is July 1, 2024 through June 30, 2025.",Classroom & academic programs,grant_or_funding_in,United States Department of Education,organization,,revenue,fixed,47209,,,,,true,2024-07-01,2025-06-30,after_work_began,,,Adopted on the General Consent Report,2025-01-08,true,auto_ok,sonnet-agent,enrich.v3.md
2025-01-08:24-2941,2025-01-08,2025-01-08,regular,L.-19,61,general,Chief Academic Officer,24-2941,https://ousd.legistar.com/LegislationDetail.aspx?ID=64102&GUID=AA5A7F1E-1FEA-4CED-87C9-44F5C836FAD5,Services Agreement 2024-2025 - Oakland Public Education Fund - Community Schools and Student Services Department,"Approval by the Board of Education of a Services Agreement 2024-2025 by and between the District and Oakland Public Education Fund, Oakland, CA, for the latter to distribute stipends to Master's level Grad Students - School Counseling Level Interns I Master’s Program at an accredited university - providing direct school counseling services to OUSD students in the schools across the District in current school year, via Community Schools and Student Services Department, for the period of November 4, 2024 through June 30, 2025, in an amount not to exceed $75,809.00.",Agreement or Contract,Chief Academic Officer,003143,v-003143,USDE Mental Health Counseling,"Pays Oakland Public Education Fund up to $75,809 to distribute stipends to school counseling interns","Oakland Public Education Fund will distribute stipends to master's-level graduate students who are school counseling interns providing direct counseling to OUSD students across the district. The agreement runs November 4, 2024 through June 30, 2025, and began before this approval.","Student health, support & family services",new_agreement,Oakland Public Education Fund,organization,,expense,not_to_exceed,75809,,,,,true,2024-11-04,2025-06-30,after_work_began,,,Adopted on the General Consent Report,2025-01-08,true,auto_ok,sonnet-agent,enrich.v3.md
2025-01-08:24-2942,2025-01-08,2025-01-08,regular,L.-20,62,general,Chief Academic Officer,24-2942,https://ousd.legistar.com/LegislationDetail.aspx?ID=64103&GUID=3609912F-7ED5-478B-BE21-FD793FD6B77B,Services Agreement 2024-2025 - Mid-County Officials Network - Oakland Athletic League (OAL),"Approval by the Board of Education of a Services Agreement 2024-2025 by and between the District and Mid-County Officials Network, Walnut Creek, CA, for the latter to work with Oakland Athletic League (OAL) by providing officials for all scheduled middle and high school Volleyball, Baseball, Softball and Flag Football games; and to continue an evaluation program policy and criteria for certification of all officials during the length of this contract, via Oakland Athletic League, for the period of December 2, 2024 through June 30, 2025, in an amount not to exceed $215,000.00.",Agreement or Contract,Chief Academic Officer,002850,v-002850,"Measure G, Parcel Tax","Pays Mid-County Officials Network up to $215,000 for officials at middle and high school games","Mid-County Officials Network will provide officials for all scheduled middle and high school volleyball, baseball, softball and flag football games run by the Oakland Athletic League. It will also continue an evaluation program and certification criteria for officials. The agreement runs December 2, 2024 through June 30, 2025, and began before this approval.","Food, transportation & operations",new_agreement,Mid-County Officials Network,organization,,expense,not_to_exceed,215000,,,,,true,2024-12-02,2025-06-30,after_work_began,,,Adopted on the General Consent Report,2025-01-08,true,auto_ok,sonnet-agent,enrich.v3.md
2025-01-08:24-2943,2025-01-08,2025-01-08,regular,L.-21,63,general,Chief Academic Officer,24-2943,https://ousd.legistar.com/LegislationDetail.aspx?ID=64104&GUID=B138A6DE-D3B9-4ED6-9F7D-1CDBDB097597,Services Agreement 2024-2025 - East Bay Football Officials Association (EBFOA) - Oakland Athletic League (OAL),"Ratification by the Board of Education of a Services Agreement 2024-2025 by and between the District and East Bay Football Officials Association (EBFOA), Oakland, CA, for the latter to provide officials for all of middle and high school football and flag football games, allowing students to play at a competitive level while staying within the rules of the game; and to continue an evaluation program policy and criteria for certification of all officials during the length of this contract, via Oakland Athletic League, for the period of November 1, 2024 through June 30, 2025, in an amount not to exceed $55,000.00.",Agreement or Contract,Chief Academic Officer,001480,v-001480,"Measure G, Parcel Tax","Pays East Bay Football Officials Association up to $55,000 for football game officials","The East Bay Football Officials Association will provide officials for all middle and high school football and flag football games run by the Oakland Athletic League. It will also continue an evaluation program and certification criteria for officials. The agreement runs November 1, 2024 through June 30, 2025, and the board is approving it after it began.","Food, transportation & operations",new_agreement,East Bay Football Officials Association (EBFOA),organization,,expense,not_to_exceed,55000,,,,,true,2024-11-01,2025-06-30,after_work_began,,,Adopted on the General Consent Report,2025-01-08,true,auto_ok,sonnet-agent,enrich.v3.md
2025-01-08:24-2961,2025-01-08,2025-01-08,regular,L.-22,64,general,Chief Academic Officer,24-2961,https://ousd.legistar.com/LegislationDetail.aspx?ID=64122&GUID=EEB019F2-3E20-4413-A1A9-08D0F82C3428,Services Agreement 2024-2025 - TrUTH - Strategic Resource Planning Department,"Ratification by the Board of Education of a Services Agreement 2024-2025 by and between the District and TrUTH, Oakland, CA, for the latter to prepare, plan and deliver a one-day workshop on trauma informed practices for classrooms and other spaces at Cristo Rey De La Salle East Bay High School, Oakland, CA, in case of an event, via Strategic Resource Planning Department, for the period of November 20, 2024 through November 30, 202, in an amount not to exceed $6,150.00.",Agreement or Contract,Chief Academic Officer,008470,v-008470,Title 2-a Teacher Quality,"Pays TrUTH up to $6,150 for a one-day trauma-informed practices workshop","TrUTH will prepare, plan and deliver a one-day workshop on trauma-informed practices for classrooms and other spaces at Cristo Rey De La Salle East Bay High School. The text gives the period as November 20, 2024 through November 30, 202 (the year appears cut off), and the board is approving it after it began.",Classroom & academic programs,new_agreement,TrUTH,organization,Cristo Rey De La Salle East Bay High School,expense,not_to_exceed,6150,,,,,true,2024-11-20,,after_work_began,,,Adopted on the General Consent Report,2025-01-08,true,auto_ok,sonnet-agent,enrich.v3.md
2025-01-08:24-2963,2025-01-08,2025-01-08,regular,L.-23,65,general,Chief Academic Officer,24-2963,https://ousd.legistar.com/LegislationDetail.aspx?ID=64124&GUID=F79344D5-600A-4252-B27D-2B836C2C4FA3,"Services Agreement 2024-2025 - Edutainment for Equity, LLC - Frick United Academy of Language","Ratification by the Board of Education of a Services Agreement 2024-2025 by and between the District and Edutainment for Equity, LLC, Oakland, CA, for the latter to provide professional development for all faculty and staff in order to address and improve staff retention rate, improve conditions for Black students, and improve conditions for English Language Learner students as tied to the goals in school’s plan for student achievement (SPSA) at Frick United Academy Language (FUAL), for the period of August 12, 2024 through May 30, 2025, in an amount not to exceed $27,000.00.",Agreement or Contract,Chief Academic Officer,005740,v-005740,Educator Effectiveness,"Pays Edutainment for Equity up to $27,000 for staff training at Frick United Academy of Language","Edutainment for Equity, LLC will provide professional development for all faculty and staff at Frick United Academy of Language. The training aims to improve staff retention and conditions for Black students and English Language Learner students, tied to the goals in the school's School Plan for Student Achievement (SPSA). The agreement runs August 12, 2024 through May 30, 2025, and the board is approving it after it began.",Classroom & academic programs,new_agreement,"Edutainment for Equity, LLC",organization,Frick United Academy of Language,expense,not_to_exceed,27000,,,,,true,2024-08-12,2025-05-30,after_work_began,,,Adopted on the General Consent Report,2025-01-08,true,auto_ok,sonnet-agent,enrich.v3.md
2025-01-08:24-2964,2025-01-08,2025-01-08,regular,L.-24,66,general,Chief Academic Officer,24-2964,https://ousd.legistar.com/LegislationDetail.aspx?ID=64125&GUID=8C6D6F0A-16BA-414C-8B53-41D6EB4586FA,No-Cost Services Agreement 2024-2025 - PIQE - Greenleaf Elementary School,"Ratification by the Board of Education of a No-Cost Services Agreement - 2024-2025 by and between the District and PIQE, Santa Clara, CA, for the latter to provide Social Emotional Learning and Elementary English/Spanish training for the parents of children, as described in Exhibit A of the Agreement, incorporated herein by reference as though fully set forth, at Greenleaf Elementary School, for the period of January 1, 2025 through May 30, 2025, at no cost to the District.",Agreement or Contract,Chief Academic Officer,003264,v-003264,No Fiscal Impact,Approves a no-cost PIQE parent training agreement at Greenleaf Elementary School,"PIQE will provide Social Emotional Learning and Elementary English/Spanish training for parents at Greenleaf Elementary School. The agreement costs the district nothing and runs January 1, 2025 through May 30, 2025. The board is approving it after it began.","Student health, support & family services",new_agreement,PIQE,organization,Greenleaf Elementary School,no_cost,,,,,,,true,2025-01-01,2025-05-30,after_work_began,,,Adopted on the General Consent Report,2025-01-08,true,auto_ok,sonnet-agent,enrich.v3.md
2025-01-08:24-2965,2025-01-08,2025-01-08,regular,L.-25,67,general,Chief Academic Officer,24-2965,https://ousd.legistar.com/LegislationDetail.aspx?ID=64126&GUID=F676FB0E-D41A-4FFE-94E7-27C8C5753917,Services Agreement 2024-2025 - Grouptrail - Linked Learning Department,"Ratification by the Board of Education of a Services Agreement 2024-2025 by and between the District and Grouptrail, Portland, OR, for the latter to develop templates for the Exploring College, Career, and Community Options (ECCCO) internship program, which will encompass internship opportunities, standard student applications, student onboarding checklists, internship host and student feedback forms, as well as file storage; design of dashboard views for internship hosts, students, OUSD central staff, and school-based staff; create prioritized reports for real-time data viewing, as well as conduct training for OUSD staff members and produce instructional materials and manuals, via Linked Learning Department, for the period of October 1, 2024 through June 30, 2025, in an amount not to exceed $14,340.00.",Agreement or Contract,Chief Academic Officer,008779,v-008779,K12 Strong Workforce Grant,"Pays Grouptrail up to $14,340 to build tools for the district's student internship program","Grouptrail will develop templates for the Exploring College, Career, and Community Options (ECCCO) internship program, including applications, onboarding checklists and feedback forms. It will also design dashboards and real-time reports for hosts, students and staff, and train staff and produce manuals. The agreement runs October 1, 2024 through June 30, 2025, and the board is approving it after it began.",Classroom & academic programs,new_agreement,Grouptrail,organization,,expense,not_to_exceed,14340,,,,,true,2024-10-01,2025-06-30,after_work_began,,,Adopted on the General Consent Report,2025-01-08,true,auto_ok,sonnet-agent,enrich.v3.md
2025-01-08:24-2985,2025-01-08,2025-01-08,regular,L.-26,68,general,Chief Academic Officer,24-2985,https://ousd.legistar.com/LegislationDetail.aspx?ID=64146&GUID=20B0AC2E-4409-471D-9FC5-3C5BEA7CF219,"Nonpublic, Nonsectarian School, Agency Master Contract 2024-25 – The Bay Speech and Play - Special Education Department","Approval by the Board of Education of a Nonpublic, Nonsectarian School/ Agency Services Master Contract 2024-25 by and between the District and The Bay Speech and Play, Oakland, CA for the latter to provide Special Education services, stated in Agreement, required by a student’s Individualized Education Program, for the period of July 1, 2024, through June 30, 2025, via the Special Education Department, in an amount not to exceed $200,000.00.",Agreement or Contract,Chief Academic Officer,,v-008519,Special Education,"Contracts with The Bay Speech and Play for up to $200,000 in special education services","This master contract with a nonpublic, nonsectarian school or agency lets The Bay Speech and Play provide special education services required by a student's Individualized Education Program. The contract runs July 1, 2024 through June 30, 2025, and began before this approval.",Special education,new_agreement,The Bay Speech and Play,organization,,expense,not_to_exceed,200000,,,,,true,2024-07-01,2025-06-30,after_work_began,,,Adopted on the General Consent Report,2025-01-08,true,auto_ok,sonnet-agent,enrich.v3.md
2025-01-08:24-2990,2025-01-08,2025-01-08,regular,L.-27,69,general,Chief Academic Officer,24-2990,https://ousd.legistar.com/LegislationDetail.aspx?ID=64154&GUID=41D9F8FD-8BCE-44F9-8056-3193F40A0CFF,"Services Agreement 2024-2025 - Aedis Architects, Inc. - Early Childhood Development Department","Ratification by the Board of Education of a Services Agreement 2024-2025 by and between the District and Aedis Architects, Inc., San Jose, CA, for the latter to provide a study to establish a conceptual plan and budget to replace or install early childhood modular facilities, enhancing capacity and support for transitional kindergarten programs at Jefferson, Washington, and Lockwood sites, as described in Exhibit A of the Agreement, incorporated herein by reference as though fully set forth, via Early Childhood Development Department, for the period of November 11, 2024 through January 11, 2025, in an amount not to exceed $45,000.00.",Agreement or Contract,Chief Academic Officer,009339,v-009339,First 5 Measure AA,"Pays Aedis Architects up to $45,000 to plan early childhood modular buildings at three sites","Aedis Architects will produce a study with a conceptual plan and budget to replace or install early childhood modular buildings. The goal is more capacity and support for transitional kindergarten at the Jefferson, Washington and Lockwood sites. The agreement runs November 11, 2024 through January 11, 2025, and the board is approving it after it began.",School buildings & construction,new_agreement,"Aedis Architects, Inc.",organization,Jefferson; Washington; Lockwood,expense,not_to_exceed,45000,,,,,true,2024-11-11,2025-01-11,after_work_began,,,Adopted on the General Consent Report,2025-01-08,true,auto_ok,sonnet-agent,enrich.v3.md
2025-01-08:24-3016,2025-01-08,2025-01-08,regular,L.-28,70,general,Chief Academic Officer,24-3016,https://ousd.legistar.com/LegislationDetail.aspx?ID=64180&GUID=65463EB6-D740-49D1-8636-F89AC762C6F6,Services Agreement 2024-2025 - Think Communication Therapy - Strategic Resource Planning Department,"Ratification by the Board of Education of a Services Agreement 2024-2025 by and between the District and Think Communication Therapy, Oakland, CA, for the latter to Implement targeted intervention programs specifically for students in need of oral communication support focusing on lower grades; bi-weekly services at St. Elizabeth School, via Strategic Resource Planning Department, for the period of November 25, 2024 through June 30, 2025, in an amount not to exceed $17,786.00.",Agreement or Contract,Chief Academic Officer,004516,v-004516,Title I-Basic Grant Low Income,"Pays Think Communication Therapy up to $17,786 for oral communication support at St. Elizabeth School","Think Communication Therapy will run targeted intervention programs for students who need oral communication support, focusing on lower grades, with bi-weekly services at St. Elizabeth School. The agreement runs November 25, 2024 through June 30, 2025, and the board is approving it after it began.",Classroom & academic programs,new_agreement,Think Communication Therapy,organization,St. Elizabeth School,expense,not_to_exceed,17786,,,,,true,2024-11-25,2025-06-30,after_work_began,,,Adopted on the General Consent Report,2025-01-08,true,auto_ok,sonnet-agent,enrich.v3.md
2025-01-08:24-3017,2025-01-08,2025-01-08,regular,L.-29,71,general,Chief Academic Officer,24-3017,https://ousd.legistar.com/LegislationDetail.aspx?ID=64181&GUID=A44B17E9-5FF2-4526-8131-658F695FE0C3,Services Agreement 2024-2025 - Alyssa Rito - Community Schools and Student Services Department,"Ratification by the Board of Education of a Services Agreement 2024-2025 by and between the District and Alyssa Rito, San Leandro, CA, for the latter to support the recruitment of YES Sports Program by visiting school sites, community organizations, and churches to increase awareness and recruitment of students, families, and staff awareness of the YES Sports Program; provide administrative and operational support of the program during after school and Saturday programs, ensuring logistical and operational components are implemented to support the success of youth sports programming; and work with District staff to project manage the upcoming sports Request for Proposals from start to finish, via Community Schools and Student Services Department, for the period of November 18, 2024 through June 30, 2025, in an amount not to exceed $78,750.00.",Agreement or Contract,Chief Academic Officer,009300,v-009300,Expanded Learning Opp Programs,"Pays a contractor up to $78,750 to recruit for and support the YES Sports Program","A contractor will recruit students, families and staff for the YES Sports Program by visiting school sites, community organizations and churches. The contractor will also provide administrative and operational support during after-school and Saturday programs and help district staff manage the upcoming sports Request for Proposals. The agreement runs November 18, 2024 through June 30, 2025, and the board is approving it after it began.",After-school & summer programs,new_agreement,Alyssa Rito,individual,,expense,not_to_exceed,78750,,,,,true,2024-11-18,2025-06-30,after_work_began,,,Adopted on the General Consent Report,2025-01-08,true,auto_ok,sonnet-agent,enrich.v3.md
2025-01-08:24-3018,2025-01-08,2025-01-08,regular,L.-30,72,general,Chief Academic Officer,24-3018,https://ousd.legistar.com/LegislationDetail.aspx?ID=64182&GUID=4173BCAB-8FBD-4D98-9A89-F0465B1E0CBB,"Amendment No. 1, Services Agreement 2024-2025 - We Lead Ours - Community Schools and Student Services Department","Approval by the Board of Education of Amendment No. 1, Services Agreement 2024-2025 by and between the District and We Lead Ours, Oakland, CA, for the latter to provide individual and group tier 2 interventions to reduce substance use on campuses for the unchanged period of October 01, 2024 through June 30, 2025, in the additional amount of $75,350.00, increasing the Agreement not to exceed amount from $110,000.00 to $185,350.00.  All other terms and conditions of the Agreement remain in full force and effect.",Agreement or Contract,Chief Academic Officer,004574,v-004574,Tupe Grade 6-12 Tier 2,"Adds $75,350 to We Lead Ours' contract for substance use interventions on campuses","This amendment adds $75,350 for We Lead Ours to provide individual and group tier 2 interventions to reduce substance use on campuses. The cap rises from $110,000 to $185,350. The contract period is unchanged, October 1, 2024 through June 30, 2025, and began before this approval.","Student health, support & family services",amendment,We Lead Ours,organization,,expense,not_to_exceed,75350,,,110000,185350,true,2024-10-01,2025-06-30,pulled_from_consent; raises_existing_contract; large_increase,,"Adopted in its own vote on March 12 (2–0, 1 abstaining), instead of with the rest of the consent report.",Adopted,2025-03-12,true,auto_ok,sonnet-agent,enrich.v3.md
2025-01-08:24-3019,2025-01-08,2025-01-08,regular,L.-31,73,general,Chief Academic Officer,24-3019,https://ousd.legistar.com/LegislationDetail.aspx?ID=64183&GUID=76469BB6-9856-40A5-A621-09471F4DC495,Services Agreement 2024-2025 - Moira De Nike - Community Schools and Student Services Department,"Ratification by the Board of Education of a Services Agreement 2024-2025 by and between the District and Moira De Nike, San Francisco, CA, for the latter to conduct program evaluation for OUSD's Tobacco Use Prevention Education Tier 2 Grant from the California Department of Education, as described in Exhibit A of the Agreement, incorporated herein by reference as though fully set forth, via Community Schools and Student Services Department, for the period of December 1, 2024 through June 30, 2025, in an amount not to exceed $9,000.00.",Agreement or Contract,Chief Academic Officer,001318,v-001318,Tupe Grade 6-12 Tier 2,"Pays an outside evaluator up to $9,000 to review the district's tobacco-use prevention grant","The district hired an individual in San Francisco to evaluate its Tobacco Use Prevention Education Tier 2 grant from the California Department of Education. The work runs from December 1, 2024 through June 30, 2025, and began before this board vote. It is run through the Community Schools and Student Services Department.","Student health, support & family services",new_agreement,Moira De Nike,individual,,expense,not_to_exceed,9000,,,,,true,2024-12-01,2025-06-30,after_work_began,,,Adopted on the General Consent Report,2025-01-08,true,auto_ok,sonnet-agent,enrich.v3.md
2025-01-08:24-3025,2025-01-08,2025-01-08,regular,L.-32,74,general,Chief Academic Officer,24-3025,https://ousd.legistar.com/LegislationDetail.aspx?ID=64189&GUID=077EABF7-9DD2-4AF0-BF46-E2B1582F6782,Services Agreement 2024-2025 - Museum of Children's Arts - Madison Park Academy-Lower Campus,"Approval by the Board of Education of a Services Agreement 2024-2025 by and between the District and Museum of Children's Arts, Oakland, CA, for the latter to provide weekly art classes for the students, with the session concluding with an Art Exhibition Night for students to share their finished works with the school community, and their families at Madison Park Academy-Lower Campus, for the period of September 2, 2024 through May 30, 2025, in an amount not to exceed $41,560.00.",Agreement or Contract,Chief Academic Officer,002963,v-002963,CCSPP Implementation Grant,"Pays Museum of Children's Arts up to $41,560 for weekly art classes at Madison Park Academy","The museum will teach weekly art classes for students at Madison Park Academy-Lower Campus. The classes end with an Art Exhibition Night where students share their work with families and the school community. The agreement period began September 2, 2024, before this vote, and runs through May 30, 2025.",Classroom & academic programs,new_agreement,Museum of Children's Arts,organization,Madison Park Academy-Lower Campus,expense,not_to_exceed,41560,,,,,true,2024-09-02,2025-05-30,after_work_began,,,Adopted on the General Consent Report,2025-01-08,true,auto_ok,sonnet-agent,enrich.v3.md
2025-01-08:24-3026,2025-01-08,2025-01-08,regular,L.-33,75,general,Chief Academic Officer,24-3026,https://ousd.legistar.com/LegislationDetail.aspx?ID=64190&GUID=F650AA3B-6AA1-459A-AFDD-9BAED7382FDB,Services Agreement 2024-2025 - Thena Gee Consulting - Early Childhood Development Department,"Ratification by the Board of Education of a Services Agreement 2024-2025 by and between the District and Thena Gee Consulting, Sunnyvale, CA, for the latter to provide virtual Effective Mindfulness, Building Responsive and Confident Educators (EMBRACE) training and coaching to reinforce concepts and strategies to support the transfer of practices; introduce core practices to create strength-based environments that support educators and children’s health and resiliency; positively influence the culture and climate in early childhood settings and ultimately improve child outcomes, via Early Childhood Development Department, for the period of November 25, 2024 through June 30, 2025, in an amount not to exceed $45,000.00.",Agreement or Contract,Chief Academic Officer,008624,v-008624,"""First 5"" Measure AA","Pays Thena Gee Consulting up to $45,000 for mindfulness training for early childhood educators","Thena Gee Consulting will provide virtual training and coaching called EMBRACE for educators in early childhood programs. It aims to build supportive environments that help the health and resilience of educators and children. The work runs from November 25, 2024 through June 30, 2025, and began before this board vote.",Classroom & academic programs,new_agreement,Thena Gee Consulting,organization,,expense,not_to_exceed,45000,,,,,true,2024-11-25,2025-06-30,after_work_began,,,Adopted on the General Consent Report,2025-01-08,true,auto_ok,sonnet-agent,enrich.v3.md
2025-01-08:24-3027,2025-01-08,2025-01-08,regular,L.-34,76,general,Chief Academic Officer,24-3027,https://ousd.legistar.com/LegislationDetail.aspx?ID=64191&GUID=E4D12DE1-9D61-408E-8A2C-397A9419C96B,No Cost Services Agreement 2024-2025 - PIQE - Urban Promise Academy,"Ratification by the Board of Education of a No-Cost Services Agreement - 2024-2025 by and between the District and PIQE, Santa Clara, CA, for the latter to provide its Signature Family Engagement Program - Middle School (Spanish and English) - for the parents/guardians of the students enrolled in the school; recruit parents by phone, provide an Orientation session, a series of 1 night a week for 8 weeks of training sessions in which vendor will organize and conduct a Q&A  forum with the school’s leadership team, culminating in a certificate ceremony with certificates provided to parents who attend four or more sessions, designed to develop skills and techniques which will empower parents to address the educational needs of their school-aged children.at Urban Promise Academy, for the period of January 1, 2025 through May 30, 2025, at no cost to the District.",Agreement or Contract,Chief Academic Officer,,v-003264,No Fiscal Impact,Brings PIQE's parent engagement program to Urban Promise Academy at no cost,"PIQE will run its Signature Family Engagement Program for middle school parents and guardians at Urban Promise Academy, in Spanish and English. It includes an orientation, eight weekly evening training sessions, a question-and-answer forum with school leaders and a certificate ceremony. The program runs January 1 through May 30, 2025, at no cost to the district, and began before this vote.","Student health, support & family services",new_agreement,PIQE,organization,Urban Promise Academy,no_cost,,,,,,,true,2025-01-01,2025-05-30,after_work_began,,,Adopted on the General Consent Report,2025-01-08,true,auto_ok,sonnet-agent,enrich.v3.md
2025-01-08:24-3028,2025-01-08,2025-01-08,regular,L.-35,77,general,Chief Academic Officer,24-3028,https://ousd.legistar.com/LegislationDetail.aspx?ID=64192&GUID=09EA7451-3E3E-46E7-8B30-C1B80248543B,Services Agreement 2024-2025 - Hope Reimagined - Thornhill Elementary School,"Ratification by the Board of Education of a Services Agreement 2024-2025 by and between the District and Hope Reimagined, Oakland, CA, for the latter to provide clinical supervision and staff training in the Neurosequential Model, a framework, as described in Exhibit A of the Agreement, for understanding children (and adults) in a developmentally sensitive, neurobiologically informed way for students and staff at Thornhill Elementary School, for the period of November 12, 2024 through May 28, 2025, in an amount not to exceed $15,000.00.",Agreement or Contract,Chief Academic Officer,008699,v-008699,Unrestricted Supplemental,"Pays Hope Reimagined up to $15,000 for clinical supervision and staff training at Thornhill Elementary","Hope Reimagined will provide clinical supervision and staff training in the Neurosequential Model, a framework for understanding children and adults in a developmentally sensitive way. It serves students and staff at Thornhill Elementary School. The work runs from November 12, 2024 through May 28, 2025, and began before this board vote.","Student health, support & family services",new_agreement,Hope Reimagined,organization,Thornhill Elementary School,expense,not_to_exceed,15000,,,,,true,2024-11-12,2025-05-28,after_work_began,,,Adopted on the General Consent Report,2025-01-08,true,auto_ok,sonnet-agent,enrich.v3.md
2025-01-08:24-3030,2025-01-08,2025-01-08,regular,L.-36,78,general,Chief Academic Officer,24-3030,https://ousd.legistar.com/LegislationDetail.aspx?ID=64194&GUID=F1A01716-6B00-4C29-80F7-55B8CC388606,"Services Agreement 2024-2025 - Servio Consulting, LLC - Chief Academic Officer","Ratification by the Board of Education of a Services Agreement 2024-2025 by and between the District and Servio Consulting, LLC, Frankfort, IL, for the latter to deploy the Student Success Team (SST) functionality to the OUSD force environment; perform final quality assurance, user acceptance testing (UAT), training and production validation within this deployment which will enable users to take advantage of the functionality within the live production instance of Salesforce,  via the Chief Academic Officer, for the period of October 1, 2024 through February 28, 2025, in an amount not to exceed $19,250.00.",Agreement or Contract,Chief Academic Officer,006408,v-006408,IDEA Early Intervening Svc,"Pays Servio Consulting up to $19,250 to add Student Success Team tools to Salesforce","Servio Consulting, LLC will set up Student Success Team features in the district's Salesforce system. It will also do final quality checks, user testing, training and validation so staff can use the live system. The work runs from October 1, 2024 through February 28, 2025, and began before this board vote.",Technology,new_agreement,"Servio Consulting, LLC",organization,,expense,not_to_exceed,19250,,,,,true,2024-10-01,2025-02-28,after_work_began,,,Adopted on the General Consent Report,2025-01-08,true,auto_ok,sonnet-agent,enrich.v3.md
2025-01-08:24-3037,2025-01-08,2025-01-08,regular,L.-37,79,general,Chief Academic Officer,24-3037,https://ousd.legistar.com/LegislationDetail.aspx?ID=64201&GUID=A144B1E4-0343-4F72-B22F-5C0E72D04232,Services Agreement 2024-2025 - Study Smart Tutors - La Escuelita Elementary School,"Ratification by the Board of Education of a Services Agreement 2024-2025 by and between the District and Study Smart Tutors, Westlake Village, CA, for the latter to provide 180 hours to prepare and support students with necessary skills to improve their skills in math, English, and more at La Escuelita Elementary School, for the period of August 12, 2024 through May 29, 2025, in an amount not to exceed $27,000.00.",Agreement or Contract,Chief Academic Officer,004115,v-004115,CCSPP Implementation Grant,"Pays Study Smart Tutors up to $27,000 for 180 hours of tutoring at La Escuelita Elementary","Study Smart Tutors will provide 180 hours of tutoring to help students at La Escuelita Elementary School build skills in math, English and other subjects. The agreement runs from August 12, 2024 through May 29, 2025, and began before this board vote.",Classroom & academic programs,new_agreement,Study Smart Tutors,organization,La Escuelita Elementary School,expense,not_to_exceed,27000,,,,,true,2024-08-12,2025-05-29,after_work_began,,,Adopted on the General Consent Report,2025-01-08,true,auto_ok,sonnet-agent,enrich.v3.md
2025-01-08:24-3038,2025-01-08,2025-01-08,regular,L.-38,80,general,Chief Academic Officer,24-3038,https://ousd.legistar.com/LegislationDetail.aspx?ID=64202&GUID=C7F69D1B-A74E-4BA0-A76D-ECBBD2755A0E,Services Agreement 2024-2025 - Oakland Public Education Fund - Office of Equity,"Approval by the Board of Education of a Services Agreement 2024-2025 by and between the District and Oakland Public Education Fund, Oakland, CA, for the latter to process stipends for community artists in residence for Skyline's Equity and Hip Hop Grant, youth stipends for All City Council and Office of Equity targeted initiative leadership programs, Youth and Parent stipends for co-leading Antiracist learning sessions with staff, parent leadership fellow stipends for parents serving as volunteers on committees and supporting their schools with engaging additional families into leadership, via Office of Equity, for the period of December 2, 2024 through May 30, 2025, in an amount not to exceed $167,180.53.",Agreement or Contract,Chief Academic Officer,003143,v-003143,"Measure G Parcel Tax, City of Oak Dept of Violence Prevention, Riverside Community College, and Central Supplemental","Pays Oakland Public Education Fund up to $167,180.53 to administer stipends for youth, artists and parents","The Oakland Public Education Fund will process stipends for community artists in residence for Skyline's Equity and Hip Hop Grant, youth leaders, youth and parents who co-lead anti-racism sessions with staff, and parent leadership fellows. It works through the Office of Equity. The agreement period began December 2, 2024, before this vote, and runs through May 30, 2025.","Student health, support & family services",new_agreement,Oakland Public Education Fund,organization,Skyline,expense,not_to_exceed,167180.53,,,,,true,2024-12-02,2025-05-30,after_work_began,,,Adopted on the General Consent Report,2025-01-08,true,auto_ok,sonnet-agent,enrich.v3.md
2025-01-08:24-3040,2025-01-08,2025-01-08,regular,L.-39,81,general,Chief Academic Officer,24-3040,https://ousd.legistar.com/LegislationDetail.aspx?ID=64204&GUID=DF805A93-208F-4633-BDA4-544269591B22,"Student Travel - JAMZ Nationals Cheer and Dance Competition - Las Vegas, Nevada - Elmhurst United Middle School","Approval of Board Resolution No. 2425-0038 - Authorizing student travel by school site Elmhurst United Middle School for twenty (20) 6th and 8th grade students to participate in the JAMZ National Cheer and Dance Competition, Las Vegas, NV, for the period of January 23, 2025 through January 26, 2025, at no cost to the District.",Agreement or Contract,Chief Academic Officer,,,No Fiscal Impact,Approves Elmhurst United students' Las Vegas cheer and dance trip at no cost to the district,"This resolution authorizes twenty 6th and 8th grade students from Elmhurst United Middle School to travel to Las Vegas, Nevada for the JAMZ National Cheer and Dance Competition. The trip runs January 23 through January 26, 2025, at no cost to the district.",Classroom & academic programs,resolution_or_policy,,,Elmhurst United Middle School,no_cost,,,,,,,true,2025-01-23,2025-01-26,,,,Adopted on the General Consent Report,2025-01-08,true,auto_ok,sonnet-agent,enrich.v3.md
2025-01-08:24-3041,2025-01-08,2025-01-08,regular,L.-40,82,general,Chief Academic Officer,24-3041,https://ousd.legistar.com/LegislationDetail.aspx?ID=64205&GUID=FF853625-B31A-4F95-8D17-D8D0AAD07556,"Student Travel - JAMZ Nationals Cheer and Dance Competition - Las Vegas, Nevada - Castlemont High School","Approval of Board Resolution No. 2425-0039 - Authorizing student travel by school site Castlemont High School for thirty (30) 9th and 12th grade students to participate in the JAMZ National Cheer and Dance Competition, Las Vegas, NV, for the period of January 22, 2025 through January 26, 2025, at no cost to the District.",Resolution,Chief Academic Officer,,,No Fiscal Impact,Approves Castlemont High students' Las Vegas cheer and dance trip at no cost to the district,"This resolution authorizes thirty 9th and 12th grade students from Castlemont High School to travel to Las Vegas, Nevada for the JAMZ National Cheer and Dance Competition. The trip runs January 22 through January 26, 2025, at no cost to the district.",Classroom & academic programs,resolution_or_policy,,,Castlemont High School,no_cost,,,,,,,true,2025-01-22,2025-01-26,,,,Adopted on the General Consent Report,2025-01-08,true,auto_ok,sonnet-agent,enrich.v3.md
2025-01-08:24-3043,2025-01-08,2025-01-08,regular,L.-41,83,general,Chief Academic Officer,24-3043,https://ousd.legistar.com/LegislationDetail.aspx?ID=64207&GUID=698D6DA2-D090-4EC0-B810-E06E78B4E815,Grant Award - California Department of Education - CCTR-4011 - General Child Care & Development Program - Early Childhood Education,"Adoption by the Board of Education of Resolution No. 2425-0033 - Approving Contract No CCTR-4011, General Child Care & Development Program, accepting grant award from the California Department of Education for the General Child Care and Development Programs, operated by the Early Childhood Education Department, in the amount of up to $4,561,238.00, effective, July 1, 2024 to June 30, 2025, pursuant to terms and conditions thereof, if any.",Application,Chief Academic Officer,,n-california-department-of-education,California Department of Education,"Accepts up to $4,561,238 from the state for child care and development programs for 2024-25","The board adopts a resolution accepting a California Department of Education grant, Contract CCTR-4011, for the General Child Care and Development Program run by the Early Childhood Education Department. The money comes into the district. The grant covers July 1, 2024 through June 30, 2025.","Student health, support & family services",grant_or_funding_in,California Department of Education,organization,,revenue,not_to_exceed,4561238,,,,,true,2024-07-01,2025-06-30,after_work_began,,,Adopted on the General Consent Report,2025-01-08,true,auto_ok,sonnet-agent,enrich.v3.md
2025-01-08:24-3052,2025-01-08,2025-01-08,regular,L.-42,84,general,Chief Academic Officer,24-3052,https://ousd.legistar.com/LegislationDetail.aspx?ID=64216&GUID=CFE4BA98-48DB-40E2-AE52-A19A5929D1BD,Services Agreement 2024-2025 - space80sevenllc - Fremont High School,"Ratification by the Board of Education of a Services Agreement 2024-2025 by and between the OUSD and Space80sevenllc, Stockton, CA, for the latter to support the pre-apprenticeship style work based learning internship and provide hands on training for ten students to ensure that each apprentice receives personalized instruction, as described in Exhibit A of the Agreement, incorporated herein by reference as though fully set forth, in the Media Academy and Architectural Career Technical Education Programs, at Fremont High School, for the period November 15, 2024, through June 30, 2025, in an amount not to exceed $58,000.00.",Agreement or Contract,Chief Academic Officer,008191,v-008191,CCSPP Implementation Grant,"Pays Space80seven up to $58,000 for a work-based internship for ten Fremont High students","Space80sevenllc will support a pre-apprenticeship style work-based learning internship with hands-on training for ten students in the Media Academy and Architectural Career Technical Education programs at Fremont High School. The work runs from November 15, 2024 through June 30, 2025, and began before this board vote.",Classroom & academic programs,new_agreement,Space80sevenllc,organization,Fremont High School,expense,not_to_exceed,58000,,,,,true,2024-11-15,2025-06-30,after_work_began,,,Adopted on the General Consent Report,2025-01-08,true,auto_ok,sonnet-agent,enrich.v3.md
2025-01-08:24-3053,2025-01-08,2025-01-08,regular,L.-43,85,general,Chief Academic Officer,24-3053,https://ousd.legistar.com/LegislationDetail.aspx?ID=64217&GUID=04882AD1-2712-4CB3-9D03-272B3515C75B,Services Agreement 2024-2025 - Street Academy Foundation - Emiliano Zapata Street Academy,"Approval by the Board of Education of a Services Agreement 2024-2025 by and between the District and Street Academy Foundation, Oakland, CA, for the latter to provide services to support student’s access to courses and experiences aligned to the Education, Child Development & Family Services Pathway, as described in Exhibit A of the Agreement, incorporated herein by reference as though fully set forth, for students at Emiliano Zapata Street Academy, for the period of July 1, 2024, through June 30, 2025, in an amount not to exceed $24,930.23.",Agreement or Contract,Chief Academic Officer,004105,v-004105,Measure N,"Pays Street Academy Foundation up to $24,930.23 for career pathway courses at Emiliano Zapata Street Academy","Street Academy Foundation will support student access to courses and experiences in the Education, Child Development and Family Services career pathway at Emiliano Zapata Street Academy. The agreement period began July 1, 2024, before this vote, and runs through June 30, 2025.",Classroom & academic programs,new_agreement,Street Academy Foundation,organization,Emiliano Zapata Street Academy,expense,not_to_exceed,24930.23,,,,,true,2024-07-01,2025-06-30,after_work_began,,,Adopted on the General Consent Report,2025-01-08,true,auto_ok,sonnet-agent,enrich.v3.md
2025-01-08:24-3054,2025-01-08,2025-01-08,regular,L.-44,86,general,Chief Academic Officer,24-3054,https://ousd.legistar.com/LegislationDetail.aspx?ID=64218&GUID=FC32692D-B4C1-4D79-9552-0B60C19CB932,"Services Agreement 2024-2025 - Therapeutic Beat Making, LLC - Dewey Academy (HS)","Ratification by the Board of Education of a Services Agreement 2024-2025 by and between the District and Therapeutic Beat Making, LLC, Oakland, CA, for the latter to assist, in conjunction with other Today’s Future Sound (TFS) Consultants, in the coordination and delivery of music beat making, finger drumming and music production instruction with workshops to students for one hour per week; provide program culmination in original tracks to a final compilation album, complete with original artwork and produce student directed cover art for the student compilation at Dewey Academy, for the period of December 2, 2024, through May 26, 2025, in an amount not to exceed $2,400.00.",Agreement or Contract,Chief Academic Officer,001791,v-001791,CCSPP Implementation Grant,"Pays Therapeutic Beat Making up to $2,400 for music production workshops at Dewey Academy","Therapeutic Beat Making, LLC will work with other Today's Future Sound consultants to teach beat making, finger drumming and music production one hour per week at Dewey Academy. Students will produce original tracks for a compilation album with their own cover art. The work runs from December 2, 2024 through May 26, 2025, and began before this board vote.",Classroom & academic programs,new_agreement,"Therapeutic Beat Making, LLC",organization,Dewey Academy,expense,not_to_exceed,2400,,,,,true,2024-12-02,2025-05-26,after_work_began,,,Adopted on the General Consent Report,2025-01-08,true,auto_ok,sonnet-agent,enrich.v3.md
2025-01-08:24-3060,2025-01-08,2025-01-08,regular,L.-45,87,general,Chief Academic Officer,24-3060,https://ousd.legistar.com/LegislationDetail.aspx?ID=64224&GUID=0ABF5B2F-5C4B-4D4F-9613-58864C651AF3,Services Agreement 2024-2025 - #ICANHELP - Oakland Technical High School,"Ratification by the Board of Education of a Services Agreement 2024-2025 by and between the District and #ICANHELP, of Antioch, CA, for the latter to train the staff to empower the students with a digital journey, imparting to them the information to help them be safe, smart, and responsible students; provide essential digital citizenship and wellness skills that teach students to improve their tech and social media habits; provide parents and guardians guidance for setting boundaries, offer support, and incorporate teachable moments into home routines to demonstrate appropriate online behavior and tech use, via Oakland Technical High School, for the term December 16, 2024 through February 15, 2025, in a not to exceed amount of $8,684.00.",Agreement or Contract,Chief Academic Officer,009319,v-009319,Title 4-Student Support,"Pays #ICANHELP up to $8,684 for digital safety training at Oakland Technical High School","#ICANHELP will train staff at Oakland Technical High School to teach students digital citizenship and healthy tech and social media habits. It will also give parents and guardians guidance on setting boundaries and modeling good online behavior. The term runs from December 16, 2024 through February 15, 2025, and began before this board vote.",Classroom & academic programs,new_agreement,#ICANHELP,organization,Oakland Technical High School,expense,not_to_exceed,8684,,,,,true,2024-12-16,2025-02-15,after_work_began,,,Adopted on the General Consent Report,2025-01-08,true,auto_ok,sonnet-agent,enrich.v3.md
2025-01-08:24-3061,2025-01-08,2025-01-08,regular,L.-46,88,general,Chief Academic Officer,24-3061,https://ousd.legistar.com/LegislationDetail.aspx?ID=64225&GUID=4D31EB01-6D63-4205-9F50-61402D1F0A1A,Services Agreement 2024-2025 - Bay Area Community Resources - Rudsdale Continuation High School,"Approval by the Board of Education of a Services Agreement 2024-2025 by and between the District and Bay Area Community Resources, San Rafael, CA, for the latter to provide an Intensive Pathway Case Manager to support students enrolled in both the Heath and Technology Pathways on a daily basis, providing additional support for the most at-risk students to increase their pass rate, train all teachers on trauma-informed practices, and develop pathway-aligned cultural activities that improve overall school culture climate and maintain a safe environment for everyone, managing a caseload of fifty to sixty students at Rudsdale Continuation High School, for the period of August 12, 2024, through June 30, 2025, in an amount not to exceed $20,000.00.",Agreement or Contract,Chief Academic Officer,000624,v-000624,Measure H,"Pays Bay Area Community Resources up to $20,000 for a case manager at Rudsdale Continuation High","Bay Area Community Resources will provide a daily case manager for students in the Health and Technology pathways at Rudsdale Continuation High School, with a caseload of fifty to sixty at-risk students. It will also train all teachers on trauma-informed practices and develop cultural activities. The agreement period began August 12, 2024, before this vote, and runs through June 30, 2025.","Student health, support & family services",new_agreement,Bay Area Community Resources,organization,Rudsdale Continuation High School,expense,not_to_exceed,20000,,,,,true,2024-08-12,2025-06-30,after_work_began,,,Adopted on the General Consent Report,2025-01-08,true,auto_ok,sonnet-agent,enrich.v3.md
2025-01-08:24-3062,2025-01-08,2025-01-08,regular,L.-47,89,general,Chief Academic Officer,24-3062,https://ousd.legistar.com/LegislationDetail.aspx?ID=64226&GUID=40D7485A-6457-422F-A363-A4E356997FDD,Services Agreement 2024-2025 - Civic Productions LLC - Castlemont High School,"Ratification by the Board of Education of a Services Agreement 2024-2025 by and between the District and Civic Productions LLC, Oakland, CA, for the latter to co-create a school project through curriculum design for the 2024 to 2025 school year; work with students and the Sustainable Urban Design Academy (SUDA); work with students along with industry and community partners to create community projects; connect, when applicable,  SUDA teachers and curricula to Universities with similar educational focus such as UC Berkeley Engineering, Laney College, and Castlemont Urban planning collaborations; provide professional development training for educators one on one through mentorship style approach once projects are solidified, support networking opportunities within the industry to bridge community connections within the community; deepen network of industry community connections, with specific opportunities for students to increase their knowledge around creating, managing industry standard skilled projects; coordinate and facilitate field trips to industry field sites, and professionals associated managing over the site projects; facilitate student completion of a year-end presentation with industry collaboration efforts at the Harvest Festival, build a greenhouse and shade house for the school farm; facilitate student capture of  projects and events with photography and create a digital library of all events, projects, community supporter, field trips, that will be used to highlight the program to community industry partners at Castlemont High School, for the period of October 1, 2024, through June 30, 2025, in an amount not to exceed $15,000.00.",Agreement or Contract,Chief Academic Officer,005705,v-005705,Green Calif. Partnership Acad,"Pays Civic Productions up to $15,000 for urban design projects with Castlemont High students","Civic Productions LLC will help design curriculum and community projects with students in Castlemont High School's Sustainable Urban Design Academy. Work includes teacher training, field trips to industry sites, a greenhouse and shade house for the school farm, and a digital library of projects. The work runs from October 1, 2024 through June 30, 2025, and began before this board vote.",Classroom & academic programs,new_agreement,Civic Productions LLC,organization,Castlemont High School,expense,not_to_exceed,15000,,,,,true,2024-10-01,2025-06-30,after_work_began,,,Adopted on the General Consent Report,2025-01-08,true,auto_ok,sonnet-agent,enrich.v3.md
2025-01-08:24-3063,2025-01-08,2025-01-08,regular,L.-48,90,general,Chief Academic Officer,24-3063,https://ousd.legistar.com/LegislationDetail.aspx?ID=64227&GUID=63CCF777-94C5-4735-BA51-F0C8A6AFD6A0,"Services Agreement 2024-2025 - Mentoring Medicine & Science, Inc. - Dewey Academy","Ratification by the Board of Education of a Services Agreement 2024-2025 by and between the District and Mentoring Medicine & Science, Inc., Oakland, CA, for the latter to provide the Health Scholar Program with workshops each trimester to expose and train students in health careers and skills; exposure to Emergency Medical Technicians (EMT); cardiopulmonary resuscitation (CPR) and First Aid skills workshops such as: splinting, blood pressure, and immobilization at Dewey Academy, for the period of August 30, 2024, through December 31, 2024, in an amount not to exceed $14,290.00.",Agreement or Contract,Chief Academic Officer,002825,v-002825,Measure H,"Pays Mentoring Medicine & Science up to $14,290 for health career workshops at Dewey Academy","Mentoring Medicine & Science, Inc. will run its Health Scholar Program at Dewey Academy, with workshops each trimester on health careers, emergency medical technicians, CPR and first aid skills. The agreement period ran from August 30 through December 31, 2024, which was before this board vote.",Classroom & academic programs,new_agreement,"Mentoring Medicine & Science, Inc.",organization,Dewey Academy,expense,not_to_exceed,14290,,,,,true,2024-08-30,2024-12-31,after_work_began,,,Adopted on the General Consent Report,2025-01-08,true,auto_ok,sonnet-agent,enrich.v3.md
2025-01-08:24-3064,2025-01-08,2025-01-08,regular,L.-49,91,general,Chief Academic Officer,24-3064,https://ousd.legistar.com/LegislationDetail.aspx?ID=64228&GUID=06A7EF1C-7C3B-472D-A298-D4DFCCAF460F,No Cost Services Agreement 2024-2025 - International Rescue Committee (IRC) - Oakland International High School,"Ratification by the Board of Education of a No Cost Services Agreement for the 2024 - 2025 by and between the District and International Rescue Committee (IRC) for the latter to provide critical support to students in need through two key initiatives, food Bank every Tuesday and an Afterschool Cooking Class Program that takes place every Wednesday.at Oakland International High School, for the period of November 25, 2024, through June 30, 2025, at no cost to the District.",Agreement or Contract,Chief Academic Officer,002216,v-002216,,Brings International Rescue Committee food bank and cooking class to Oakland International High at no cost,"The International Rescue Committee will run a food bank every Tuesday and an after-school cooking class every Wednesday at Oakland International High School. The agreement runs from November 25, 2024 through June 30, 2025, at no cost to the district, and began before this board vote.","Student health, support & family services",new_agreement,International Rescue Committee (IRC),organization,Oakland International High School,no_cost,,,,,,,true,2024-11-25,2025-06-30,after_work_began,,,Adopted on the General Consent Report,2025-01-08,true,auto_ok,sonnet-agent,enrich.v3.md
2025-01-08:24-3065,2025-01-08,2025-01-08,regular,L.-50,92,general,Chief Academic Officer,24-3065,https://ousd.legistar.com/LegislationDetail.aspx?ID=64229&GUID=81C5C3DD-BD9F-4871-84BC-CB6936FC5CC4,Services Agreement 2024-2025 - Bryan Reinke - Dewey Academy,"Ratification by the Board of Education of a Services Agreement 2024-2025 by and between the District and Bryan Reinke, Kensington, CA, for the latter, working in conjunction with Today’s Future Sound (TFS), to teach beat making and music production workshops to students, culminate original tracks into a final compilation album, complete with original artwork and coordinate with other TFS instructors at Dewey Academy, for the period of December 2, 2024, through May 26, 2025, in an amount not to exceed $3,600.00.",Agreement or Contract,Chief Academic Officer,009293,v-009293,CCSPP Implementation Grant,"Pays a music instructor up to $3,600 for beat making workshops at Dewey Academy","An individual instructor will teach beat making and music production workshops at Dewey Academy, working with Today's Future Sound and its other instructors. Students will produce original tracks for a compilation album with original artwork. The work runs from December 2, 2024 through May 26, 2025, and began before this board vote.",Classroom & academic programs,new_agreement,Bryan Reinke,individual,Dewey Academy,expense,not_to_exceed,3600,,,,,true,2024-12-02,2025-05-26,after_work_began,,,Adopted on the General Consent Report,2025-01-08,true,auto_ok,sonnet-agent,enrich.v3.md
2025-01-08:24-3066,2025-01-08,2025-01-08,regular,L.-51,93,general,Chief Academic Officer,24-3066,https://ousd.legistar.com/LegislationDetail.aspx?ID=64230&GUID=B4320E34-ECEF-4F60-922C-849C77ABFEF2,Services Agreement 2024-2025 - Bay Area Community Resources - Rudsdale Continuation High School,"Approval by the Board of Education of a Services Agreement 2024-2025 by and between the District and Bay Area Community Resources (BACR), San Rafael, CA, for the latter to create internship opportunities in the technology field for approximately 35 students and providing state student stipends for their hours served, at Rudsdale Continuation High School, for the period of August 12, 2024, through June 30, 2025, in an amount not to exceed $10,062.50.",Agreement or Contract,Chief Academic Officer,000624,v-000624,Measure N,"Pays Bay Area Community Resources up to $10,062.50 for paid tech internships at Rudsdale High","Bay Area Community Resources will create technology internships for about 35 students at Rudsdale Continuation High School and provide state student stipends for the hours they work. The agreement period began August 12, 2024, before this vote, and runs through June 30, 2025.",Classroom & academic programs,new_agreement,Bay Area Community Resources,organization,Rudsdale Continuation High School,expense,not_to_exceed,10062.5,,,,,true,2024-08-12,2025-06-30,after_work_began,,,Adopted on the General Consent Report,2025-01-08,true,auto_ok,sonnet-agent,enrich.v3.md
2025-01-08:24-3067,2025-01-08,2025-01-08,regular,L.-52,94,general,Chief Academic Officer,24-3067,https://ousd.legistar.com/LegislationDetail.aspx?ID=64231&GUID=6CF3378C-4EBE-475A-B2A9-3C29D1132518,Services Agreement 2024-2025 - Bay Area Community Resources - Rudsdale Continuation High School,"Approval by the Board of Education of a Services Agreement 2024-2025 by and between the District and Bay Area Community Resources (BACR), San Rafael, CA, for the latter to provide ongoing direct services to students, families, and/or staff (such as counseling, case management, mentoring, or coaching); connect participants and families to proper social service agencies for additional legal support; implement a Safety Risk Intervention Program with culturally relevant youth leadership, academic, and wrap around support approaches; recruit and retain safety impacts newcomer students to graduate high school and improves life opportunities (positive relationships, career and college, positive mental, physical, and emotional health); develop and monitor individual success and empowerment plans (ISPs) in collaboration with the Coordination of Services Team (COST) or other support staff; build peer to peer support community, cultural identity, and pride in school ownership; and refer youth to external referrals such as community-based organizations on similar issues and provide the knowledge, capacity, language resources, or other support so they may appropriately serve newcomer students at Rudsdale Continuation High School, for the period of August 12, 2024, through June 30, 2025, in an amount not to exceed $60,000.00.",Agreement or Contract,Chief Academic Officer,000624,v-000624,Measure N/H,"Pays Bay Area Community Resources up to $60,000 for student and family support at Rudsdale High","Bay Area Community Resources will provide direct services such as counseling, case management and mentoring to students, families and staff at Rudsdale Continuation High School. It will also run a Safety Risk Intervention Program and support newcomer students. The agreement period began August 12, 2024, before this vote, and runs through June 30, 2025.","Student health, support & family services",new_agreement,Bay Area Community Resources,organization,Rudsdale Continuation High School,expense,not_to_exceed,60000,,,,,true,2024-08-12,2025-06-30,after_work_began,,,Adopted on the General Consent Report,2025-01-08,true,auto_ok,sonnet-agent,enrich.v3.md
2025-01-08:24-3068,2025-01-08,2025-01-08,regular,L.-53,95,general,Chief Academic Officer,24-3068,https://ousd.legistar.com/LegislationDetail.aspx?ID=64232&GUID=20F774E8-3BA4-490F-981F-0E67AE1382E9,Services Agreement 2024-2025 - Safe Passages - Community Schools and Student Services Department,"Approval by the Board of Education of a Services Agreement 2024-2025 by and between the District and Safe Passages, Oakland, CA, for the latter to conduct site observations of TK/K after school programs and provide coaching and technical assistance to after school lead agencies as well as facilitating visits from lead agencies to the Safe Passages demonstration model sites and related services, as described in Exhibit A of the Agreement, incorporated herein by reference as though fully set forth, via Community Schools and Student Services Department, for the period of January 8, 2025 through June 30, 2025 in an amount not to exceed $99,680.00.",Agreement or Contract,Chief Academic Officer,003729,v-003729,Expanded Learning Opp Programs,"Pays Safe Passages up to $99,680 to coach after-school programs for young children","Safe Passages will observe transitional kindergarten and kindergarten after-school programs, coach the lead agencies that run them, and host visits to its demonstration sites. It works through the Community Schools and Student Services Department. The agreement runs from January 8, 2025 through June 30, 2025.",After-school & summer programs,new_agreement,Safe Passages,organization,,expense,not_to_exceed,99680,,,,,true,2025-01-08,2025-06-30,,,,Adopted on the General Consent Report,2025-01-08,true,auto_ok,sonnet-agent,enrich.v3.md
2025-01-08:24-3069,2025-01-08,2025-01-08,regular,L.-54,96,general,Chief Academic Officer,24-3069,https://ousd.legistar.com/LegislationDetail.aspx?ID=64233&GUID=6DC52477-05B7-4C75-968A-8BDC101C5AA7,Services Agreement 2024-2025 - Safe Passages - Community Schools and Student Services Department,"Approval by the Board of Education of a Services Agreement 2024-2025 by and between the District and Safe Passages, Oakland, CA, for the latter to implement Professional Learning Communities (PLC) composed of 4 PLCs to provide 50 expanded learning TK/K staff with the needed support and the best/promising practices, culturally appropriate strategies for Oakland TK/K students, as described in Exhibit A of the Agreement, incorporated herein by reference as though fully set forth,  via Community Schools and Student Services Department, for the period of January 8, 2025 through June 30, 2025, in an amount not to exceed $109,250.00.",Agreement or Contract,Chief Academic Officer,003729,v-003729,Expanded Learning Opp Programs,"Pays Safe Passages up to $109,250 to train after-school staff serving young children","Safe Passages will run four Professional Learning Communities (staff learning groups) for 50 after-school staff who serve transitional kindergarten and kindergarten students. The groups will share promising practices and culturally appropriate strategies. It works through the Community Schools and Student Services Department. The agreement runs from January 8, 2025 through June 30, 2025.",After-school & summer programs,new_agreement,Safe Passages,organization,,expense,not_to_exceed,109250,,,,,true,2025-01-08,2025-06-30,,,,Adopted on the General Consent Report,2025-01-08,true,auto_ok,sonnet-agent,enrich.v3.md
2025-01-08:24-3070,2025-01-08,2025-01-08,regular,L.-55,97,general,Chief Academic Officer,24-3070,https://ousd.legistar.com/LegislationDetail.aspx?ID=64234&GUID=C33C1F89-BC90-443A-80A3-204B2BAB1766,Services Agreement 2024-2025 - Oakland Public Education Fund - Community Schools and Student Services Department,"Approval by the Board of Education of a Services Agreement 2024-2025 by and between the District and Oakland Public Education Fund, Oakland, CA, for the latter to support the McKinney-Vento Program by administering stipends for an intern working to enhance the program’s capacity to serve students and families experiencing housing instability, as described in Exhibit A of the Agreement, incorporated herein by reference as though fully set forth, via Community Schools and Student Services Department, for the period of November 11, 2024 through May 30, 2025, in an amount not to exceed $5,000.00.",Agreement or Contract,Chief Academic Officer,003143,v-003143,Homeless Children & Youth,"Pays Oakland Public Education Fund up to $5,000 for an intern in the homeless student support program","The Oakland Public Education Fund will administer stipends for an intern who helps the McKinney-Vento Program serve students and families experiencing housing instability. It works through the Community Schools and Student Services Department. The agreement period began November 11, 2024, before this vote, and runs through May 30, 2025.","Student health, support & family services",new_agreement,Oakland Public Education Fund,organization,,expense,not_to_exceed,5000,,,,,true,2024-11-11,2025-05-30,after_work_began,,,Adopted on the General Consent Report,2025-01-08,true,auto_ok,sonnet-agent,enrich.v3.md
2025-01-08:24-3071,2025-01-08,2025-01-08,regular,L.-56,98,general,Chief Academic Officer,24-3071,https://ousd.legistar.com/LegislationDetail.aspx?ID=64235&GUID=363BD654-6A27-4D23-899D-F95FFCDC034F,"Nonpublic, Nonsectarian School, Agency Master Contract 2024-25 – SHC Services, Supplemental Health Care - Special Education Department","Approval by the Board of Education of a Nonpublic, Nonsectarian School/ Agency Services Master Contract 2024-25 by and between the District and SHC Services, Supplement Health Care, Cottonwood Heights, UT, for the latter to provide Special Education services, stated in Agreement, required by a student’s Individualized Education Program, for the period of July 1, 2024, through June 30, 2025, via the Special Education Department, in an amount not to exceed $400,000.00.",Agreement or Contract,Chief Academic Officer,,n-shc-services-supplemental-health-care,Special Education,"Pays SHC Services up to $400,000 for special education services through a nonpublic agency contract","SHC Services, Supplemental Health Care will provide special education services required by students' Individualized Education Programs (IEPs), under a master contract for a nonpublic, nonsectarian school or agency. It works through the Special Education Department. The contract period began July 1, 2024, before this vote, and runs through June 30, 2025.",Special education,new_agreement,"SHC Services, Supplemental Health Care",organization,,expense,not_to_exceed,400000,,,,,true,2024-07-01,2025-06-30,after_work_began,,,Adopted on the General Consent Report,2025-01-08,true,auto_ok,sonnet-agent,enrich.v3.md
2025-01-08:24-3078,2025-01-08,2025-01-08,regular,L.-57,99,general,Chief Academic Officer,24-3078,https://ousd.legistar.com/LegislationDetail.aspx?ID=64242&GUID=357F066B-420F-41B0-8AC1-B4BC9FA82F20,"No Cost Services Agreement (SA) and Data Sharing Agreement (DSA) - WestEd, San Francisco, CA - Research, Assessment and Data (RAD) Department","Ratification by the Board of Education of a No Cost Services Agreement (SA) and Data Sharing Agreement (DSA) by and between the District and WestEd, San Francisco, CA, for the latter through the SA to conduct a study to understand implementation variation and assess the efficacy of the Illustrative Mathematics (“IM®”) curriculum in grades 6-8, and concurrently, A DSA defining the terms and conditions of District's transmission of or sharing of pupil data under the SA with WestEd and the protection by WestEd of such data, as enumerated therein, each Agreement, for the term August 1, 2024 through June 30, 2026, at no cost to the District, via the Research, Assessment and Data (RAD) Department.",Agreement or Contract,Chief Academic Officer,,v-004597,No Fiscal Impact,"Approves a no-cost WestEd study of the Illustrative Mathematics curriculum in grades 6-8, with student data sharing","WestEd will study how the Illustrative Mathematics curriculum is used in grades 6-8 and how well it works. A separate data-sharing agreement sets the terms for the district sharing student data with WestEd and how WestEd must protect it. There is no cost to the district, and the term runs from August 1, 2024 through June 30, 2026.",Classroom & academic programs,mou_or_data_sharing,WestEd,organization,,no_cost,,,,,,,true,2024-08-01,2026-06-30,after_work_began; multi_year,,,Adopted on the General Consent Report,2025-01-08,true,auto_ok,sonnet-agent,enrich.v3.md
2025-01-08:24-3080,2025-01-08,2025-01-08,regular,L.-58,100,general,Chief Academic Officer,24-3080,https://ousd.legistar.com/LegislationDetail.aspx?ID=64244&GUID=06E3975A-B53C-44C4-B2D8-2DF1889B6BC2,No Cost Services Agreement 2024-2025 - TransformCA - Community Schools and Student Services Department,"Ratification by the Board of Education of a No Cost Services Agreement - 2024-2025 by and between the District and TransformCA, Oakland, CA, for the latter to recruit  school champions (voluntary role) at each school and at the district level to support program participation at all (K-12) schools in the Safe Routes to School Program, promoting safe pedestrian and biking education, activities and events, as described in Exhibit A of the Agreement, incorporated herein by reference as though fully set forth, via Community Schools and Student Services Department,  for the period of July 1, 2024 through June 30, 2026, at no cost to the District.",Agreement or Contract,Chief Academic Officer,004357,v-004357,No Fiscal Impact - No-Cost Agreement,Partners with TransformCA at no cost on the Safe Routes to School program through June 2026,"TransformCA will recruit volunteer school champions at each school and at the district level to support participation in the Safe Routes to School Program, which promotes safe walking and biking education and events for all K-12 schools. There is no cost to the district. The term runs from July 1, 2024 through June 30, 2026, and began before this board vote.","Food, transportation & operations",new_agreement,TransformCA,organization,,no_cost,,,,,,,true,2024-07-01,2026-06-30,after_work_began; multi_year,,,Adopted on the General Consent Report,2025-01-08,true,auto_ok,sonnet-agent,enrich.v3.md
2025-01-08:24-3102,2025-01-08,2025-01-08,regular,L.-59,101,general,Chief Academic Officer,24-3102,https://ousd.legistar.com/LegislationDetail.aspx?ID=64266&GUID=D2BB568D-2AE9-4EE1-B0A7-ECBB353615FA,Grant Agreement - Commission on Teacher Credentialing - School Counseling Residency Program #2022SCRI02 - High School Linked Learning Office,"Approval by the Board of Education of a Grant Agreement by and between the California Commission on Teacher Credentialing  and the District (Grant Agreement Number #2022SCRI02), with the District accepting $320,000.00 per year, for a total amount not to exceed $1,280,000.00, to support a collaborative partnership with one or more Commission-approved Pupil Personnel Services Preparation Programs specializing in school counseling (PPS-SC) offered by a regionally accredited institution of higher education to implement a new or expand an existing residency program, pursuant to the terms and conditions thereof, for the period of March 29, 2024 through June 30, 2027, via the Talent/Human Resources Department.",Agreement or Contract,Chief Academic Officer,,n-california-commission-on-teacher-credentialing,Commission on Teacher Credentialing,"Accepts up to $1,280,000 from the state teaching commission for a school counseling residency program","The district accepts a grant from the California Commission on Teacher Credentialing, at $320,000 per year for a total of up to $1,280,000. It supports a partnership with a college counseling preparation program to start or expand a school counseling residency program. The grant period began March 29, 2024, before this vote, and runs through June 30, 2027.",Staff & hiring,grant_or_funding_in,California Commission on Teacher Credentialing,organization,,revenue,not_to_exceed,1280000,,,,,true,2024-03-29,2027-06-30,after_work_began; multi_year,,,Adopted on the General Consent Report,2025-01-08,true,auto_ok,sonnet-agent,enrich.v3.md
2025-01-08:24-3108,2025-01-08,2025-01-08,regular,L.-60,102,general,Chief Academic Officer,24-3108,https://ousd.legistar.com/LegislationDetail.aspx?ID=64272&GUID=30474D4D-0BE3-4494-9B4C-B914059DAE03,Services Agreement 2024-2025 - Michael Sullivan - Castlemont High School,"Ratification by the Board of Education of a Services Agreement 2024-2025 by and between the District and Michael Sullivan, Riverbank, CA, for the latter to provide instructional staff with sustaining equitable conditions for learning and obtaining 100% uninterrupted class time by navigating and loading curriculum to prepare and plan class content for site teachers whose classrooms have the interactive Smart Board or Promethean Board, more specifically described in Exhibit A of the Agreement, incorporated herein by reference as though fully forth, at Castlemont High School, for the period of September 1, 2024, through June 30, 2025, in an amount not to exceed $45,000.00.",Agreement or Contract,Chief Academic Officer,004124,v-004124,ESSA: Comp Support & Improvement,"Pays a consultant up to $45,000 to help Castlemont teachers use classroom smart boards","An individual consultant will help Castlemont High School instructors load curriculum and plan class content on interactive Smart Boards and Promethean Boards, aiming to keep class time uninterrupted. The work runs from September 1, 2024 through June 30, 2025, and began before this board vote.",Classroom & academic programs,new_agreement,Michael Sullivan,individual,Castlemont High School,expense,not_to_exceed,45000,,,,,true,2024-09-01,2025-06-30,pulled_from_consent; after_work_began,,Taken off the consent report and withdrawn at this meeting.,Withdrawn,2025-01-08,false,auto_ok,sonnet-agent,enrich.v3.md
2025-01-08:24-3110,2025-01-08,2025-01-08,regular,L.-61,103,general,Chief Academic Officer,24-3110,https://ousd.legistar.com/LegislationDetail.aspx?ID=64274&GUID=9723B8A4-2B52-47FA-AAE7-AF5D34EE7869,Memorandum of Understanding and Data Sharing Agreement - California State University East Bay - High School Linked Learning Office,"Approval by the Board of Education of the Memorandum of Understanding (MOU) and Data Sharing Agreement (DSA), each, by and between the District and California State University East Bay (CSUEB), Hayward, CA, through the MOU, for each to offer areas of cooperation to include academic and support services offered by both institutions to carry out the development and implementation of students Guaranteed Admissions Program to California State University, and through the DSA, defining the terms and conditions of District's transmission of or sharing of pupil data under the SA with CSUEB and the protection by CSUEB of such data, as enumerated therein, via High School Linked Learning Office, each Agreement, for the period of January 1, 2025 through December 31, 2028, at no cost to the District.",Agreement or Contract,Chief Academic Officer,,n-california-state-university-east-bay,No Fiscal Impact,Approves a no-cost partnership and student data sharing deal with Cal State East Bay for guaranteed admission,"The district is approving two agreements with California State University East Bay: a memorandum of understanding (MOU) and a data sharing agreement. They set up a Guaranteed Admissions Program for district students and cover how student data is shared and protected. Both run from January 1, 2025 through December 31, 2028 at no cost to the district.",Classroom & academic programs,mou_or_data_sharing,California State University East Bay,organization,,no_cost,,,,,,,true,2025-01-01,2028-12-31,after_work_began; multi_year,,,Adopted on the General Consent Report,2025-01-08,true,auto_ok,sonnet-agent,enrich.v3.md
2025-01-08:24-3113,2025-01-08,2025-01-08,regular,L.-62,104,general,Chief Academic Officer,24-3113,https://ousd.legistar.com/LegislationDetail.aspx?ID=64277&GUID=22FDD2A1-50CC-4A0D-8A08-FA00D0DBBF95,Services Agreement 2024-2025 - Emma Donnelly - Elmhurst United Middle School,"Ratification by the Board of Education of a Services Agreement 2024-2025 by and between the District and Emma Donnelly, Oakland, CA, for the latter to develop units and lessons for English language acquisition; teach weekly English classes to families of Elmhurst United Middle School, for the period of December 2, 2024 through May 29, 2025, in an amount not to exceed $6,000.00.",Agreement or Contract,Chief Academic Officer,004937,v-004937,Title I-Basic Grant Low Income,"Pays an instructor up to $6,000 for English classes for families at Elmhurst United Middle School","An individual will develop lessons for English language learning and teach weekly English classes to families at Elmhurst United Middle School. The agreement runs from December 2, 2024 through May 29, 2025 and is paid for with Title I federal funds for low-income students. The agreement is being approved after its start date.","Student health, support & family services",new_agreement,Emma Donnelly,individual,Elmhurst United Middle School,expense,not_to_exceed,6000,,,,,true,2024-12-02,2025-05-29,after_work_began,,,Adopted on the General Consent Report,2025-01-08,true,auto_ok,sonnet-agent,enrich.v3.md
2025-01-08:24-3114,2025-01-08,2025-01-08,regular,L.-63,105,general,Chief Academic Officer,24-3114,https://ousd.legistar.com/LegislationDetail.aspx?ID=64278&GUID=10F396E1-9158-4AC8-B2D0-7A1A81AD14F1,Services Agreement 2024-2025 - Village-Connect - East Oakland Pride Elementary School,"Ratification by the Board of Education of a Services Agreement 2024-2025 by and between the District and Village-Connect, San Leandro, CA, for the latter, via the African American Empower Project, to provide academic, tutorial, and behavioral support for African American students; facilitate empowerment groups, along with providing school-based support, with goal to empower African American students with cultural awareness, pride, a sense of belonging, and equip them to tackle academic and social obstacles at East Oakland Pride Elementary School, for the period of December 2, 2024 through May 29, 2025, in an amount not to exceed $60,000.00.",Agreement or Contract,Chief Academic Officer,008021,v-008021,CCSPP Implementation Grant,"Pays Village-Connect up to $60,000 for support for African American students at East Oakland Pride","Village-Connect, through its African American Empower Project, will provide academic tutoring, behavioral support and empowerment groups for African American students at East Oakland Pride Elementary School. The agreement runs from December 2, 2024 through May 29, 2025 and is paid from a community schools grant. The agreement is being approved after its start date.","Student health, support & family services",new_agreement,Village-Connect,organization,East Oakland Pride Elementary School,expense,not_to_exceed,60000,,,,,true,2024-12-02,2025-05-29,after_work_began,,,Adopted on the General Consent Report,2025-01-08,true,auto_ok,sonnet-agent,enrich.v3.md
2025-01-08:24-3115,2025-01-08,2025-01-08,regular,L.-64,106,general,Chief Academic Officer,24-3115,https://ousd.legistar.com/LegislationDetail.aspx?ID=64279&GUID=AFFF1AAF-03DF-48E5-94D0-9C7358DC8D55,Services Agreement 2024-2025 - Kingmakers of Oakland - Westlake Middle School,"Ratification by the Board of Education of a Services Agreement 2024-2025 by and between the District and Kingmakers of Oakland, Oakland, CA, for the latter to provide one (1) facilitator shared between two campuses access to the Kingmakers classroom experience accomplished by the Crowns Curriculum and the Kingmaker experience, as further described in Exhibit A of the Agreement, incorporated herein by reference as though fully set forth, at Westlake Middle School, for the period of November 29, 2024 through June 1, 2025, in an amount not to exceed $34,086.00.",Agreement or Contract,Chief Academic Officer,008752,v-008752,CCSPP Implementation Grant,"Pays Kingmakers of Oakland up to $34,086 for a shared classroom facilitator at Westlake Middle School","Kingmakers of Oakland will provide one facilitator, shared between two campuses, to run the Kingmakers classroom experience using its Crowns Curriculum at Westlake Middle School. The agreement runs from November 29, 2024 through June 1, 2025 and is paid from a community schools grant. The agreement is being approved after its start date.",Classroom & academic programs,new_agreement,Kingmakers of Oakland,organization,Westlake Middle School,expense,not_to_exceed,34086,,,,,true,2024-11-29,2025-06-01,after_work_began,,,Adopted on the General Consent Report,2025-01-08,true,auto_ok,sonnet-agent,enrich.v3.md
2025-01-08:24-3116,2025-01-08,2025-01-08,regular,L.-65,107,general,Chief Academic Officer,24-3116,https://ousd.legistar.com/LegislationDetail.aspx?ID=64280&GUID=C23C07F0-0A44-4996-BA1B-3C08E89A3B41,Services Agreement 2024-2025 - Hanna Interpreting Services LLC - Allendale Elementary School,"Ratification by the Board of Education of a Services Agreement 2024-2025 by and between the District and Hanna Interpreting Services, LLC, Spring Valley, CA, for the latter to provide Mam and Arabic language translation services during next two rounds of parent-teacher conference at Allendale Elementary School, for the period of January 7, 2025 through May 28, 2025, in an amount not to exceed $1,000.00.",Agreement or Contract,Chief Academic Officer,006861,v-006861,CCSPP Implementation Grant,"Pays Hanna Interpreting Services up to $1,000 for Mam and Arabic translation at Allendale Elementary","Hanna Interpreting Services will provide Mam and Arabic language translation at the next two rounds of parent-teacher conferences at Allendale Elementary School. The agreement runs from January 7, 2025 through May 28, 2025 and is paid from a community schools grant. The agreement is being approved after its start date.","Student health, support & family services",new_agreement,"Hanna Interpreting Services, LLC",organization,Allendale Elementary School,expense,not_to_exceed,1000,,,,,true,2025-01-07,2025-05-28,after_work_began,,,Adopted on the General Consent Report,2025-01-08,true,auto_ok,sonnet-agent,enrich.v3.md
2025-01-08:24-3117,2025-01-08,2025-01-08,regular,L.-66,108,general,Chief Academic Officer,24-3117,https://ousd.legistar.com/LegislationDetail.aspx?ID=64281&GUID=06A893AC-2B18-4C7A-9E58-1897093579D2,Services Agreement 2024-2025 - Playworks - Manzanita Community Elementary School,"Ratification by the Board of Education of a Services Agreement 2024-2025 by and between the District and Playworks, Oakland, CA, for the latter to provide comprehensive support to supervise games, implement strategies, and conflict resolution systems to develop and sustain a positive schoolyard culture during recess for the students at Manzanita Community Elementary School, for the period of August 19, 2024 through May 27, 2025, in an amount not to exceed $26,674.22.",Agreement or Contract,Chief Academic Officer,009318,v-009318,CCSPP Implementation Grant,"Pays Playworks up to $26,674.22 to run recess games and conflict resolution at Manzanita Community Elementary","Playworks will supervise games, teach strategies and set up conflict resolution systems during recess to support a positive schoolyard culture at Manzanita Community Elementary School. The agreement runs from August 19, 2024 through May 27, 2025 and is paid from a community schools grant. The agreement is being approved after its start date.","Student health, support & family services",new_agreement,Playworks,organization,Manzanita Community Elementary School,expense,not_to_exceed,26674.22,,,,,true,2024-08-19,2025-05-27,after_work_began,,,Adopted on the General Consent Report,2025-01-08,true,auto_ok,sonnet-agent,enrich.v3.md
2025-01-08:24-3118,2025-01-08,2025-01-08,regular,L.-67,109,general,Chief Academic Officer,24-3118,https://ousd.legistar.com/LegislationDetail.aspx?ID=64282&GUID=458A5C4C-7550-4D5B-ABAA-1C09535C98F5,Services Agreement 2024-2025 - The Teaching Well - Emerson Elementary School,"Approval by the Board of Education of a Services Agreement 2024-2025 by and between the District and The Teaching Well, Oakland, CA, for the latter to facilitate staff professional development sessions to build skills and language around self-care, community care, socio-emotional, body based learning, and work life balance, with wellness practices helping to improve stress management, communication, and collaboration to co-create adult cultures you won’t need to heal from at Emerson Elementary School, for the period of November 18, 2024 through April 30, 2025, in an amount not to exceed $3,500.00.",Agreement or Contract,Chief Academic Officer,004278,v-004278,Educator Effectiveness,"Pays The Teaching Well up to $3,500 for staff wellness training at Emerson Elementary","The Teaching Well will lead professional development sessions for staff at Emerson Elementary School on self-care, community care, socio-emotional skills and work-life balance. The agreement runs from November 18, 2024 through April 30, 2025 and is paid from educator effectiveness funds.",Classroom & academic programs,new_agreement,The Teaching Well,organization,Emerson Elementary School,expense,not_to_exceed,3500,,,,,true,2024-11-18,2025-04-30,after_work_began,,,Adopted on the General Consent Report,2025-01-08,true,auto_ok,sonnet-agent,enrich.v3.md
2025-01-08:24-3119,2025-01-08,2025-01-08,regular,L.-68,110,general,Chief Academic Officer,24-3119,https://ousd.legistar.com/LegislationDetail.aspx?ID=64283&GUID=D7CAB87A-8BED-4011-B97C-F68C8663A2A3,Services Agreement 2024-2025 - Bay Area Community Resources - Sankofa United Elementary School,"Approval by the Board of Education of a Services Agreement 2024-2025 by and between the District and Bay Area Community Resources, San Rafael, CA, for the latter to engage students in various activities during Noon recess; teach students how to work as a team by conducting structured games; build community, in classrooms, relationships and sense of joy at school; lead student Council election and have elected students from second through fifth grade discuss ways to make school safer and more fun at Sankofa United Elementary School, for the period of August 16, 2024 through May 26, 2025, in an amount not to exceed $29,971.88.",Agreement or Contract,Chief Academic Officer,000624,v-000624,CCSPP Implementation Grant,"Pays Bay Area Community Resources up to $29,971.88 for recess games and student council at Sankofa United","Bay Area Community Resources will lead structured team games during noon recess and run a student council election at Sankofa United Elementary School. Elected students in grades two through five will discuss ways to make school safer and more fun. The agreement runs from August 16, 2024 through May 26, 2025 and is paid from a community schools grant.","Student health, support & family services",new_agreement,Bay Area Community Resources,organization,Sankofa United Elementary School,expense,not_to_exceed,29971.88,,,,,true,2024-08-16,2025-05-26,after_work_began,,,Adopted on the General Consent Report,2025-01-08,true,auto_ok,sonnet-agent,enrich.v3.md
2025-01-08:24-3120,2025-01-08,2025-01-08,regular,L.-69,111,general,Chief Academic Officer,24-3120,https://ousd.legistar.com/LegislationDetail.aspx?ID=64284&GUID=E5EB16E2-9875-46D8-AC02-6454EAA7B622,Services Agreement 2024-2025 - Roda Leadership Development - Esperanza Elementary School,"Ratification by the Board of Education of a Services Agreement 2024-2025 by and between the District and Roda Leadership Development, Oakland, CA, for the latter to provide engagement with school leaders, staff, and community members in a collaborative process to refine a comprehensive plan that builds on existing strengths and address identified areas of concern, focusing on understanding school culture and pro-Blackness on campus; incorporate strategies for fostering a more inclusive and affirming school culture, promoting pro-Black practices, and improving relationships within the community at Esperanza Elementary School, for the period of October 7, 2024 through May 29, 2025, in an amount not to exceed $20,000.00.",Agreement or Contract,Chief Academic Officer,008532,v-008532,Educator Effectiveness and Unrestricted Supplemental,"Pays Roda Leadership Development up to $20,000 to work on school culture at Esperanza Elementary","Roda Leadership Development will work with school leaders, staff and community members to refine a plan for a more inclusive and affirming school culture, with a focus on pro-Black practices at Esperanza Elementary School. The agreement runs from October 7, 2024 through May 29, 2025. The agreement is being approved after its start date.","Student health, support & family services",new_agreement,Roda Leadership Development,organization,Esperanza Elementary School,expense,not_to_exceed,20000,,,,,true,2024-10-07,2025-05-29,after_work_began,,,Adopted on the General Consent Report,2025-01-08,true,auto_ok,sonnet-agent,enrich.v3.md
2025-01-08:24-3121,2025-01-08,2025-01-08,regular,L.-70,112,general,Chief Academic Officer,24-3121,https://ousd.legistar.com/LegislationDetail.aspx?ID=64285&GUID=33FC64C0-DFDF-4E43-A6D0-1B3D73C4CAE3,Services Agreement 2024-2025 - Wildcare - Esperanza Elementary School,"Ratification by the Board of Education of a Services Agreement 2024-2025 by and between the District and Wildcare, San Rafael, CA, for the latter to visit school and set up a unique, interactive, multisensory
presentation which provides students with the opportunity to be hands-on with animals they wouldn’t otherwise be able to experience up close with the goal of giving students a strengthened sense of responsibility toward preserving the planet at Esperanza Elementary School, for the period of November 20, 2024 through May 30, 2025, in an amount not to exceed $134.30.",Agreement or Contract,Chief Academic Officer,004627,v-004627,Title 4-Student Support,Pays Wildcare up to $134.30 for a hands-on animal presentation at Esperanza Elementary,"Wildcare will visit Esperanza Elementary School and set up an interactive presentation where students can get close to animals. The goal is to build students' sense of responsibility toward protecting the planet. The agreement runs from November 20, 2024 through May 30, 2025. The agreement is being approved after its start date.",Classroom & academic programs,new_agreement,Wildcare,organization,Esperanza Elementary School,expense,not_to_exceed,134.3,,,,,true,2024-11-20,2025-05-30,after_work_began,,,Adopted on the General Consent Report,2025-01-08,true,auto_ok,sonnet-agent,enrich.v3.md
2025-01-08:24-3122,2025-01-08,2025-01-08,regular,L.-71,113,general,Chief Academic Officer,24-3122,https://ousd.legistar.com/LegislationDetail.aspx?ID=64286&GUID=EFE549D9-0439-4AF4-B8B2-82EC8F946449,Services Agreement 2024-2025 - Children Rising - Sankofa United Elementary School,"Ratification by the Board of Education of a Services Agreement 2024-2025 by and between the District and Children Rising, Oakland, CA, for the latter to provide Tier 3 literacy tutoring support for students who are struggling with foundational literacy skills: one-on-one sessions twice a week during school hours, for students referred to the program by School staff at Sankofa United Elementary School, for the period of October 1, 2024 through May 29, 2025, in an amount not to exceed $10,000.00.",Agreement or Contract,Chief Academic Officer,001645,v-001645,CCSPP Implementation Grant,"Pays Children Rising up to $10,000 for one-on-one reading tutoring at Sankofa United Elementary","Children Rising will provide intensive one-on-one literacy tutoring twice a week during school hours for students at Sankofa United Elementary School who struggle with foundational reading skills and are referred by school staff. The agreement runs from October 1, 2024 through May 29, 2025 and is paid from a community schools grant. The agreement is being approved after its start date.",Classroom & academic programs,new_agreement,Children Rising,organization,Sankofa United Elementary School,expense,not_to_exceed,10000,,,,,true,2024-10-01,2025-05-29,after_work_began,,,Adopted on the General Consent Report,2025-01-08,true,auto_ok,sonnet-agent,enrich.v3.md
2025-01-08:24-3123,2025-01-08,2025-01-08,regular,L.-72,114,general,Chief Academic Officer,24-3123,https://ousd.legistar.com/LegislationDetail.aspx?ID=64287&GUID=FA17AE0C-8457-48EC-AD9E-2DDDAF13CA3D,Services Agreement 2024-2025 - Robert Curtis - High School Linked Learning Department,"Ratification by the Board of Education of a Services Agreement 2024-2025 by and between the District and Robert Curtis, Sebastopol, CA, for the latter to update and clarify Linked Learning standards to better serve students and align with District goals, as described in Exhibit A of the Agreement, incorporated herein by reference as though fully set forth, via Linked Learning Department, for the period of December 2, 2024 through June 30, 2025, in an amount not to exceed $14,400.00.",Agreement or Contract,Chief Academic Officer,008704,v-008704,Measure H,"Pays a consultant up to $14,400 to update Linked Learning standards for the high school department","An individual consultant will update and clarify the district's Linked Learning standards so they better serve students and match district goals. Linked Learning is the district's career-themed high school program. The agreement runs from December 2, 2024 through June 30, 2025 and is paid from Measure H funds. The agreement is being approved after its start date.",Classroom & academic programs,new_agreement,Robert Curtis,individual,,expense,not_to_exceed,14400,,,,,true,2024-12-02,2025-06-30,after_work_began,,,Adopted on the General Consent Report,2025-01-08,true,auto_ok,sonnet-agent,enrich.v3.md
2025-01-08:24-3124,2025-01-08,2025-01-08,regular,L.-73,115,general,Chief Academic Officer,24-3124,https://ousd.legistar.com/LegislationDetail.aspx?ID=64288&GUID=DA9A26D0-DF8F-405E-BA10-5AED7228ABD9,Services Agreement 2024-2025 - 95 Percent Group LLC - Academics and Instruction Department,"Ratification by the Board of Education of a Services Agreement 2024-2025 by and between the District and 95 Percent Group, LLC, Lincolnshire, IL, for the latter to provide literacy core instruction coaching services onsite to gain the intentional, continual support educators need to effectively deliver lessons and ensure program investments deliver lasting results, via Academics and Instruction Department, for the period of August 12, 2024 through May 29, 2025, in an amount not to exceed $15,600.00.",Agreement or Contract,Chief Academic Officer,009132,v-009132,S&C Carryover,"Pays 95 Percent Group up to $15,600 for on-site literacy instruction coaching","95 Percent Group will provide on-site coaching for teachers on literacy core instruction through the Academics and Instruction Department. The agreement runs from August 12, 2024 through May 29, 2025. The agreement is being approved after its start date.",Classroom & academic programs,new_agreement,"95 Percent Group, LLC",organization,,expense,not_to_exceed,15600,,,,,true,2024-08-12,2025-05-29,after_work_began,,,Adopted on the General Consent Report,2025-01-08,true,auto_ok,sonnet-agent,enrich.v3.md
2025-01-08:24-3125,2025-01-08,2025-01-08,regular,L.-74,116,general,Chief Academic Officer,24-3125,https://ousd.legistar.com/LegislationDetail.aspx?ID=64289&GUID=AD54D58C-D25B-47A0-B465-ADC81AA30CB7,Services Agreement 2024-2025 - Living Jazz - Thornhill Elementary School,"Ratification by the Board of Education of a Services Agreement 2024-2025 by and between the District and Living Jazz, Oakland, CA, for the latter to provide weekly dance classes for students, with sessions  concluding with a performance showcase for students to share their works with the Community and their families at Thornhill Elementary School, for the period of January 7, 2025 through May 28, 2025, in an amount not to exceed $9,297.00.",Agreement or Contract,Chief Academic Officer,008016,v-008016,Prop28 Arts and Music,"Pays Living Jazz up to $9,297 for weekly dance classes at Thornhill Elementary","Living Jazz will teach weekly dance classes for students at Thornhill Elementary School, ending with a performance showcase for the community and families. The agreement runs from January 7, 2025 through May 28, 2025 and is paid from Proposition 28 arts and music funds. The agreement is being approved after its start date.",Classroom & academic programs,new_agreement,Living Jazz,organization,Thornhill Elementary School,expense,not_to_exceed,9297,,,,,true,2025-01-07,2025-05-28,after_work_began,,,Adopted on the General Consent Report,2025-01-08,true,auto_ok,sonnet-agent,enrich.v3.md
2025-01-08:24-3126,2025-01-08,2025-01-08,regular,L.-75,117,general,Chief Academic Officer,24-3126,https://ousd.legistar.com/LegislationDetail.aspx?ID=64290&GUID=0BBF6F0B-09F1-4664-8D62-E3E3E337B9AA,"Amendment No. 1, Services Agreement 2024-2025 - Jensen Best - Elmhurst United Middle School","Ratification by the Board of Education of Amendment No. 1, Services Agreement 2024-2025  by and between the District and Jensen Best, Oakland, CA, for the latter to provide virtual Effective Mindfulness, Building Responsive and Confident Educators (EMBRACE) training and coaching to teachers and staff to reinforce concepts and strategies to support the transfer of practices, with the aims to positively influence the culture and climate in early childhood settings and ultimately improve child outcomes at Elmhurst United Middle School, for the period of August 12, 2024 through May 30, 2025, in the additional amount of $5,000.00, increasing the Agreement not to exceed amount from $35,000.00, to $40,000.00.  All other terms and conditions of the Agreement remain in full force and effect.",Agreement or Contract,Chief Academic Officer,005662,v-005662,Unrestricted Supplemental,"Adds $5,000 to a mindfulness trainer's contract at Elmhurst United, raising it to $40,000","This amendment adds $5,000 to an agreement with Jensen Best for virtual training and coaching for teachers and staff, called Effective Mindfulness, Building Responsive and Confident Educators (EMBRACE). The maximum rises from $35,000 to $40,000. The service period stays August 12, 2024 through May 30, 2025, and all other terms remain the same. The agreement is being approved after its start date.",Classroom & academic programs,amendment,Jensen Best,individual,Elmhurst United Middle School,expense,not_to_exceed,5000,,,35000,40000,true,2024-08-12,2025-05-30,after_work_began; raises_existing_contract,,,Adopted on the General Consent Report,2025-01-08,true,auto_ok,sonnet-agent,enrich.v3.md
2025-01-08:24-2403,2025-01-08,2025-01-08,regular,L.-76,119,general,"Measures N and H Commission - December 10, 2024 - David Kakishiba, Chairperson",24-2403,https://ousd.legistar.com/LegislationDetail.aspx?ID=63564&GUID=7F5B072E-49F8-425E-8A02-D2573E63A176,"Measures N and H – College and Career Readiness Commission - 2023-2024 Measures N and H Financial Overview and Allocations, Contingency Fund (Unaudited Actuals)","Adoption by the Board of Education, upon recommendation by the Measures N and H Commission, of 2023-2024 of the Measure N and H Financial Overview and Allocations, including the Contingency Fund Balance records for Measure N and for Measure H.",Motion,Measures N and H - College and Career Readiness Commission,,,,Adopts the 2023-24 Measure N and H financial overview and contingency fund balances,"The board is adopting, on the recommendation of the Measures N and H Commission, the 2023-2024 financial overview and allocations for Measure N and Measure H. These are local funds for college and career programs. The text also covers the contingency fund balances for each measure. No dollar amounts are stated in the item text.",Governance & board business,other,,,,no_cost,,,,,,,true,,,previously_delayed,,,Adopted on the General Consent Report,2025-01-08,true,auto_ok,sonnet-agent,enrich.v3.md
2025-01-08:24-2627,2025-01-08,2025-01-08,regular,L.-77,120,general,"Measures N and H Commission - December 10, 2024 - David Kakishiba, Chairperson",24-2627,https://ousd.legistar.com/LegislationDetail.aspx?ID=63788&GUID=6D67BA08-28C4-4D89-BCAB-AAB17AE43B4D,Measures N and H Commission - Leadership Public Schools Oakland R&D - Met Required Conditions - Full Implementation,"Adoption by the Board of Education, upon recommendation by the Measures N and H Commission, of a change of status of Leadership Public Schools from Conditionally Approved to Full Implementation.",Motion,Measures N and H - College and Career Readiness Commission,,,,Moves Leadership Public Schools Oakland R&D to full implementation under Measures N and H,The board is adopting the Measures N and H Commission's recommendation to change the status of Leadership Public Schools from Conditionally Approved to Full Implementation. No dollar amount is stated in the item text.,Classroom & academic programs,other,,,Leadership Public Schools Oakland R&D,no_cost,,,,,,,true,,,,,,Adopted on the General Consent Report,2025-01-08,true,auto_ok,sonnet-agent,enrich.v3.md
2025-01-08:24-2628B,2025-01-08,2025-01-08,regular,L.-78,121,general,"Measures N and H Commission - December 10, 2024 - David Kakishiba, Chairperson",24-2628B,https://ousd.legistar.com/LegislationDetail.aspx?ID=64315&GUID=46FA6105-B76A-42F5-A8C7-493A0476D546,Measures N and H Commission - MetWest High School - Met Required Conditions - Full Implementation,"Adoption by the Board of Education, upon recommendation by the Measures N and H Commission, of a change of status of MetWest High School from Conditionally Approved to Full Implementation.",Appropriation,Measures N and H - College and Career Readiness Commission,,,,Moves MetWest High School to full implementation under Measures N and H,The board is adopting the Measures N and H Commission's recommendation to change the status of MetWest High School from Conditionally Approved to Full Implementation. No dollar amount is stated in the item text.,Classroom & academic programs,other,,,MetWest High School,no_cost,,,,,,,true,,,,,,Adopted on the General Consent Report,2025-01-08,true,auto_ok,sonnet-agent,enrich.v3.md
2025-01-08:24-2650,2025-01-08,2025-01-08,regular,L.-79,122,general,"Measures N and H Commission - December 10, 2024 - David Kakishiba, Chairperson",24-2650,https://ousd.legistar.com/LegislationDetail.aspx?ID=63811&GUID=DA36B485-D110-4D3D-B287-F5D410C846E1,Measures N and H Commission – Measure N and H Administrative 10% - 2023-2024 Carryover Plan/Budget,"Adoption by the Board of Education, upon recommendation by the Measures N and H Commission of Measure N and H Administrative 10% 2023-2024 Carryover Plan/Budget in the total amount of $239,536.71.",Appropriation,Measures N and H - College and Career Readiness Commission,,,,"Approves a $239,536.71 2023-24 Measure N and H carryover budget for the Administrative 10%","The board is adopting the Measures N and H Commission's recommended 2023-2024 carryover plan and budget for the Administrative 10% of Measure N and H, in a total amount of $239,536.71. Carryover means unspent 2023-2024 money moved into the next budget. The 10% is the share of these local funds set aside for administration.",Governance & board business,other,,,,expense,fixed,239536.71,,,,,true,,,,,,Adopted on the General Consent Report,2025-01-08,true,auto_ok,sonnet-agent,enrich.v3.md
2025-01-08:24-2897,2025-01-08,2025-01-08,regular,L.-80,123,general,"Measures N and H Commission - December 10, 2024 - David Kakishiba, Chairperson",24-2897,https://ousd.legistar.com/LegislationDetail.aspx?ID=64058&GUID=7DBEAC84-B6F7-4BA4-8534-8888D41A0402,Measures N and H Commission – Sojourner Truth Independent Studies - Measure N and H 2023-2024 Carryover Plan/Budget,"Adoption by the Board of Education, upon recommendation by the Measures N and H Commission, of Sojourner Truth Independent Studies Measure N and H 2023-2024 Carryover Plan/Budget in the total amount of $358,015.30.",Appropriation,Measures N and H - College and Career Readiness Commission,,,,"Approves a $358,015.30 2023-24 Measure N and H carryover budget for Sojourner Truth Independent Studies","The board is adopting the Measures N and H Commission's recommended carryover plan and budget for Sojourner Truth Independent Studies, in a total amount of $358,015.30. Carryover means unspent 2023-2024 Measure N and H money moved into the next budget. These local funds support college and career programs.",Classroom & academic programs,other,,,Sojourner Truth Independent Studies,expense,fixed,358015.3,,,,,true,,,,,,Adopted on the General Consent Report,2025-01-08,true,auto_ok,sonnet-agent,enrich.v3.md
2025-01-08:24-2898,2025-01-08,2025-01-08,regular,L.-81,124,general,"Measures N and H Commission - December 10, 2024 - David Kakishiba, Chairperson",24-2898,https://ousd.legistar.com/LegislationDetail.aspx?ID=64059&GUID=57B5DF66-5844-4F61-A6C3-11477C47702B,Measures N and H Commission – McClymonds High School - Measure N and H 2023-2024 Carryover Plan/Budget,"Adoption by the Board of Education, upon recommendation by the Measures N and H Commission, of McClymonds High School Measure N and H 2023-2024 Carryover Plan/Budget in the total amount of $165,749.84.",Appropriation,Measures N and H - College and Career Readiness Commission,,,,"Approves a $165,749.84 2023-24 Measure N and H carryover budget for McClymonds High School","The board is adopting the Measures N and H Commission's recommended carryover plan and budget for McClymonds High School, in a total amount of $165,749.84. Carryover means unspent 2023-2024 Measure N and H money moved into the next budget. These local funds support college and career programs.",Classroom & academic programs,other,,,McClymonds High School,expense,fixed,165749.84,,,,,true,,,,,,Adopted on the General Consent Report,2025-01-08,true,auto_ok,sonnet-agent,enrich.v3.md
2025-01-08:24-2899,2025-01-08,2025-01-08,regular,L.-82,125,general,"Measures N and H Commission - December 10, 2024 - David Kakishiba, Chairperson",24-2899,https://ousd.legistar.com/LegislationDetail.aspx?ID=64060&GUID=E58A035D-02CB-4A99-A6E8-DB3B92823CD3,Measures N and H Commission – Envision Academy of Arts and Technology - Measure N and H 2023-2024 Carryover Plan/Budget,"Adoption by the Board of Education, upon recommendation by the Measures N and H Commission, of Envision Academy of Arts and Technology Measure N and H 2023-2024 Carryover Plan/Budget in the total amount of $80,592.69.",Appropriation,Measures N and H - College and Career Readiness Commission,,,,"Approves a $80,592.69 2023-24 Measure N and H carryover budget for Envision Academy of Arts and Technology","The board is adopting the Measures N and H Commission's recommended carryover plan and budget for Envision Academy of Arts and Technology, in a total amount of $80,592.69. Carryover means unspent 2023-2024 Measure N and H money moved into the next budget. These local funds support college and career programs.",Classroom & academic programs,other,,,Envision Academy of Arts and Technology,expense,fixed,80592.69,,,,,true,,,,,,Adopted on the General Consent Report,2025-01-08,true,auto_ok,sonnet-agent,enrich.v3.md
2025-01-08:24-2900,2025-01-08,2025-01-08,regular,L.-83,126,general,"Measures N and H Commission - December 10, 2024 - David Kakishiba, Chairperson",24-2900,https://ousd.legistar.com/LegislationDetail.aspx?ID=64061&GUID=F41DF00F-1852-4B81-95A2-C2C171617341,Measures N and H Commission – Castlemont High School - Measure N and H 2023-2024 Carryover Plan/Budget,"Adoption by the Board of Education, upon recommendation by the Measures N and H Commission, of Castlemont High School Measure N and H 2023-2024 Carryover Plan/Budget in the total amount of $272,344.30.",Appropriation,Measures N and H - College and Career Readiness Commission,,,,"Approves a $272,344.30 2023-24 Measure N and H carryover budget for Castlemont High School","The board is adopting the Measures N and H Commission's recommended carryover plan and budget for Castlemont High School, in a total amount of $272,344.30. Carryover means unspent 2023-2024 Measure N and H money moved into the next budget. These local funds support college and career programs.",Classroom & academic programs,other,,,Castlemont High School,expense,fixed,272344.3,,,,,true,,,,,,Adopted on the General Consent Report,2025-01-08,true,auto_ok,sonnet-agent,enrich.v3.md
2025-01-08:24-2901,2025-01-08,2025-01-08,regular,L.-84,127,general,"Measures N and H Commission - December 10, 2024 - David Kakishiba, Chairperson",24-2901,https://ousd.legistar.com/LegislationDetail.aspx?ID=64062&GUID=17878DE0-7776-4BF8-B098-A75DB5E7EB75,Measures N and H Commission – Fremont High School - Measure N and H 2023-2024 Carryover Plan/Budget,"Adoption by the Board of Education, upon recommendation by the Measures N and H Commission, of Fremont High School Measure N and H 2023-2024 Carryover Plan/Budget in the total amount of $249,561.53.",Appropriation,Measures N and H - College and Career Readiness Commission,,,,"Approves a $249,561.53 2023-24 Measure N and H carryover budget for Fremont High School","The board is adopting the Measures N and H Commission's recommended carryover plan and budget for Fremont High School, in a total amount of $249,561.53. Carryover means unspent 2023-2024 Measure N and H money moved into the next budget. These local funds support college and career programs.",Classroom & academic programs,other,,,Fremont High School,expense,fixed,249561.53,,,,,true,,,,,,Adopted on the General Consent Report,2025-01-08,true,auto_ok,sonnet-agent,enrich.v3.md
2025-01-08:24-2902,2025-01-08,2025-01-08,regular,L.-85,128,general,"Measures N and H Commission - December 10, 2024 - David Kakishiba, Chairperson",24-2902,https://ousd.legistar.com/LegislationDetail.aspx?ID=64063&GUID=8C0788C4-363B-4951-82A1-9BEE0768AA68,Measures N and H Commission – Oakland International High School - Measure N and H 2023-2024 Carryover Plan/Budget,"Adoption by the Board of Education, upon recommendation by the Measures N and H Commission, of Oakland International High School Measure N and H 2023-2024 Carryover Plan/Budget in the total amount of $118,941.72.",Appropriation,Measures N and H - College and Career Readiness Commission,,,,"Approves a $118,941.72 2023-24 Measure N and H carryover budget for Oakland International High School","The board is adopting the Measures N and H Commission's recommended carryover plan and budget for Oakland International High School, in a total amount of $118,941.72. Carryover means unspent 2023-2024 Measure N and H money moved into the next budget. These local funds support college and career programs.",Classroom & academic programs,other,,,Oakland International High School,expense,fixed,118941.72,,,,,true,,,,,,Adopted on the General Consent Report,2025-01-08,true,auto_ok,sonnet-agent,enrich.v3.md
2025-01-08:24-2903,2025-01-08,2025-01-08,regular,L.-86,129,general,"Measures N and H Commission - December 10, 2024 - David Kakishiba, Chairperson",24-2903,https://ousd.legistar.com/LegislationDetail.aspx?ID=64064&GUID=67F3D9E2-B05C-4D6A-AE18-B1B21EB6D28A,Measures N and H Commission – Oakland Technical High School - Measure N and H 2023-2024 Carryover Plan/Budget,"Adoption by the Board of Education, upon recommendation by the Measures N and H Commission, of Oakland Technical High School Measure N and H 2023-2024 Carryover Plan/Budget in the total amount of $295,747.89.",Appropriation,Measures N and H - College and Career Readiness Commission,,,,"Approves a $295,747.89 2023-24 Measure N and H carryover budget for Oakland Technical High School","The board is adopting the Measures N and H Commission's recommended carryover plan and budget for Oakland Technical High School, in a total amount of $295,747.89. Carryover means unspent 2023-2024 Measure N and H money moved into the next budget. These local funds support college and career programs.",Classroom & academic programs,other,,,Oakland Technical High School,expense,fixed,295747.89,,,,,true,,,,,,Adopted on the General Consent Report,2025-01-08,true,auto_ok,sonnet-agent,enrich.v3.md
2025-01-08:24-2904,2025-01-08,2025-01-08,regular,L.-87,130,general,"Measures N and H Commission - December 10, 2024 - David Kakishiba, Chairperson",24-2904,https://ousd.legistar.com/LegislationDetail.aspx?ID=64065&GUID=D8448B05-A776-432D-BD7C-7A7D5B70B743,Measures N and H Commission – Skyline High School - Measure N and H 2023-2024 Carryover Plan/Budget,"Adoption by the Board of Education, upon recommendation by the Measures N and H Commission, of Skyline High School Measure N and H 2023-2024 Carryover Plan/Budget in the total amount of $605,852.32.",Appropriation,Measures N and H - College and Career Readiness Commission,,,,"Approves a $605,852.32 2023-24 Measure N and H carryover budget for Skyline High School","The board is adopting the Measures N and H Commission's recommended carryover plan and budget for Skyline High School, in a total amount of $605,852.32. Carryover means unspent 2023-2024 Measure N and H money moved into the next budget. These local funds support college and career programs.",Classroom & academic programs,other,,,Skyline High School,expense,fixed,605852.32,,,,,true,,,,,,Adopted on the General Consent Report,2025-01-08,true,auto_ok,sonnet-agent,enrich.v3.md
2025-01-08:24-2905,2025-01-08,2025-01-08,regular,L.-88,131,general,"Measures N and H Commission - December 10, 2024 - David Kakishiba, Chairperson",24-2905,https://ousd.legistar.com/LegislationDetail.aspx?ID=64066&GUID=C3C17EB3-8770-4EC0-B67A-DB02B95D5994,Measures N and H Commission – ARISE High School - Measure N and H 2023-2024 Carryover Plan/Budget,"Adoption by the Board of Education, upon recommendation by the Measures N and H Commission, of ARISE High School Measure N and H 2023-2024 Carryover Plan/Budget in the total amount of $3,932.20.",Appropriation,Measures N and H - College and Career Readiness Commission,,,,"Approves a $3,932.20 2023-24 Measure N and H carryover budget for ARISE High School","The board is adopting the Measures N and H Commission's recommended carryover plan and budget for ARISE High School, in a total amount of $3,932.20. Carryover means unspent 2023-2024 Measure N and H money moved into the next budget. These local funds support college and career programs.",Classroom & academic programs,other,,,ARISE High School,expense,fixed,3932.2,,,,,true,,,,,,Adopted on the General Consent Report,2025-01-08,true,auto_ok,sonnet-agent,enrich.v3.md
2025-01-08:24-2906,2025-01-08,2025-01-08,regular,L.-89,132,general,"Measures N and H Commission - December 10, 2024 - David Kakishiba, Chairperson",24-2906,https://ousd.legistar.com/LegislationDetail.aspx?ID=64067&GUID=373386C4-A0CA-4A8D-A893-4E17DBC1BEE7,Measures N and H Commission – Aspire Lionel Wilson College Preparatory Academy - Measure N and H 2023-2024 Carryover Plan/Budget,"Adoption by the Board of Education, upon recommendation by the Measures N and H Commission, of Aspire Lionel Wilson College Preparatory Academy Measure N and H 2023-2024 Carryover Plan/Budget in the total amount of $81,885.64.",Appropriation,Measures N and H - College and Career Readiness Commission,,,,"Approves $81,885.64 in Measure N and H carryover funds for Aspire Lionel Wilson College Preparatory Academy","The board is adopting the Measures N and H Commission's recommended carryover plan and budget for Aspire Lionel Wilson College Preparatory Academy, in a total amount of $81,885.64. Carryover means unspent 2023-2024 Measure N and H money moved into the next budget. These local funds support college and career programs.",Classroom & academic programs,other,,,Aspire Lionel Wilson College Preparatory Academy,expense,fixed,81885.64,,,,,true,,,,,,Adopted on the General Consent Report,2025-01-08,true,auto_ok,sonnet-agent,enrich.v3.md
2025-01-08:24-2907,2025-01-08,2025-01-08,regular,L.-90,133,general,"Measures N and H Commission - December 10, 2024 - David Kakishiba, Chairperson",24-2907,https://ousd.legistar.com/LegislationDetail.aspx?ID=64068&GUID=BBB6D262-74AB-47C9-A396-6774E3C7227C,Measures N and H Commission – Oakland Unity High School - Measure N and H 2023-2024 Carryover Plan/Budget,"Adoption by the Board of Education, upon recommendation by the Measures N and H Commission, of Oakland Unity High School Measure N and H 2023-2024 Carryover Plan/Budget in the total amount of $21,044.46.",Appropriation,Measures N and H - College and Career Readiness Commission,,,,"Approves a $21,044.46 2023-24 Measure N and H carryover budget for Oakland Unity High School","The board is adopting the Measures N and H Commission's recommended carryover plan and budget for Oakland Unity High School, in a total amount of $21,044.46. Carryover means unspent 2023-2024 Measure N and H money moved into the next budget. These local funds support college and career programs.",Classroom & academic programs,other,,,Oakland Unity High School,expense,fixed,21044.46,,,,,true,,,,,,Adopted on the General Consent Report,2025-01-08,true,auto_ok,sonnet-agent,enrich.v3.md
2025-01-08:24-2908,2025-01-08,2025-01-08,regular,L.-91,134,general,"Measures N and H Commission - December 10, 2024 - David Kakishiba, Chairperson",24-2908,https://ousd.legistar.com/LegislationDetail.aspx?ID=64069&GUID=691ACAF5-D9CC-4D75-8AEF-97C4DB2673C5,Measures N and H Commission – Aspire Golden State College Preparatory Academy - Measure N and H 2023-2024 Carryover Plan/Budget,"Adoption by the Board of Education, upon recommendation by the Measures N and H Commission, of Aspire Golden State College Preparatory Academy Measure N and H 2023-2024 Carryover Plan/Budget in the total amount of $14,700.00.",Appropriation,Measures N and H - College and Career Readiness Commission,,,,"Approves Aspire Golden State's $14,700 Measures N and H carryover budget for 2023-24","The Board adopts a plan for how Aspire Golden State College Preparatory Academy will spend $14,700 in Measures N and H funds carried over from the 2023-2024 school year. The Measures N and H Commission recommended the plan to the Board.",Classroom & academic programs,other,,,Aspire Golden State College Preparatory Academy,expense,fixed,14700,,,,,true,,,,,,Adopted on the General Consent Report,2025-01-08,true,auto_ok,sonnet-agent,enrich.v3.md
2025-01-08:24-2909,2025-01-08,2025-01-08,regular,L.-92,135,general,"Measures N and H Commission - December 10, 2024 - David Kakishiba, Chairperson",24-2909,https://ousd.legistar.com/LegislationDetail.aspx?ID=64070&GUID=C0416D6A-B921-43E9-96CA-0F5C6B5CED07,Measures N and H Commission – East Bay Innovation Academy - Measure N and H 2023-2024 Carryover Plan/Budget,"Adoption by the Board of Education, upon recommendation by the Measures N and H Commission, of East Bay Innovation Academy Measure N and H 2023-2024 Carryover Plan/Budget in the total amount of $87,383.30.",Appropriation,Measures N and H - College and Career Readiness Commission,,,,"Approves East Bay Innovation Academy's $87,383 Measures N and H carryover budget for 2023-24","The Board adopts a plan for how East Bay Innovation Academy will spend $87,383.30 in Measures N and H funds carried over from the 2023-2024 school year. The Measures N and H Commission recommended the plan to the Board.",Classroom & academic programs,other,,,East Bay Innovation Academy,expense,fixed,87383.3,,,,,true,,,,,,Adopted on the General Consent Report,2025-01-08,true,auto_ok,sonnet-agent,enrich.v3.md
2025-01-08:24-2910,2025-01-08,2025-01-08,regular,L.-93,136,general,"Measures N and H Commission - December 10, 2024 - David Kakishiba, Chairperson",24-2910,https://ousd.legistar.com/LegislationDetail.aspx?ID=64071&GUID=6877CCE2-5EAD-4ABD-BCAE-8820C759A792,Measures N and H Commission – Oakland School for the Arts - Measure N and H 2023-2024 Carryover Plan/Budget,"Adoption by the Board of Education, upon recommendation by the Measures N and H Commission, of Oakland School for the Arts Measure N and H 2023-2024 Carryover Plan/Budget in the total amount of $52,126.80.",Appropriation,Measures N and H - College and Career Readiness Commission,,,,"Approves Oakland School for the Arts' $52,127 Measures N and H carryover budget for 2023-24","The Board adopts a plan for how Oakland School for the Arts will spend $52,126.80 in Measures N and H funds carried over from the 2023-2024 school year. The Measures N and H Commission recommended the plan to the Board.",Classroom & academic programs,other,,,Oakland School for the Arts,expense,fixed,52126.8,,,,,true,,,,,,Adopted on the General Consent Report,2025-01-08,true,auto_ok,sonnet-agent,enrich.v3.md
2025-01-08:24-2911,2025-01-08,2025-01-08,regular,L.-94,137,general,"Measures N and H Commission - December 10, 2024 - David Kakishiba, Chairperson",24-2911,https://ousd.legistar.com/LegislationDetail.aspx?ID=64072&GUID=C397A735-C230-4D1E-8CD8-489C64B7D2B2,Measures N and H Commission – Lodestar: A Lighthouse Community Charter Public School - Measure N and H 2023-2024 Carryover Plan/Budget,"Adoption by the Board of Education, upon recommendation by the Measures N and H Commission, of Lodestar: A Lighthouse Community Charter Public School Measure N and H 2023-2024 Carryover Plan/Budget in the total amount of $13,713.00.",Appropriation,Measures N and H - College and Career Readiness Commission,,,,"Approves Lodestar charter school's $13,713 Measures N and H carryover budget for 2023-24","The Board adopts a plan for how Lodestar: A Lighthouse Community Charter Public School will spend $13,713 in Measures N and H funds carried over from the 2023-2024 school year. The Measures N and H Commission recommended the plan to the Board.",Classroom & academic programs,other,,,Lodestar: A Lighthouse Community Charter Public School,expense,fixed,13713,,,,,true,,,,,,Adopted on the General Consent Report,2025-01-08,true,auto_ok,sonnet-agent,enrich.v3.md
2025-01-08:24-2912,2025-01-08,2025-01-08,regular,L.-95,138,general,"Measures N and H Commission - December 10, 2024 - David Kakishiba, Chairperson",24-2912,https://ousd.legistar.com/LegislationDetail.aspx?ID=64073&GUID=D39147D4-3EB9-4CF8-A1E9-FEEE4BE9C658,Measures N and H Commission – Lighthouse Community Charter High School - Measure N and H 2023-2024 Carryover Plan/Budget,"Adoption by the Board of Education, upon recommendation by the Measures N and H Commission, of Lighthouse Community Charter High School Measure N and H 2023-2024 Carryover Plan/Budget in the total amount of $62,596.10.",Appropriation,Measures N and H - College and Career Readiness Commission,,,,"Approves Lighthouse Community Charter High's $62,596 Measures N and H carryover budget","The Board adopts a plan for how Lighthouse Community Charter High School will spend $62,596.10 in Measures N and H funds carried over from the 2023-2024 school year. The Measures N and H Commission recommended the plan to the Board.",Classroom & academic programs,other,,,Lighthouse Community Charter High School,expense,fixed,62596.1,,,,,true,,,,,,Adopted on the General Consent Report,2025-01-08,true,auto_ok,sonnet-agent,enrich.v3.md
2025-01-08:24-2913,2025-01-08,2025-01-08,regular,L.-96,139,general,"Measures N and H Commission - December 10, 2024 - David Kakishiba, Chairperson",24-2913,https://ousd.legistar.com/LegislationDetail.aspx?ID=64074&GUID=3B4FB808-C833-4032-A66F-EBBF74DAC194,Measures N and H Commission - High School Linked Learning - 2024-2025 Plan/Budget Modification,"Adoption by the Board of Education, upon recommendation by the Measures N and H Commission, of a 2024-2025 Education Improvement Plan/Budget modification for High School Linked Learning Office to reduce the following two line items: (1)  $10,000.00 Consultant Contract with Alcian Lindo by $10,000.00 to $0.00 (2) $177,500 Consultant Contract: Hire a Full Time Coach by $5,000.00 to $172,500.00, and establishing a new strategic action for $15,000.00 Consultant Contract: as stated in the justification section of the New or Revised Strategic Action Section of the Budget Modification Form.",Appropriation,Measures N and H - College and Career Readiness Commission,,,,"Moves $15,000 within High School Linked Learning's 2024-25 Measures N and H budget","The High School Linked Learning Office's 2024-2025 Measures N and H plan is changed by cutting one consultant contract by $10,000 (to $0) and a full-time coach consultant line by $5,000 (to $172,500). A new $15,000 consultant line is created with those funds. The text does not describe new money; the amounts are moved between lines.",Classroom & academic programs,other,,,,no_cost,,,,,,,true,2024-07-01,2025-06-30,after_work_began,,,Adopted on the General Consent Report,2025-01-08,true,auto_ok,sonnet-agent,enrich.v3.md
2025-01-08:24-2915,2025-01-08,2025-01-08,regular,L.-97,140,general,"Measures N and H Commission - December 10, 2024 - David Kakishiba, Chairperson",24-2915,https://ousd.legistar.com/LegislationDetail.aspx?ID=64076&GUID=25B721B3-71CE-46BC-A965-B97882097D39,Measures N and H Commission - High School Linked Learning - 2024-2025 Plan/Budget Modification,"Adoption by the Board of Education, upon recommendation by the Measures N and H Commission, of a 2024-2025 Education Improvement Plan/Budget modification for High School Linked Learning Office reducing $172,500.00,  Measure N and H Administrative 10% Consultant Contract: hire a full time Pathway Coach by $600.00 to $171,900.00 and establishing a new strategic action of Licensing Agreements: To purchase a license agreement with Grammarly for Education for Measures N and H staff for $600, as stated in the justification section of the New or Revised Strategic Action Section of the Budget Modification Form.",Appropriation,Measures N and H - College and Career Readiness Commission,,n-grammarly,,Moves $600 in Linked Learning's Measures N and H budget to buy Grammarly licenses for staff,"The High School Linked Learning Office's 2024-2025 Measures N and H plan is changed by cutting a full-time pathway coach consultant line by $600 (to $171,900). A new $600 line is created to buy a Grammarly for Education license for Measures N and H staff. The amounts are moved between lines rather than added.",Classroom & academic programs,other,Grammarly,organization,,no_cost,,,,,,,true,2024-07-01,2025-06-30,after_work_began,,,Adopted on the General Consent Report,2025-01-08,true,auto_ok,sonnet-agent,enrich.v3.md
2025-01-08:24-2916,2025-01-08,2025-01-08,regular,L.-98,141,general,"Measures N and H Commission - December 10, 2024 - David Kakishiba, Chairperson",24-2916,https://ousd.legistar.com/LegislationDetail.aspx?ID=64077&GUID=6E335BC8-74FB-492B-AB51-7B66AC5F0209,Measures N and H Commission - MetWest High School - 2024-2025 Education Improvement Plan/Budget Modification,"Adoption by the Board of Education, upon recommendation by the Measures N and H Commission, of a 2024-2025 Education Improvement Plan/Budget modification for MetWest High School to reduce the following two line items: (1) $24,000.00 Consultant Contract by $21,000.00 to $4,000.00 (2) $115,536.46 Teacher Salaries: Hire an Internship Coordinator by $115,536.46 to $0.00, and establishing a new strategic action for $136,536.46 Teacher on Special Assignment to hire a 10-month TSA at 1.0 FTE to serve as Pathway Lead teacher, as stated in the justification section of the New or Revised Strategic Action Section of the Budget Modification Form.",Appropriation,Measures N and H - College and Career Readiness Commission,,,,Shifts MetWest High's Measures N and H funds from consultant and coordinator lines to a pathway lead teacher,"MetWest High School's 2024-2025 Measures N and H plan cuts a consultant contract line by $21,000 and removes the $115,536.46 internship coordinator teacher line. A new $136,536.46 line is created for a 10-month Teacher on Special Assignment who would serve as Pathway Lead. The amounts are moved between lines rather than added.",Classroom & academic programs,other,,,MetWest High School,no_cost,,,,,,,true,2024-07-01,2025-06-30,after_work_began; source_issue,"The consultant line is described as reduced by $21,000.00 from $24,000.00 to $4,000.00, but that subtraction gives $3,000.00.",,Adopted on the General Consent Report,2025-01-08,true,auto_ok,sonnet-agent,enrich.v3.md
2025-01-08:24-2917,2025-01-08,2025-01-08,regular,L.-99,142,general,"Measures N and H Commission - December 10, 2024 - David Kakishiba, Chairperson",24-2917,https://ousd.legistar.com/LegislationDetail.aspx?ID=64078&GUID=77901543-F062-4026-937E-1B01C9987222,Measures N and H Commission - Oakland Unity High School - 2024-2025 Education Improvement Plan/Budget Modification,"Adoption by the Board of Education, upon recommendation by the Measures N and H Commission, of a 2024-2025 Education Improvement Plan/Budget modification for Oakland Unity High School to reduce the following three-line items: (1) $65,650.00 Hire a 1.0 FTE Digital Media Art Teacher by $3,860.00 to $61,790.00 (2) $22,594.00 Staff benefits for Digital Media Art teacher by $17,402.00 to $5,192.00 (3) $506.00 Pathway-Related Professional Development and Training and by $506.00 to $0.00, establishing a new strategic action for $21,768.00 to transfer funds to Hire a 1.0 FTE Teacher for Exploring Computer Science class, increasing it from $10,759.00 to $32,527.00, as stated in the justification section of the New or Revised Strategic Action Section of the Budget Modification Form.",Appropriation,Measures N and H - College and Career Readiness Commission,,,,"Moves $21,768 at Oakland Unity High to fund a larger Exploring Computer Science teacher position","Oakland Unity High School's 2024-2025 Measures N and H plan cuts three lines: the Digital Media Art teacher by $3,860, that teacher's benefits by $17,402, and pathway training by $506. The $21,768 total is moved to the Exploring Computer Science teacher position, raising it from $10,759 to $32,527.",Classroom & academic programs,other,,,Oakland Unity High School,no_cost,,,,,,,true,2024-07-01,2025-06-30,after_work_began,,,Adopted on the General Consent Report,2025-01-08,true,auto_ok,sonnet-agent,enrich.v3.md
2025-01-08:24-2957,2025-01-08,2025-01-08,regular,L.-100,143,general,"Measures N and H Commission - December 10, 2024 - David Kakishiba, Chairperson",24-2957,https://ousd.legistar.com/LegislationDetail.aspx?ID=64118&GUID=399136E3-8A08-4E1F-B7AF-B3D289F3772A,Measures N and H Commission - Oakland Unity High School - 2024-2025 Education Improvement Plan/Budget Modification,"Adoption by the Board of Education, upon recommendation by the Measures N and H Commission, of a 2024-2025 Education Improvement Plan/Budget modification for Oakland Unity High School reducing $52,888.00 Hire a 1.0 FTE Digital Media Art teacher by $30,924.00 to $21,964.00, and establishing a new strategic action Staff Benefits: funds to pay for the AP Computer Science Teacher Benefits for $30,924.00, as stated in the justification section of the New or Revised Strategic Action Section of the Budget Modification Form.",Appropriation,Measures N and H - College and Career Readiness Commission,,,,"Moves $30,924 at Oakland Unity High from Digital Media Art to AP Computer Science teacher benefits","Oakland Unity High School's 2024-2025 Measures N and H plan cuts the Digital Media Art teacher line by $30,924 (to $21,964). A new $30,924 line is created to pay benefits for the AP Computer Science teacher. The amounts are moved between lines rather than added.",Classroom & academic programs,other,,,Oakland Unity High School,no_cost,,,,,,,true,2024-07-01,2025-06-30,after_work_began,,,Adopted on the General Consent Report,2025-01-08,true,auto_ok,sonnet-agent,enrich.v3.md
2025-01-08:24-2958,2025-01-08,2025-01-08,regular,L.-101,144,general,"Measures N and H Commission - December 10, 2024 - David Kakishiba, Chairperson",24-2958,https://ousd.legistar.com/LegislationDetail.aspx?ID=64119&GUID=A70BDE80-9E04-4F42-8E54-901AC05DE361,Measures N and H Commission - Oakland Unity High School - 2024-2025 Education Improvement Plan/Budget Modification,"Adoption by the Board of Education, upon recommendation by the Measures N and H Commission, of a 2024-2025 Education Improvement Plan/Budget modification for Oakland Unity High School to reduce the following two line items: (1) $23,579.00 Hire an IT Fundamentals and Hardware teacher at 0.25 FTE by $23,579.00 to $0.00 (2) $61,790.00 Hire a 1.0 FTE Digital Media Art by $8,902.00 to $52,888.00, and establishing a new strategic action for $32,481.00 to transfer funds to Hire a 1.0 FTE Teacher for Exploring Computer Science, increasing it from $47,470.00 to $79,951.00, as stated in the justification section of the New or Revised Strategic Action Section of the Budget Modification Form.",Appropriation,Measures N and H - College and Career Readiness Commission,,,,"Moves $32,481 at Oakland Unity High to fund a larger Exploring Computer Science teacher position","Oakland Unity High School's 2024-2025 Measures N and H plan cuts the IT Fundamentals and Hardware teacher line by $23,579 (to $0) and the Digital Media Art teacher line by $8,902 (to $52,888). The $32,481 total is moved to the Exploring Computer Science teacher position, raising it from $47,470 to $79,951.",Classroom & academic programs,other,,,Oakland Unity High School,no_cost,,,,,,,true,2024-07-01,2025-06-30,after_work_began,,,Adopted on the General Consent Report,2025-01-08,true,auto_ok,sonnet-agent,enrich.v3.md
2025-01-08:24-2959,2025-01-08,2025-01-08,regular,L.-102,145,general,"Measures N and H Commission - December 10, 2024 - David Kakishiba, Chairperson",24-2959,https://ousd.legistar.com/LegislationDetail.aspx?ID=64120&GUID=01A06855-3D6B-4231-990B-5CFB5B95599D,Measures N and H Commission - High School Linked Learning Office - 2024-2025 Plan/Budget Modification,"Adoption by the Board of Education, upon recommendation by the Measures N and H Commission, of a 2024-2025 Education Improvement Plan/Budget modification for High School Linked Learning Office reducing $171,900.00 Consultant Contract: Hire a Fulltime Pathway Coach by $14,400.00 to $157,500.00 and establishing a new strategic action for $14,400.00 Consultant Contracts: to revise the OUSD Linked Learning Standards for 2024-2025, as stated in the justification section of the New or Revised Strategic Action Section of the Budget Modification Form.",Appropriation,Measures N and H - College and Career Readiness Commission,,,,"Moves $14,400 in Linked Learning's Measures N and H budget to revise district Linked Learning standards","The High School Linked Learning Office's 2024-2025 Measures N and H plan cuts a full-time pathway coach consultant line by $14,400 (to $157,500). A new $14,400 consultant line is created to revise the OUSD Linked Learning Standards for 2024-2025. The amounts are moved between lines rather than added.",Classroom & academic programs,other,,,,no_cost,,,,,,,true,2024-07-01,2025-06-30,after_work_began,,,Adopted on the General Consent Report,2025-01-08,true,auto_ok,sonnet-agent,enrich.v3.md
2025-01-08:24-2960,2025-01-08,2025-01-08,regular,L.-103,146,general,"Measures N and H Commission - December 10, 2024 - David Kakishiba, Chairperson",24-2960,https://ousd.legistar.com/LegislationDetail.aspx?ID=64121&GUID=B1664BCA-8429-4DCE-856F-9CC992BE1428,Measures N and H Commission - Oakland Unity High School - 2024-2025 Education Improvement Plan/Budget Modification,"Adoption by the Board of Education, upon recommendation by the Measures N and H Commission, of a 2024-2025 Education Improvement Plan/Budget modification for Oakland Unity High School reducing $21,964.00 Hire a 1.0 FTE Digital Media Art Teacher by $8,288.00 to $13,676.00, and establishing a new strategic action for $8,288.00 to transfer funds to $76,792.00 Hire a 1.0 FTE AP Computer Science Teacher for a new total of $85,080.00, as stated in the justification section of the New or Revised Strategic Action Section of the Budget Modification Form.""",Appropriation,Measures N and H - College and Career Readiness Commission,,,,"Moves $8,288 at Oakland Unity High from Digital Media Art to the AP Computer Science teacher","Oakland Unity High School's 2024-2025 Measures N and H plan cuts the Digital Media Art teacher line by $8,288 (to $13,676). The $8,288 is moved to the AP Computer Science teacher position, raising it from $76,792 to a new total of $85,080.",Classroom & academic programs,other,,,Oakland Unity High School,no_cost,,,,,,,true,2024-07-01,2025-06-30,after_work_began,,,Adopted on the General Consent Report,2025-01-08,true,auto_ok,sonnet-agent,enrich.v3.md
2025-01-08:24-3154,2025-01-08,2025-01-08,regular,L.-104,148,general,"Measure G1 Commission – December 10, 2024 - Edmund Chun, Chairperson",24-3154,https://ousd.legistar.com/LegislationDetail.aspx?ID=64319&GUID=BBEF30FB-43BC-4133-A853-4F7AF0D3A610,Measure G1 Districtwide Teacher Retention and Middle School Improvement Act Oversight Commission - Measure G1 Funding Allocation - Named Schools,Adoption by the Board of Education of Resolution No. 2425-0194 - Measure G1 - Districtwide Teacher Retention and Middle School Improvement Act Oversight Commission - Recommendation - Approving 2023-2024 Measure G1 Carryover Funding Request for Named Schools.,Resolution,Board of Education,,,,Approves Measure G1 carryover funding requests from 2023-24 for named schools,"The Board adopts Resolution No. 2425-0194, approving requests to carry over 2023-2024 Measure G1 funding for named schools. The Measure G1 oversight commission recommended it. The official text does not state a dollar amount or list the schools.",Governance & board business,resolution_or_policy,,,,expense,,,,,,,true,,,,,,Adopted on the General Consent Report,2025-01-08,true,auto_ok,sonnet-agent,enrich.v3.md
2025-01-08:24-2737,2025-01-08,2025-01-08,regular,M.-1,150,bonds,,24-2737,https://ousd.legistar.com/LegislationDetail.aspx?ID=63898&GUID=1A74FCAC-0322-4AE6-A3CD-4ECA322C3C00,"Amendment No. 1, Agreement for Architectural Services – Quattrocchi Kwok Architects (QKA) – Garfield Elementary School - Site Renovation - Division of Facilities Planning and Management","Approval by the Board of Education of Amendment No. 1, Agreement for Architectural Services by and between the District and Quattrocchi Kwok Architects, Oakland, CA, for the latter to provide design and construction services for the completion of the modernization phases, as outlined in the proposal dated October 21, 2024, attached to this Amendment as Exhibit A, for the Garfield Elementary School Site Renovation Project, in the additional amount of $4,534,596.00, increasing the Agreement’s not-to-exceed amount from  $573,499.00 to $5,108,095.00, and extending the term of the Agreement by an additional 365 Calendar Days, from November 30, 2023 through December 31, 2024 to December 31, 2027. All other terms and conditions of the Agreement remain in full force and effect.",Agreement or Contract,"Deputy Chief, Facilities Planning and Management",008619,v-008619,Fund 21 Building Fund Measure Y,Adds $4.53M and 3 years for Quattrocchi Kwok Architects on Garfield Elementary renovation,"This amendment adds $4,534,596 to the architects' agreement, raising the limit from $573,499 to $5,108,095. QKA will provide design and construction services to finish the modernization phases of the Garfield Elementary School renovation. The term is extended to December 31, 2027.",School buildings & construction,amendment,Quattrocchi Kwok Architects (QKA),organization,Garfield Elementary School,expense,not_to_exceed,4534596,,,573499,5108095,true,2023-11-30,2027-12-31,after_work_began; raises_existing_contract; large_increase; source_issue; multi_year,"The text says the term is extended by 365 calendar days, but the stated dates run from December 31, 2024 to December 31, 2027, about three years.",,Adopted on the General Consent Report,2025-01-08,true,auto_ok,sonnet-agent,enrich.v3.md
2025-01-08:24-2757,2025-01-08,2025-01-08,regular,M.-2,151,bonds,,24-2757,https://ousd.legistar.com/LegislationDetail.aspx?ID=63918&GUID=EFCC9FEA-02D8-45F9-92FB-33D34ED273EB,"Purchase Agreement – Johnson Controls Fire Protection, LP – Roosevelt Middle School Modernization Interim Housing Phase II Project – Division of Facilities Planning and Management","Approval by the Board of Education of a Purchase Agreement by and between the District and Johnson Controls Fire Protection, LP, Livermore, CA, for the latter to supply and deliver fire alarm materials and spare parts for thirteen temporary classroom portables and one administrative portable, detailed in invoice provided by Vendor, dated October 31, 2024, attached to Agreement as Exhibit A, for the Roosevelt Middle School Interim Housing Phase II Project, in the amount of $40,820.14, with delivery between January 9, 2025 and no later than March 30, 2025.",Agreement or Contract,"Deputy Chief, Facilities Planning and Management",004981,v-004981,Fund 21 Building Fund Measure Y,"Buys $40,820 in fire alarm parts from Johnson Controls for Roosevelt Middle's temporary classrooms","The district is buying fire alarm materials and spare parts from Johnson Controls Fire Protection for thirteen temporary classroom portables and one administrative portable. They are for the Roosevelt Middle School Interim Housing Phase II project. Delivery is set between January 9 and March 30, 2025.",School buildings & construction,new_agreement,"Johnson Controls Fire Protection, LP",organization,Roosevelt Middle School,expense,fixed,40820.14,,,,,true,2025-01-09,2025-03-30,,,,Adopted on the General Consent Report,2025-01-08,true,auto_ok,sonnet-agent,enrich.v3.md
2025-01-08:24-2853,2025-01-08,2025-01-08,regular,M.-3,152,bonds,,24-2853,https://ousd.legistar.com/LegislationDetail.aspx?ID=64014&GUID=EE00412D-35B2-434A-B1A1-4FAE491D3FEB,"Change Order No. 1, Agreement Between Owner and Contractor – Mar Con Builders, Inc. – Bella Vista Child Development Center Fire & Intrusion Alarm Project – Division of Facilities Planning and Management","Approval by the Board of Education of Change Order No. 1, Agreement Between Owner and Contractor by and between the District and Mar Con Builders, Inc., Oakland, CA, crediting a deductive Change Order from the latter to District, for fire alarm parts ordered and paid by District to Johnson Controls Fire Protection, LP, for the Bella Vista Child Development Center Fire & Intrusion Alarm Project, in the amount of -$64,150.00, reducing the Agreement (with Mar Con) not to exceed amount from $811, 391.00 to $747,241.00.  All other terms and conditions of the Agreement remain in full force and effect.",Agreement or Contract,"Deputy Chief, Facilities Planning and Management",002712,v-002712,Building Fund 21 Measure Y,"Cuts $64,150 from Mar Con Builders' Bella Vista alarm contract because the district bought parts directly","This change order is a credit from the contractor to the district for fire alarm parts the district ordered and paid for directly from Johnson Controls Fire Protection. It lowers the Mar Con Builders agreement limit for the Bella Vista Child Development Center Fire and Intrusion Alarm Project from $811,391 to $747,241.",School buildings & construction,change_order,"Mar Con Builders, Inc.",organization,Bella Vista Child Development Center,decrease,not_to_exceed,64150,,,811391,747241,true,,,,,,Adopted on the General Consent Report,2025-01-08,true,auto_ok,sonnet-agent,enrich.v3.md
2025-01-08:24-2895,2025-01-08,2025-01-08,regular,M.-4,153,bonds,,24-2895,https://ousd.legistar.com/LegislationDetail.aspx?ID=64056&GUID=6536075F-DFF5-4B40-BADB-886E0231E72A,"Change Order No. 2, Agreement Between Owner and Contractor – Bay Construction Company – Martin Luther King Jr. Elementary School Fire and Intrusion Alarm Replacement Project - Division of Facilities Planning and Management","Approval by the Board of Education of Change Order No. 2, Agreement Between Owner and Contractor, by and between the District and Bay Construction, Inc., Oakland, CA, crediting a deductive Change Order and for an additional four pretest and inspection site visits to complete the project for the Martin Luther King Jr. Elementary School Fire and Intrusion Alarm Replacement Project, in the deductive amount of -$6,500.00, decreasing the Agreement (with Bay Construction) not to exceed amount from $1,122,055.40 to $1,115,555.40, and extending the term of the Agreement by an additional 778 calendar days, from March 26, 2022, through February 13, 2023 to March 31, 2025. All other terms and conditions of the Agreement remain in full force and effect.",Agreement or Contract,"Deputy Chief, Facilities Planning and Management",000642,v-000642,Fund 21 Building Fund Measure B,"Cuts $6,500 and extends Bay Construction's MLK Jr. Elementary alarm contract to March 2025","This change order credits $6,500 back to the district (lowering the limit from $1,122,055.40 to $1,115,555.40) and covers four added pretest and inspection site visits. It also extends the term by 778 calendar days to March 31, 2025. The earlier end date of February 13, 2023 had already passed.",School buildings & construction,change_order,"Bay Construction, Inc.",organization,Martin Luther King Jr. Elementary School,decrease,fixed,6500,,,1122055.4,1115555.4,true,2022-03-26,2025-03-31,after_work_began; multi_year,,,Adopted on the General Consent Report,2025-01-08,true,auto_ok,sonnet-agent,enrich.v3.md
2025-01-08:24-2951,2025-01-08,2025-01-08,regular,M.-5,154,bonds,,24-2951,https://ousd.legistar.com/LegislationDetail.aspx?ID=64112&GUID=858F6387-DA28-464C-8700-E8A575D33DFE,"Changer Order No. 1, Agreement Between Owner and Contractor - Arntz Builders, Inc. – Laurel Child Development Center (CDC) Replacement Project – Division of Facilities Planning & Management","Approval by the Board of Education of Change Oder No. 1, Agreement Between Owner and Contractor by and between the District and Arntz Builders, Inc., Petaluma, CA, for the latter to perform Extended General Conditions COR#73, as described therein, incorporated herein by reference as though fully set forth (i.e., provide office and field overhead expenses, materials and equipment, etc.), for the Laurel Child Development Center (CDC) Replacement Project, in the not to exceed additional amount of $500,000.00, increasing the Agreement not to exceed amount from $14,174,463.00 to $14,674,463.00, and extending the term of the Agreement, for an additional 330 calendar days, from June 23, 2022, to September 21, 2023, through August 16, 2024. All other terms and conditions of the Agreement remain in full force and effect.",Agreement or Contract,"Deputy Chief, Facilities Planning and Management",000493,v-000493,Fund 21 Building Fund Measure Y,"Adds $500,000 and 330 days for Arntz Builders' extended overhead costs on Laurel Child Development Center","This change order adds up to $500,000 to pay Arntz Builders for extended general conditions (office and field overhead costs, materials and equipment) on the Laurel Child Development Center replacement. It raises the limit from $14,174,463 to $14,674,463 and extends the term by 330 days to August 16, 2024, a date before this vote.",School buildings & construction,change_order,"Arntz Builders, Inc.",organization,Laurel Child Development Center,expense,not_to_exceed,500000,,,14174463,14674463,true,2022-06-23,2024-08-16,after_work_began; raises_existing_contract; multi_year,,,Adopted on the General Consent Report,2025-01-08,true,auto_ok,sonnet-agent,enrich.v3.md
2025-01-08:24-2966,2025-01-08,2025-01-08,regular,M.-6,155,bonds,,24-2966,https://ousd.legistar.com/LegislationDetail.aspx?ID=64127&GUID=6EE0753C-030B-4B32-9105-F262BCFF1F65,"Change Order No. 1, Agreement Between Owner and Contractor – Mar Con Builders, Inc. – Oakland International High School Intrusion Alarm Replacement Project - Division of Facilities Planning and Management","Approval by the Board of Education of Change Order No. 1, Agreement Between Owner and Contractor by and between the District and Mar Con Builders, Inc., Oakland, CA, for the latter’s deductive Change Order charging back its remaining contingency and the amount for unused ALT (New raceway from portable to the building C & D), for the Oakland International High School Intrusion Alarm Replacement Project, in the deductive amount of $92,338.00, decreasing the Agreement price from $920,409.00 to $828,071.00. All other terms and conditions of the Agreement remain in full force and effect.",Agreement or Contract,"Deputy Chief, Facilities Planning and Management",002712,v-002712,Fund 21 Building Fund Measure B,"Cuts $92,338 from Mar Con Builders' Oakland International High alarm contract","This change order returns Mar Con Builders' remaining contingency (set-aside funds) and the cost of an unused optional item, a new raceway from the portable to the building. It lowers the Oakland International High School Intrusion Alarm Replacement contract from $920,409 to $828,071.",School buildings & construction,change_order,"Mar Con Builders, Inc.",organization,Oakland International High School,decrease,fixed,92338,,,920409,828071,true,,,,,,Adopted on the General Consent Report,2025-01-08,true,auto_ok,sonnet-agent,enrich.v3.md
2025-01-08:24-2968,2025-01-08,2025-01-08,regular,M.-7,156,bonds,,24-2968,https://ousd.legistar.com/LegislationDetail.aspx?ID=64129&GUID=CAB115A8-6D2D-42B2-A6AF-D9A932821D1D,"Change Order No. 1, Agreement for Maintenance – Digital Design Communications – Coliseum College Prep Academy Interim Housing Project – Division of Facilities Planning and Management","Approval by the Board of Education of Change Order No. 1, Agreement for Maintenance by and between the District and Digital Design Communications, Oakland, CA, for installation of additional FA/IA devices, perform additional work in the converted classrooms for the Interim housing Phase 1, and install fix signages for the converted spaces in the building, which includes approval for PCOs 1 through 4, for the Coliseum College Preparatory Academy Interim Housing Project, in the amount of $26,062.47, increasing the Agreement not-to-exceed amount from $58,293.00 to $84,355.47.  All other terms and conditions of the Agreement remain in full force and effect.",Agreement or Contract,"Deputy Chief, Facilities Planning and Management",001380,v-001380,Fund 21 Building Fund Measure Y,"Adds $26,062 for Digital Design Communications' extra alarm work at Coliseum College Prep interim housing","This change order pays for more fire and intrusion alarm devices, added work in converted classrooms, and new signs for the converted spaces at the Coliseum College Preparatory Academy interim housing project. It covers preliminary change orders (PCOs) 1 through 4 and raises the limit from $58,293 to $84,355.47.",School buildings & construction,change_order,Digital Design Communications,organization,Coliseum College Preparatory Academy,expense,not_to_exceed,26062.47,,,58293,84355.47,true,,,raises_existing_contract,,,Adopted on the General Consent Report,2025-01-08,true,auto_ok,sonnet-agent,enrich.v3.md
2025-01-08:24-2981,2025-01-08,2025-01-08,regular,M.-8,157,bonds,,24-2981,https://ousd.legistar.com/LegislationDetail.aspx?ID=64142&GUID=99C4DBA0-3CCB-4553-812F-A7BBC6453056,"Change Order No. 1, Agreement Between Owner and Contractor – Arntz Builders, Inc. – Claremont Middle School Multi-Purpose Room & Kitchen Project – Division of Facilities Planning and Management","Approval by the Board of Education of Change Order No. 1, Agreement Between Owner and Contractor by and between the District and Arntz Builders, Inc., Petaluma, CA, to cover additional construction work performed that was not reflected in the construction drawings which includes approval of PCO's 1 through 10, in the not-to-exceed amount of $72,307.84, increasing the Agreement price from $15,985,750.00 to $16,058,032.84, for the Claremont Middle School Multi-Purpose Room & Kitchen Project. All other terms and conditions of the Agreement remain in full force and effect.",Agreement or Contract,"Deputy Chief, Facilities Planning and Management",000493,v-000493,Fund 21 Building Fund Measure Y,"Adds up to $72,308 for Arntz Builders' extra work on Claremont Middle's multi-purpose room and kitchen","This change order covers additional construction work that was not shown in the original drawings, including preliminary change orders (PCOs) 1 through 10, on the Claremont Middle School Multi-Purpose Room and Kitchen project. It raises the contract price from $15,985,750 to the stated $16,058,032.84.",School buildings & construction,change_order,"Arntz Builders, Inc.",organization,Claremont Middle School,expense,not_to_exceed,72307.84,,,15985750,16058032.84,true,,,raises_existing_contract,,,Adopted on the General Consent Report,2025-01-08,true,auto_ok,sonnet-agent,enrich.v3.md
2025-01-08:24-3014,2025-01-08,2025-01-08,regular,M.-9,158,bonds,,24-3014,https://ousd.legistar.com/LegislationDetail.aspx?ID=64178&GUID=833D66E9-5BF6-4ADE-AE76-B0D7524588CB,"Amendment No. 3, Construction Management Agreement – Cordoba Corporation Facilities Planning and Management Project – Division of Facilities Planning and Management","Approval by the Board of Education of Amendment No. 3, Construction Management Agreement by and between the District and Cordoba Corporation, San Francisco, CA, for the latter to provide continued construction management services and a funding increase for the 2024-2025 fiscal year for the Facilities Planning and Management Project, in an additional total amount of $2,575,440.00, increasing the not-to-exceed amount of the Agreement from $5,491,185.80 to $8,066,625.80.  All other terms and conditions of the Agreement remain in full force and effect.",Agreement or Contract,"Deputy Chief, Facilities Planning and Management",001201,v-001201,Fund 21 Building Fund Measure Y,Adds $2.58M for Cordoba Corporation's construction management services in 2024-25,"This amendment adds $2,575,440 to keep Cordoba Corporation providing construction management services for the district's Facilities Planning and Management projects in the 2024-2025 fiscal year. It raises the agreement limit from $5,491,185.80 to $8,066,625.80.",School buildings & construction,amendment,Cordoba Corporation,organization,,expense,not_to_exceed,2575440,,,5491185.8,8066625.8,true,2024-07-01,2025-06-30,raises_existing_contract,,,Adopted on the General Consent Report,2025-01-08,true,auto_ok,sonnet-agent,enrich.v3.md
