item_id,meeting_key,meeting_date,meeting_kind,agenda_number,agenda_sequence,consent_section,group,file_number,legistar_url,title,official_text,matter_type,presenter,vendor_number,vendor_key,funding_source,headline,summary,category,subcategory,action_type,vendor_name,vendor_kind,schools,money_direction,amount_type,amount,amount_range_low,amount_range_high,prior_total,new_total,amount_verified,term_start,term_end,flags,source_issue,pulled_from_consent,outcome_action,outcome_date,adopted,review_status,model_id,prompt_version,counts_toward_totals,duplicate_of
2025-05-14:25-0919,2025-05-14,2025-05-14,regular,L.-1,36,general,Chief Systems and Services Officer,25-0919,https://ousd.legistar.com/gateway.aspx?M=L&ID=65255,Agreement Between Owner and Contractor – Next Generation of Builders LLC – Franklin Elementary School Restroom Remodel Project – Department of Buildings and Grounds,"Approval by the Board of Education of an Agreement Between Owner and Contractor by and between the District and Next Generation of Builders LLC, Santa Rosa, CA, for the latter to provide remodel of restrooms which includes demolition and replace tiles, stalls, soap dispensers, mirrors and paper towel dispensers and other work, as described in the Contract Documents and in Bid Form Document 00 31 01, incorporated herein by reference as though fully set forth, for the Franklin Elementary School Restroom Remodel Project, in the amount of $345,000.00, which includes a contingency allowance of $37,000.00, as the lowest responsive, responsible bidder, with the work anticipated to commence on June 6, 2025, and required to be completed within sixty days (60), via Department of Buildings and Grounds, with an anticipated ending of August 5, 2025.",Agreement or Contract,"Deputy Chief, Facilities Planning and Management",009085,v-009085,Deferred Maintenance Fund 140,"Hires Next Generation of Builders for $345,000 Franklin Elementary restroom remodel","The contractor will demolish and replace tiles, stalls, dispensers and mirrors in the Franklin Elementary School restrooms. The $345,000 price includes a $37,000 contingency allowance for extra work, and the company was the lowest responsive, responsible bidder. Work is expected to start June 6, 2025 and finish within 60 days, by August 5, 2025.",School buildings & construction,,bid_award,Next Generation of Builders LLC,organization,Franklin Elementary School,expense,fixed,345000,,,,,true,2025-06-06,2025-08-05,,,,Adopted on the General Consent Report,2025-05-14,true,auto_ok,sonnet-agent,enrich.v5.md,true,
2025-05-14:25-0925,2025-05-14,2025-05-14,regular,L.-2,37,general,Chief Systems and Services Officer,25-0925,https://ousd.legistar.com/gateway.aspx?M=L&ID=65261,"Agreement Between Owner and Contractor – K&K JL Services, Inc. – Syline High School Building #20 Restroom Remodels Project – Department of Buildings and Grounds","Approval by the Board of Education of an Agreement Between Owner and Contractor by and between the District and K&K JL Services, Inc. Fairfield, CA, for the latter to provide remodeling the Building #20 girls' and boys' restrooms, which Scope of Work includes demolition and replace tiles, stalls soap dispensers and mirrors and other work, as described in the Contract Documents and in Bid Form Document 00 31 01, incorporated herein by reference as though fully set forth, for the Skyline High School Building #20 Restroom Remodels Project, in the total amount of $179,998.01, which includes a contingency fee of $20,000.00, as the lowest responsive, responsible bidder, with the work anticipated to commence on June 6, 2025, and to be completed within sixty days (60), via Department of Buildings and Grounds, with an anticipated ending of August 5, 2025.",Agreement or Contract,"Deputy Chief, Facilities Planning and Management",009048,v-009048,Deferred Maintenance Fund 140,"Hires K&K JL Services for $179,998.01 Skyline High restroom remodel","The contractor will remodel the girls' and boys' restrooms in Building #20 at Skyline High School, including new tiles, stalls, dispensers and mirrors. The price includes a $20,000 contingency for extra work, and the company was the lowest responsive, responsible bidder. Work is expected to start June 6, 2025 and last 60 days, ending August 5, 2025.",School buildings & construction,,bid_award,"K&K JL Services, Inc.",organization,Skyline High School,expense,fixed,179998.01,,,,,true,2025-06-06,2025-08-05,,,,Adopted on the General Consent Report,2025-05-14,true,auto_ok,sonnet-agent,enrich.v5.md,true,
2025-05-14:25-0926,2025-05-14,2025-05-14,regular,L.-3,38,general,Chief Systems and Services Officer,25-0926,https://ousd.legistar.com/gateway.aspx?M=L&ID=65262,"Agreement for Inspector of Record Services for Construction – King Construction Inspection, Inc. – Emerson Elementary School Roof Replacement Project - Department of Buildings and Grounds","Approval by the Board of Education of an Agreement for Inspection of Record Services for Construction by and between the District and King Construction Inspection, Inc., Oakland, CA, for the latter to provide Inspector of Record Services for the Emerson Elementary School Roof Replacement Project, based on the fee estimate dated April 1, 2025, in the lump-sum amount of $6,500.00, via Department of Buildings and Grounds, with the work scheduled to commence on May 15, 2025, and scheduled to last until August 5, 2025.",Agreement or Contract,"Deputy Chief, Facilities Planning and Management",007828,v-007828,140 Deferred Maintenance,"Pays King Construction Inspection $6,500 to inspect Emerson Elementary roof replacement","King Construction Inspection will serve as the inspector of record, a required independent check on construction work, for the Emerson Elementary School roof replacement. The flat fee is based on a fee estimate dated April 1, 2025. Work runs from May 15 to August 5, 2025.",School buildings & construction,,new_agreement,"King Construction Inspection, Inc.",organization,Emerson Elementary School,expense,fixed,6500,,,,,true,2025-05-15,2025-08-05,,,,Adopted on the General Consent Report,2025-05-14,true,auto_ok,sonnet-agent,enrich.v5.md,true,
2025-05-14:25-0928,2025-05-14,2025-05-14,regular,L.-4,39,general,Chief Systems and Services Officer,25-0928,https://ousd.legistar.com/gateway.aspx?M=L&ID=65264,"Agreement Between Owner and Contractor – KBI Painting, Inc. – Acorn Woodland Elementary School Exterior Painting Project – Department of Buildings and Grounds","Approval by the Board of Education of an Agreement Between Owner and Contractor by and between the District and KBI Painting, Inc., Petaluma,  CA, for the latter to provide exterior painting services, which includes, pressure washing, sanding, caulking, and priming of exterior surfaces and other work, as described in the Contract Documents and in Bid Form Document 00 31 01, incorporated herein by reference as though fully set forth, for the Acorn Woodland Elementary School Exterior Painting Project, in the amount of $327,618.00, which includes a contingency allowance of $70,000.00, as the lowest responsive, responsible bidder, via the Department of Buildings and Grounds, with the work anticipated to commence on June 6, 2025, and required to be completed within sixty days (60), with an anticipated ending of August 5, 2025.",Agreement or Contract,"Deputy Chief, Facilities Planning and Management",,n-kbi-painting,Deferred Maintenance Fund 140,"Hires KBI Painting for $327,618 exterior painting at Acorn Woodland Elementary","The contractor will pressure wash, sand, caulk and prime the exterior surfaces of Acorn Woodland Elementary School, along with other painting work. The price includes a $70,000 contingency allowance, and the company was the lowest responsive, responsible bidder. Work is expected to start June 6, 2025 and finish within 60 days, by August 5, 2025.",School buildings & construction,,bid_award,"KBI Painting, Inc.",organization,Acorn Woodland Elementary School,expense,fixed,327618,,,,,true,2025-06-06,2025-08-05,,,,Adopted on the General Consent Report,2025-05-14,true,auto_ok,sonnet-agent,enrich.v5.md,true,
2025-05-14:25-0931,2025-05-14,2025-05-14,regular,L.-5,40,general,Chief Systems and Services Officer,25-0931,https://ousd.legistar.com/gateway.aspx?M=L&ID=65267,"Agreement for Engineering Services - Salas O’Brien, Inc - Ethel Moore Building Fire - Division of Facilities Planning and Management","Ratification by the Board of Education of an Agreement for Engineering Services by and between the District and Salas O’Brien, Inc., Oakland, CA, for the latter to provide a structural assessment report for the fire damage at the Ethel Moore Building, 1111 Second Avenue, Oakland, CA 94606, in an amount not to exceed $39,550.00, with work commencing on April 1, 2025, and schedule to last until September 1, 2025.",Agreement or Contract,"Deputy Chief, Facilities Planning and Management",009540,v-009540,Fund 67 Self Insurance Fund,"Ratifies up to $39,550 for Salas O’Brien's structural report on Ethel Moore Building fire damage","Salas O’Brien will write a structural assessment report on the fire damage at the Ethel Moore Building on Second Avenue. Work began April 1, 2025, before the board's vote, and is scheduled to last until September 1, 2025. The cost is paid from the district's self-insurance fund.",School buildings & construction,,new_agreement,"Salas O’Brien, Inc.",organization,Ethel Moore Building,expense,not_to_exceed,39550,,,,,true,2025-04-01,2025-09-01,after_work_began,,,Adopted on the General Consent Report,2025-05-14,true,auto_ok,sonnet-agent,enrich.v5.md,true,
2025-05-14:25-0933,2025-05-14,2025-05-14,regular,L.-6,41,general,Chief Systems and Services Officer,25-0933,https://ousd.legistar.com/gateway.aspx?M=L&ID=65269,Construction Agreement Between Owner and Contractor – Sierra Pacific Sports – United Nations Early Childhood Education Site Improvements Project – Early Learning Department,"Approval by the Board of Education of a Construction Agreement Between Owner and Contractor by and between the District and Sierra Pacific Sports, Verdi, NV, for the latter to provide construction work, which includes supplying and installing 550 sq. ft. of optimum play synthetic turf; remove 2’-3” of dirt to repair the landscape area and the damage to the play yard area, as further described in the Proposal, attached as Exhibit A to this Agreement, incorporated herein by reference as though fully set forth, for the United Nations Early Childhood Education Site Improvements Project, in the total amount of $16,625.00, with work scheduled to commence on April 14, 2025, and completion deadline of June 30, 2025.",Agreement or Contract,"Deputy Chief, Facilities Planning and Management",006648,v-006648,OCI Oakland Children Initiative,"Hires Sierra Pacific Sports for $16,625 play yard repair at United Nations Early Childhood site","The contractor will install 550 square feet of synthetic play turf and remove about 2 feet 3 inches of dirt to repair damage in the play yard at the United Nations Early Childhood Education site. Work was scheduled to start April 14, 2025, before the board's vote, and finish by June 30, 2025.",School buildings & construction,,new_agreement,Sierra Pacific Sports,organization,United Nations Early Childhood Education site,expense,fixed,16625,,,,,true,2025-04-14,2025-06-30,after_work_began,,,Adopted on the General Consent Report,2025-05-14,true,auto_ok,sonnet-agent,enrich.v5.md,true,
2025-05-14:25-0969,2025-05-14,2025-05-14,regular,L.-7,42,general,Chief Systems and Services Officer,25-0969,https://ousd.legistar.com/gateway.aspx?M=L&ID=65305,"Agreement for Maintenance – Cal Play Services, Inc. – Burbank Early Childhood Education Site Improvements Project – Early Learning Department","Approval by the Board of Education of the Agreement for Maintenance by and between the District and Cal Play Services, Inc., Wildomar, CA, for the latter to provide Playmatting Maintenance Services, including any machinery/equipment fixture repairs, as described in more detail in Exhibit “A” attached hereto and incorporated herein by reference as though fully set forth, for the Burbank Childhood Education Site Improvements Project, in an amount not to exceed $59,857.61, with work scheduled to commence on April 14, 2025, with a completion deadline of June 30, 2025.",Agreement or Contract,"Deputy Chief, Facilities Planning and Management",000853,v-000853,OCI Opportunity Children Initiative,"Pays Cal Play Services up to $59,857.61 for play matting upkeep at Burbank Early Childhood site","Cal Play Services will maintain the play matting at the Burbank Early Childhood Education site and repair any related machinery or equipment fixtures. Work was scheduled to start April 14, 2025, before the board's vote, and run through June 30, 2025.","Food, transportation & operations",,new_agreement,"Cal Play Services, Inc.",organization,Burbank Early Childhood Education site,expense,not_to_exceed,59857.61,,,,,true,2025-04-14,2025-06-30,after_work_began,,,Adopted on the General Consent Report,2025-05-14,true,auto_ok,sonnet-agent,enrich.v5.md,true,
2025-05-14:25-0978,2025-05-14,2025-05-14,regular,L.-8,43,general,Chief Systems and Services Officer,25-0978,https://ousd.legistar.com/gateway.aspx?M=L&ID=65314,"Change Order No. 1, Agreement Between Owner and Contractor – Moka Engineering and Construction, LLC - Stonehurst Elementary School Phase II Site Improvements Project - Division of Facilities Planning and Management","Approval by the Board of Education of Change Order No. 1, Agreement Between Owner and Contractor, by and between the District and Moka Engineering and Construction, LLC, Santa Clara, CA, for the latter to provide additional landscaping and grading work including asphalt patch work, site cleaning, trenching and irrigation which includes PCO No. 1 for the Stonehurst Elementary School Phase II Site Improvements Project, in the not-to-exceed amount of $16,319.23, increasing the Agreement not to exceed amount from $330,800.00 to $347,119.23.  All other terms and conditions of the Agreement remain in full force and effect.",Agreement or Contract,"Deputy Chief, Facilities Planning and Management",009178,v-009178,Fund 1 General Fund,"Adds $16,319.23 to Moka Engineering's Stonehurst Elementary site improvements contract","This change order adds landscaping and grading work, including asphalt patching, site cleaning, trenching and irrigation, to the Stonehurst Elementary School Phase II site improvements. It raises the contract's not-to-exceed amount from $330,800 to $347,119.23. All other contract terms stay the same.",School buildings & construction,,change_order,"Moka Engineering and Construction, LLC",organization,Stonehurst Elementary School,expense,not_to_exceed,16319.23,,,330800,347119.23,true,,,raises_existing_contract,,,Adopted on the General Consent Report,2025-05-14,true,auto_ok,sonnet-agent,enrich.v5.md,true,
2025-05-14:25-0981,2025-05-14,2025-05-14,regular,L.-9,44,general,Chief Systems and Services Officer,25-0981,https://ousd.legistar.com/gateway.aspx?M=L&ID=65317,"Agreement Between Owner and Contractor – Native Soil, Inc. – Manzanita Elementary School Cal Fire Implementation Project – Division of Facilities Planning and Management","Approval by the Board of Education of an Agreement Between Owner and Contractor by and between the District and Native Soil, Inc., Oakland, CA, for the latter to furnish any and all labor, materials ... equipment and services for the completion of Work, as described in the Contract Documents and Bid Form 00 31 01 for schoolyard site improvement, for the Manzanita Elementary School Cal Fire Implementation Project, in the amount of $567,500.00, which includes a contingency allowance of $100,000.00, as the lowest responsive, responsible bidder, with the work anticipated to commence on May 15, 2025, and required to be completed within sixty (60) days, with an anticipated ending of July 13, 2025.",Agreement or Contract,"Deputy Chief, Facilities Planning and Management",007827,v-007827,Fund 1 General Fund,"Hires Native Soil for $567,500 Manzanita Elementary schoolyard improvement project","Native Soil will provide the labor, materials and equipment for schoolyard improvements at Manzanita Elementary School under the Cal Fire Implementation Project. The price includes a $100,000 contingency allowance, and the company was the lowest responsive, responsible bidder. Work is expected to start May 15, 2025 and finish within 60 days, by July 13, 2025.",School buildings & construction,,bid_award,"Native Soil, Inc.",organization,Manzanita Elementary School,expense,fixed,567500,,,,,true,2025-05-15,2025-07-13,,,,Adopted on the General Consent Report,2025-05-14,true,auto_ok,sonnet-agent,enrich.v5.md,true,
2025-05-14:25-0983,2025-05-14,2025-05-14,regular,L.-10,45,general,Chief Systems and Services Officer,25-0983,https://ousd.legistar.com/gateway.aspx?M=L&ID=65319,"Agreement Between Owner and Contractor – Native Soil, Inc. – Martin Luther King Jr. Elementary School Cal Fire Implementtion Project – Division of Facilities Planning and Management","Approval by the Board of Education of an Agreement Between Owner and Contractor by and between the District and Native Soil, Inc. Oakland, CA, for the latter to provide demolition and site improvement services includes site grading, new hardscaping, site lighting, landscape upgrades, installing new irrigation for planting trees and shrubs and other work, as described in the Contract Documents and in Bid Form Document 00 31 01, incorporated herein by reference as though fully set forth, for the Martin Luther King Jr. Elementary School Cal Fire Implementation Project, in the amount of $813,500.00, which includes a contingency allowance of $100,000.00, as the lowest responsive, responsible bidder, with the work anticipated to commence on May 15, 2025, and required to be completed within fifty (50) days. with an anticipated ending of July 4, 2025.",Agreement or Contract,"Deputy Chief, Facilities Planning and Management",007827,v-007827,Fund 1 General Fund,"Hires Native Soil for $813,500 schoolyard rebuild at Martin Luther King Jr. Elementary","Native Soil will demolish and rebuild parts of the Martin Luther King Jr. Elementary School yard, including grading, new hardscaping, site lighting, landscaping and irrigation for trees and shrubs. The price includes a $100,000 contingency allowance, and the company was the lowest responsive, responsible bidder. Work is expected to start May 15, 2025 and finish within 50 days, by July 4, 2025.",School buildings & construction,,bid_award,"Native Soil, Inc.",organization,Martin Luther King Jr. Elementary School,expense,fixed,813500,,,,,true,2025-05-15,2025-07-04,,,,Adopted on the General Consent Report,2025-05-14,true,auto_ok,sonnet-agent,enrich.v5.md,true,
2025-05-14:25-0984,2025-05-14,2025-05-14,regular,L.-11,46,general,Chief Systems and Services Officer,25-0984,https://ousd.legistar.com/gateway.aspx?M=L&ID=65320,Services Agreement 2024-2025 - Blenderbox Inc. - Student Assignment Department,"Approval by the Board of Education of a Services Agreement 2024-2025 by and between the District and Blenderbox Inc., New York, NY, for the latter to provide an annual SaaS license with 270 hours of on-demand services such as school year rollovers, issue resolution, training, and feature development; cover 30 hours of dedicated Summer Learning Program meetings, hosting resources, and messaging support; piloting a new model to manage data across years and categorize SpEd categories between EnrollWise and Aeries, with key project areas including managing student school year data, refining program configurations, improving the guardian experience with program visibility, enhancing the registration process, and updating email notifications; additional improvements focus on refining summer applications, exports, admin experiences, and permission controls for offer management; and in resolving duplicate student accounts before critical deadlines, via the Student Assignment Department, for the period of April 1, 2025 through July 31, 2025, in an amount not to exceed $354,000.00.",Agreement or Contract,Chief Systems and Services Officer,007853,v-007853,2600 - Expanded Learning Opp Programs,"Pays Blenderbox up to $354,000 for school enrollment software and support through July 2025","Blenderbox provides the district's annual software-as-a-service license for student enrollment, plus 270 hours of on-demand help such as school-year rollovers, issue fixes, training and new features. It also covers 30 hours of summer program meetings and work to resolve duplicate student accounts. The term runs April 1 to July 31, 2025, which began before the board's vote.",Technology,,new_agreement,Blenderbox Inc.,organization,,expense,not_to_exceed,354000,,,,,true,2025-04-01,2025-07-31,after_work_began,,,Adopted on the General Consent Report,2025-05-14,true,auto_ok,sonnet-agent,enrich.v5.md,true,
2025-05-14:25-0985,2025-05-14,2025-05-14,regular,L.-12,47,general,Chief Systems and Services Officer,25-0985,https://ousd.legistar.com/gateway.aspx?M=L&ID=65321,Services Agreement 2024-2025 - Blenderbox Inc. - Student Assignment Department,"Approval by the Board of Education of a Services Agreement 2024-2025 by and between the District and Blenderbox Inc., New York, NY, for the latter to support the Early Childhood Education Department with various system updates in order to improve key important areas of the enrollment/registration process, as described in Exhibit A of the Agreement, incorporated herein by reference as though fully set forth, via the Student Assignment Department, for the period of April 1, 2025 through July 31, 2025, in an amount not to exceed $392,000.00.",Agreement or Contract,Chief Systems and Services Officer,007853,v-007853,"9186 - ""First 5"" Measure AA","Pays Blenderbox up to $392,000 to update early childhood enrollment systems","Blenderbox will update district systems to improve the enrollment and registration process for the Early Childhood Education Department, as described in an exhibit to the agreement. The term runs April 1 to July 31, 2025, which began before the board's vote. It is a separate agreement from the other Blenderbox item on this agenda.",Technology,,new_agreement,Blenderbox Inc.,organization,,expense,not_to_exceed,392000,,,,,true,2025-04-01,2025-07-31,after_work_began,,,Adopted on the General Consent Report,2025-05-14,true,auto_ok,sonnet-agent,enrich.v5.md,true,
2025-05-14:25-0993,2025-05-14,2025-05-14,regular,L.-13,48,general,Chief Systems and Services Officer,25-0993,https://ousd.legistar.com/gateway.aspx?M=L&ID=65329,"Agreement for Inspector of Record Services for Construction - King Construction Inspection, Inc. - Highland Child Development Center Roof Replacement Project - Department of Buildings and Grounds","Approval by the Board of Education of an Agreement for Inspector of Record Services for Construction by and between the District and King Construction Inspection, Inc., Oakland, CA, for the latter to provide Inspector of Record Services for the Highland Child Development Center Roof Replacement Project, in the lump-sum amount of $6,500.00, via the Department of Buildings and Grounds, with the work scheduled to commence on May 15, 2025, and scheduled to last until August 5, 2025.",Agreement or Contract,"Deputy Chief, Facilities Planning and Management",007828,v-007828,Fund OCI – Oakland Children’s Initiative – Measure AA,"Pays King Construction Inspection $6,500 to inspect Highland Child Development Center roof work","King Construction Inspection will serve as the inspector of record, a required independent check on construction work, for the Highland Child Development Center roof replacement. The fee is a flat amount. Work runs from May 15 to August 5, 2025.",School buildings & construction,,new_agreement,"King Construction Inspection, Inc.",organization,Highland Child Development Center,expense,fixed,6500,,,,,true,2025-05-15,2025-08-05,,,,Adopted on the General Consent Report,2025-05-14,true,auto_ok,sonnet-agent,enrich.v5.md,true,
2025-05-14:25-1020,2025-05-14,2025-05-14,regular,L.-14,49,general,Chief Systems and Services Officer,25-1020,https://ousd.legistar.com/gateway.aspx?M=L&ID=65356,"Agreement Between Owner and Contractor – RK Roofing & Construction, Inc. – Highland Child Development Center Roof Replacement Project – Department of Buildings and Grounds","Approval by the Board of Education of an Agreement Between Owner and Contractor by and between the District and RK Roofing & Construction, Inc., San Leandro, CA, for the latter to provide demolition, installation and replacement of existing roof and roof systems, as described in the Contract Documents and in Bid Form Document 00 31 01, incorporated herein by reference as though fully set forth, for the Highland Child Development Center Roof Replacement Project, in the amount of $297,000.00, which includes a contingency allowance of $40,000.00, as the lowest responsive, responsible bidder, via the Department of Buildings and Grounds, with the work anticipated to commence on June 6, 2025, and required to be completed within sixty (60) days, with an anticipated ending of August 5, 2025.",Agreement or Contract,"Deputy Chief, Facilities Planning and Management",009084,v-009084,OCI Oakland Children's Initiative,"Hires RK Roofing for $297,000 Highland Child Development Center roof replacement","RK Roofing will tear off and replace the existing roof and roof systems at the Highland Child Development Center. The price includes a $40,000 contingency allowance, and the company was the lowest responsive, responsible bidder. Work is expected to start June 6, 2025 and finish within 60 days, by August 5, 2025.",School buildings & construction,,bid_award,"RK Roofing & Construction, Inc.",organization,Highland Child Development Center,expense,fixed,297000,,,,,true,2025-06-06,2025-08-05,,,,Adopted on the General Consent Report,2025-05-14,true,auto_ok,sonnet-agent,enrich.v5.md,true,
2025-05-14:25-1042,2025-05-14,2025-05-14,regular,L.-15,50,general,Chief Systems and Services Officer,25-1042,https://ousd.legistar.com/gateway.aspx?M=L&ID=65378,Agreement Between Owner and Contractor – Stronger Building Services – Chabot Main Building & Library Roof Replacement – Division of Facilities Planning and Management,"Approval by the Board of Education of an Agreement Between Owner and Contractor by and between the District and Stronger Building Services, Berkeley, CA, for the latter to provide construction services, which consist of the demolition of existing roofing and related roof components, replacement with new roofing, and addition of exterior gutters and downspouts at some locations, as described in the Contract Documents and the Bid Form Document 00 31 01, incorporated herein by reference as though fully set forth, for the Chabot Main Building & Library Roof Replacement Project, in the total amount of $415,000.00, which includes a contingency allowance of $40,000.00, as the lowest responsive, responsible bidder, with the work anticipated to commence on June 6, 2025, and required to be completed within sixty (60) days, with an anticipated ending of August 5, 2025.",Agreement or Contract,"Deputy Chief, Facilities Planning and Management",004110,v-004110,Fund 140 Deferred Maintenance,"Hires Stronger Building Services for $415,000 Chabot roof replacement","The contractor will remove the existing roofing on the Chabot Main Building and Library, install new roofing and add exterior gutters and downspouts at some locations. The price includes a $40,000 contingency allowance, and the company was the lowest responsive, responsible bidder. Work is expected to start June 6, 2025 and finish within 60 days, by August 5, 2025.",School buildings & construction,,bid_award,Stronger Building Services,organization,Chabot Main Building & Library,expense,fixed,415000,,,,,true,2025-06-06,2025-08-05,,,,Adopted on the General Consent Report,2025-05-14,true,auto_ok,sonnet-agent,enrich.v5.md,true,
2025-05-14:25-1044,2025-05-14,2025-05-14,regular,L.-16,51,general,Chief Systems and Services Officer,25-1044,https://ousd.legistar.com/gateway.aspx?M=L&ID=65380,"Agreement Between Owner and Contractor – Stephens Construction, Inc.. – Kaiser Child Development Center Boiler Replacement Project – Department of Buildings and Grounds","Approval by the Board of Education of an Agreement Between Owner and Contractor by and between the District and Stephens Construction, Inc., Arnold, CA, for the latter to provide installation and replacement of existing boilers, including the removal and proper disposal of the current boilers, as part of the Kaiser Child Development Center Boiler Replacement Project, as described in the Contract Document and in the Bid Form Document 00 31 01, incorporated herein by reference as though fully set forth, in the amount of $279,000.00, which includes a contingency allowance of $35,000.00, as the lowest responsive, responsible bidder, via the Department of Buildings and Grounds, with the work anticipated to commence on June 6, 2025, and required to be completed within sixty (60) days, with an anticipated ending date of August 5, 2025.",Agreement or Contract,"Deputy Chief, Facilities Planning and Management",,n-stephens-construction,COI Oakland Children's Initiative,"Hires Stephens Construction for $279,000 Kaiser Child Development Center boiler replacement","The contractor will install new boilers at the Kaiser Child Development Center and remove and properly dispose of the old ones. The price includes a $35,000 contingency allowance, and the company was the lowest responsive, responsible bidder. Work is expected to start June 6, 2025 and finish within 60 days, by August 5, 2025.",School buildings & construction,,bid_award,"Stephens Construction, Inc.",organization,Kaiser Child Development Center,expense,fixed,279000,,,,,true,2025-06-06,2025-08-05,,,,Adopted on the General Consent Report,2025-05-14,true,auto_ok,sonnet-agent,enrich.v5.md,true,
2025-05-14:25-1047,2025-05-14,2025-05-14,regular,L.-17,52,general,Chief Systems and Services Officer,25-1047,https://ousd.legistar.com/gateway.aspx?M=L&ID=65383,"Playspace Partner Master (Successor) Agreement - KABOOM!, Inc. - Chief Systems and Services Officer","Approval by the Board of Education of a replacement or successor Playspace Partner Master Agreement by and between District and KABOOM! Inc., Bethesda, MD, enabling the District to collaborate with KABOOM! to install up to twenty (20) or more Playspaces at OUSD schools, which may include one or more of the following: play structures, youth sport courts, teaching gardens, murals, nature exploration areas, outdoor classrooms, trees and plants, and other schoolyard improvements, with location, project scope and details of each Playspace to be determined and agreed to in writing by the duly authorized representative of each party, effective January 1, 2025 through December 31, 2029, with this Agreement terminating, replacing, succeeding the previous Playspace Partner Master Agreement (Legislative File No. 23-0457, Enactment No. 23-0290, February 23, 2023), for the term of February 23, 2023 through February 22, 2026.",Agreement or Contract,Chief Systems and Services Officer,,v-009470,,Renews KABOOM! partnership to build up to 20 or more school playspaces through 2029,"This successor agreement lets the district work with KABOOM! to install 20 or more playspaces at district schools, such as play structures, sport courts, gardens, murals and outdoor classrooms. The text states no dollar amount, and the location and scope of each playspace will be agreed on in writing later. It replaces the earlier agreement approved in February 2023 and runs January 1, 2025 through December 31, 2029.",School buildings & construction,,new_agreement,"KABOOM!, Inc.",organization,,no_cost,,,,,,,true,2025-01-01,2029-12-31,after_work_began; multi_year,,,Adopted on the General Consent Report,2025-05-14,true,auto_ok,sonnet-agent,enrich.v5.md,true,
2025-05-14:25-1059,2025-05-14,2025-05-14,regular,L.-18,53,general,Chief Systems and Services Officer,25-1059,https://ousd.legistar.com/gateway.aspx?M=L&ID=65395,Service (Purchase) Agreement 2025-2026 and National Data Privacy Agreement - Asset Panda - Technology Services Department,"Ratification by the Board of Education of a Purchase Agreement  (PA) 2025-2026 by and between the District and Asset Panda, Dallas, TX, for the latter to provide an asset management platform, as described in Exhibit A of the PA, incorporated herein by reference as though fully set forth, for the period of May 15, 2025 through May 15, 2026, in an amount not to exceed $50,000.00, for use by Technology Services and Risk Management Departments and Approval by and between the Parties of the California - National Data Privacy Agreement, version 1.5, pursuant to terms and conditions thereof, for the same term.",Agreement or Contract,Chief Systems and Services Officer,,n-asset-panda,0000 - General Purpose,"Ratifies up to $50,000 for Asset Panda asset-tracking software for one year","Asset Panda provides an asset management platform used by the Technology Services and Risk Management departments, from May 15, 2025 through May 15, 2026. The board is also approving the California National Data Privacy Agreement, which sets terms for protecting student data, for the same period.",Technology,,new_agreement,Asset Panda,organization,,expense,not_to_exceed,50000,,,,,true,2025-05-15,2026-05-15,,,,Adopted on the General Consent Report,2025-05-14,true,auto_ok,sonnet-agent,enrich.v5.md,true,
2025-05-14:25-1060,2025-05-14,2025-05-14,regular,L.-19,54,general,Chief Systems and Services Officer,25-1060,https://ousd.legistar.com/gateway.aspx?M=L&ID=65396,"Services Agreement 2024-2025 - Eat Better by Design, LLC - Nutrition Services Department","Ratification by the Board of Education of a Services Agreement 2024-2025 by and between the District and Eat Better by Design, LLC, Sacramento, CA, for the latter to provide up to 200 hours of specialized consulting services to District’s Nutrition Services Department to support the development and implementation of high-quality nutrition programs and dietary accommodations, with a focus on three key areas: Meal Accommodation strategies, Central Kitchen Nutrition Systems, and the development of a comprehensive Nutrition Strategy Framework, as described in Exhibit A of the Agreement, incorporated herein by reference as though fully set forth, via the Nutrition Services Department, for the period of April 1, 2025 through June 30, 2025, in an amount not to exceed $21,250.00.",Agreement or Contract,Chief Systems and Services Officer,009554,v-009554,7029 - Food Service Staff Training,"Ratifies up to $21,250 for Eat Better by Design nutrition consulting","The consultant will provide up to 200 hours of help to the Nutrition Services Department on meal accommodations for students with dietary needs, central kitchen nutrition systems and a nutrition strategy framework. The term runs April 1 to June 30, 2025, which began before the board's vote.","Food, transportation & operations",,new_agreement,"Eat Better by Design, LLC",organization,,expense,not_to_exceed,21250,,,,,true,2025-04-01,2025-06-30,after_work_began,,,Adopted on the General Consent Report,2025-05-14,true,auto_ok,sonnet-agent,enrich.v5.md,true,
2025-05-14:25-1061,2025-05-14,2025-05-14,regular,L.-20,55,general,Chief Systems and Services Officer,25-1061,https://ousd.legistar.com/gateway.aspx?M=L&ID=65397,Services Agreement 2024-2025 - El Timpano - Student Assignment Department,"Ratification by the Board of Education of a Services Agreement 2024-2025 by and between the District and El Timpano, San Francisco, CA, for the latter to provide guidance, advice, and best practices in crafting outreach materials best suited to reaching the Mam speaking students and families community in Oakland; disseminate informational and promotional Mam messages to its curated mailing list throughout the enrollment cycle, via the Student Assignment Department, for the period of April 1, 2025 through June 30, 2025, in an amount not to exceed $5,000.00.",Agreement or Contract,Chief Systems and Services Officer,009500,v-009500,"0040 - ""First 5"" Measure AA; 9186 - AB1840 Unrestricted","Ratifies up to $5,000 for El Timpano to reach Mam-speaking families about enrollment","El Timpano will advise the district on outreach materials for Mam-speaking students and families in Oakland and send Mam-language enrollment messages to its mailing list. The term runs April 1 to June 30, 2025, which began before the board's vote.","Student health, support & family services",,new_agreement,El Timpano,organization,,expense,not_to_exceed,5000,,,,,true,2025-04-01,2025-06-30,after_work_began,,,Adopted on the General Consent Report,2025-05-14,true,auto_ok,sonnet-agent,enrich.v5.md,true,
2025-05-14:25-0521,2025-05-14,2025-05-14,regular,L.-21,57,general,Chief Business Officer,25-0521,https://ousd.legistar.com/gateway.aspx?M=L&ID=64857,"Amendment No. 1, Services Agreement 2024-2025 - Creative Supports, Inc - Risk Management Department","Ratification by the Board of Education of Amendment No. 1, Services Agreement 2024-2025 by and between the District and Creative Supports, Inc, Pleasanton, CA, for the latter to supply, including delivery, placement and adjustment of all equipment and products when needed, ergonomic equipment (chairs, adjustable height table bases, specialized keyboards, mice, footrests and monitor risers as an example) per Cal-OSHA requirements resulting from ergodic evaluations of District employees, for the unchanged term of July 01, 2024, through June 30, 2025, in the additional amount of $29,000.00, increasing the Agreement not to exceed amount from $70,000.00 to $99,000.00. All other terms and conditions of the Agreement remain in full force and effect.",Agreement or Contract,Chief Financial Officer,005490,v-005490,Property & Liability,"Ratifies $29,000 more for Creative Supports' ergonomic equipment, raising cap to $99,000","This amendment adds money for Creative Supports to supply and deliver ergonomic equipment, such as chairs, adjustable tables, keyboards and footrests, for district employees after ergonomic evaluations required under Cal-OSHA rules. It raises the not-to-exceed amount from $70,000 to $99,000. The term is unchanged, July 1, 2024 through June 30, 2025.","Food, transportation & operations",,amendment,"Creative Supports, Inc",organization,,expense,not_to_exceed,29000,,,70000,99000,true,2024-07-01,2025-06-30,after_work_began; raises_existing_contract,,,Adopted on the General Consent Report,2025-05-14,true,auto_ok,sonnet-agent,enrich.v5.md,true,
2025-05-14:25-1007,2025-05-14,2025-05-14,regular,L.-22,59,general,"Chief, Talent",25-1007,https://ousd.legistar.com/gateway.aspx?M=L&ID=65343,Services Agreement 2024-2025 - East Oakland Youth Development Center - Talent / Human Resources Department,"Approval by the Board of Education of a Services Agreement 2024-2025 by and between the District and East Oakland Youth Development Center, Oakland, CA, for the latter to provide the following services to support District Apprentices: Career Counseling & Workforce Development, Case Management and Wraparound Services, Housing Support Services and Recruitment & Outreach, each, as defined in Exhibit A of the Agreement, incorporated herein by reference as though fully set forth, via Talent / Human Resources Department, for the period of April 1, 2025 through April 30, 2025, in an amount not to exceed $97,599.00.",Agreement or Contract,"Deputy Chief, Talent",001496,v-001496,Car. Trn. Vist. Ed Prg.,"Pays East Oakland Youth Development Center up to $97,599 for district apprentice support","The nonprofit will provide career counseling, case management, housing support and recruitment and outreach services to support district apprentices. The agreement covers only April 1 through April 30, 2025, which ended before the board's vote.",Staff & hiring,,new_agreement,East Oakland Youth Development Center,organization,,expense,not_to_exceed,97599,,,,,true,2025-04-01,2025-04-30,after_work_began,,,Adopted on the General Consent Report,2025-05-14,true,auto_ok,sonnet-agent,enrich.v5.md,true,
2025-05-14:25-1015,2025-05-14,2025-05-14,regular,L.-23,60,general,"Chief, Talent",25-1015,https://ousd.legistar.com/gateway.aspx?M=L&ID=65351,Services Agreement 2024-2025 - Workforce Development Unit - Talent / Human Resources Department,"Ratification by the Board of Education of a Services Agreement 2024-2025 by and between the District and Workforce Development Unit, Oakland, CA, for the latter to support the District (OUSD) in implementing and expanding the Early Educator Teacher Apprenticeship Program by providing several services, including transcript reviews and credit evaluations for current or prospective apprentices, collaboration with the Related Supplemental Instruction (RSI); coordinate academic efforts, and consultation on course sequences and curriculum alignment with apprenticeship and credentialing requirements; offer guidance on program implementation and expansion, ensure graduation and pathway alignment, and participate in ongoing consultation to support program sustainability and address emerging needs, via Talent / Human Resources Department, for the period of April 1, 2025 through June 30, 2026, in an amount not to exceed $20,000.00.",Agreement or Contract,"Deputy Chief, Talent",009537,v-009537,CA Apprenticeship Initiative,"Ratifies up to $20,000 for Workforce Development Unit's early educator apprenticeship support","The unit will help the district run and expand its Early Educator Teacher Apprenticeship Program by reviewing transcripts and credits, coordinating with the program's Related Supplemental Instruction classes, and advising on course sequences and program growth. The term runs April 1, 2025 through June 30, 2026, and began before the board's vote.",Staff & hiring,,new_agreement,Workforce Development Unit,organization,,expense,not_to_exceed,20000,,,,,true,2025-04-01,2026-06-30,after_work_began; multi_year,,,Adopted on the General Consent Report,2025-05-14,true,auto_ok,sonnet-agent,enrich.v5.md,true,
2025-05-14:25-1019,2025-05-14,2025-05-14,regular,L.-24,61,general,"Chief, Talent",25-1019,https://ousd.legistar.com/gateway.aspx?M=L&ID=65355,Services Agreement 2024-2025 - AddieRose Mayer - Talent / Human Resources Department,"Ratification by the Board of Education of a Services Agreement 2024-2025 by and between the District and AddieRose Mayer, Berkeley, CA, for the latter to engage in a restorative, trauma-informed, and humanity-centered approach to support District staff through facilitated conflict mediation and capacity-building training, grounded in conflict transformation; facilitate a conflict transformation process between two OUSD staff members to address emergent conflict and improve workplace effectiveness; offer experiential training to build mediative skills among staff, with customizable formats ranging from a 12-hour introductory training to a 32-hour DRPA-aligned certification program, via Talent / Human Resources Department, for the period of April 7, 2025 through June 30, 2025, in an amount not to exceed $20,000.00.",Agreement or Contract,"Deputy Chief, Talent",009539,v-009539,General Purpose-unrestricted,"Ratifies up to $20,000 for a Berkeley contractor to run staff conflict mediation and training","The contractor will use a restorative, trauma-informed approach to mediate a conflict between two district staff members and offer skills training, from a 12-hour introductory course to a 32-hour certification program. The term runs April 7 to June 30, 2025, which began before the board's vote.",Staff & hiring,,new_agreement,AddieRose Mayer,individual,,expense,not_to_exceed,20000,,,,,true,2025-04-07,2025-06-30,after_work_began,,,Adopted on the General Consent Report,2025-05-14,true,auto_ok,sonnet-agent,enrich.v5.md,true,
2025-05-14:25-0767,2025-05-14,2025-05-14,regular,L.-25,63,general,Chief Academic Officer,25-0767,https://ousd.legistar.com/gateway.aspx?M=L&ID=65103,"Amendment No. 1, Services Agreement (Award of RFP No. 22-139OE Translation and Interpretation Services) – Hanna Interpreting Services, LLC - Office of Equity","Approval by the Board of Education of Amendment No. 1, Services Agreement 2023-2024 (Award of RFP No. 22-139OE Translation and Interpretation Services) by and between District and Hanna Interpreting Services, LLC, Spring Valley, CA (Parties), for the latter to provide additional translation and interpretation services to the District to cover school site and department demand for these services through a variety of means and platforms including but not limited to in-person/pre-scheduled interpretation, video or web-based (VRI), over-the-phone interpretation (OPI) and/or document translations, all services on an as needed basis, via the Office of Equity, in an additional amount of $750,000.00, increasing the Agreement not to exceed amount from $700,000.00 to $1,450,000.00, for an unchanged term of August 7, 2023, through June 30, 2026.  All other terms of the Agreement remain in full force and effect.",Agreement or Contract,Chief Academic Officer,,v-006861,Multiples departments funding sources,"Adds $750,000 to Hanna Interpreting's translation contract, raising the cap to $1.45M","This amendment adds money for Hanna Interpreting Services to provide in-person, video and phone interpretation and document translation as schools and departments need it. It raises the not-to-exceed amount from $700,000 to $1,450,000. The term is unchanged, August 7, 2023 through June 30, 2026.","Student health, support & family services",,amendment,"Hanna Interpreting Services, LLC",organization,,expense,not_to_exceed,750000,,,700000,1450000,true,2023-08-07,2026-06-30,raises_existing_contract; large_increase; multi_year,,,Adopted on the General Consent Report,2025-05-14,true,auto_ok,sonnet-agent,enrich.v5.md,true,
2025-05-14:25-0773,2025-05-14,2025-05-14,regular,L.-26,64,general,Chief Academic Officer,25-0773,https://ousd.legistar.com/gateway.aspx?M=L&ID=65109,Services Agreement 2024-2025 - Build California - Castlemont High School,"Ratification by the Board of Education of a Services Agreement 2024-2025 by and between the District and Build California, Redwood City, CA, for the latter to provide a curriculum for 9th and 10th grade students to explore concepts of business management, product creation, and consumer trends; train and coach teachers to implement the BUILD curriculum, helps teachers adjust the lessons and units for students with Individualized Education Plans (IEPs), English Language Learners, and to adjust to student interests at Castlemont High School, for the period of August 1, 2024, through June 30, 2025, in an amount not to exceed $10,000.00.",Agreement or Contract,Chief Academic Officer,008821,v-008821,LCFF Equity Multiplier,"Ratifies up to $10,000 for Build California business curriculum at Castlemont High","Build California provides a business curriculum for 9th and 10th graders covering management, product creation and consumer trends, and trains and coaches Castlemont High School teachers. It also helps teachers adapt lessons for students with individualized education plans and English learners. The term runs August 1, 2024 through June 30, 2025.",Classroom & academic programs,,new_agreement,Build California,organization,Castlemont High School,expense,not_to_exceed,10000,,,,,true,2024-08-01,2025-06-30,after_work_began,,,Adopted on the General Consent Report,2025-05-14,true,auto_ok,sonnet-agent,enrich.v5.md,true,
2025-05-14:25-0876,2025-05-14,2025-05-14,regular,L.-27,65,general,Chief Academic Officer,25-0876,https://ousd.legistar.com/gateway.aspx?M=L&ID=65212,Services Agreement 2024-2025 - Oakland Public Education Fund - Community Schools and Student Services Department,"Approval by the Board of Education of a Services Agreement 2024-2025 by and between the District and Oakland Public Education Fund, Oakland, CA, for the latter to serve as fiscal agent for “guest staff” who will work in District’s summer Programs at Oakland School of  Performing Arts and Roosevelt Middle School Summer Music Program, operated for four weeks in June and serving up to 150 students daily, via  the Community Schools and Student Services Department, for the period of June 1, 2025 through June 30, 2025, in an amount not to exceed $103,000.00.",Agreement or Contract,Chief Academic Officer,003143,v-003143,Expanded Learning Opp Programs,"Pays Oakland Public Education Fund up to $103,000 to staff summer music programs","The Oakland Public Education Fund will act as the fiscal agent, handling payment, for guest staff in the district's summer programs at Oakland School of Performing Arts and the Roosevelt Middle School Summer Music Program. The programs run four weeks in June 2025 and serve up to 150 students daily.",After-school & summer programs,,new_agreement,Oakland Public Education Fund,organization,Oakland School of Performing Arts; Roosevelt Middle School,expense,not_to_exceed,103000,,,,,true,2025-06-01,2025-06-30,,,,Adopted on the General Consent Report,2025-05-14,true,auto_ok,sonnet-agent,enrich.v5.md,true,
2025-05-14:25-0880,2025-05-14,2025-05-14,regular,L.-28,66,general,Chief Academic Officer,25-0880,https://ousd.legistar.com/gateway.aspx?M=L&ID=65216,Services Agreement 2024-2025 - Influential Walls - Castlemont High School,"Ratification by the Board of Education of a Services Agreement 2024-2025 by and between the District and Influential Walls, Irvine, CA, for the latter to paint a mural: conduct a planning and design meeting to discuss mural ideas then create a concept or sketch for approval, including any revisions, cleaning and preparing the wall and protecting surrounding areas; painted using the agreed design and materials then finished applying protective coatings (if needed) and final touch up details and clean-up the workspace at Castlemont High School, for the term February 1, 2025, through April 30, 2025, in an amount not to exceed $20,000.00.",Agreement or Contract,Chief Academic Officer,009330,v-009330,"Donations, Prop28 Arts and Music, CCSPP Implementation Grant","Ratifies up to $20,000 for Influential Walls to paint a mural at Castlemont High","Influential Walls will design and paint a mural at Castlemont High School, including a planning meeting, a concept sketch for approval, wall preparation, protective coating and clean-up. The term runs February 1 to April 30, 2025, which began before the board's vote.",School buildings & construction,,new_agreement,Influential Walls,organization,Castlemont High School,expense,not_to_exceed,20000,,,,,true,2025-02-01,2025-04-30,after_work_began,,,Adopted on the General Consent Report,2025-05-14,true,auto_ok,sonnet-agent,enrich.v5.md,true,
2025-05-14:25-0882,2025-05-14,2025-05-14,regular,L.-29,67,general,Chief Academic Officer,25-0882,https://ousd.legistar.com/gateway.aspx?M=L&ID=65218,"Amendment No. 1, Service Agreement - Trustees of the California State University - Community Schools and Student Services Department","Approval by the Board of Education of Amendment No. 1, Service Agreement* by and between the District and the Trustees of the California State University (CSU), Long Beach, CA, with the District continuing to place school-based mental health service provider interns from CSU San Francisco in District schools and for associated services, with the District receiving an additional $270,000.00, increasing the not-to-exceed amount for the Agreement from $399,500.00 to $669,500.00 and extending the term of the Agreement from July 1, 2023 through December 31, 2024 to December 31, 2025.  All other terms and conditions of the Agreement remain in full force and effect. *

 __
*CSU Service Agreement Number VR23-0003 Amendment 1; Service Provider ID 0000011633",Agreement or Contract,Chief Academic Officer,,n-trustees-of-california-state-university,,"Brings in $270,000 more from Cal State for mental health interns, extending to Dec. 2025","The district keeps placing school-based mental health provider interns from CSU San Francisco in its schools, and this amendment has the district receiving an additional $270,000. It raises the not-to-exceed amount from $399,500 to $669,500 and extends the term from December 31, 2024 to December 31, 2025.","Student health, support & family services",,amendment,Trustees of the California State University,organization,,revenue,not_to_exceed,270000,,,399500,669500,true,2023-07-01,2025-12-31,after_work_began; multi_year,,,Adopted on the General Consent Report,2025-05-14,true,auto_ok,sonnet-agent,enrich.v5.md,true,
2025-05-14:25-0917,2025-05-14,2025-05-14,regular,L.-30,68,general,Chief Academic Officer,25-0917,https://ousd.legistar.com/gateway.aspx?M=L&ID=65253,Services Agreement 2024-2025 - Oakland Public Education Fund - Community Schools and Student Services Department,"Approval by the Board of Education of a Services Agreement 2024-2025 by and between the District and Oakland Public Education Fund, Oakland, CA, for the latter to provide a Parent Intern who will support the Housing Navigator in assisting McKinney-Vento families experiencing housing instability, including focusing on outreach, direct support, and resource navigation to ensure families have access to stable housing and essential services, and as further described in Exhibit A of the Agreement, incorporated herein by reference as though fully set forth, via Community Schools and Student Services Department, for the period of May 30, 2025 through May 29, 2026, in an amount not to exceed $24,000.00.",Agreement or Contract,Chief Academic Officer,003143,v-003143,Alameda Alliance for Health,"Pays Oakland Public Education Fund up to $24,000 for a parent intern aiding families facing homelessness","The Oakland Public Education Fund will provide a parent intern to support the district's Housing Navigator in helping families who are experiencing housing instability (covered by the federal McKinney-Vento Act). The intern focuses on outreach, direct support and connecting families to housing and other services. The term runs May 30, 2025 through May 29, 2026.","Student health, support & family services",,new_agreement,Oakland Public Education Fund,organization,,expense,not_to_exceed,24000,,,,,true,2025-05-30,2026-05-29,,,,Adopted on the General Consent Report,2025-05-14,true,auto_ok,sonnet-agent,enrich.v5.md,true,
2025-05-14:25-0918,2025-05-14,2025-05-14,regular,L.-31,69,general,Chief Academic Officer,25-0918,https://ousd.legistar.com/gateway.aspx?M=L&ID=65254,Services Agreement 2024-2025 - KABOOM! - Early Childhood Development Department,"Ratification by the Board of Education of a Services Agreement 2024-2025 by and between the District and KABOOM!, Bethesda, MD, for the latter to support OUSD efforts to design, plan and install renovations to Early Childhood Education Program schoolyards at Highland Child Development Center and Harriet Tubman Child Development Center, as described in Exhibit A of the Agreement, incorporated herein by reference as though fully set forth, via Early Childhood Development Department, for the period of March 1, 2025 through June 30, 2025, in an amount not to exceed $114,000.00.",Agreement or Contract,Chief Academic Officer,009470,v-009470,"""First 5"" Measure AA","Pays KABOOM! up to $114,000 to plan and install schoolyard upgrades at two early childhood centers","KABOOM!, a nonprofit based in Bethesda, MD, will help the district design, plan and install renovations to the schoolyards at Highland and Harriet Tubman Child Development Centers. The work period is March 1 to June 30, 2025, and the cost may not exceed $114,000. The board is ratifying (approving after the fact) an agreement whose work period began before the vote.",School buildings & construction,,new_agreement,KABOOM!,organization,Highland Child Development Center; Harriet Tubman Child Development Center,expense,not_to_exceed,114000,,,,,true,2025-03-01,2025-06-30,after_work_began,,,Adopted on the General Consent Report,2025-05-14,true,auto_ok,sonnet-agent,enrich.v5.md,true,
2025-05-14:25-0929,2025-05-14,2025-05-14,regular,L.-32,70,general,Chief Academic Officer,25-0929,https://ousd.legistar.com/gateway.aspx?M=L&ID=65265,"Services Agreement 2024-2025 - Reconstruction US, Inc - Academics and Instruction Department","Ratification by the Board of Education of a Services Agreement 2024-2025 by and between the District and Reconstruction US, Inc, Memphis, TN, for the latter to provide its proprietary curriculum for Lil’ Speakers’ Union series at EnCompass Academy, as described in Exhibit A of the Agreement, incorporated herein by reference as though fully set forth, via Academics and Instruction Department, for the period of August 1, 2024 through May 29, 2025, in an amount not to exceed $22,000.00.",Agreement or Contract,Chief Academic Officer,008288,v-008288,"Measure G, Parcel Tax","Pays Reconstruction US up to $22,000 for its Lil' Speakers' Union curriculum at EnCompass Academy","Reconstruction US, Inc., of Memphis, TN, will provide its own curriculum for the Lil' Speakers' Union series at EnCompass Academy. The agreement runs August 1, 2024 to May 29, 2025 and may not exceed $22,000. The board is ratifying (approving after the fact) an agreement already under way.",Classroom & academic programs,,new_agreement,"Reconstruction US, Inc",organization,EnCompass Academy,expense,not_to_exceed,22000,,,,,true,2024-08-01,2025-05-29,after_work_began,,,Adopted on the General Consent Report,2025-05-14,true,auto_ok,sonnet-agent,enrich.v5.md,true,
2025-05-14:25-0930,2025-05-14,2025-05-14,regular,L.-33,71,general,Chief Academic Officer,25-0930,https://ousd.legistar.com/gateway.aspx?M=L&ID=65266,Services Agreement - Acta Non Verba - Summer Learning Programs - Grass Valley Elementary School,"Approval by the Board of Education of a Services Agreement by and between the District and Acta Non Verba, Oakland, CA, for the latter to provide nine hours of daily summer academic support and enrichment to District students who are in need of summer services to counter summer learning loss, and provide related services, perform tasks, as described in Exhibit A of the Agreement, incorporated herein by reference as though fully set forth, for the Summer Learning Program at Grass Valley Elementary School, via the Community Schools and Student Services Department, for the period of June 9, 2025 through July 18, 2025, in an amount not to exceed $99,512.00.",Agreement or Contract,Chief Academic Officer,006614,v-006614,Expanded Learning Opportunities Program,"Pays Acta Non Verba up to $99,512 to run summer learning at Grass Valley Elementary School","Acta Non Verba of Oakland, CA will provide nine hours of daily summer academic support and enrichment at Grass Valley Elementary School, for students who need summer help to counter learning loss. The program runs June 9 to July 18, 2025, and the cost may not exceed $99,512.00.",After-school & summer programs,,new_agreement,Acta Non Verba,organization,Grass Valley Elementary School,expense,not_to_exceed,99512,,,,,true,2025-06-09,2025-07-18,,,,Adopted on the General Consent Report,2025-05-14,true,auto_ok,sonnet-agent,enrich.v5.md,true,
2025-05-14:25-0934,2025-05-14,2025-05-14,regular,L.-34,72,general,Chief Academic Officer,25-0934,https://ousd.legistar.com/gateway.aspx?M=L&ID=65270,Services Agreement - The IKUNA Group - Summer Learning Programs - Fremont High School,"Approval by the Board of Education of a Services Agreement by and between the District and The IKUNA Group, Oakland, CA, for the latter to provide six hours of daily summer academic support and enrichment to District students who are in need of summer services to counter summer learning loss, and provide related services, perform tasks, as described in Exhibit A of the Agreement, incorporated herein by reference as though fully set forth, for the Summer Learning Program at Fremont High School, via the Community Schools and Student Services Department, for the period of June 9, 2025 through July 3, 2025, in an amount not to exceed $41,229.00.",Agreement or Contract,Chief Academic Officer,006859,v-006859,21st Century Grants,"Pays The IKUNA Group up to $41,229 to run summer learning at Fremont High School","The IKUNA Group of Oakland, CA will provide six hours of daily summer academic support and enrichment at Fremont High School, for students who need summer help to counter learning loss. The program runs June 9 to July 3, 2025, and the cost may not exceed $41,229.00.",After-school & summer programs,,new_agreement,The IKUNA Group,organization,Fremont High School,expense,not_to_exceed,41229,,,,,true,2025-06-09,2025-07-03,,,,Adopted on the General Consent Report,2025-05-14,true,auto_ok,sonnet-agent,enrich.v5.md,true,
2025-05-14:25-0941,2025-05-14,2025-05-14,regular,L.-35,73,general,Chief Academic Officer,25-0941,https://ousd.legistar.com/gateway.aspx?M=L&ID=65277,Services Agreement - Soccer Without Borders - Summer Learning Programs - International Community School - Community Schools and Student Services Department,"Approval by the Board of Education of a Services Agreement by and between the District and Soccer Without Borders, Oakland, CA, for the latter to provide nine hours of daily summer academic support and enrichment to District students who are in need of summer services to counter summer learning loss, and provide related services, perform tasks, as described in Exhibit A of the Agreement, incorporated herein by reference as though fully set forth, for the Summer Learning Program at International Community School, via the Community Schools and Student Services Department, for the period of July 14, 2025 through July 25, 2025, in an amount not to exceed $53,310.00.",Agreement or Contract,Chief Academic Officer,03978,v-003978,Expanded Learning Opportunities Program,"Pays Soccer Without Borders up to $53,310 to run summer learning at International Community School","Soccer Without Borders of Oakland, CA will provide nine hours of daily summer academic support and enrichment at International Community School, for students who need summer help to counter learning loss. The program runs July 14 to July 25, 2025, and the cost may not exceed $53,310.00.",After-school & summer programs,,new_agreement,Soccer Without Borders,organization,International Community School,expense,not_to_exceed,53310,,,,,true,2025-07-14,2025-07-25,pulled_from_consent,,"Adopted in its own vote at this meeting (4–0, 1 abstaining, 1 recused), instead of with the rest of the consent report.",Adopted,2025-05-14,true,auto_ok,sonnet-agent,enrich.v5.md,true,
2025-05-14:25-0954,2025-05-14,2025-05-14,regular,L.-36,74,general,Chief Academic Officer,25-0954,https://ousd.legistar.com/gateway.aspx?M=L&ID=65290,Summer Programming Addendum No. 3 - Expanded Learning Programs After School Program Master Contract 2022-2025 - Bay Area Community Resources - Community Schools and Student Services Department,"Approval by the Board of Education of Summer Programming Addendum No. 3, Expanded Learning Programs After School Program Master Contract 2022-2025 (Master Contract) by and between the District and Bay Area Resources, El Cerrito, CA, for the latter to provided summer academic and enrichment services, as described in Exhibit A, incorporated herein by reference as though fully set forth, at Elmhurst United Middle School, Fremont High School, Global Family Elementary School, Lockwood STEAM Academy, Martin Luther King, Jr. Elementary School, Montclair Elementary School, Oakland Technical High School, Ralph J. Bunche Academy, and Emiliano Zapata Street Academy, via the Community Schools and Student Services Department, in an additional amount of $572,287.50, increasing the Master Contract not-to-exceed amount from $38,331,157.52 to $38,903,445.02, for the unchanged term of July 1, 2022 through July 31, 2025.  All other terms and conditions of the Master Contract remain in full force and effect.",Agreement or Contract,Chief Academic Officer,00624,v-000624,"After School Education and Safety Grant, 21st Century Grants, Expanded Learning Opportunities Program, Elementary and Secondary School Emergency Relief Grants","Adds $572,287.50 to Bay Area Community Resources's existing contract for summer programs at nine schools","This is Summer Programming Addendum No. 3 to the district's Expanded Learning Programs After School Program Master Contract with Bay Area Community Resources. It adds $572,287.50 for summer academic and enrichment services at nine schools, raising the contract's not-to-exceed amount from $38,331,157.52 to $38,903,445.02. The contract term does not change and runs through July 31, 2025.",After-school & summer programs,,amendment,Bay Area Community Resources,organization,"Elmhurst United Middle School; Fremont High School; Global Family Elementary School; Lockwood STEAM Academy; Martin Luther King, Jr. Elementary School; Montclair Elementary School; Oakland Technical High School; Ralph J. Bunche Academy; Emiliano Zapata Street Academy",expense,fixed,572287.5,,,38331157.52,38903445.02,true,2022-07-01,2025-07-31,raises_existing_contract; multi_year,,,Adopted on the General Consent Report,2025-05-14,true,auto_ok,sonnet-agent,enrich.v5.md,true,
2025-05-14:25-0955,2025-05-14,2025-05-14,regular,L.-37,75,general,Chief Academic Officer,25-0955,https://ousd.legistar.com/gateway.aspx?M=L&ID=65291,Services Agreement - Girls Leading Goals - Summer Learning Programs - Sankofa United Elementary School - Community Schools and Student Services Department,"Approval by the Board of Education of a Services Agreement by and between the District and Girls Leading Goals, San Francisco, CA, for the latter to provide eight and a half hours of daily summer academic support and enrichment to District students who are in need of summer services to counter learning loss, and provide related services, perform tasks as described in Exhibit A of the Agreement, incorporated herein by reference as though fully set forth, for the Summer Learning Program at Sankofa United Elementary School, via the Community Schools and Student Services Department, for the period June 9, 2025 through July 11, 2025, in an amount not to exceed $32,983.20.",Agreement or Contract,Chief Academic Officer,007964,v-007964,Expanded Learning Opportunities Program,"Pays Girls Leading Goals up to $32,983.20 to run summer learning at Sankofa United Elementary School","Girls Leading Goals of San Francisco, CA will provide eight and a half hours of daily summer academic support and enrichment at Sankofa United Elementary School, for students who need summer help to counter learning loss. The program runs June 9 to July 11, 2025, and the cost may not exceed $32,983.20.",After-school & summer programs,,new_agreement,Girls Leading Goals,organization,Sankofa United Elementary School,expense,not_to_exceed,32983.2,,,,,true,2025-06-09,2025-07-11,,,,Adopted on the General Consent Report,2025-05-14,true,auto_ok,sonnet-agent,enrich.v5.md,true,
2025-05-14:25-0956,2025-05-14,2025-05-14,regular,L.-38,76,general,Chief Academic Officer,25-0956,https://ousd.legistar.com/gateway.aspx?M=L&ID=65292,Services Agreement - Coast2Coast Coaching dba Elevo Learning - Summer Learning Programs - Carl Munck Elementary School - Community Schools and Student Services Department,"Approval by the Board of Education of a Services Agreement by and between the District and Coast2Coast Coaching dba Elevo Learning, San Diego, CA, for the latter to provide nine hours of daily summer academic support and enrichment to District students who are in need of summer services to counter learning loss, and provide related services, perform tasks as described in Exhibit A of the Agreement, incorporated herein by reference as though fully set forth, for the Summer Learning Program at Carl Munck Elementary School, via the Community Schools and Student Services Department, for the period June 9, 2025 through July 11, 2025, in an amount not to exceed $108,716.86.",Agreement or Contract,Chief Academic Officer,007956,v-007956,Expanded Learning Opportunities Program,"Pays Elevo Learning up to $108,716.86 to run summer learning at Carl Munck Elementary School","Elevo Learning of San Diego, CA will provide nine hours of daily summer academic support and enrichment at Carl Munck Elementary School, for students who need summer help to counter learning loss. The program runs June 9 to July 11, 2025, and the cost may not exceed $108,716.86.",After-school & summer programs,,new_agreement,Coast2Coast Coaching dba Elevo Learning,organization,Carl Munck Elementary School,expense,not_to_exceed,108716.86,,,,,true,2025-06-09,2025-07-11,,,,Adopted on the General Consent Report,2025-05-14,true,auto_ok,sonnet-agent,enrich.v5.md,true,
2025-05-14:25-0957,2025-05-14,2025-05-14,regular,L.-39,77,general,Chief Academic Officer,25-0957,https://ousd.legistar.com/gateway.aspx?M=L&ID=65293,Services Agreement - Coast2Coast Coaching dba Elevo Learning - Summer Learning Programs - Madison Park Academy Primary Campus - Community Schools and Student Services Department,"Approval by the Board of Education of a Services Agreement by and between the District and Coast2Coast Coaching dba Elevo Learning, San Diego, CA, for the latter to provide nine hours of daily summer academic support and enrichment to District students who are in need of summer services to counter learning loss, and provide related services, perform tasks as described in Exhibit A of the Agreement, incorporated herein by reference as though fully set forth, for the Summer Learning Program at Madison Park Academy Primary Campus, via the Community Schools and Student Services Department, for the period June 9, 2025 through July 11, 2025, in an amount not to exceed $102,177.50.",Agreement or Contract,Chief Academic Officer,007956,v-007956,Expanded Learning Opportunities Program,"Pays Elevo Learning up to $102,177.50 to run summer learning at Madison Park Academy Primary Campus","Elevo Learning of San Diego, CA will provide nine hours of daily summer academic support and enrichment at Madison Park Academy Primary Campus, for students who need summer help to counter learning loss. The program runs June 9 to July 11, 2025, and the cost may not exceed $102,177.50.",After-school & summer programs,,new_agreement,Coast2Coast Coaching dba Elevo Learning,organization,Madison Park Academy Primary Campus,expense,not_to_exceed,102177.5,,,,,true,2025-06-09,2025-07-11,,,,Adopted on the General Consent Report,2025-05-14,true,auto_ok,sonnet-agent,enrich.v5.md,true,
2025-05-14:25-0960,2025-05-14,2025-05-14,regular,L.-40,78,general,Chief Academic Officer,25-0960,https://ousd.legistar.com/gateway.aspx?M=L&ID=65296,Services Agreement 2024-2025 - Missoula Children's Theater - Hillcrest Elementary School,"Ratification by the Board of Education of a Services Agreement 2024-2025 by and between the District and Missoula Children's Theater, Missoula, MT, for the latter to provide instruction and training in theater arts for students [and produce the theatrical production of Rumpelstiltskin] at Hillcrest Elementary School, for the period of February 24, 2025 through March 1, 2025, in an amount not to exceed $3,600.00.",Agreement or Contract,Chief Academic Officer,009455,v-009455,Prop28 Arts and Music,"Pays Missoula Children's Theater up to $3,600 for a week of theater instruction at Hillcrest Elementary","Missoula Children's Theater, based in Missoula, MT, will teach theater arts to students at Hillcrest Elementary School and produce a play, Rumpelstiltskin. The work ran February 24 to March 1, 2025, and the cost may not exceed $3,600. The board is ratifying (approving after the fact) an agreement whose dates have already passed.",Classroom & academic programs,,new_agreement,Missoula Children's Theater,organization,Hillcrest Elementary School,expense,not_to_exceed,3600,,,,,true,2025-02-24,2025-03-01,after_work_began,,,Adopted on the General Consent Report,2025-05-14,true,auto_ok,sonnet-agent,enrich.v5.md,true,
2025-05-14:25-0963,2025-05-14,2025-05-14,regular,L.-41,79,general,Chief Academic Officer,25-0963,https://ousd.legistar.com/gateway.aspx?M=L&ID=65299,"Amendment No. 1, No Cost Services Agreement 2024-2025 - Regents of the University of California on behalf of the Public Service Center's College Corps Program at the Berkeley Campus - Community Schools and Student Services Department","Ratification by the Board of Education of Amendment No. 1, No Cost Services Agreement 2024-2025 (Agreement) by and between the District and the Regents of the University of California, on behalf of the Public Services Center’s College Corps Program at the Berkeley Campus, Berkeley, CA, for both parties to continue their responsibilities as stated in the original Agreement, extending the term of the Agreement from September 1, 2024 through June 30, 2025 to June 30, 2030, at no cost to the District.  All other terms and conditions of the Agreement remain in full force and effect.",Agreement or Contract,Chief Academic Officer,,n-regents-of-university-of-california-public-service-centers-college-corps-program-berkeley-campus,No Fiscal Impact,Extends the UC Berkeley College Corps partnership with the district to 2030 at no cost,"This amendment keeps the Regents of the University of California, through its Public Service Center's College Corps Program at Berkeley, working with the district under the original agreement. It extends the term from June 30, 2025 to June 30, 2030 at no cost to the district. The original agreement began September 1, 2024, and the board is ratifying (approving after the fact) the change.",Partnerships & data sharing,,amendment,"Regents of the University of California (Public Service Center's College Corps Program, Berkeley campus)",organization,,no_cost,,,,,,,true,2024-09-01,2030-06-30,multi_year; time_extension_only,,,Adopted on the General Consent Report,2025-05-14,true,auto_ok,sonnet-agent,enrich.v5.md,true,
2025-05-14:25-0965,2025-05-14,2025-05-14,regular,L.-42,80,general,Chief Academic Officer,25-0965,https://ousd.legistar.com/gateway.aspx?M=L&ID=65301,"Summer Programming Addendum No. 3, Expanded Learning Programs After School Program Master Contract 2022-2025 - Youth Together - Skyline High School - Community Schools and Student Services Department","Approval by the Board of Education of Summer Programming Addendum No. 3, Expanded Learning Programs After School Program Master Contract 2022-2025 (Master Contract) by and between the District and Youth Together, Oakland, CA, for the latter to provided summer academic and enrichment services as described in Exhibit A, incorporated herein by reference as though fully set forth, at Skyline High School, via the Community Schools and Student Services Department, in an additional amount of $27,486.00, increasing the Master Contract not-to-exceed amount from $1,537,449.60 to $1,564,935.60, for the unchanged term of July 1, 2022 through July 31, 2025.  All other terms and conditions of the Master Contract remain in full force and effect.",Agreement or Contract,Chief Academic Officer,004737,v-004737,"21st Century Programs, Expanded Learning Opportunities Program, Elementary and Secondary School Emergency Relief grants","Adds $27,486.00 to Youth Together's existing contract for summer programs at Skyline High School","This is Summer Programming Addendum No. 3 to the district's Expanded Learning Programs After School Program Master Contract with Youth Together. It adds $27,486.00 for summer academic and enrichment services at Skyline High School, raising the contract's not-to-exceed amount from $1,537,449.60 to $1,564,935.60. The contract term does not change and runs through July 31, 2025.",After-school & summer programs,,amendment,Youth Together,organization,Skyline High School,expense,fixed,27486,,,1537449.6,1564935.6,true,2022-07-01,2025-07-31,raises_existing_contract; multi_year,,,Adopted on the General Consent Report,2025-05-14,true,auto_ok,sonnet-agent,enrich.v5.md,true,
2025-05-14:25-0972,2025-05-14,2025-05-14,regular,L.-43,81,general,Chief Academic Officer,25-0972,https://ousd.legistar.com/gateway.aspx?M=L&ID=65308,"Summer Programming Addendum No. 3, Expanded Learning Programs After School Program Master Contract 2022-2026 - Oakland Kids First - Castlemont High School - Community Schools and Student Services Department","Approval by the Board of Education of Summer Programming Addendum No. 3, Expanded Learning Programs After School Program Master Contract 2022-2025 (Master Contract) by and between the District and Oakland Kids First, Oakland, CA, for the latter to provided summer academic and enrichment services as described in Exhibit A, incorporated herein by reference as though fully set forth, at Castlemont High School, via the Community Schools and Student Services Department, in an additional amount of $27,486.00, increasing the Master Contract not-to-exceed amount from $1,526,583.00 to $1,554,069.60, for the unchanged term of July 1, 2022 through July 31, 2025.  All other terms and conditions of the Master Contract remain in full force and effect.",Agreement or Contract,Chief Academic Officer,003136,v-003136,"21st Century Programs, Expanded Learning Opportunities Program, Elementary and Secondary Emergency Relief Grants","Adds $27,486.00 to Oakland Kids First's existing contract for summer programs at Castlemont High School","This is Summer Programming Addendum No. 3 to the district's Expanded Learning Programs After School Program Master Contract with Oakland Kids First. It adds $27,486.00 for summer academic and enrichment services at Castlemont High School, raising the contract's not-to-exceed amount from $1,526,583.00 to $1,554,069.60. The contract term does not change and runs through July 31, 2025.",After-school & summer programs,,amendment,Oakland Kids First,organization,Castlemont High School,expense,fixed,27486,,,1526583,1554069.6,true,2022-07-01,2025-07-31,raises_existing_contract; multi_year,,,Adopted on the General Consent Report,2025-05-14,true,auto_ok,sonnet-agent,enrich.v5.md,true,
2025-05-14:25-0973,2025-05-14,2025-05-14,regular,L.-44,82,general,Chief Academic Officer,25-0973,https://ousd.legistar.com/gateway.aspx?M=L&ID=65309,Services Agreement - Edventure More - Summer Learning Programs - Melrose Leadership Academy - Community Schools and Student Services Department,"Approval by the Board of Education of a Services Agreement by and between the District and Edventure More, San Leandro, CA, for the latter to provide nine hours of daily summer academic support and enrichment to District students who are in need of summer services to counter learning loss, and provide related services, perform tasks as described in Exhibit A of the Agreement, incorporated herein by reference as though fully set forth, for the Summer Learning Program at Melrose Leadership Academy, via the Community Schools and Student Services Department, for the period June 9, 2025 through July 11, 2025, in an amount not to exceed $114,438.80.",Agreement or Contract,Chief Academic Officer,001534,v-001534,Expanded Learning Opportunities Program,"Pays Edventure More up to $114,438.80 to run summer learning at Melrose Leadership Academy","Edventure More of San Leandro, CA will provide nine hours of daily summer academic support and enrichment at Melrose Leadership Academy, for students who need summer help to counter learning loss. The program runs June 9 to July 11, 2025, and the cost may not exceed $114,438.80.",After-school & summer programs,,new_agreement,Edventure More,organization,Melrose Leadership Academy,expense,not_to_exceed,114438.8,,,,,true,2025-06-09,2025-07-11,,,,Adopted on the General Consent Report,2025-05-14,true,auto_ok,sonnet-agent,enrich.v5.md,true,
2025-05-14:25-0974,2025-05-14,2025-05-14,regular,L.-45,83,general,Chief Academic Officer,25-0974,https://ousd.legistar.com/gateway.aspx?M=L&ID=65310,"Summer Programming Addendum No. 2, Expanded Learning Programs After School Program Master Contract 2022-2025 - Girls Inc. of Alameda County - Summer Learning Programs - Concordia Park - Community Schools and Student Services Department","Approval by the Board of Education of Summer Programming Addendum No. 2, Expanded Learning Programs After School Program Master Contract 2022-2025 (Master Contract) by and between the District and Girls Inc. of Alameda County, Oakland, CA, for the latter to provided summer academic and enrichment services as described in Exhibit A, incorporated herein by reference as though fully set forth, at Concordia Park, 3000 62nd Ave., Oakland, CA, 94605, via the Community Schools and Student Services Department, in an additional amount of $40,515.60, increasing the Master Contract not-to-exceed amount from $10,346,896.00 to $10,387,411.60, for the unchanged term of July 1, 2022 through July 31, 2025.  All other terms and conditions of the Master Contract remain in full force and effect.",Agreement or Contract,Chief Academic Officer,001841,v-001841,"After School Education and Safety Grant, 21st Century Programs, Expanded Learning Opportunities Program, Elementary and Secondary School Emergency Relief Grants","Adds $40,515.60 to Girls Inc. of Alameda County's existing contract for summer programs at Concordia Park","This is Summer Programming Addendum No. 2 to the district's Expanded Learning Programs After School Program Master Contract with Girls Inc. of Alameda County. It adds $40,515.60 for summer academic and enrichment services at Concordia Park, raising the contract's not-to-exceed amount from $10,346,896.00 to $10,387,411.60. The contract term does not change and runs through July 31, 2025.",After-school & summer programs,,amendment,Girls Inc. of Alameda County,organization,Concordia Park,expense,fixed,40515.6,,,10346896,10387411.6,true,2022-07-01,2025-07-31,raises_existing_contract; multi_year,,,Adopted on the General Consent Report,2025-05-14,true,auto_ok,sonnet-agent,enrich.v5.md,true,
2025-05-14:25-0975,2025-05-14,2025-05-14,regular,L.-46,84,general,Chief Academic Officer,25-0975,https://ousd.legistar.com/gateway.aspx?M=L&ID=65311,Services Agreement 2024-2025 - Refugee & Immigrant Transitions - Rudsdale Continuation High School,"Ratification by the Board of Education of a Services Agreement 2024-2025 by and between the District and Refugee & Immigrant Transitions, San Francisco, CA, for the latter to provide weekly food bank services to students and families at Rudsdale Continuation High School, for the term  September 2, 2024 through June 30, 2025, in an amount not to exceed $15,000.00.",Agreement or Contract,Chief Academic Officer,003563,v-003563,LCFF Equity Multiplier,"Pays Refugee & Immigrant Transitions up to $15,000 for weekly food bank at Rudsdale High","Refugee & Immigrant Transitions, a San Francisco organization, will provide weekly food bank services to students and families at Rudsdale Continuation High School. The agreement runs September 2, 2024 to June 30, 2025 and may not exceed $15,000. The board is ratifying (approving after the fact) an agreement already under way.","Student health, support & family services",,new_agreement,Refugee & Immigrant Transitions,organization,Rudsdale Continuation High School,expense,not_to_exceed,15000,,,,,true,2024-09-02,2025-06-30,after_work_began,,,Adopted on the General Consent Report,2025-05-14,true,auto_ok,sonnet-agent,enrich.v5.md,true,
2025-05-14:25-0977,2025-05-14,2025-05-14,regular,L.-47,85,general,Chief Academic Officer,25-0977,https://ousd.legistar.com/gateway.aspx?M=L&ID=65313,Services Agreement 2024-2025 - Philanthropic Ventures Foundation - Academics and Instruction Department,"Ratification by the Board of Education of a Services Agreement 2024-2025 by and between the District and Philanthropic Ventures Foundation, Oakland , CA, for the latter to design and facilitate Visual and Performing Arts (VAPA) leadership professional learning as they develop a yearlong arc for the ‘25-’26 School Year and beyond, i.e., an experiential session where the participants will learn by actively engaging in inquiry, reflection and hands-on activities in a supportive environment rooted in measurable outcomes while encouraging creativity, innovation, and joy, as further described in Exhibit A of the Agreement, incorporated herein by reference as though fully set forth, via Academics and Instruction Department, for the period of May 27, 2025 through August 8, 2025, in an amount not to exceed $2,100.00.",Agreement or Contract,Chief Academic Officer,006166,v-006166,"Measure G, Parcel Tax","Pays Philanthropic Ventures Foundation up to $2,100 to lead arts teacher leadership training","Philanthropic Ventures Foundation of Oakland will design and lead a hands-on professional learning session for Visual and Performing Arts (VAPA) leaders, who are planning a yearlong effort for the 2025-26 school year and beyond. The agreement runs May 27 to August 8, 2025 and may not exceed $2,100. The board is ratifying (approving after the fact) the agreement.",Classroom & academic programs,,new_agreement,Philanthropic Ventures Foundation,organization,,expense,not_to_exceed,2100,,,,,true,2025-05-27,2025-08-08,,,,Adopted on the General Consent Report,2025-05-14,true,auto_ok,sonnet-agent,enrich.v5.md,true,
2025-05-14:25-0979,2025-05-14,2025-05-14,regular,L.-48,86,general,Chief Academic Officer,25-0979,https://ousd.legistar.com/gateway.aspx?M=L&ID=65315,Services Agreement 2024-2025 - Oakland Public Education Fund - Community Schools and Student Services Department,"Approval by the Board of Education of a Services Agreement 2024-2025 by and between the District and Oakland Public Education Fund, Oakland, CA, for the latter to support health and wellness at school sites by providing stipends to Peer Wellness Mentor Program Leads at MetWest High School and Oakland High School, which includes a 10% administration fee to set up and issue stipend payments on the agreed-upon timeline, resolve stipend issues in a professional manner and issue year-end tax documents to stipend recipients, via Community Schools and Student Services Department,  for the period of March 1, 2025 through June 30, 2025, in an amount not to exceed $6,600.00.",Agreement or Contract,Chief Academic Officer,003143,v-003143,MHSSA Partnership Program,"Pays Oakland Public Education Fund up to $6,600 to distribute peer wellness mentor stipends","Oakland Public Education Fund will pay stipends to Peer Wellness Mentor Program Leads at MetWest High School and Oakland High School to support student health and wellness. The amount includes a 10% fee for setting up and issuing the payments and year-end tax documents. The agreement runs March 1 to June 30, 2025 and may not exceed $6,600.","Student health, support & family services",,new_agreement,Oakland Public Education Fund,organization,MetWest High School; Oakland High School,expense,not_to_exceed,6600,,,,,true,2025-03-01,2025-06-30,after_work_began,,,Adopted on the General Consent Report,2025-05-14,true,auto_ok,sonnet-agent,enrich.v5.md,true,
2025-05-14:25-0982,2025-05-14,2025-05-14,regular,L.-49,87,general,Chief Academic Officer,25-0982,https://ousd.legistar.com/gateway.aspx?M=L&ID=65318,"Summer Programming Addendum No. 3, Expanded Learning Programs After School Program Master Contract 2022-2025 - East Bay Asian Youth Center - Named Sites - Community Schools and Student Services Department","Approval by the Board of Education of Summer Programming Addendum No. 3, Expanded Learning Programs After School Program Master Contract 2022-2025 (Master Contract) by and between the District and East Bay Asian Youth Center, Oakland, CA, for the latter to provided summer academic and enrichment services as described in Exhibit A, incorporated herein by reference as though fully set forth, at Edna Brewer Middle School, Garfield Elementary School, Lincoln Elementary School, Manzanita Community School, and Oakland High School, via the Community Schools and Student Services Department, in an additional amount of $456,575.38, increasing the Master Contract not-to-exceed amount from $15,281,608.30 to $15,738,183.68, for the unchanged term of July 1, 2022 through July 31, 2025.  All other terms and conditions of the Master Contract remain in full force and effect.",Agreement or Contract,Chief Academic Officer,001474,v-001474,"After School Education and Safety Grant, 21st Century Programs, Expanded Learning Opportunities Program, Elementary and Second School Emergency Relief Grants","Adds $456,575.38 to East Bay Asian Youth Center's existing contract for summer programs at five schools","This is Summer Programming Addendum No. 3 to the district's Expanded Learning Programs After School Program Master Contract with East Bay Asian Youth Center. It adds $456,575.38 for summer academic and enrichment services at five schools, raising the contract's not-to-exceed amount from $15,281,608.30 to $15,738,183.68. The contract term does not change and runs through July 31, 2025.",After-school & summer programs,,amendment,East Bay Asian Youth Center,organization,Edna Brewer Middle School; Garfield Elementary School; Lincoln Elementary School; Manzanita Community School; Oakland High School,expense,fixed,456575.38,,,15281608.3,15738183.68,true,2022-07-01,2025-07-31,raises_existing_contract; multi_year,,,Adopted on the General Consent Report,2025-05-14,true,auto_ok,sonnet-agent,enrich.v5.md,true,
2025-05-14:25-0986,2025-05-14,2025-05-14,regular,L.-50,88,general,Chief Academic Officer,25-0986,https://ousd.legistar.com/gateway.aspx?M=L&ID=65322,Services Agreement - Alameda County Health Department - Community Schools and Student Services Department,"Approval by the Board of Education of a Services Agreement by and between the District and Alameda County Health Department, San Leandro, CA, for the latter to provide a range of health care services to students and their families through District's School-Based Health Centers, as described in Exhibit A of the Agreement, incorporated herein by reference as though fully set forth, via the Community Schools and Student Services Department, for the period July 1, 2024 through June 30, 2025, in an amount not to exceed $535,000.00.",Agreement or Contract,Chief Academic Officer,000314,v-000314,Kaiser Health & Wellness,"Pays Alameda County Health Department up to $535,000 for care at school-based health centers","The Alameda County Health Department will provide a range of health care services to students and their families through the district's School-Based Health Centers. The agreement covers July 1, 2024 to June 30, 2025 and may not exceed $535,000.","Student health, support & family services",,new_agreement,Alameda County Health Department,organization,,expense,not_to_exceed,535000,,,,,true,2024-07-01,2025-06-30,after_work_began,,,Adopted on the General Consent Report,2025-05-14,true,auto_ok,sonnet-agent,enrich.v5.md,true,
2025-05-14:25-0988,2025-05-14,2025-05-14,regular,L.-51,89,general,Chief Academic Officer,25-0988,https://ousd.legistar.com/gateway.aspx?M=L&ID=65324,"Summer Programming Addendum No. 3, Expanded Learning Programs After School Program Master Contract 2022-2025 - Summer Learning Programs - Safe Passages - Named Sites - Community Schools and Student Services Department","Approval by the Board of Education of Summer Programming Addendum No. 3, Expanded Learning Programs After School Program Master Contract 2022-2025 (Master Contract) by and between the District and Safe Passages, Oakland, CA, for the latter to provided summer academic and enrichment services, as described in Exhibit A, incorporated herein by reference as though fully set forth, at Coliseum College Preparatory Academy, East Oakland Pride Elementary School, Laurel Elementary School, MetWest High School, Oakland International High School, and United for Success Academy, via the Community Schools and Student Services Department, in an additional amount of $507,348.04, increasing the Master Contract not-to-exceed amount from $12,635,499.81 to $13,142,847.85, for the unchanged term of July 1, 2022 through July 31, 2025.  All other terms and conditions of the Master Contract remain in full force and effect.",Agreement or Contract,Chief Academic Officer,003729,v-003729,"After School Education and Safety Grant, 21st Century Program, Expanded Learning Opportunities Program, Elementary and Secondary Emergency Relief Grants","Adds $507,348.04 to Safe Passages's existing contract for summer programs at six schools","This is Summer Programming Addendum No. 3 to the district's Expanded Learning Programs After School Program Master Contract with Safe Passages. It adds $507,348.04 for summer academic and enrichment services at six schools, raising the contract's not-to-exceed amount from $12,635,499.81 to $13,142,847.85. The contract term does not change and runs through July 31, 2025.",After-school & summer programs,,amendment,Safe Passages,organization,Coliseum College Preparatory Academy; East Oakland Pride Elementary School; Laurel Elementary School; MetWest High School; Oakland International High School; United for Success Academy,expense,fixed,507348.04,,,12635499.81,13142847.85,true,2022-07-01,2025-07-31,raises_existing_contract; multi_year,,,Adopted on the General Consent Report,2025-05-14,true,auto_ok,sonnet-agent,enrich.v5.md,true,
2025-05-14:25-1008,2025-05-14,2025-05-14,regular,L.-52,90,general,Chief Academic Officer,25-1008,https://ousd.legistar.com/gateway.aspx?M=L&ID=65344,Services Agreement 2024-2025 - Oakland Kids First - Linked Learning Department,"Approval by the Board of Education of a Services Agreement 2024-2025 by and between the District and Oakland Kids First, Oakland, CA, for the latter to provide study skills sessions, individual check-ins and career guidance for students in the Emergency Room Technician and Certified Nurse Assistant (CNA) programs via Linked Learning Department, for the period of June 1, 2025 through August 10, 2025, in an amount not to exceed $10,080.00.",Agreement or Contract,Chief Academic Officer,003136,v-003136,Walter & Elise Haas Fund,"Pays Oakland Kids First up to $10,080 for study skills and career guidance for health pathway students","Oakland Kids First will provide study skills sessions, individual check-ins and career guidance for students in the Emergency Room Technician and Certified Nurse Assistant programs, through the Linked Learning Department. The agreement runs June 1 to August 10, 2025 and may not exceed $10,080.",Classroom & academic programs,,new_agreement,Oakland Kids First,organization,,expense,not_to_exceed,10080,,,,,true,2025-06-01,2025-08-10,,,,Adopted on the General Consent Report,2025-05-14,true,auto_ok,sonnet-agent,enrich.v5.md,true,
2025-05-14:25-1009,2025-05-14,2025-05-14,regular,L.-53,91,general,Chief Academic Officer,25-1009,https://ousd.legistar.com/gateway.aspx?M=L&ID=65345,Services Agreement 2024-2025 - Civic Productions LLC - Linked Learning Department,"Ratification by the Board of Education of a Services Agreement 2024-2025 by and between the District and Civic Productions LLC, Oakland, CA, for the latter to support up to 18 OUSD teachers and their students in bringing projects to the Creative Expo in Old Oakland on April 19, 2025, including Civic Design Studio staff visiting participating OUSD schools to help students prepare their work for the expo, plan their display, signage and also day of the event coordination; create a map of school exhibitors on 9th Street in Old Oakland (the location of the event) and manage set-up, teacher/student check-in and take down of the event, via Linked Learning Department, for the period of March 31, 2025 through April 30, 2025, in an amount not to exceed $5,000.00.",Agreement or Contract,Chief Academic Officer,005705,v-005705,CTE Incentive Grant,"Pays Civic Productions up to $5,000 to help teachers and students show projects at the Creative Expo","Civic Productions LLC will support up to 18 OUSD teachers and their students in bringing projects to the Creative Expo in Old Oakland on April 19, 2025. Its staff will visit schools to help students prepare displays and signs, map the exhibitors, and manage set-up, check-in and take-down. The agreement ran March 31 to April 30, 2025 and may not exceed $5,000. The board is ratifying (approving after the fact) the agreement.",Classroom & academic programs,,new_agreement,Civic Productions LLC,organization,,expense,not_to_exceed,5000,,,,,true,2025-03-31,2025-04-30,after_work_began,,,Adopted on the General Consent Report,2025-05-14,true,auto_ok,sonnet-agent,enrich.v5.md,true,
2025-05-14:25-1010,2025-05-14,2025-05-14,regular,L.-54,92,general,Chief Academic Officer,25-1010,https://ousd.legistar.com/gateway.aspx?M=L&ID=65346,Services Agreement 2024-2025 - The Color Theory LLC - Global Family Elementary School,"Ratification by the Board of Education of a Services Agreement 2024-2025 by and between the District and the Color Theory LLC, Los Angeles, CA, for the latter to provide mural painting services, as described in Exhibit A (Scope of Work) of the Agreement, incorporated herein as though fully set forth, as part of the beautification efforts at Global Family Elementary School, for the period of April 1, 2025 through May 30, 2025, in an amount not to exceed $20,000.00.",Agreement or Contract,Chief Academic Officer,007905,v-007905,CCSPP Implementation Grant,"Pays The Color Theory up to $20,000 to paint murals at Global Family Elementary","The Color Theory LLC of Los Angeles will paint murals as part of beautification efforts at Global Family Elementary School. The agreement ran April 1 to May 30, 2025 and may not exceed $20,000. The board is ratifying (approving after the fact) the agreement.",School buildings & construction,,new_agreement,The Color Theory LLC,organization,Global Family Elementary School,expense,not_to_exceed,20000,,,,,true,2025-04-01,2025-05-30,after_work_began,,,Adopted on the General Consent Report,2025-05-14,true,auto_ok,sonnet-agent,enrich.v5.md,true,
2025-05-14:25-1011,2025-05-14,2025-05-14,regular,L.-55,93,general,Chief Academic Officer,25-1011,https://ousd.legistar.com/gateway.aspx?M=L&ID=65347,Services Agreement 2024-2025 - Grouptrail - Linked Learning Department,"Ratification by the Board of Education of a Services Agreement 2024-2025 by and between the District and Grouptrail, Portland, OR, for the latter to develop templates for the Exploring College, Career, and Community Options (ECCCO) internship program, encompassing career technical education college courses and workshops, concurrent enrollment forms, and student onboarding checklists; design dashboard views for students, OUSD central staff, and school-based staff; and create prioritized reports for real-time data viewing, conduct training for OUSD staff members, and produce instructional materials and manuals, via Linked Learning Department, for the period of March 13, 2025 through June 30, 2025, in an amount not to exceed $2,250.00.",Agreement or Contract,Chief Academic Officer,008779,v-008779,K12 Strong Workforce Grant,"Pays Grouptrail up to $2,250 for internship program templates, dashboards and staff training","Grouptrail of Portland, OR will build templates for the district's Exploring College, Career, and Community Options (ECCCO) internship program, design dashboard views and reports for students and staff, train OUSD staff, and produce manuals. The agreement runs March 13 to June 30, 2025 and may not exceed $2,250. The board is ratifying (approving after the fact) the agreement.",Classroom & academic programs,,new_agreement,Grouptrail,organization,,expense,not_to_exceed,2250,,,,,true,2025-03-13,2025-06-30,after_work_began,,,Adopted on the General Consent Report,2025-05-14,true,auto_ok,sonnet-agent,enrich.v5.md,true,
2025-05-14:25-1012,2025-05-14,2025-05-14,regular,L.-56,94,general,Chief Academic Officer,25-1012,https://ousd.legistar.com/gateway.aspx?M=L&ID=65348,Services Agreement 2024-2025 - Oakland Public Education Fund - Linked Learning Department,"Approval by the Board of Education of a Services Agreement 2024-2025 by and between the District and Oakland Public Education Fund, Oakland, CA, for the latter to manage the payment process for the Work-Based Learning Assistant at Oakland High School, aiding in the implementation of work-based learning experiences that enhance students' career knowledge and skills; issue payments according to timelines set by OUSD's Work-Based Learning Coordinator, with the Fund also handling payment issues and providing year-end tax documents to BAYAC, for the term June 1, 2025 through June 30, 2026, via Linked Learning Department, in an amount not to exceed $12,375.00.",Agreement or Contract,Chief Academic Officer,003143,v-003143,K12 Strong Workforce Grant,"Pays Oakland Public Education Fund up to $12,375 to handle pay for a work-based learning aide","Oakland Public Education Fund will handle the payment process for the Work-Based Learning Assistant at Oakland High School, who helps put in place work-based learning experiences that build students' career skills. The Fund will also handle payment problems and provide year-end tax documents. The term is June 1, 2025 to June 30, 2026, and the cost may not exceed $12,375.",Classroom & academic programs,,new_agreement,Oakland Public Education Fund,organization,Oakland High School,expense,not_to_exceed,12375,,,,,true,2025-06-01,2026-06-30,,,,Adopted on the General Consent Report,2025-05-14,true,auto_ok,sonnet-agent,enrich.v5.md,true,
2025-05-14:25-1013,2025-05-14,2025-05-14,regular,L.-57,95,general,Chief Academic Officer,25-1013,https://ousd.legistar.com/gateway.aspx?M=L&ID=65349,Services Agreement 2024-2025 - Oakland Public Education Fund - Linked Learning Department,"Approval by the Board of Education of a Services Agreement 2024-2025 by and between the District and Oakland Public Education Fund, Oakland, CA, for the latter to manage the stipend process for student interns participating in the Cypress Mandela Internship involved with the pathway-based summer Work-Based Learning program, “ECCCO” (Exploring College, Career, and Community Options), including setting up the intern stipend process and timeline, issuing stipend payments as directed by OUSD's Work-Based Learning Coordinator on the agreed-upon timeline, professionally resolving stipend issues, invoicing OUSD for the amount of processed stipends, and issuing year-end tax documents to stipend recipients; pay stipends for high school student interns engaging in extended on-site work-based learning experiences in various industries; and invoice for these stipends and distribute initial stipends, with 10% of processed stipend checks going Oakland Public Education Fund as payment for their services, via Linked Learning Department, for the period of June 1, 2025 through June 30, 2025, in an amount not to exceed $43,000.00.",Agreement or Contract,Chief Academic Officer,003143,v-003143,Workforce Development Plan,"Pays Oakland Public Education Fund up to $43,000 to run summer student intern stipends","Oakland Public Education Fund will set up and issue stipend payments for high school student interns in the summer ECCCO (Exploring College, Career, and Community Options) work-based learning program, and will invoice the district for processed stipends. The Fund keeps 10% of processed stipend checks as payment for its services. The agreement runs June 1 to June 30, 2025 and may not exceed $43,000.",After-school & summer programs,,new_agreement,Oakland Public Education Fund,organization,,expense,not_to_exceed,43000,,,,,true,2025-06-01,2025-06-30,,,,Adopted on the General Consent Report,2025-05-14,true,auto_ok,sonnet-agent,enrich.v5.md,true,
2025-05-14:25-1014,2025-05-14,2025-05-14,regular,L.-58,96,general,Chief Academic Officer,25-1014,https://ousd.legistar.com/gateway.aspx?M=L&ID=65350,Services Agreement 2024-2025 - Seneca Family of Agencies - Bridges Academy @ Melrose,"Ratification by the Board of Education of a Services Agreement 2024-2025 by and between the District and Seneca Family of Agencies, Oakland, CA, for the latter to provide on campus therapy support to individual students one-on-one and in small group settings, as determined by the Coordination of Services Team at Bridges Academy @ Melrose, for the period of August 1, 2024 through July 1, 2026, in an amount not to exceed $1,500.00.",Agreement or Contract,Chief Academic Officer,003865,v-003865,Title 4-Student Support,"Pays Seneca Family of Agencies up to $1,500 for on-campus therapy at Bridges Academy","Seneca Family of Agencies will provide on-campus therapy to individual students, one-on-one and in small groups, as decided by the school's Coordination of Services Team at Bridges Academy @ Melrose. The agreement is dated August 1, 2024 to July 1, 2026 and may not exceed $1,500. The board is ratifying (approving after the fact) an agreement already under way.","Student health, support & family services",,new_agreement,Seneca Family of Agencies,organization,Bridges Academy @ Melrose,expense,not_to_exceed,1500,,,,,true,2024-08-01,2026-07-01,after_work_began; multi_year,,,Adopted on the General Consent Report,2025-05-14,true,auto_ok,sonnet-agent,enrich.v5.md,true,
2025-05-14:25-1040,2025-05-14,2025-05-14,regular,L.-59,97,general,Chief Academic Officer,25-1040,https://ousd.legistar.com/gateway.aspx?M=L&ID=65376,Sole Source Exemption to Public Bidding and Special Education Information System License Agreement - San Joaquin County Office of Education - Chief Academic Officer,"Adoption by the Board of Education of Resolution No. 2425-0045 - Authorizing Use of Sole Source Exception to Public Bidding for Contract with San Joaquin County Office of Education (SJCOE) and Approving Special Education Information System License Agreement by and between the District and San Joaquin County Office of Education, dba Special Education Information System (SEIS), Stockton, CA, for the latter to provide the District access to the web-based system, Special Education Information System (SEIS), in formulating, updating, tracking, storing and reporting on student data with Individualized Education Programs (IEPs), as specified therein, for the period of July 1, 2025 through June 30, 2028, in an amount not to exceed $262,056.00.",Agreement or Contract,Chief Academic Officer,003755,v-003755,Special Education Funding,"Approves a sole-source $262,056 license for the county's special education records system through 2028","The board is adopting a resolution that skips public bidding and approves a three-year license with the San Joaquin County Office of Education for its Special Education Information System (SEIS). The web-based system lets the district write, update, track, store and report on student Individualized Education Programs (IEPs), the plans for students with disabilities. The term is July 1, 2025 to June 30, 2028, and the cost may not exceed $262,056.",Special education,Programs & support,new_agreement,"San Joaquin County Office of Education, dba Special Education Information System (SEIS)",organization,,expense,not_to_exceed,262056,,,,,true,2025-07-01,2028-06-30,no_competitive_bid; multi_year,,,Adopted on the General Consent Report,2025-05-14,true,auto_ok,sonnet-agent,enrich.v5.md,true,
2025-05-14:25-1041,2025-05-14,2025-05-14,regular,L.-60,98,general,Chief Academic Officer,25-1041,https://ousd.legistar.com/gateway.aspx?M=L&ID=65377,Services Agreement 2024-2025 - Lessoncast - Strategic Resource Planning Department,"Ratification by the Board of Education of a Services Agreement 2024-2025 by and between the District and Lessoncast, Baltimore, MD, for the latter to provide Faculty specific professional development (1 day), one session with leadership (2 hrs), and four sessions with subject-area specific teams (4 1-hour sessions), via Strategic Resource Planning Department, for the period of May 1, 2025 through June 20, 2025, in an amount not to exceed $4,000.00.",Agreement or Contract,Chief Academic Officer,009424,v-009424,Title 2-a Teacher Quality,"Pays Lessoncast up to $4,000 for faculty professional development sessions","Lessoncast of Baltimore, MD will lead a one-day professional development session for faculty, a two-hour session with school leadership, and four one-hour sessions with subject-area teams. The agreement runs May 1 to June 20, 2025 and may not exceed $4,000. The board is ratifying (approving after the fact) an agreement already under way.",Classroom & academic programs,,new_agreement,Lessoncast,organization,,expense,not_to_exceed,4000,,,,,true,2025-05-01,2025-06-20,after_work_began,,,Adopted on the General Consent Report,2025-05-14,true,auto_ok,sonnet-agent,enrich.v5.md,true,
2025-05-14:25-1048,2025-05-14,2025-05-14,regular,L.-61,99,general,Chief Academic Officer,25-1048,https://ousd.legistar.com/gateway.aspx?M=L&ID=65384,"Amendment No. 1, Services Agreement 2024-2025 - WestEd - Community Schools and Student Services Department","Approval by the Board of Education of Amendment No. 1, Services Agreement 2024-2025 by and between the District and WestEd, San Francisco, CA, for the latter’s Strategic Resource Allocation and Systems Planning team to continue to support District by providing initial planning for technical assistance to implement system changes for the Multi-Payer Fee Schedule: specifically provide consultation and decision-making support to District  leadership in navigating uncertain aspects of the Fee Schedule implementation, support planning for training of eligible practitioners, and facilitate technical assistance for District staff in preparing to adapt to new billing requirements; and also conduct a cost and revenue analysis between Medi-Cal Programs to ensure that reimbursement and revenue are maximized, via Community Schools and Student Services Department, in unchanged amount not to exceed $90,000.00, extending the term of the Agreement from July 1, 2024 through June 30, 2025 to June 30, 2026. All other terms and conditions of the Agreement remain in full force and effect.",Agreement or Contract,Chief Academic Officer,,v-004597,,"Extends WestEd's Medi-Cal billing help for the district by a year, with no added money","WestEd's planning team will keep advising district leaders on new Medi-Cal billing rules (the Multi-Payer Fee Schedule), including training for eligible staff and an analysis of costs and revenue to make sure the district is reimbursed as much as possible. The agreement's limit stays at $90,000.00, and the end date moves from June 30, 2025 to June 30, 2026.","Student health, support & family services",,amendment,WestEd,organization,,no_cost,not_to_exceed,,,,,90000,true,2024-07-01,2026-06-30,multi_year; time_extension_only,,,Adopted on the General Consent Report,2025-05-14,true,auto_ok,sonnet-agent,enrich.v5.md,true,
2025-05-14:25-1045,2025-05-14,2025-05-14,regular,L.-62,100,general,Chief Academic Officer,25-1045,https://ousd.legistar.com/gateway.aspx?M=L&ID=65381,Services Agreement 2024-2025 - Andromeda Education - Sojourner Truth Independent Study Program,"Ratification by the Board of Education of a Services Agreement 2024-2025 by and between the District and Andromeda Education, Sausalito, CA, for the latter to provide online math tutoring with a dedicated, professional tutor to low-income 7th - 12th grade students, as described in Exhibit A of the Agreement, incorporated herein by reference as though fully forth at Sojourner Truth Independent Study Program, for the period of March 12, 2025, through June 30, 2025, in an amount not to exceed $7,500.00.",Agreement or Contract,Chief Academic Officer,009472,v-009472,CCSPP Implementation Grant,"Ratifies up to $7,500 for Andromeda Education's online math tutoring at Sojourner Truth","Andromeda Education provides online math tutoring with a dedicated tutor for low-income students in grades 7 to 12 at Sojourner Truth Independent Study Program. The service ran from March 12 to June 30, 2025, and the Board is approving it after work began.",Classroom & academic programs,,new_agreement,Andromeda Education,organization,Sojourner Truth Independent Study Program,expense,not_to_exceed,7500,,,,,true,2025-03-12,2025-06-30,after_work_began,,,Adopted on the General Consent Report,2025-05-14,true,auto_ok,sonnet-agent,enrich.v5.md,true,
2025-05-14:25-1053,2025-05-14,2025-05-14,regular,L.-63,101,general,Chief Academic Officer,25-1053,https://ousd.legistar.com/gateway.aspx?M=L&ID=65389,Services Agreement 2024-2025 - Oakland Public Education Fund - Community Schools and Student Services Department,"Approval by the Board of Education of a Services Agreement 2024-2025 by and between the District and Oakland Public Education Fund, Oakland, CA, for the latter to support the partnership with Oakland Goes Outdoors and get students on outdoor trips this summer, using funds for numerous activities including trip planning support, safety materials, invoices for field trip costs, camping fees, naturalists, and material and gear for students, via Community Schools and Student Services Department, for the period of April 1, 2025 through June 30, 2025, in an amount not to exceed $91,550.00.",Agreement or Contract,Chief Academic Officer,003143,v-003143,Expanded Learning Opp Programs,"Pays Oakland Public Education Fund up to $91,550 for summer outdoor trips for students","Oakland Public Education Fund will use the money to get students on outdoor trips this summer with the partner Oakland Goes Outdoors. It covers trip planning, safety materials, field trip costs, camping fees, naturalists and gear for students. The agreement runs April 1 to June 30, 2025.",After-school & summer programs,,new_agreement,Oakland Public Education Fund,organization,,expense,not_to_exceed,91550,,,,,true,2025-04-01,2025-06-30,after_work_began,,,Adopted on the General Consent Report,2025-05-14,true,auto_ok,sonnet-agent,enrich.v5.md,true,
2025-05-14:25-1052,2025-05-14,2025-05-14,regular,L.-64,102,general,Chief Academic Officer,25-1052,https://ousd.legistar.com/gateway.aspx?M=L&ID=65388,Services Agreement 2024-2025 - IRIS Connect - Strategic Resource Planning Department,"Ratification by the Board of Education of a Services Agreement 2024-2025 by and between the District and IRIS Connect, Mountlake Terrace, WA, for the latter to enhance its new teacher support program by integrating live, in-classroom coaching and feedback into its professional development offerings at Bishop O’Dowd High School, via Strategic Resource Planning Department, for the period of April 7, 2025 through June 30, 2025, in an amount not to exceed $3,000.00.",Agreement or Contract,Chief Academic Officer,009538,v-009538,Title 2-a Teacher Quality,"Ratifies up to $3,000 for IRIS Connect's in-classroom coaching for new teachers","IRIS Connect adds live, in-classroom coaching and feedback to the district's new teacher support program, with the work taking place at Bishop O’Dowd High School. The agreement runs April 7 to June 30, 2025, and the Board is approving it after work began.",Classroom & academic programs,,new_agreement,IRIS Connect,organization,Bishop O’Dowd High School,expense,not_to_exceed,3000,,,,,true,2025-04-07,2025-06-30,after_work_began,,,Adopted on the General Consent Report,2025-05-14,true,auto_ok,sonnet-agent,enrich.v5.md,true,
2025-05-14:25-1063,2025-05-14,2025-05-14,regular,L.-65,103,general,Chief Academic Officer,25-1063,https://ousd.legistar.com/gateway.aspx?M=L&ID=65399,Services Agreement - Aim High - Summer Learning Program - Claremont Middle School - Community Schools and Services Department,"Approval by the Board of Education of a Services Agreement by and between the District and Aim High, San Francisco, CA, for the latter to provide nine hours of daily summer academic support and enrichment to District students who are in need of summer services to counter summer learning loss, and provide related services, perform tasks, as described in Exhibit A of the Agreement, incorporated herein by reference as though fully set forth, for the Summer Learning Program at Claremont Middle School, via the Community Schools and Student Services Department, for the period of June 16, 2025 through July 18, 2025, in an amount not to exceed $56,193.60",Agreement or Contract,Chief Academic Officer,000298,v-000298,Expanded Learning Opportunities Program,"Pays Aim High up to $56,193.60 for summer learning at Claremont Middle School","Aim High will run nine hours a day of summer academic support and enrichment for students at Claremont Middle School who need help countering summer learning loss. The program runs June 16 to July 18, 2025.",After-school & summer programs,,new_agreement,Aim High,organization,Claremont Middle School,expense,not_to_exceed,56193.6,,,,,true,2025-06-16,2025-07-18,,,,Adopted on the General Consent Report,2025-05-14,true,auto_ok,sonnet-agent,enrich.v5.md,true,
2025-05-14:25-1066,2025-05-14,2025-05-14,regular,L.-66,104,general,Chief Academic Officer,25-1066,https://ousd.legistar.com/gateway.aspx?M=L&ID=65402,Services Agreement - Aim High - Summer Learning Programs - Westlake Middle School - Community Schools and Student Services Department,"Approval by the Board of Education of a Services Agreement by and between the District and Aim High, San Francisco, CA, for the latter to provide nine hours of daily summer academic support and enrichment to District students who are in need of summer services to counter summer learning loss, and provide related services, perform tasks, as described in Exhibit A of the Agreement, incorporated herein by reference as though fully set forth, for the Summer Learning Program at Westlake Middle School, via the Community Schools and Student Services Department, for the period of June 16, 2025 through July 18, 2025, in an amount not to exceed $84,290.40.",Agreement or Contract,Chief Academic Officer,000298,v-000298,Expanded Learning Opportunities Program,"Pays Aim High up to $84,290.40 for summer learning at Westlake Middle School","Aim High will run nine hours a day of summer academic support and enrichment for students at Westlake Middle School who need help countering summer learning loss. The program runs June 16 to July 18, 2025.",After-school & summer programs,,new_agreement,Aim High,organization,Westlake Middle School,expense,not_to_exceed,84290.4,,,,,true,2025-06-16,2025-07-18,,,,Adopted on the General Consent Report,2025-05-14,true,auto_ok,sonnet-agent,enrich.v5.md,true,
2025-05-14:25-1067,2025-05-14,2025-05-14,regular,L.-67,105,general,Chief Academic Officer,25-1067,https://ousd.legistar.com/gateway.aspx?M=L&ID=65403,Summer Programming Addendum No. 2 - Expanded Learning Programs After School Program Master Contract 2022-2025 - YMCA of the East Bay - Piedmont Avenue Elementary School - Community Schools and Student Services Department,"Approval by the Board of Education of Summer Programming Addendum No. 2, Expanded Learning Programs After School Program Master Contract 2022-2025 (Master Contract) by and between the District and YMCA of the East Bay, Oakland, CA, for the latter to provided summer academic and enrichment services, as described in Exhibit A, incorporated herein by reference as though fully set forth, at Piedmont Avenue Elementary School, via the Community Schools and Student Services Department, in an additional amount of $114,438.80, increasing the Master Contract not-to-exceed amount from $2,221,035.00 to $2,335,473.80, for the unchanged term of July 1, 2022 through July 31, 2025.  All other terms and conditions of the Master Contract remain in full force and effect.",Agreement or Contract,Chief Academic Officer,004722,v-004722,Expanded Learning Opportunities Program,"Adds $114,438.80 for YMCA of the East Bay's summer program at Piedmont Avenue Elementary","This is an add-on to the YMCA of the East Bay's after-school master contract so it can also provide summer academic and enrichment services at Piedmont Avenue Elementary School. It raises the contract limit from $2,221,035.00 to $2,335,473.80. The contract term stays July 1, 2022 through July 31, 2025.",After-school & summer programs,,amendment,YMCA of the East Bay,organization,Piedmont Avenue Elementary School,expense,not_to_exceed,114438.8,,,2221035,2335473.8,true,2022-07-01,2025-07-31,raises_existing_contract; multi_year,,,Adopted on the General Consent Report,2025-05-14,true,auto_ok,sonnet-agent,enrich.v5.md,true,
2025-05-14:25-1074,2025-05-14,2025-05-14,regular,L.-68,106,general,Chief Academic Officer,25-1074,https://ousd.legistar.com/gateway.aspx?M=L&ID=65410,"Summer Programming Addendum No.3, Expanded Learning Programs After School Program Master Contract 2022-2025 - Oakland Leaf Foundation - Summer Learning Programs - Named Sites - Community Schools and Student Services Department","Approval by the Board of Education of Summer Programming Addendum No. 3, Expanded Learning Programs After School Program Master Contract 2022-2025 (Master Contract) by and between the District and Oakland Leaf Foundation, Oakland, CA, for the latter to provided summer academic and enrichment services, as described in Exhibit A, incorporated herein by reference as though fully set forth, at Bret Harte Middle School and International Community School, via the Community Schools and Student Services Department, in an additional amount of $247,261.50, increasing the Master Contract not-to-exceed amount from $6,139,273.60 to $6,386,535.10, for the unchanged term of July 1, 2022 through July 31, 2025.  All other terms and conditions of the Master Contract remain in full force and effect.",Agreement or Contract,Chief Academic Officer,003138,v-003138,"Expanded Learning Opportunities Program, 21st Century Programs","Adds $247,261.50 for Oakland Leaf's summer programs at Bret Harte and International Community School","This is an add-on to Oakland Leaf Foundation's after-school master contract so it can also provide summer academic and enrichment services at Bret Harte Middle School and International Community School. It raises the contract limit from $6,139,273.60 to $6,386,535.10. The contract term stays July 1, 2022 through July 31, 2025.",After-school & summer programs,,amendment,Oakland Leaf Foundation,organization,Bret Harte Middle School; International Community School,expense,not_to_exceed,247261.5,,,6139273.6,6386535.1,true,2022-07-01,2025-07-31,raises_existing_contract; multi_year,,,Adopted on the General Consent Report,2025-05-14,true,auto_ok,sonnet-agent,enrich.v5.md,true,
2025-05-14:25-1075,2025-05-14,2025-05-14,regular,L.-69,107,general,Chief Academic Officer,25-1075,https://ousd.legistar.com/gateway.aspx?M=L&ID=65411,Services Agreement 2024-2025 - Freedom Community Clinic - Community Schools and Student Services Department,"Ratification by the Board of Education of a Services Agreement 2024-2025 by and between the District and Freedom Community Clinic, Oakland, CA, for the latter to provide holistic healing services for employees during the District’s Staff Health Fair in April and the Racial Healing Summit in June to promote relaxation, stress relief, and overall well-being, and as further described in Exhibit A of the Agreement, incorporated herein by reference as though fully set forth, via Community Schools and Student Services Department, for the period of April 16, 2025 through June 30, 2025, in an amount not to exceed $5,747.50.",Agreement or Contract,Chief Academic Officer,008351,v-008351,Kaiser Health&wellness W/ebcf,"Ratifies up to $5,747.50 for Freedom Community Clinic's healing services at staff events","Freedom Community Clinic provided holistic healing services for district employees at the Staff Health Fair in April and the Racial Healing Summit in June, aimed at relaxation and stress relief. The agreement runs April 16 to June 30, 2025, and the Board is approving it after work began.",Staff & hiring,,new_agreement,Freedom Community Clinic,organization,,expense,not_to_exceed,5747.5,,,,,true,2025-04-16,2025-06-30,after_work_began,,,Adopted on the General Consent Report,2025-05-14,true,auto_ok,sonnet-agent,enrich.v5.md,true,
2025-05-14:25-1077,2025-05-14,2025-05-14,regular,L.-70,108,general,Chief Academic Officer,25-1077,https://ousd.legistar.com/gateway.aspx?M=L&ID=65413,Summer Programming Addendum No. 3 - Expanded Learning Programs After School Program Master Contract 2022-2025 - East Bay Agency for Children - Highland Community School - Community Schools and Student Services Department,"Approval by the Board of Education of Summer Programming Addendum No. 3, Expanded Learning Programs After School Program Master Contract 2022-2025 (Master Contract) by and between the District and East Bay Agency for Children, Oakland, CA, for the latter to provided summer academic and enrichment services as described in Exhibit A, incorporated herein by reference as though fully set forth, at Highland Community School, via the Community Schools and Student Services Department, in an additional amount of $134,874.30, increasing the Master Contract not-to-exceed amount from $5,918,109.37 to $6,052,983.67, for the unchanged term of July 1, 2022 through July 31, 2025.  All other terms and conditions of the Master Contract remain in full force and effect.",Agreement or Contract,Chief Academic Officer,001473,v-001473,"After School Education Safety, Expanded Learning Opportunities Program, Elementary and Secondary School Emergency Relief Grant","Adds $134,874.30 for East Bay Agency for Children's summer program at Highland Community School","This is an add-on to East Bay Agency for Children's after-school master contract so it can also provide summer academic and enrichment services at Highland Community School. It raises the contract limit from $5,918,109.37 to $6,052,983.67. The contract term stays July 1, 2022 through July 31, 2025.",After-school & summer programs,,amendment,East Bay Agency for Children,organization,Highland Community School,expense,not_to_exceed,134874.3,,,5918109.37,6052983.67,true,2022-07-01,2025-07-31,raises_existing_contract; multi_year,,,Adopted on the General Consent Report,2025-05-14,true,auto_ok,sonnet-agent,enrich.v5.md,true,
2025-05-14:25-1089,2025-05-14,2025-05-14,regular,L.-71,109,general,Chief Academic Officer,25-1089,https://ousd.legistar.com/gateway.aspx?M=L&ID=65425,Services Agreement 2024-2025 - Lend A Hand Foundation - Dewey Academy,"Ratification by the Board of Education of a Service Agreement 2024-2025 by and between the District and Lend A Hand Foundation, Oakland, CA, for the latter to support students, as described in Exhibit A of the Agreement, by researching and selecting the most effective services to support students experiencing food insecurities and lacking personal care items at Dewey Academy, for the term March 31, 2025, through May 30, 2025, in an amount not exceeding $2,000.00.",Agreement or Contract,Chief Academic Officer,007680,v-007680,Unrestricted Supplemental,"Ratifies up to $2,000 for Lend A Hand Foundation to help Dewey Academy students with food and care items","Lend A Hand Foundation will research and select the most effective services for students at Dewey Academy who face food insecurity and lack personal care items. The agreement runs March 31 to May 30, 2025, and the Board is approving it after work began.","Student health, support & family services",,new_agreement,Lend A Hand Foundation,organization,Dewey Academy,expense,not_to_exceed,2000,,,,,true,2025-03-31,2025-05-30,after_work_began,,,Adopted on the General Consent Report,2025-05-14,true,auto_ok,sonnet-agent,enrich.v5.md,true,
2025-05-14:25-1092,2025-05-14,2025-05-14,regular,L.-72,110,general,Chief Academic Officer,25-1092,https://ousd.legistar.com/gateway.aspx?M=L&ID=65428,Services Agreement 2024-2025 - East Bay Agency for Children - Rudsdale Continuation High School,"Approval by the Board of Education of a Services Agreement 2024-2025 by and between the District and East Bay Agency for Children (EBAC), Oakland, CA, for the latter to provide one bilingual case manager navigator to newcomer students, who will get support and assistance in connecting students with social services; provide newcomer students with case management and assistance in connecting with social services at Rudsdale Continuation High School, for the period of April 1, 2025, through May 30, 2025, in an amount not to exceed $16,000.00.",Agreement or Contract,Chief Academic Officer,001473,v-001473,LCFF Equity Multiplier,"Pays East Bay Agency for Children up to $16,000 for a newcomer case manager at Rudsdale","East Bay Agency for Children will provide one bilingual case manager to support newcomer students at Rudsdale Continuation High School, including connecting them with social services. The agreement runs April 1 to May 30, 2025.","Student health, support & family services",,new_agreement,East Bay Agency for Children,organization,Rudsdale Continuation High School,expense,not_to_exceed,16000,,,,,true,2025-04-01,2025-05-30,after_work_began,,,Adopted on the General Consent Report,2025-05-14,true,auto_ok,sonnet-agent,enrich.v5.md,true,
2025-05-14:25-1093,2025-05-14,2025-05-14,regular,L.-73,111,general,Chief Academic Officer,25-1093,https://ousd.legistar.com/gateway.aspx?M=L&ID=65429,Services Agreement 2024-2025 - Oakland Public Education Fund - Community Schools and Student Services Department,"Approval by the Board of Education of a Services Agreement 2024-2025 by and between the District and Oakland Public Education Fund, Oakland, CA, for the latter to provide a Parent Intern to support the social-emotional and academic development of families by helping to coordinate services and build stronger home-school connections, including assisting with the coordination of tutoring services in partnership with AmeriCorps, and collaborating with AmeriCorps staff and members to ensure families are informed and supported in accessing educational resources; help implement activities based on the Sown and Grown Reflection framework, using these tools to engage families in meaningful conversations around social emotional learning (SEL) and academic reflection, and as further describe in Exhibit A of the Agreement, incorporated herein by reference as though fully set forth, via Community Schools and Student Services Department, for the period of April 30, 2025 through June 30, 2025, in an amount not to exceed $35,000.00.",Agreement or Contract,Chief Academic Officer,003143,v-003143,Homeless Children & Youth,"Pays Oakland Public Education Fund up to $35,000 for a parent intern supporting families","Oakland Public Education Fund will provide a parent intern who helps coordinate services and tutoring with AmeriCorps and builds stronger home-school connections. The intern will also help run activities that engage families in conversations about social-emotional learning and academic reflection. The agreement runs April 30 to June 30, 2025.","Student health, support & family services",,new_agreement,Oakland Public Education Fund,organization,,expense,not_to_exceed,35000,,,,,true,2025-04-30,2025-06-30,after_work_began,,,Adopted on the General Consent Report,2025-05-14,true,auto_ok,sonnet-agent,enrich.v5.md,true,
2025-05-14:25-1095,2025-05-14,2025-05-14,regular,L.-74,112,general,Chief Academic Officer,25-1095,https://ousd.legistar.com/gateway.aspx?M=L&ID=65431,Services Agreement 2024-2025 - Moira De Nike - Community Schools and Student Services Department,"Ratification by the Board of Education of a Services Agreement 2024-2025 by and between the District and Moira De Nike, San Francisco, CA, for the latter to coordinate the structure and implementation to gain feedback from various stakeholders (Restorative Justice, Multi-Tiered Systems of Support, Behavioral Health Unit, and Teachers) to update Oakland Unified School District Discipline & Intervention Matrix and the performance of related tasks, as described in Exhibit A of the Agreement, incorporated herein by reference as though fully set forth, via Community Schools and Student Services Department, for the period of April 11, 2025 through June 30, 2025, in an amount not to exceed $25,000.00.",Agreement or Contract,Chief Academic Officer,001318,v-001318,Prop 47 - LCSSP,"Ratifies up to $25,000 for a consultant to gather feedback and update the district's discipline matrix","An individual consultant will coordinate gathering feedback from stakeholders, including restorative justice, behavioral health and teacher groups, to update the district's Discipline & Intervention Matrix. The agreement runs April 11 to June 30, 2025, and the Board is approving it after work began.","Student health, support & family services",,new_agreement,Moira De Nike,individual,,expense,not_to_exceed,25000,,,,,true,2025-04-11,2025-06-30,after_work_began,,,Adopted on the General Consent Report,2025-05-14,true,auto_ok,sonnet-agent,enrich.v5.md,true,
2025-05-14:25-1096,2025-05-14,2025-05-14,regular,L.-75,113,general,Chief Academic Officer,25-1096,https://ousd.legistar.com/gateway.aspx?M=L&ID=65432,"Services Agreement 2024-2025 - Quest Education Center, LLC dba Quest Nursing Education Center - High School Linked Learning Department","Ratification by the Board of Education of a Services Agreement 2024-2025 by and between the District and Quest Education Center, LLC dba Quest Nursing Education Center, Oakland, CA, for the latter to provide a Certified Nursing Assistant (CNA) course for 15 OUSD Alumni through the OUSD Alumni Highway to Work programs, as described in Exhibit A of the Agreement, incorporated herein by reference as though fully set forth, via the High School Linked Learning Department, for the period of June 2, 2025 through July 30, 2025, in an amount not to exceed $37,500.00.",Agreement or Contract,Chief Academic Officer,009390,v-009390,Walter & Elise Haas Fund,"Ratifies up to $37,500 for Quest Nursing Education Center to teach a nursing assistant course to alumni","Quest Nursing Education Center will provide a Certified Nursing Assistant course for 15 OUSD alumni through the district's Alumni Highway to Work programs. The agreement runs June 2 to July 30, 2025, and the Board is approving it after work began.",Classroom & academic programs,,new_agreement,"Quest Education Center, LLC dba Quest Nursing Education Center",organization,,expense,not_to_exceed,37500,,,,,true,2025-06-02,2025-07-30,,,,Adopted on the General Consent Report,2025-05-14,true,auto_ok,sonnet-agent,enrich.v5.md,true,
2025-05-14:25-1097,2025-05-14,2025-05-14,regular,L.-76,114,general,Chief Academic Officer,25-1097,https://ousd.legistar.com/gateway.aspx?M=L&ID=65433,Services Agreement 2024-2025 - We Lead Ours - Oakland Athletic League (OAL),"Approval by the Board of Education of a Services Agreement 2024-2025 by and between the District and We Lead Ours, Oakland, CA, for the latter to engage students in hands-on learning activities with highly trained coaches to support them with making wise decisions, recognizing peer pressure, and exploiting different careers in the sports industry; provide student participation not only in college and career preparation workshops, but attendance of weekly field-trips, work in teams to develop collaboration skills, and learn a variety of sports and body mechanics, via Oakland Athletic League (OAL), for the period of April 14, 2025 through July 31, 2025, in an amount not to exceed $65,000.00.",Agreement or Contract,Chief Academic Officer,004574,v-004574,Expanded Learning Opp Programs,"Pays We Lead Ours up to $65,000 for sports-based career and college programming for students","We Lead Ours will lead hands-on learning with coaches, college and career workshops, weekly field trips and team activities through the Oakland Athletic League. The agreement runs April 14 to July 31, 2025.",Classroom & academic programs,,new_agreement,We Lead Ours,organization,,expense,not_to_exceed,65000,,,,,true,2025-04-14,2025-07-31,after_work_began,,,Adopted on the General Consent Report,2025-05-14,true,auto_ok,sonnet-agent,enrich.v5.md,true,
2025-05-14:25-1098,2025-05-14,2025-05-14,regular,L.-77,115,general,Chief Academic Officer,25-1098,https://ousd.legistar.com/gateway.aspx?M=L&ID=65434,Donation - Cheeryble Foundation - The Center - Community Schools and Student Services Department,"Acceptance by the Board of Education of a Donation to the District from Cheeryble Foundation, Encino, CA, providing funding for The Center's Environment, Food, and Garden Programming, in the amount of $50,000.00, beginning July 1, 2025, pursuant to the terms and conditions thereof, if any.",Donation,Chief Academic Officer,,n-cheeryble-foundation,,"Accepts a $50,000 donation from Cheeryble Foundation for The Center's garden and food programs","Cheeryble Foundation is donating money to support the Environment, Food, and Garden Programming at The Center. The donation begins July 1, 2025.",Classroom & academic programs,,grant_or_funding_in,Cheeryble Foundation,organization,The Center,revenue,fixed,50000,,,,,true,2025-07-01,,,,,Adopted on the General Consent Report,2025-05-14,true,auto_ok,sonnet-agent,enrich.v5.md,true,
2025-05-14:25-1099,2025-05-14,2025-05-14,regular,L.-78,116,general,Chief Academic Officer,25-1099,https://ousd.legistar.com/gateway.aspx?M=L&ID=65435,Services Agreement 2024-2025 - Cydne Nash - Redwood Heights Elementary School,"Ratification by the Board of Education of a Services Agreement 2024-2025 by and between the District and Cydne Nash, Washington, DC, for the latter to provide guidance, advice, and support to the community and school leadership in an effort to strengthen their commitment to providing all students a superior educational experience at Redwood Heights Elementary School, for the period of April 7, 2025 through June 30, 2025, in an amount not to exceed $3,300.00.",Agreement or Contract,Chief Academic Officer,009496,v-009496,Unrestricted Supplemental,"Ratifies up to $3,300 for a consultant to advise Redwood Heights Elementary's school and community leaders","An individual consultant provides guidance, advice and support to community and school leadership at Redwood Heights Elementary School to strengthen their commitment to a strong educational experience for all students. The agreement runs April 7 to June 30, 2025, and the Board is approving it after work began.",Classroom & academic programs,,new_agreement,Cydne Nash,individual,Redwood Heights Elementary School,expense,not_to_exceed,3300,,,,,true,2025-04-07,2025-06-30,after_work_began,,,Adopted on the General Consent Report,2025-05-14,true,auto_ok,sonnet-agent,enrich.v5.md,true,
2025-05-14:25-1100,2025-05-14,2025-05-14,regular,L.-79,117,general,Chief Academic Officer,25-1100,https://ousd.legistar.com/gateway.aspx?M=L&ID=65436,Services Agreement 2024-2025 - East Bay Consortium - LIFE Academy,"Approval by the Board of Education of a Services Agreement 2024-2025 by and between the District and East Bay Consortium (EBC), Oakland, CA, for the latter to provide one on one personalized support for 100% of Life Academy seniors: complete college applications and financial aid applications; receive  counseling appointments with EBC staff in order to support them in their completion of college and industry applications; juniors a one on one counseling meeting, including a transcript review, in preparation for their senior year, so they can enter with a clear pathway toward graduation at LIFE Academy, for the term April 1, 2025, through June 30, 2025, in an amount not to exceed $5,000.00.",Agreement or Contract,Chief Academic Officer,001478,v-001478,Unrestricted Supplemental,"Pays East Bay Consortium up to $5,000 for college application help for LIFE Academy students","East Bay Consortium will give LIFE Academy seniors one-on-one support with college and financial aid applications, and juniors a one-on-one counseling meeting including a transcript review. The agreement runs April 1 to June 30, 2025.",Classroom & academic programs,,new_agreement,East Bay Consortium,organization,LIFE Academy,expense,not_to_exceed,5000,,,,,true,2025-04-01,2025-06-30,after_work_began,,,Adopted on the General Consent Report,2025-05-14,true,auto_ok,sonnet-agent,enrich.v5.md,true,
2025-05-14:25-1101,2025-05-14,2025-05-14,regular,L.-80,118,general,Chief Academic Officer,25-1101,https://ousd.legistar.com/gateway.aspx?M=L&ID=65437,Services Agreement 2024-2025 - 1Direction - Oakland Technical High School,"Ratification by the Board of Education of a Services Agreement 2024-2025 by and between the District and 1Direction, Eastvale, CA, for the latter to provide services as the lead agency for the Peer- to-Peer Wellness Program, designed to equip students with the necessary skills to provide peer support, facilitate restorative justice practices, and advocate for mental health awareness within the school community, for the term March 17, 2025 through June 17, 2025, in an amount not to exceed $80,000.00 at Oakland Technical High School.",Agreement or Contract,Chief Academic Officer,007812,v-007812,Peer-to-Peer Youth Mental Health,"Ratifies up to $80,000 for 1Direction to lead a student peer wellness program at Oakland Tech","1Direction is the lead agency for a peer-to-peer wellness program at Oakland Technical High School that trains students to give peer support, practice restorative justice and promote mental health awareness. The agreement runs March 17 to June 17, 2025, and the Board is approving it after work began.","Student health, support & family services",,new_agreement,1Direction,organization,Oakland Technical High School,expense,not_to_exceed,80000,,,,,true,2025-03-17,2025-06-17,after_work_began,,,Adopted on the General Consent Report,2025-05-14,true,auto_ok,sonnet-agent,enrich.v5.md,true,
2025-05-14:25-1102,2025-05-14,2025-05-14,regular,L.-81,119,general,Chief Academic Officer,25-1102,https://ousd.legistar.com/gateway.aspx?M=L&ID=65438,"Amendment No. 1, Services Agreement 2024-2025 - Pantry Kids, Inc. - Community Schools and Student Services Department","Ratification by the Board of Education of Amendment No. 1, Services Agreement 2024-2025 by and between the District and Pantry Kids, Inc., Evans, GA, for the latter to work with the McKinney-Vento Program to secure 1000 snack bags for 300 McKinney-Vento students in the additional amount of $5,000.00, increasing the Agreement not to exceed amount from $3,000.00 to $8,000.00, for the unchanged term of January 07, 2025 through May 29, 2025. All other terms and conditions of the Agreement remain in full force and effect.",Agreement or Contract,Chief Academic Officer,008558,v-008558,Homeless Children & Youth,"Adds $5,000 to Pantry Kids' agreement for snack bags for McKinney-Vento students","Pantry Kids is working with the district's McKinney-Vento Program (which serves students experiencing homelessness) to secure 1000 snack bags for 300 students. This raises the agreement's limit from $3,000.00 to $8,000.00; the term stays January 7 to May 29, 2025.","Student health, support & family services",,amendment,"Pantry Kids, Inc.",organization,,expense,not_to_exceed,5000,,,3000,8000,true,2025-01-07,2025-05-29,after_work_began; raises_existing_contract; large_increase,,,Adopted on the General Consent Report,2025-05-14,true,auto_ok,sonnet-agent,enrich.v5.md,true,
2025-05-14:25-1103,2025-05-14,2025-05-14,regular,L.-82,120,general,Chief Academic Officer,25-1103,https://ousd.legistar.com/gateway.aspx?M=L&ID=65439,"Amendment No. 1, Services Agreement 2024-2025 - All Good Living Foundation - Community Schools and Student Services Department","Ratification by the Board of Education of Amendment No. 1, Services Agreement 2024-2025  by and between the District and All Good Living Foundation, Alameda, CA, for the latter to secure donated items in order to provide 300 McKinney-Vento students and their families with much basic need items, in the additional amount of $5,000.00, increasing the Agreement not to exceed amount from $5,000.00 to $10,000.00, for the unchanged period of September 20, 2024 through May 30, 2025. All other terms and conditions of the Agreement remain in full force and effect.",Agreement or Contract,Chief Academic Officer,008546,v-008546,Homeless Children & Youth,"Adds $5,000 to All Good Living Foundation's agreement for basic-need items for students and families","All Good Living Foundation secures donated items to give basic need items to 300 McKinney-Vento students (students experiencing homelessness) and their families. This raises the agreement's limit from $5,000.00 to $10,000.00; the period stays September 20, 2024 to May 30, 2025.","Student health, support & family services",,amendment,All Good Living Foundation,organization,,expense,not_to_exceed,5000,,,5000,10000,true,2024-09-20,2025-05-30,after_work_began; raises_existing_contract; large_increase,,,Adopted on the General Consent Report,2025-05-14,true,auto_ok,sonnet-agent,enrich.v5.md,true,
2025-05-14:25-1105,2025-05-14,2025-05-14,regular,L.-83,121,general,Chief Academic Officer,25-1105,https://ousd.legistar.com/gateway.aspx?M=L&ID=65441,Services Agreement 2024-2025 - Oakland Kids First - Oakland High School,"Approval by the Board of Education of a Services Agreement 2024-2025 by and between the District and Oakland Kids First, Oakland, CA, for the latter to plan and facilitate leadership activities and training for pathway student leaders, which may include helping to define the role of pathway student leader or ambassador for students as they support all pathway outreach activities including freshman recruitment events and off-site pathway exhibitions and related activities stated in Exhibit A of the Agreement, incorporated herein by reference as though fully set forth, at Oakland High School, for the term March 30, 2025, through May 29, 2025, in an amount not to exceed $8,433.54.",Agreement or Contract,Chief Academic Officer,003136,v-003136,Measure N,"Pays Oakland Kids First up to $8,433.54 for pathway student leadership training at Oakland High","Oakland Kids First will plan and lead leadership activities and training for student leaders in Oakland High School's career pathways, who support outreach such as freshman recruitment events and off-site exhibitions. The agreement runs March 30 to May 29, 2025.",Classroom & academic programs,,new_agreement,Oakland Kids First,organization,Oakland High School,expense,not_to_exceed,8433.54,,,,,true,2025-03-30,2025-05-29,after_work_began,,,Adopted on the General Consent Report,2025-05-14,true,auto_ok,sonnet-agent,enrich.v5.md,true,
2025-05-14:25-1106,2025-05-14,2025-05-14,regular,L.-84,122,general,Chief Academic Officer,25-1106,https://ousd.legistar.com/gateway.aspx?M=L&ID=65442,Services Agreement 2024-2025 - East Bay Asian Youth Center - Garfield Elementary School,"Approval by the Board of Education of a Services Agreement 2024-2025 by and between the District and East Bay Asian Youth Center, Oakland, CA, for the latter to:

1. Organize, train, and support the Parent Leadership
Council, a multiracial, multiethnic, and multilingual team of
15 Garfield Elementary School parents to organize
and support:
a) participatory action research campaigns
b) Principal’s Coffees
c) Instructional Walk-Throughs
d) schoolwide special events

2. Manage the Garfield Family Resource Center facility
and daily operations, including:
a) distribution of food, clothing, diapers, supplies
b) provide access to computer workstations
c) provide meeting space and materials
d) provide case management assistance
e) support Lotus Bloom Family Play Groups

3. Plan and implement tiered intervention strategies to
increase satisfactory attendance and reduce chronic
absenteeism among Kindergartners and 1 st graders,
including:
a) Parent Cafes
b) classroom attendance recognitions
c) Check-In/Check-Out
d) Home Visits
e) Case Management

at Garfield Elementary School, for the period of August 1, 2024 through May 30, 2025, in an amount not to exceed $150,000.00.",Agreement or Contract,Chief Academic Officer,001474,v-001474,CCSPP Implementation Grant,"Pays East Bay Asian Youth Center up to $150,000 for family and attendance support at Garfield Elementary","East Bay Asian Youth Center will organize a parent leadership council, run the Garfield Family Resource Center, and carry out attendance strategies for kindergarten and first-grade students to reduce chronic absence. The agreement runs August 1, 2024 to May 30, 2025.","Student health, support & family services",,new_agreement,East Bay Asian Youth Center,organization,Garfield Elementary School,expense,not_to_exceed,150000,,,,,true,2024-08-01,2025-05-30,after_work_began,,,Adopted on the General Consent Report,2025-05-14,true,auto_ok,sonnet-agent,enrich.v5.md,true,
2025-05-14:25-1107,2025-05-14,2025-05-14,regular,L.-85,123,general,Chief Academic Officer,25-1107,https://ousd.legistar.com/gateway.aspx?M=L&ID=65443,Services Agreement 2024-2025 - Oakland Public Education Fund - Linked Learning Department,"Approval by the Board of Education of a Services Agreement 2024-2025 by and between the District and Oakland Public Education Fund, Oakland, CA, for the latter to manage the stipend process for student interns from the pathway-based summer Work-Based Learning program, “ECCCO” (Exploring College, Career, and Community Options), as described in Exhibit A of the Agreement, incorporated herein by reference as though fully set forth, via High School Linked Learning Department, for the period of June 1, 2025 through August 30, 2025, in an amount not to exceed $225,000.00.",Agreement or Contract,Chief Academic Officer,003143,v-003143,Oakland Fund Children & Youth,"Pays Oakland Public Education Fund up to $225,000 to manage student intern stipends for a summer program","Oakland Public Education Fund will manage the stipend process for student interns in the summer Work-Based Learning program called ECCCO (Exploring College, Career, and Community Options). The agreement runs June 1 to August 30, 2025.",After-school & summer programs,,new_agreement,Oakland Public Education Fund,organization,,expense,not_to_exceed,225000,,,,,true,2025-06-01,2025-08-30,,,,Adopted on the General Consent Report,2025-05-14,true,auto_ok,sonnet-agent,enrich.v5.md,true,
2025-05-14:25-1108,2025-05-14,2025-05-14,regular,L.-86,124,general,Chief Academic Officer,25-1108,https://ousd.legistar.com/gateway.aspx?M=L&ID=65444,Services Agreement 2024-2025 - Growing Together - Bay Area - International Community School,"Approval by the Board of Education of a Services Agreement 2024-2025 by and between the District and Growing Together-Bay Area, Pinole, CA, for the latter to provide a sequence of subject-aligned, experimental learning classes in the school garden for the students at International Community School, for the period of August 12, 2024 through May 28, 2025, in an amount not to exceed $9,000.00.",Agreement or Contract,Chief Academic Officer,008036,v-008036,"CCSPP Implementation Grant, Unrestricted Supplemental, and General Purpose-unrestricted","Pays Growing Together up to $9,000 for garden-based classes at International Community School","Growing Together-Bay Area will teach a sequence of subject-aligned, hands-on learning classes in the school garden for students at International Community School. The agreement runs August 12, 2024 to May 28, 2025.",Classroom & academic programs,,new_agreement,Growing Together-Bay Area,organization,International Community School,expense,not_to_exceed,9000,,,,,true,2024-08-12,2025-05-28,after_work_began,,,Adopted on the General Consent Report,2025-05-14,true,auto_ok,sonnet-agent,enrich.v5.md,true,
2025-05-14:25-1109,2025-05-14,2025-05-14,regular,L.-87,125,general,Chief Academic Officer,25-1109,https://ousd.legistar.com/gateway.aspx?M=L&ID=65445,Services Agreement 2024-2025 - Oakland Public Education Fund - High School Linked Learning Department,"Approval by the Board of Education of a Services Agreement 2024-2025 by and between the District and Oakland Public Education Fund, Oakland, CA, for the latter to manage the process for vendor payment and staff reimbursement for supply purchases involved with the pathway-based summer Work-Based Learning program, “ECCCO” (Exploring College, Career, and Community Options), as described in Exhibit A of the Agreement, incorporated herein by reference as though fully set forth, via High School Linked Learning Department, for the period of June 1, 2025 through August 30, 2025, in an amount not to exceed $20,548.00.",Agreement or Contract,Chief Academic Officer,003143,v-003143,K12 Strong Workforce Grant,"Pays Oakland Public Education Fund up to $20,548 to handle supply payments for a summer program","Oakland Public Education Fund will manage vendor payments and staff reimbursements for supplies used in the summer Work-Based Learning program called ECCCO (Exploring College, Career, and Community Options). The agreement runs June 1 to August 30, 2025.",After-school & summer programs,,new_agreement,Oakland Public Education Fund,organization,,expense,not_to_exceed,20548,,,,,true,2025-06-01,2025-08-30,,,,Adopted on the General Consent Report,2025-05-14,true,auto_ok,sonnet-agent,enrich.v5.md,true,
2025-05-14:25-1110,2025-05-14,2025-05-14,regular,L.-88,126,general,Chief Academic Officer,25-1110,https://ousd.legistar.com/gateway.aspx?M=L&ID=65446,Services Agreement 2024-2025 - Oakland Public Education Fund - OPSR Counseling Department,"Approval by the Board of Education of a Services Agreement 2024-2025 by and between the District and Oakland Public Education Fund, Oakland, CA, for the latter through Youth Beat create and execute a hands-on, visual arts curriculum that is standards based and high school appropriate for the duration of the Summer HAcK 2025 credit recovery program, as described in Exhibit A of Agreement, incorporated herein by reference as though fully set forth, via OPSR Counseling Department, for the period of May 15, 2025 through June 30, 2025, in an amount not to exceed $16,773.00.",Agreement or Contract,Chief Academic Officer,003143,v-003143,Title I-Basic Grant Low Income,"Pays Oakland Public Education Fund up to $16,773 for a visual arts course in summer credit recovery","Through Youth Beat, Oakland Public Education Fund will create and run a standards-based visual arts curriculum for high school students in the Summer HAcK 2025 credit recovery program. The agreement runs May 15 to June 30, 2025.",After-school & summer programs,,new_agreement,Oakland Public Education Fund,organization,,expense,not_to_exceed,16773,,,,,true,2025-05-15,2025-06-30,,,,Adopted on the General Consent Report,2025-05-14,true,auto_ok,sonnet-agent,enrich.v5.md,true,
2025-05-14:25-1111,2025-05-14,2025-05-14,regular,L.-89,127,general,Chief Academic Officer,25-1111,https://ousd.legistar.com/gateway.aspx?M=L&ID=65447,"Services Agreement 2024-2025 - Attitudinal Healing Connection, Inc - OPSR Counseling Department","Ratification by the Board of Education of a Services Agreement 2024-2025 by and between the District and Attitudinal Healing Connection, Inc, Oakland, CA, for the latter to create and execute a hands-on, visual arts curriculum that is standards based and high school appropriate for the duration of the Summer HAcK 2025 credit recovery program, as described in Exhibit A of the Agreement, incorporated herein by reference as though fully set forth, via OPSR Counseling Department, for the period of May 15, 2025 through June 30, 2025, in an amount not to exceed $11,920.90.",Agreement or Contract,Chief Academic Officer,000532,v-000532,Title I-Basic Grant Low Income,"Ratifies up to $11,920.90 for Attitudinal Healing Connection's visual arts course in summer credit recovery","Attitudinal Healing Connection will create and run a standards-based visual arts curriculum for high school students in the Summer HAcK 2025 credit recovery program. The agreement runs May 15 to June 30, 2025, and the Board is approving it after work began.",After-school & summer programs,,new_agreement,"Attitudinal Healing Connection, Inc",organization,,expense,not_to_exceed,11920.9,,,,,true,2025-05-15,2025-06-30,,,,Adopted on the General Consent Report,2025-05-14,true,auto_ok,sonnet-agent,enrich.v5.md,true,
2025-05-14:25-1112,2025-05-14,2025-05-14,regular,L.-90,128,general,Chief Academic Officer,25-1112,https://ousd.legistar.com/gateway.aspx?M=L&ID=65448,Services Agreement 2024-2025 - Junior Center of Art and Science - Lincoln Elementary School,"Ratification by the Board of Education of a Services Agreement 2024-2025 by and between the District and Junior Center of Art and Science (JCAS), Oakland, CA, for the latter to cultivate curiosity and creative exploration for youth through the arts and sciences by providing two 2 hand-on Animal Adventures Workshops to specifically named teachers 1st grade classes on April 29, 2025 and May 8, 2025 at 1:15pm at Lincoln Elementary School, for the period of April 29, 2025 through May 8, 2025, in an amount not to exceed $400.00.",Agreement or Contract,Chief Academic Officer,002345,v-002345,Donations and Title 4-Student Support,Ratifies $400 for Junior Center of Art and Science workshops for first graders at Lincoln Elementary,"Junior Center of Art and Science held two hands-on Animal Adventures workshops for named teachers' first-grade classes at Lincoln Elementary School, on April 29 and May 8, 2025. The Board is approving the agreement after the first workshop took place.",Classroom & academic programs,,new_agreement,Junior Center of Art and Science,organization,Lincoln Elementary School,expense,not_to_exceed,400,,,,,true,2025-04-29,2025-05-08,after_work_began,,,Adopted on the General Consent Report,2025-05-14,true,auto_ok,sonnet-agent,enrich.v5.md,true,
2025-05-14:25-1113,2025-05-14,2025-05-14,regular,L.-91,129,general,Chief Academic Officer,25-1113,https://ousd.legistar.com/gateway.aspx?M=L&ID=65449,Services Agreement 2024-2025 - Sarah Wheeler - Emerson Elementary School,"Ratification by the Board of Education of a Services Agreement 2024-2025 by and between the District and Sarah Wheeler, Oakland, CA, for the latter to provide a two-day workshop for the teachers and support staff to support neurodivergent students; promote skills for preventing challenging behaviors and building inclusion at Emerson Elementary School, for the period of April 23, 2025 through April 24, 2025, in an amount not to exceed $2,500.00.",Agreement or Contract,Chief Academic Officer,009546,v-009546,Educator Effectiveness,"Pays up to $2,500 for a two-day workshop on supporting neurodivergent students at Emerson Elementary","The district is paying an individual consultant up to $2,500 to run a two-day workshop for teachers and support staff at Emerson Elementary School. The workshop covers supporting neurodivergent students, preventing challenging behaviors and building inclusion. The workshop took place April 23-24, 2025, before the Board's ratification vote.",Classroom & academic programs,,new_agreement,Sarah Wheeler,individual,Emerson Elementary School,expense,not_to_exceed,2500,,,,,true,2025-04-23,2025-04-24,pulled_from_consent; after_work_began,,"Adopted in its own vote at this meeting (5–0, 1 abstaining, 1 recused), instead of with the rest of the consent report.",Adopted,2025-05-14,true,auto_ok,sonnet-agent,enrich.v5.md,true,
2025-05-14:25-1114,2025-05-14,2025-05-14,regular,L.-92,130,general,Chief Academic Officer,25-1114,https://ousd.legistar.com/gateway.aspx?M=L&ID=65450,Services Agreement 2024-2025 - Marzano Resources LLC - Met West High School,"Ratification by the Board of Education of a Services Agreement 2024-2025 by and between the District and Marzano Resources LLC, Bloomington, IN, for the latter to lead three rounds of professional development with all administrators and teachers called ""Collaborative Teams That Transform"" and train administrators on research based instructional strategies to improve effective teaching and student learning outcomes across content areas and grade levels; use strategies for teachers and administrators that will focus on improved academic innovation and acceleration through guided collaboration for Met West High School, for the period April 1, 2025, through June 30, 2025, in an amount not to exceed $22,077.48.",Agreement or Contract,Chief Academic Officer,009438,v-009438,CCSPP Implementation Grant,"Pays Marzano Resources up to $22,077.48 for teacher and administrator training at Met West High School","Marzano Resources LLC will lead three rounds of professional development for administrators and teachers at Met West High School, called ""Collaborative Teams That Transform."" It also trains administrators on research-based teaching strategies. The agreement runs April 1 through June 30, 2025, and is being ratified after it began.",Classroom & academic programs,,new_agreement,Marzano Resources LLC,organization,Met West High School,expense,not_to_exceed,22077.48,,,,,true,2025-04-01,2025-06-30,after_work_began,,,Adopted on the General Consent Report,2025-05-14,true,auto_ok,sonnet-agent,enrich.v5.md,true,
2025-05-14:25-1115,2025-05-14,2025-05-14,regular,L.-93,131,general,Chief Academic Officer,25-1115,https://ousd.legistar.com/gateway.aspx?M=L&ID=65451,Services Agreement 2024-2025 - HumanMade - Castlemont High School,"Ratification by the Board of Education of a Services Agreement 2024-2025 by and between the District and HumanMade, San Francisco, CA, for the latter to provide Workshop Design and Delivery: develop and facilitate engaging and interactive workshops tailored to students' interests and needs, covering  various aspects of advanced manufacturing and related fields, incorporating hands on activities, demonstrations, and real world examples; provide shop tours and industry exposure, skill building activities, and career counseling guidance, and work closely with school staff to integrate the workshops into the existing curriculum and ensure the program aligns with the school's goals and objectives, including collaborating on student recruitment, workshop scheduling, and program evaluation at Castlemont High School, for the term March 1, 2025, through June 30, 2025, in an amount not to exceed $12,000.00.",Agreement or Contract,Chief Academic Officer,009055,v-009055,Green Tech Partnership Acad,"Pays HumanMade up to $12,000 for advanced manufacturing career workshops at Castlemont High","HumanMade will design and run hands-on workshops for Castlemont High School students about advanced manufacturing and related fields. The work includes shop tours, industry exposure, skill-building activities and career counseling, tied into the school's existing curriculum. The agreement runs March 1 through June 30, 2025, and is being ratified after it began.",Classroom & academic programs,,new_agreement,HumanMade,organization,Castlemont High School,expense,not_to_exceed,12000,,,,,true,2025-03-01,2025-06-30,after_work_began,,,Adopted on the General Consent Report,2025-05-14,true,auto_ok,sonnet-agent,enrich.v5.md,true,
2025-05-14:25-1116,2025-05-14,2025-05-14,regular,L.-94,132,general,Chief Academic Officer,25-1116,https://ousd.legistar.com/gateway.aspx?M=L&ID=65452,Services Agreement 2024-2025 - Oakland Kids First - Castlemont High School,"Approval by the Board of Education of a Services Agreement 2024-2025 by and between the District and Oakland Kids First, Oakland, CA, for the latter to provide opportunities to support leadership classes, culture, and climate activities, as described in Exhibit A of the Agreement, at Castlemont High School,  for the term January 1, 2025, through June 30, 2025, in an amount not to exceed $20,000.00.",Agreement or Contract,Chief Academic Officer,003136,v-003136,LCFF Equity Multiplier,"Pays Oakland Kids First up to $20,000 for leadership classes and school climate work at Castlemont High","Oakland Kids First will support leadership classes and school culture and climate activities at Castlemont High School, as described in an exhibit to the agreement that is not part of the item text. The agreement runs January 1 through June 30, 2025. The item asks for approval, not ratification, even though the term began months before the vote.",Classroom & academic programs,,new_agreement,Oakland Kids First,organization,Castlemont High School,expense,not_to_exceed,20000,,,,,true,2025-01-01,2025-06-30,after_work_began,,,Adopted on the General Consent Report,2025-05-14,true,auto_ok,sonnet-agent,enrich.v5.md,true,
2025-05-14:25-1118,2025-05-14,2025-05-14,regular,L.-95,133,general,Chief Academic Officer,25-1118,https://ousd.legistar.com/gateway.aspx?M=L&ID=65454,Grant Award - Oakland Promise Oakland Children’s Initiative - High School Linked Learning Office,"Acceptance by the Board of Education of a Grant Award, in the amount of up to $385,000.00, in Oakland Children’s Initiative Funding, from Oakland Promise, Oakland, CA, to support District’s Strategy 3: College Access, assisting 12h graders and recent graduates (13th year students) achieve college and career goals, via High School Linked Learning Office, for the period of July 1, 2025 through June 30, 2026, pursuant to the terms and conditions thereof, if any.",Agreement or Contract,Chief Academic Officer,,v-001477,Oakland Promise Oakland Children’s Initiative,"Accepts up to $385,000 from Oakland Promise to help seniors and graduates reach college and career goals","The district is accepting up to $385,000 in Oakland Children's Initiative funding from Oakland Promise. The money supports college access for 12th graders and recent graduates (13th-year students) through the High School Linked Learning Office. The grant covers July 1, 2025 through June 30, 2026.",Classroom & academic programs,,grant_or_funding_in,Oakland Promise,organization,,revenue,not_to_exceed,385000,,,,,true,2025-07-01,2026-06-30,,,,Adopted on the General Consent Report,2025-05-14,true,auto_ok,sonnet-agent,enrich.v5.md,true,
2025-05-14:25-1119,2025-05-14,2025-05-14,regular,L.-96,134,general,Chief Academic Officer,25-1119,https://ousd.legistar.com/gateway.aspx?M=L&ID=65455,Services Agreement 2024-2025 - East Bay Consortium - Fremont High School,"Approval by the Board of Education of a Services Agreement 2024-2025 by and between the District and East Bay Consortium (EBC), Oakland, CA, for the latter to work to bring students a general college process over view and Financial Aid Workshops upon request for in class presentations:
·	From October, 2024, and as student start to receive college acceptance letters, EBC will address college admission requirements, including A through G requirements, college entrance exams, the Personal Insight Questions (PIQ), letters of recommendation, and information about college financial aid; and,
·	Financial aid workshops will consist of steps to apply for financial assistance from the state and the federal government and scholarships, with the intended target date of completion by end of State deadline, timeframes can change state to state; and, 
·	Lastly, EBC will host a Cash for College Financial Aid Workshop for families to Support Cash for College (CFC), on, senior advisory designated days. The CFC night consists of one-on-one assistance to complete the financial aid applications,
at Fremont High School, for the period of August 12, 2024, through June 30, 2025, in an amount not to exceed $35,000.00.",Agreement or Contract,Chief Academic Officer,001479,v-001478,CCSPP Implementation Grant,"Pays East Bay Consortium up to $35,000 for college and financial aid workshops at Fremont High","East Bay Consortium will give Fremont High School students college admission and financial aid workshops, and host a Cash for College night where families get one-on-one help with financial aid applications. The agreement period began August 12, 2024, before this vote, and runs through June 30, 2025.",Classroom & academic programs,,new_agreement,East Bay Consortium,organization,Fremont High School,expense,not_to_exceed,35000,,,,,true,2024-08-12,2025-06-30,after_work_began,,,Adopted on the General Consent Report,2025-05-14,true,auto_ok,sonnet-agent,enrich.v5.md,true,
2025-05-14:25-1120,2025-05-14,2025-05-14,regular,L.-97,135,general,Chief Academic Officer,25-1120,https://ousd.legistar.com/gateway.aspx?M=L&ID=65456,Grant Agreement - Intrepid Philanthropy Foundation - Light Awards Program - Oakland International High School,"Approval by the Board of Education of a Grant Agreement by and between the District and the Intrepid Philanthropy Foundation, Light Awards Program, San Francisco, CA, with the District accepting an award from Foundation in a not to exceed amount of $30,000.00, to support the teacher professional development project titled “Foundational Literacy and Syntax for Newcomer Multilingual Learners”, on behalf of Oakland International High School, as described in the proposal submitted for the 2025-2027 grant cycle, for the period of April 1, 2025 through June 1, 2027, pursuant to the terms and conditions thereof, if any.",Agreement or Contract,Chief Academic Officer,,n-intrepid-philanthropy-foundation,Intrepid Philanthropy Foundation Grant,"Accepts up to $30,000 from the Intrepid Philanthropy Foundation for newcomer literacy teacher training","The district is accepting a grant of up to $30,000 from the Intrepid Philanthropy Foundation's Light Awards Program. It funds teacher professional development on foundational literacy and syntax for newcomer multilingual learners at Oakland International High School. The grant period runs April 1, 2025 through June 1, 2027.",Classroom & academic programs,,grant_or_funding_in,Intrepid Philanthropy Foundation,organization,Oakland International High School,revenue,not_to_exceed,30000,,,,,true,2025-04-01,2027-06-01,after_work_began; multi_year,,,Adopted on the General Consent Report,2025-05-14,true,auto_ok,sonnet-agent,enrich.v5.md,true,
2025-05-14:25-1121,2025-05-14,2025-05-14,regular,L.-98,136,general,Chief Academic Officer,25-1121,https://ousd.legistar.com/gateway.aspx?M=L&ID=65457,"Amendment No. 1, Services Agreement 2024-2025 - SEAL - English Language Learner and Multilingual Achievement Department","Ratification by the Board of Education of Amendment No. 1, Services Agreement 2024-2025 by and between the District and SEAL (Sobrato Early Academic Language), Milpitas, CA, for the latter to additionally provide customized/locally driven professional development and technical assistance to strengthen District’s alignment around biliteracy and District’s assessment trajectory as well as coaching support to create grade level yearlong plans, in the additional amount of $20,000.00, increasing the Agreement not to exceed amount from $50,000.00 to $70,000.00, for the unchanged term of August 06, 2024 through June 30, 2025. All other terms and conditions of the Agreement remain in full force and effect.",Agreement or Contract,Chief Academic Officer,009125,v-009125,Dual Language Immersion,"Adds $20,000 to SEAL's contract for biliteracy training and coaching, now up to $70,000","This amendment adds customized professional development, technical assistance and coaching to the district's agreement with SEAL (Sobrato Early Academic Language). The work supports the district's biliteracy goals and assessment plans, and helps teachers create grade-level yearlong plans. The maximum rises from $50,000 to $70,000, and the term stays August 6, 2024 through June 30, 2025.",Classroom & academic programs,,amendment,SEAL (Sobrato Early Academic Language),organization,,expense,not_to_exceed,20000,,,50000,70000,true,2024-08-06,2025-06-30,after_work_began; raises_existing_contract,,,Adopted on the General Consent Report,2025-05-14,true,auto_ok,sonnet-agent,enrich.v5.md,true,
2025-05-14:25-1122,2025-05-14,2025-05-14,regular,L.-99,137,general,Chief Academic Officer,25-1122,https://ousd.legistar.com/gateway.aspx?M=L&ID=65458,Services Agreement 2024-2025 - Luminous Minds - Brookfield Elementary School,"Ratification by the Board of Education of a Services Agreement 2024-2025 by and between the District and Luminous Minds, Roseville, CA, for the latter to provide professional development and coaching services to primary classroom teachers, equipping them with research-based strategies and resources to enhance literacy instruction and student engagement at Brookfield Elementary School, for the period of May 6, 2024 through May 6, 2025, in an amount not to exceed $7,000.00.",Agreement or Contract,Chief Academic Officer,008816,v-008816,CCSPP Implementation Grant,"Pays Luminous Minds up to $7,000 for literacy coaching for primary teachers at Brookfield Elementary","Luminous Minds will provide professional development and coaching to primary classroom teachers at Brookfield Elementary School, with research-based literacy strategies. The agreement ran May 6, 2024 through May 6, 2025 and is being ratified after the fact.",Classroom & academic programs,,new_agreement,Luminous Minds,organization,Brookfield Elementary School,expense,not_to_exceed,7000,,,,,true,2024-05-06,2025-05-06,after_work_began,,,Adopted on the General Consent Report,2025-05-14,true,auto_ok,sonnet-agent,enrich.v5.md,true,
2025-05-14:25-1123,2025-05-14,2025-05-14,regular,L.-100,138,general,Chief Academic Officer,25-1123,https://ousd.legistar.com/gateway.aspx?M=L&ID=65459,Services Agreement 2024-2025 - Oakland Zoo - Hoover Elementary School,"Ratification by the Board of Education of a Services Agreement 2024-2025 by and between the District and Oakland Zoo, Oakland, CA, for the latter to provide engaging, hands-on educational experiences for students through live animal encounters and interactive presentations that support science and environmental literacy standards at Hoover Elementary School, for the period of May 2, 2025 through May 21, 2025, in an amount not to exceed $1,325.00.",Agreement or Contract,Chief Academic Officer,003152,v-003152,Title 4-Student Support,"Pays Oakland Zoo up to $1,325 for live animal science presentations at Hoover Elementary","Oakland Zoo will give Hoover Elementary School students hands-on lessons with live animal encounters and interactive presentations that support science and environmental literacy standards. The agreement runs May 2 through May 21, 2025.",Classroom & academic programs,,new_agreement,Oakland Zoo,organization,Hoover Elementary School,expense,not_to_exceed,1325,,,,,true,2025-05-02,2025-05-21,after_work_began,,,Adopted on the General Consent Report,2025-05-14,true,auto_ok,sonnet-agent,enrich.v5.md,true,
2025-05-14:25-1124,2025-05-14,2025-05-14,regular,L.-101,139,general,Chief Academic Officer,25-1124,https://ousd.legistar.com/gateway.aspx?M=L&ID=65460,"Amendment No. 1, Services Agreement 2024-2025 - Robert Curtis - Linked Learning Department","Ratification by the Board of Education of Amendment No. 1,  Services Agreement 2024-2025 by and between the District and Robert Curtis, Sebastopol, CA, for the latter to add two additional tasks to the Scope of Work - coaching for David Camarata, Director of Special Education Related Service Supports, and the Young Adult Program team as they design the implementation of Linked Learning into the Young Adult Program, and Measure H Practice Sharing Event design consultation for Spring Showcase Practice Sharing Event at Merritt College on May 1, 2025, for the unchanged period of December 2, 2024 through June 30, 2025, in the additional amount of $8,800.00, increasing the Agreement not to exceed amount from $14,400.00 to $23,200.00.  All other terms and conditions of the Agreement remain in full force and effect.",Agreement or Contract,Chief Academic Officer,008704,v-008704,Measure H,"Adds $8,800 to a Linked Learning consultant's contract, raising the cap to $23,200","This amendment adds two tasks to an individual consultant's contract: coaching the Young Adult Program team as it designs how to bring Linked Learning (career-themed high school pathways) into the program, and helping design a Measure H practice-sharing event at Merritt College on May 1, 2025. The maximum rises from $14,400 to $23,200, and the term stays December 2, 2024 through June 30, 2025.",Classroom & academic programs,,amendment,Robert Curtis,individual,,expense,not_to_exceed,8800,,,14400,23200,true,2024-12-02,2025-06-30,after_work_began; raises_existing_contract; large_increase,,,Adopted on the General Consent Report,2025-05-14,true,auto_ok,sonnet-agent,enrich.v5.md,true,
2025-05-14:25-1125,2025-05-14,2025-05-14,regular,L.-102,140,general,Chief Academic Officer,25-1125,https://ousd.legistar.com/gateway.aspx?M=L&ID=65461,"Services Agreement 2024-2025 - BAMA Institute, LLC - High School Linked Learning Department","Ratification by the Board of Education of a Services Agreement 2024-2025 by and between the District and BAMA Institute, LLC, San Francisco, CA, for the latter to provide Cardiopulmonary Resuscitation/Basic Life Support (CPR/BLS) and phlebotomy coursework and instruction for 23 students in the OUSD Alumni Highway to Work Programs for Summer 2025, via High School Linked Learning Department, for the period of June 2, 2025 through July 30, 2025, in an amount not to exceed $26,800.00.",Agreement or Contract,Chief Academic Officer,008425,v-008425,Walter & Elise Haas Fund,"Pays BAMA Institute up to $26,800 for CPR and phlebotomy courses for 23 students this summer","BAMA Institute, LLC will teach Cardiopulmonary Resuscitation/Basic Life Support (CPR/BLS) and phlebotomy coursework to 23 students in the OUSD Alumni Highway to Work programs for Summer 2025. The agreement runs June 2 through July 30, 2025.",After-school & summer programs,,new_agreement,"BAMA Institute, LLC",organization,,expense,not_to_exceed,26800,,,,,true,2025-06-02,2025-07-30,,,,Adopted on the General Consent Report,2025-05-14,true,auto_ok,sonnet-agent,enrich.v5.md,true,
2025-05-14:25-1126,2025-05-14,2025-05-14,regular,L.-103,141,general,Chief Academic Officer,25-1126,https://ousd.legistar.com/gateway.aspx?M=L&ID=65462,Services Agreement 2024-2025 - Fam 1st Family Foundation - Oakland Athletic League (OAL),"Ratification by the Board of Education of a Services Agreement 2024-2025 by and between the District and Fam 1st Family Foundation, San Francisco, CA, for the latter to coordinate all Oakland Athletic League (OAL) Media Team coverage for Middle and High Schools' Athletic Programs; provide professional training twice a week at 2 hours per day on Media, Graphic Design, Journalism, Photography, Video Editing, and other related duties; provide support with Game Statistics, and event management coordination; provide internship opportunities for high school students committed to enhancing their interest in careers in sports at 12-20 hours per week; and support with coordinating transportation schedules for the OAL Media team to attend scheduled athletic events, via Oakland Athletic League, for the period of April 14, 2025 through June 30, 2025, in an amount not to exceed $25,000.00.",Agreement or Contract,Chief Academic Officer,008764,v-008764,"Measure G, Parcel Tax","Pays Fam 1st Family Foundation up to $25,000 to run the Oakland Athletic League media team","Fam 1st Family Foundation will coordinate media coverage of middle and high school athletics for the Oakland Athletic League. It will train students twice a week in media, graphic design, journalism, photography and video editing, and offer internships to high school students. The agreement runs April 14 through June 30, 2025.",Classroom & academic programs,,new_agreement,Fam 1st Family Foundation,organization,,expense,not_to_exceed,25000,,,,,true,2025-04-14,2025-06-30,after_work_began,,,Adopted on the General Consent Report,2025-05-14,true,auto_ok,sonnet-agent,enrich.v5.md,true,
2025-05-14:25-1127,2025-05-14,2025-05-14,regular,L.-104,142,general,Chief Academic Officer,25-1127,https://ousd.legistar.com/gateway.aspx?M=L&ID=65463,Services Agreement 2024-2025 - Niroga Institute - Office of Post Secondary Readiness (OPSR) Counseling Department,"Ratification by the Board of Education of a Services Agreement 2024-2025 by and between the District and Niroga Institute, Alameda, CA, for the latter to create and facilitate a hands-on, physical arts curriculum that is standards based and high school appropriate for the duration of the Summer HAcK 2025 credit recovery program; supplement curricula in the academic areas of Algebra, Biology, PE, History and English for OUSD’s current 9th and 10th grade participants in Summer HAcK 2025 credit recovery program and related activities, stated in Exhibit A of the Agreement, incorporated herein by reference as though fully set forth, via OPSR Counseling Department, for the period of May 15, 2025 through June 30, 2025, in an amount not to exceed $14,750.00.",Agreement or Contract,Chief Academic Officer,003088,v-003088,Title I-Basic Grant Low Income,"Pays Niroga Institute up to $14,750 for arts-based credit recovery lessons in Summer HAcK 2025","Niroga Institute will create and run a hands-on physical arts curriculum for current 9th and 10th graders in the Summer HAcK 2025 credit recovery program. It adds to lessons in algebra, biology, PE, history and English. The agreement runs May 15 through June 30, 2025.",After-school & summer programs,,new_agreement,Niroga Institute,organization,,expense,not_to_exceed,14750,,,,,true,2025-05-15,2025-06-30,,,,Adopted on the General Consent Report,2025-05-14,true,auto_ok,sonnet-agent,enrich.v5.md,true,
2025-05-14:25-1128,2025-05-14,2025-05-14,regular,L.-105,143,general,Chief Academic Officer,25-1128,https://ousd.legistar.com/gateway.aspx?M=L&ID=65464,Services Agreement 2024-2025 - Children Rising - Burckhalter Elementary School,"Ratification by the Board of Education of a Services Agreement 2024-2025 by and between the District and Children Rising, Oakland, CA, for the latter to use Systematic Instruction in Phonological Awareness, Phonics, and Sight Words (SIPPS), working in collaboration with District to align literacy goals and instructional routines and provide students with a coherent literacy instructional system in an after-school setting at Burckhalter Elementary School, for the period of April 7, 2025 through May 29, 2025, in an amount not to exceed $5,000.00.",Agreement or Contract,Chief Academic Officer,001645,v-001645,Title I-Basic Grant Low Income,"Pays Children Rising up to $5,000 for after-school reading instruction at Burckhalter Elementary","Children Rising will teach students phonics, phonological awareness and sight words in an after-school setting at Burckhalter Elementary School, using a program called SIPPS (Systematic Instruction in Phonological Awareness, Phonics, and Sight Words). It will work with the district to match its literacy goals. The agreement runs April 7 through May 29, 2025.",After-school & summer programs,,new_agreement,Children Rising,organization,Burckhalter Elementary School,expense,not_to_exceed,5000,,,,,true,2025-04-07,2025-05-29,after_work_began,,,Adopted on the General Consent Report,2025-05-14,true,auto_ok,sonnet-agent,enrich.v5.md,true,
2025-05-14:25-1129,2025-05-14,2025-05-14,regular,L.-106,144,general,Chief Academic Officer,25-1129,https://ousd.legistar.com/gateway.aspx?M=L&ID=65465,Grant Award - Eat.Learn.Play. Foundation - Academics and Instruction Department,"Acceptance by the Board of Education of a Grant Award (Reference #4-2025) by and between the Eat.Learn.Play Foundation (ELPF), Oakland, CA, and the District, with the latter accepting $120,000.00 from ELPF for the Tiered Literacy Supports Administrative Assistant position, as described in Annex A, incorporated herein by reference as though fully set forth, pursuant to the terms and conditions thereof, via the Academics and Instruction Department, for the period February 1, 2025 through June 30, 2026.",Agreement or Contract,Chief Academic Officer,,n-eat-learn-play-foundation,Eat.Learn.Play. Foundation,"Accepts $120,000 from Eat.Learn.Play. Foundation for a tiered literacy support position","The district is accepting $120,000 from the Eat.Learn.Play Foundation to pay for a Tiered Literacy Supports Administrative Assistant position in the Academics and Instruction Department. The grant period runs February 1, 2025 through June 30, 2026.",Classroom & academic programs,,grant_or_funding_in,Eat.Learn.Play Foundation,organization,,revenue,fixed,120000,,,,,true,2025-02-01,2026-06-30,after_work_began; multi_year,,,Adopted on the General Consent Report,2025-05-14,true,auto_ok,sonnet-agent,enrich.v5.md,true,
2025-05-14:25-1130,2025-05-14,2025-05-14,regular,L.-107,145,general,Chief Academic Officer,25-1130,https://ousd.legistar.com/gateway.aspx?M=L&ID=65466,Agreement - The Regents of the University of California - Destination College Advising Corps (DCAC) - FY2024-2025 - High School Linked Learning Office,"Approval by the Board of Education of an Agreement by and between The Regents of the University of California, on behalf of Destination College Advising Corps (DCAC), and the District, on behalf of Oakland Technical High School, Oakland High School, and Castlemont High School, for the former to provide a College Advisory Program, as described in the Statement of Work, and Exhibit A, incorporated herein by reference as though fully set forth, at named high schools, for the period of January 1, 2025 through June 30, 2025, in an amount not to exceed $66,000.00.",Agreement or Contract,Chief Academic Officer,,n-regents-of-university-of-california-destination-college-advising-corps,,"Pays UC Regents up to $66,000 for college advising at Oakland Tech, Oakland High and Castlemont","The Regents of the University of California, through Destination College Advising Corps, will provide a college advisory program at Oakland Technical High School, Oakland High School and Castlemont High School. The agreement runs January 1 through June 30, 2025. The item asks for approval even though the term began before the vote.",Classroom & academic programs,,new_agreement,The Regents of the University of California (Destination College Advising Corps),organization,Oakland Technical High School; Oakland High School; Castlemont High School,expense,not_to_exceed,66000,,,,,true,2025-01-01,2025-06-30,after_work_began,,,Adopted on the General Consent Report,2025-05-14,true,auto_ok,sonnet-agent,enrich.v5.md,true,
2025-05-14:25-1131,2025-05-14,2025-05-14,regular,L.-108,146,general,Chief Academic Officer,25-1131,https://ousd.legistar.com/gateway.aspx?M=L&ID=65467,"Amendment No 1, No Cost Services Agreement - Building Opportunities for Self-Sufficiency (BOSS) - Oakland Adult & Career Education","Approval by the Board of Education of Amendment No. 1, No Cost Service Agreement by and between the District and Building Opportunities for Self- Sufficiency (BOSS), Oakland, CA, for the latter to continue to  partner with the Adult and Career Education Department to: a) Provide classroom space(s) at Eastmont Town Center located at 6955 Foothill Blvd, Oakland to Convene quarterly partnership meetings for program evaluation and continuous improvement strategies; b) Provide barrier removal and direct assistance to referred individuals as needed including transportation vouchers, clothing, books, supplies; c) Provide case management, life skills coaching, job readiness services, and job search assistance to referred individuals; d) Coordinate/communicate with OACE staff regularly to address any issues that arise during service participation; and e) Administer grant funds for approved expenses including reimbursement for instructor(s) at a rate of $100 per hour of instruction, collect participant data from OACE, and compile & submit reports to the funding entity, via Adult and Career Education Department, extending the term of the Agreement from December 1, 2023 through June 30, 2025 to June 30, 2028, at no cost to the District. All other terms and conditions of the Agreement remain in full force and effect.",Agreement or Contract,Chief Academic Officer,,n-building-opportunities-for-self-sufficiency-boss,No Fiscal Impact,Extends BOSS's no-cost adult education partnership from June 2025 to June 2028,"This amendment extends a no-cost agreement with Building Opportunities for Self-Sufficiency (BOSS) from June 30, 2025 to June 30, 2028, at no cost to the district. BOSS partners with the Adult and Career Education Department to provide classroom space, case management, job readiness help and direct assistance to referred people. All other terms stay the same.",Classroom & academic programs,,amendment,Building Opportunities for Self-Sufficiency (BOSS),organization,,no_cost,,,,,,,true,2023-12-01,2028-06-30,multi_year; time_extension_only,,,Adopted on the General Consent Report,2025-05-14,true,auto_ok,sonnet-agent,enrich.v5.md,true,
2025-05-14:25-1132,2025-05-14,2025-05-14,regular,L.-109,147,general,Chief Academic Officer,25-1132,https://ousd.legistar.com/gateway.aspx?M=L&ID=65468,No Cost Services Agreement 2024-2025 - Creating Restorative Opportunities and Programs (CROP) Organization - Adult and Career Education,"Ratification by the Board of Education of a No Cost Services Agreement by and between the District and Creating Restorative Opportunities and Programs (CROP) Organization, Oakland, CA, for the latter to refer individuals involved in their Ready For Life programs that focus on four core areas: 
Pillar 1: Leadership 4 Life (12 weeks) - Focusing on personal leadership development, financial 
Wellness, and digital literacy; 
Pillar 2: Industry Training (12-18 weeks) - Providing specialized technical training and certifications in Healthcare and skilled trades; 
Pillar 3: Career Readiness & Job Search (12 weeks) - Equipping Fellows with the tools, skills, and Mentorship to secure meaningful employment; and  
Pillar 4: Permanent Housing Support (12 weeks) - Ensuring stability through credit-building Education and housing support,
for individuals re-entering society from incarceration, via Oakland Adult & Career Education, for the period of May 1, 2025 through June 30, 2025, at no cost to the District.",Agreement or Contract,Chief Academic Officer,,n-creating-restorative-opportunities-and-programs-crop-organization,,Partners with CROP at no cost to refer people leaving incarceration into adult education,"Under this no-cost agreement, Creating Restorative Opportunities and Programs (CROP) will refer people in its Ready For Life programs to Oakland Adult & Career Education. The programs cover leadership, technical training, job search help and housing support for people re-entering society from incarceration. It runs May 1 through June 30, 2025, and is being ratified.",Partnerships & data sharing,,mou_or_data_sharing,Creating Restorative Opportunities and Programs (CROP) Organization,organization,,no_cost,,,,,,,true,2025-05-01,2025-06-30,after_work_began,,,Adopted on the General Consent Report,2025-05-14,true,auto_ok,sonnet-agent,enrich.v5.md,true,
2025-05-14:25-1134,2025-05-14,2025-05-14,regular,L.-110,148,general,Chief Academic Officer,25-1134,https://ousd.legistar.com/gateway.aspx?M=L&ID=65470,Service Agreement 2024-2025 - Arizona Board of Regents - Arizona State University - High School Linked Learning Office,"Approval by the Board of Education of a Services Agreement 2024-2025 by and between the District and Arizona Board of Regents, on behalf of Arizona State University (“ASU”), Tempe, AZ, for the latter’s Center for Whole-Child Education to support the Linked Learning Office leaders and team to model a coherent way of working together, and communicating about that work, that inspires coherence among and within the High School Linked Learning pathways, as described in Exhibit A of the Agreement, incorporated herein by reference as though fully set forth, for the period April 14, 2025, through June 30, 2025, in an amount not to exceed $50,000.00.",Agreement or Contract,Chief Academic Officer,009157,v-009157,CTE Incentive Grant,"Pays Arizona State University up to $50,000 to help Linked Learning office leaders work as a team","Arizona State University's Center for Whole-Child Education will support the Linked Learning Office leaders and team in working and communicating more coherently across the district's high school Linked Learning pathways (career-themed programs). The agreement runs April 14 through June 30, 2025.",Classroom & academic programs,,new_agreement,"Arizona Board of Regents, on behalf of Arizona State University",organization,,expense,not_to_exceed,50000,,,,,true,2025-04-14,2025-06-30,after_work_began,,,Adopted on the General Consent Report,2025-05-14,true,auto_ok,sonnet-agent,enrich.v5.md,true,
2025-05-14:25-1135,2025-05-14,2025-05-14,regular,L.-111,149,general,Chief Academic Officer,25-1135,https://ousd.legistar.com/gateway.aspx?M=L&ID=65471,Facility License Agreement - Northeastern University-Mills - Graduation 2025 - High School Network,"Approval by the Board of Education of Northeastern University Mills Performing Arts Facility License Agreement by and between the District and Northeastern University, Boston, MA,  for the latter to host high school graduation ceremonies for McClymonds High School, Oakland International High School, MetWest High School, and Life Academy, in Northeastern University, Mills facilities, space, as further described in Agreement, Attachment A, for the term of March 25, 2025, through June 2, 2025, in an amount not to exceed $32,360.50.",Agreement or Contract,Chief Academic Officer,,v-002865,S&C Carryover Fund,"Pays up to $32,360.50 to use Northeastern University's Mills facility for four graduations","The district will rent Northeastern University's Mills Performing Arts facility to hold graduation ceremonies for McClymonds High School, Oakland International High School, MetWest High School and Life Academy. The license term runs March 25 through June 2, 2025.",Governance & board business,,new_agreement,Northeastern University,organization,McClymonds High School; Oakland International High School; MetWest High School; Life Academy,expense,not_to_exceed,32360.5,,,,,true,2025-03-25,2025-06-02,after_work_began,,,Adopted on the General Consent Report,2025-05-14,true,auto_ok,sonnet-agent,enrich.v5.md,true,
2025-05-14:25-1136,2025-05-14,2025-05-14,regular,L.-112,150,general,Chief Academic Officer,25-1136,https://ousd.legistar.com/gateway.aspx?M=L&ID=65472,"Rental Agreement - Paramount Theatre of the Arts, Inc., - 2025 High School Network Senior Graduation Ceremonies – High School Network","Approval by the Board of Education of a Rental Agreement by and between the District and Paramount Theatre of the Arts, Inc., Oakland, CA, for the latter to host six Oakland Unified School District 2025 High School Graduation Ceremonies: Madison Park Academy, Oakland Technical High School, Castlemont High School, Oakland High School, Fremont High School, Skyline High School, for the period of February 7, 2025, through June 2, 2025, in an amount not to exceed $94,320.00.",Agreement or Contract,Chief Academic Officer,,n-paramount-theatre-of-arts,S&C Carryover Fund,"Pays up to $94,320 to rent the Paramount Theatre for six high school graduation ceremonies","The district will rent the Paramount Theatre of the Arts for six 2025 high school graduation ceremonies: Madison Park Academy, Oakland Technical, Castlemont, Oakland High, Fremont and Skyline. The rental period runs February 7 through June 2, 2025.",Governance & board business,,new_agreement,"Paramount Theatre of the Arts, Inc.",organization,Madison Park Academy; Oakland Technical High School; Castlemont High School; Oakland High School; Fremont High School; Skyline High School,expense,not_to_exceed,94320,,,,,true,2025-02-07,2025-06-02,after_work_began,,,Adopted on the General Consent Report,2025-05-14,true,auto_ok,sonnet-agent,enrich.v5.md,true,
2025-05-14:25-0549,2025-05-14,2025-05-14,regular,L.-113,152,general,General Counsel,25-0549,https://ousd.legistar.com/gateway.aspx?M=L&ID=64885,Services Agreement - Catalyst Environmental Services - Risk Management,"Approval by the Board of Education of a Services Agreement by and between the District and Catalyst Environmental Solutions, Santa Monica, CA,  for the latter to provide Vapor Encroachment Survey (VES) services for District’s East, West and Central Regions, in accordance with the Exhibit A of Agreement (Scope of Work), outlined in proposal dated October 12, 2023, incorporated herein by reference as though fully set forth, for the period January 1, 2025 through December 31, 2025, in an amount not to exceed $311,654.00.",Agreement or Contract,General Counsel,,v-008796,,"Hires Catalyst Environmental Solutions for up to $311,654 in vapor surveys across the district","Catalyst Environmental Solutions will carry out Vapor Encroachment Surveys, which check whether vapors from contaminated soil or groundwater could reach buildings, for the district's East, West and Central Regions. The agreement runs January 1 through December 31, 2025. The item asks for approval even though the term began before the vote.",School buildings & construction,,new_agreement,Catalyst Environmental Solutions,organization,,expense,not_to_exceed,311654,,,,,true,2025-01-01,2025-12-31,after_work_began; source_issue,"The title names Catalyst Environmental Services, but the action text names Catalyst Environmental Solutions as the contracting vendor.",,Adopted on the General Consent Report,2025-05-14,true,auto_ok,sonnet-agent,enrich.v5.md,true,
2025-05-14:25-0550,2025-05-14,2025-05-14,regular,L.-114,153,general,General Counsel,25-0550,https://ousd.legistar.com/gateway.aspx?M=L&ID=64886,Services Agreement - ENGEO Incorporated - Risk Management,"Ratification by the Board of Education of Services Agreement for Vapor Consulting Services by and between the District and ENGEO Incorporated, for the latter to provide environmental services associated with Phase One of the District’s Vapor Intrusion Initiative, for the period April 7, 2025 through December 31, 2025, in an amount not to exceed $20,000.",Agreement or Contract,General Counsel,,v-001582,,"Pays ENGEO up to $20,000 for the first phase of the district's vapor intrusion work","ENGEO Incorporated will provide environmental consulting for Phase One of the district's Vapor Intrusion Initiative, which looks at vapors that could enter buildings from the ground. The agreement runs April 7 through December 31, 2025, and is being ratified after it began.",School buildings & construction,,new_agreement,ENGEO Incorporated,organization,,expense,not_to_exceed,20000,,,,,true,2025-04-07,2025-12-31,after_work_began,,,Adopted on the General Consent Report,2025-05-14,true,auto_ok,sonnet-agent,enrich.v5.md,true,
2025-05-14:25-1078,2025-05-14,2025-05-14,regular,L.-115,154,general,General Counsel,25-1078,https://ousd.legistar.com/gateway.aspx?M=L&ID=65414,Software As A Service (SaaS) Agreement 2024-2025 and Standard Student Data Privacy Agreement - Grand River Solutions - Office of the General Counsel,"Ratification by the Board of Education of a Software As A Service (“SaaS”) Agreement 2024-2025 and a Standard Student Data Privacy Agreement (SSDPA), each, by and between the District and Grand River Solutions, Saratoga, CA, for the latter, under SaaS, to provide a proprietary product that is a secure, online platform that, among other features, connects parties to appropriate portions of their resolution process, allows parties to communicate with the institutional office responsible for those processes, and tracks the status of and documents and communications related to a complaint receipt and resolution process, with the Terms & Conditions for this product are attached and incorporated herein by reference as though fully set forth, in an amount not to exceed $24,800.00 per fiscal year, plus an implementation fee of $8,000.00 and an annual license fee of $8,400.00, for the term April 3, 2025, through June 30, 2027 and under the SSDPA, delineating, the terms and conditions of District's transmission of or sharing of student data with Grand River Solutions  and the protection by Grand River Solutions, of such data, for the same term as SaaS, via the Office of the General Counsel.",Agreement or Contract,General Counsel,,n-grand-river-solutions,,"Ratifies Grand River Solutions' complaint-tracking software at up to $24,800 per year","The district is paying Grand River Solutions for a secure online platform that tracks complaints and connects parties to their resolution process, under a Software as a Service agreement and a Standard Student Data Privacy Agreement covering how student data is shared and protected. The cost is up to $24,800 per fiscal year, plus an $8,000 implementation fee and an $8,400 annual license fee. The term runs April 3, 2025 through June 30, 2027.",Technology,,new_agreement,Grand River Solutions,organization,,expense,per_year,24800,,,,,true,2025-04-03,2027-06-30,after_work_began; yearly_cap; no_total_stated; multi_year,,,Adopted on the General Consent Report,2025-05-14,true,auto_ok,sonnet-agent,enrich.v5.md,true,
2025-05-14:25-0672,2025-05-14,2025-05-14,regular,M.-1,156,bonds,,25-0672,https://ousd.legistar.com/gateway.aspx?M=L&ID=65008,"Agreement for Inspector of Record Services for Construction – Anthonio, Inc. – Roosevelt Middle School Modernization Project - Division of Facilities Planning and Management","Approval by the Board of Education of an Agreement for Inspector of Record Services for Construction by and between the District and Anthonio, Inc., Oakland, CA, for the latter to provide Inspector of Record Services for the Roosevelt Middle School Modernization Project, in the not-to-exceed amount of $1,309,680.00, which includes a not-to-exceed amount for Additional Services of $119,040.00, with work scheduled to commence on May 15, 2025, and scheduled to last until December 31, 2029.",Agreement or Contract,"Deputy Chief, Facilities Planning and Management",000453,v-000453,Building Fund 21 Measure Y,Pays Anthonio up to $1.31M to inspect construction at Roosevelt Middle School through 2029,"Anthonio, Inc. will provide Inspector of Record services, meaning on-site inspection of construction work, for the Roosevelt Middle School Modernization Project. The limit is $1,309,680, which includes up to $119,040 for additional services. Work starts May 15, 2025 and is scheduled to last until December 31, 2029.",School buildings & construction,,new_agreement,"Anthonio, Inc.",organization,Roosevelt Middle School,expense,not_to_exceed,1309680,,,,,true,2025-05-15,2029-12-31,multi_year,,,Adopted on the General Consent Report,2025-05-14,true,auto_ok,sonnet-agent,enrich.v5.md,true,
2025-05-14:25-0861,2025-05-14,2025-05-14,regular,M.-2,157,bonds,,25-0861,https://ousd.legistar.com/gateway.aspx?M=L&ID=65197,General Services Agreement Between Owner and Contractor – Tulum Innovative Engineering – Cole Data Center Move Project – Division of Facilities Planning and Management,"Approval by the Board of Education of a General Services Agreement by and between the District and Tulum Innovative Engineering, Oakland, CA, for the latter to modify and integrate Access Control server software to allow communication and operation of Aiphone and Cisco devices through Oakland Unified School District network for the Cole Data Center Move Project, as further described in Exhibit A of the Agreement, incorporated herein by reference as though fully set forth, in the lump-sum amount of $36,507.74, with the work scheduled to commence on May 15, 2025, and shall be for the duration of the Project, expected to last until July 31, 2025.",Agreement or Contract,"Deputy Chief, Facilities Planning and Management",004387,v-004387,Building Fund 21 Measure Y,"Pays Tulum Innovative Engineering $36,507.74 to connect door-access software at the Cole Data Center","Tulum Innovative Engineering will modify and connect Access Control server software so that Aiphone and Cisco devices can work through the district network for the Cole Data Center Move Project. The price is a lump sum of $36,507.74. Work starts May 15, 2025 and is expected to finish by July 31, 2025.",Technology,,new_agreement,Tulum Innovative Engineering,organization,,expense,fixed,36507.74,,,,,true,2025-05-15,2025-07-31,,,,Adopted on the General Consent Report,2025-05-14,true,auto_ok,sonnet-agent,enrich.v5.md,true,
2025-05-14:25-0927,2025-05-14,2025-05-14,regular,M.-3,158,bonds,,25-0927,https://ousd.legistar.com/gateway.aspx?M=L&ID=65263,"Change Order No. 3, Agreement Between Owner and Contractor – Arntz Builders, Inc. – Claremont Middle School Multi-Purpose Room & Kitchen Project –Division of Facilities Planning and Management","Approval by the Board of Education of Change Order No. 3, Agreement Between Owner and Contractor by and between the District and Arntz Builders, Inc., Petaluma, CA, for the latter to cover additional construction work, which includes approval of PCO's 49; 56; 76; 121; 137; 142; & 145, each as described in the respective PCO, incorporated herein by reference as though fully set forth, for the Claremont Middle School Multi-Purpose Room & Kitchen Project, in the not-to-exceed cumulative amount of $440,000.00, increasing the Agreement not to exceed amount e from $16,260,163.20 to $16,700,163.20, and extending the term of the Agreement by an additional 296 calendar days, from June 23, 2022 through October 18, 2023 to August 9, 2024. All other terms and conditions of the Agreement remain in full force and effect.",Agreement or Contract,"Deputy Chief, Facilities Planning and Management",000493,v-000493,Fund 21 Building Funds Measure Y,"Adds $440,000 and 296 days to Arntz Builders' Claremont Middle School kitchen and multi-purpose room job","This change order approves seven preliminary change orders (requests for added construction work) for the Claremont Middle School Multi-Purpose Room & Kitchen Project. It raises the contract limit from $16,260,163.20 to $16,700,163.20. It also extends the term by 296 days, from October 18, 2023 to August 9, 2024.",School buildings & construction,,change_order,"Arntz Builders, Inc.",organization,Claremont Middle School,expense,not_to_exceed,440000,,,16260163.2,16700163.2,true,2022-06-23,2024-08-09,after_work_began; raises_existing_contract; multi_year,,,Adopted on the General Consent Report,2025-05-14,true,auto_ok,sonnet-agent,enrich.v5.md,true,
2025-05-14:25-0936,2025-05-14,2025-05-14,regular,M.-4,159,bonds,,25-0936,https://ousd.legistar.com/gateway.aspx?M=L&ID=65272,Agreement Between Owner and Contractor – Star Elevator – West Oakland Middle School Window Replacement Project – Division of Facilities Planning and Management,"Approval by the Board of Education of the Construction Agreement Between Owner and Contractor by and between the District and Star Elevator, Belmont, CA, for the latter to provide the labor and material to replace the car operating panel (C.O.P) in the passenger elevator located at West Oakland Middle School, 991 14th St., Oakland, CA, as delineated in the proposal date March 4, 2025, incorporated herein by reference as though fully set forth, for the West Oakland Middle School Window Replacement Project, in the not-to-exceed amount of $28,396.96 which includes a contingency fee of $2,839.69, with the work scheduled to commence on May 15, 2025, and scheduled to last until July 31, 2025.",Agreement or Contract,"Deputy Chief, Facilities Planning and Management",004058,v-004058,Building Fund 21 Measure Y,"Pays Star Elevator up to $28,396.96 to replace an elevator control panel at West Oakland Middle School","Star Elevator will supply the labor and materials to replace the car operating panel, the control panel inside the passenger elevator, at West Oakland Middle School. The limit is $28,396.96, which includes a $2,839.69 contingency. Work starts May 15, 2025 and is scheduled to last until July 31, 2025.",School buildings & construction,,new_agreement,Star Elevator,organization,West Oakland Middle School,expense,not_to_exceed,28396.96,,,,,true,2025-05-15,2025-07-31,source_issue,"The title and text attach elevator car operating panel replacement work to the West Oakland Middle School Window Replacement Project, so it is unclear whether the work is an elevator repair or a window replacement.",,Adopted on the General Consent Report,2025-05-14,true,auto_ok,sonnet-agent,enrich.v5.md,true,
2025-05-14:25-0950,2025-05-14,2025-05-14,regular,M.-5,160,bonds,,25-0950,https://ousd.legistar.com/gateway.aspx?M=L&ID=65286,"General Services Agreement – CBRE Design Collective, Inc.– McClymonds High School Modernization Project - Division of Facilities Planning and Management","Approval by the Board of Education of General Services Agreement by and between the District and CBRE Design Collective, Inc., Palo Alto, CA, for the latter to provide commissioning agent services, as described in Exhibit A - Scope of Work - of the Agreement, incorporated herein by reference as though fully set forth, for the McClymonds High School Modernization Project, in the not to exceed amount of $116,992.00, which includes a not-to-exceed amount for Additional Services of $10,636.00, with the work scheduled to commence on May 15, 2025, and for the duration of the Project, which is expected to last until  December 31, 2025.",Agreement or Contract,"Deputy Chief, Facilities Planning and Management",009514,v-009514,Fund 21-Building – Measure Y,"Pays CBRE Design Collective up to $116,992 to check building systems at McClymonds High modernization","CBRE Design Collective, Inc. will serve as commissioning agent for the McClymonds High School Modernization Project, meaning it checks that the new building systems are installed and work as designed. The limit is $116,992, which includes up to $10,636 for additional services. Work starts May 15, 2025 and is expected to last until December 31, 2025.",School buildings & construction,,new_agreement,"CBRE Design Collective, Inc.",organization,McClymonds High School,expense,not_to_exceed,116992,,,,,true,2025-05-15,2025-12-31,,,,Adopted on the General Consent Report,2025-05-14,true,auto_ok,sonnet-agent,enrich.v5.md,true,
2025-05-14:25-0967,2025-05-14,2025-05-14,regular,M.-6,161,bonds,,25-0967,https://ousd.legistar.com/gateway.aspx?M=L&ID=65303,"Amendment No. 1, Agreement for General Services – Farallon Consulting, LLC – Melrose Leadership Academy at Maxwell Park Project – Division of Facilities Planning and Management","Approval by the Board of Education of Amendment No.1, General Services Agreement by and between the District and Farallon Consulting, LLC, Oakland, CA, for the latter to provide an updated report and a response table, with an optional quote included in case an updated Environmental Site Assessment (ESA) is required, in compliance with the District and Department of Toxic Substance Control (DTSC) standards, as outlined in the Proposals dated March 7, 2025, which are attached to this Amendment as Exhibit A. incorporated herein by reference as though fully set forth, for the Melrose Leadership Academy at Maxwell Park Project, in the additional amount of $10,770.00, increasing the Agreement’s not-to-exceed amount from $4,976.00 to $15,746.00. All other terms and conditions of the Agreement remain in full force and effect.",Agreement or Contract,"Deputy Chief, Facilities Planning and Management",008269,v-008269,Fund 21 Building Fund Measure Y,"Adds $10,770 to Farallon's environmental report work for Melrose Leadership Academy","The district is increasing its agreement with Farallon Consulting to produce an updated environmental report and a response table for the Melrose Leadership Academy at Maxwell Park project. The agreement also includes an optional quote in case an updated Environmental Site Assessment is needed under state toxic-substance (DTSC) standards. The limit rises from $4,976 to $15,746.",School buildings & construction,,amendment,"Farallon Consulting, LLC",organization,Melrose Leadership Academy at Maxwell Park,expense,not_to_exceed,10770,,,4976,15746,true,,,raises_existing_contract; large_increase,,,Adopted on the General Consent Report,2025-05-14,true,auto_ok,sonnet-agent,enrich.v5.md,true,
2025-05-14:25-0970,2025-05-14,2025-05-14,regular,M.-7,162,bonds,,25-0970,https://ousd.legistar.com/gateway.aspx?M=L&ID=65306,General Services Agreement – Valley Relocation – McClymonds High School Modernization Project - Division of Facilities Planning and Management,"Approval by the Board of Education of a General Services Agreement by and between the District and Valley Relocation, Concord, CA, for the latter to provide services for moving and relocating furniture labeled by staff to various locations for approximately 40 classrooms on site; disposal of damaged furniture including other miscellaneous items, as part of the McClymonds High School Modernization Project. (“Project “), as further described in Exhibit A of Agreement, incorporated herein as though fully set forth, in the not to exceed amount of $59,853.20, with the work scheduled to commence on May 15, 2025, and expected to last until June 30, 2025.",Agreement or Contract,"Deputy Chief, Facilities Planning and Management",004478,v-004478,Fund 21 Building Fund Measure Y,"Pays Valley Relocation up to $59,853.20 to move furniture at McClymonds High School","Valley Relocation will move and relocate furniture labeled by staff to various locations for about 40 classrooms, and dispose of damaged furniture and other items, as part of the McClymonds High School modernization project. Work is scheduled to run from May 15, 2025 to June 30, 2025.",School buildings & construction,,new_agreement,Valley Relocation,organization,McClymonds High School,expense,not_to_exceed,59853.2,,,,,true,2025-05-15,2025-06-30,,,,Adopted on the General Consent Report,2025-05-14,true,auto_ok,sonnet-agent,enrich.v5.md,true,
2025-05-14:25-0976,2025-05-14,2025-05-14,regular,M.-8,163,bonds,,25-0976,https://ousd.legistar.com/gateway.aspx?M=L&ID=65312,"Amendment No. 1, Lease Agreement – Mobile Modular Management Corporation – Roosevelt Middle School Modernization Project – Division of Facilities Planning and Management","Approval by the Board of Education of Amendment No. 1, Lease Agreement by and between the District and Mobile Modular Management Corporation, Livermore, CA, increasing with the latter the contract amount, due to rate increase, as outlined in the Proposals dated February 11, 2025, which is attached to this Amendment as Exhibit A, incorporated herein by reference as though fully set forth, by $95,242.00, increasing the not-to-exceed amount from $1,024,427.00 to $1,119,669.00, and to extending the lease term from June 8, 2023 through January 20, 2027 to December 27, 2027, for the Roosevelt Middle School Modernization Project. All other terms and conditions of the Agreement remain in full force and effect.",Agreement or Contract,"Deputy Chief, Facilities Planning and Management",002892,v-002892,Fund 21 Building Fund Measure Y,"Adds $95,242 and a year of time to Mobile Modular's classroom lease at Roosevelt Middle School","The district is raising the limit on its lease with Mobile Modular Management Corporation, because of a rate increase, from $1,024,427 to $1,119,669. The lease, which began June 8, 2023, is also extended from January 20, 2027 to December 27, 2027. The lease is for the Roosevelt Middle School modernization project.",School buildings & construction,,amendment,Mobile Modular Management Corporation,organization,Roosevelt Middle School,expense,not_to_exceed,95242,,,1024427,1119669,true,2023-06-08,2027-12-27,raises_existing_contract; multi_year,,,Adopted on the General Consent Report,2025-05-14,true,auto_ok,sonnet-agent,enrich.v5.md,true,
2025-05-14:25-1018,2025-05-14,2025-05-14,regular,M.-9,164,bonds,,25-1018,https://ousd.legistar.com/gateway.aspx?M=L&ID=65354,"General Services Agreement – Terraphase Engineering, Inc. – Garfield Elementary School Modernization Project- Division of Facilities Planning and Management","Approval by the Board of Education of General Services Agreement by and between the District and Terraphase Engineering Inc., Oakland, CA, for the latter to provide Environmental Site Assessment Consulting Services for the Garfield Elementary School Modernization Project, in the amount of $10,670.00 which includes a contingency fee of $970.00, as the selected consultant, with work scheduled to commence on May 15, 2025, and scheduled to last until December 31, 2025",Agreement or Contract,"Deputy Chief, Facilities Planning and Management",004240,v-004240,Building Fund 21 Measure Y,"Hires Terraphase Engineering for $10,670 in environmental site assessment at Garfield Elementary","Terraphase Engineering will provide Environmental Site Assessment consulting services for the Garfield Elementary School modernization project. The amount includes a $970 contingency fee. Work is scheduled to run from May 15, 2025 to December 31, 2025.",School buildings & construction,,new_agreement,Terraphase Engineering Inc.,organization,Garfield Elementary School,expense,fixed,10670,,,,,true,2025-05-15,2025-12-31,,,,Adopted on the General Consent Report,2025-05-14,true,auto_ok,sonnet-agent,enrich.v5.md,true,
2025-05-14:25-1022,2025-05-14,2025-05-14,regular,M.-10,165,bonds,,25-1022,https://ousd.legistar.com/gateway.aspx?M=L&ID=65358,"Amendment No. 1, Agreement for General Services – Terraphase Engineering, Inc. – McClymonds High School Modernization Project – Division of Facilities Planning and Management","Approval by the Board of Education of Amendment No.1, General Services Agreement by and between the District and Terraphase Engineering, Inc., Oakland, CA, for the latter to provide additional environmental services that involve out-of-scope work not included in the original project scope; conduct and prepare a Recognized Environmental Conditions (REC) Report in accordance with DTSC standards, for the McClymonds High School Modernization Project, in the additional amount of $9,300.00, increasing the Agreement’s not-to-exceed amount from $9,350.00 to $18,650.00, and extending the term of the Agreement from October 24, 2024, through October 24, 2025 to December 31, 2025, (an additional 68 days). All other terms and conditions of the Agreement remain in full force and effect.",Agreement or Contract,"Deputy Chief, Facilities Planning and Management",004240,v-004240,Fund 21 Building Fund Measure Y,"Adds $9,300 and 68 days to Terraphase's environmental report work at McClymonds High School","The district is adding out-of-scope environmental work to its agreement with Terraphase Engineering: a Recognized Environmental Conditions report prepared to state toxic-substance (DTSC) standards, for the McClymonds High School modernization project. The limit rises from $9,350 to $18,650, and the end date moves from October 24, 2025 to December 31, 2025.",School buildings & construction,,amendment,"Terraphase Engineering, Inc.",organization,McClymonds High School,expense,not_to_exceed,9300,,,9350,18650,true,2024-10-24,2025-12-31,raises_existing_contract; large_increase; multi_year,,,Adopted on the General Consent Report,2025-05-14,true,auto_ok,sonnet-agent,enrich.v5.md,true,
2025-05-14:25-1055,2025-05-14,2025-05-14,regular,M.-11,166,bonds,,25-1055,https://ousd.legistar.com/gateway.aspx?M=L&ID=65391,"General Services Agreement – Terraphase Engineering, Inc. – Garfield Elementary School Modernization Project- Division of Facilities Planning and Management","Approval by the Board of Education of General Services Agreement between the District and Terraphase Engineering Inc., Oakland, CA, for the latter to provide California Environmental Quality Act (CEQA) Consulting Services, as further described in Exhibit A of the Agreement, incorporated herein by reference as though fully set forth, for the Garfield Elementary School Modernization Project, in the amount of $81,381.00 which includes a contingency fee of $7,398.00, as the selected consultant, with work scheduled to commence on May 15, 2025, and scheduled to last until December 31, 2025.",Motion,"Deputy Chief, Facilities Planning and Management",,v-004240,,"Hires Terraphase Engineering for $81,381 in environmental review work at Garfield Elementary","Terraphase Engineering will provide California Environmental Quality Act (CEQA) consulting services for the Garfield Elementary School modernization project. The amount includes a $7,398 contingency fee. Work is scheduled to run from May 15, 2025 to December 31, 2025.",School buildings & construction,,new_agreement,Terraphase Engineering Inc.,organization,Garfield Elementary School,expense,fixed,81381,,,,,true,2025-05-15,2025-12-31,,,,Adopted on the General Consent Report,2025-05-14,true,auto_ok,sonnet-agent,enrich.v5.md,true,
