item_id,meeting_key,meeting_date,meeting_kind,agenda_number,agenda_sequence,consent_section,group,file_number,legistar_url,title,official_text,matter_type,presenter,vendor_number,vendor_key,funding_source,headline,summary,category,subcategory,action_type,vendor_name,vendor_kind,schools,money_direction,amount_type,amount,amount_range_low,amount_range_high,prior_total,new_total,amount_verified,term_start,term_end,flags,source_issue,pulled_from_consent,outcome_action,outcome_date,adopted,review_status,model_id,prompt_version,counts_toward_totals,duplicate_of
2025-03-26:25-0532,2025-03-26,2025-03-26,regular,L.-1,35,general,Chief Systems and Services Officer,25-0532,https://ousd.legistar.com/gateway.aspx?M=L&ID=64868,Amendment No. 1 of Services Agreement - Central California Advisors - Nutrition Services Department,"Approval by the Board of Education of Amendment No. 1 of a Services Agreement by and between the District and Central California Advisors, Turlock, CA, for the latter to work on kitchen design updates and kitchen infrastructure improvements at McClymonds High School and at various elementary schools for the period of October 15, 2024 through June 30, 2025 in the additional amount of $77,200.00 increasing the Agreement from $86,400.00 to an amount not to exceed $163,600.00. All other terms and conditions of the Agreement remain in full force and effect.",Agreement or Contract,Chief Systems and Services Officer,005618,v-005618,5310 - Child Nutrition School Program,"Adds $77,200 to Central California Advisors' kitchen design work at McClymonds High and elementary schools","The district is adding $77,200 to its contract with Central California Advisors, raising the cap from $86,400 to $163,600. The company works on kitchen design updates and kitchen infrastructure improvements at McClymonds High School and several elementary schools. The work period is October 15, 2024 through June 30, 2025, which began before this approval.",School buildings & construction,,amendment,Central California Advisors,organization,McClymonds High School,expense,fixed,77200,,,86400,163600,true,2024-10-15,2025-06-30,raises_existing_contract; large_increase,,,Adopted on the General Consent Report,2025-03-26,true,auto_ok,sonnet-agent,enrich.v5.md,true,
2025-03-26:25-0440,2025-03-26,2025-03-26,regular,L.-2,37,general,"Deputy Chief, Facilities Planning and Management",25-0440,https://ousd.legistar.com/gateway.aspx?M=L&ID=64776,"Amendment No. 1, for General Services Agreement – Terra Verde Energy – Various Sites Solar Audit Consulting Services Project – Division of Facilities Planning and Management","Approval by the Board of Education of Amendment No. 1, to the General Services Agreement by and between the District and Terra Verde Energy, LLC, San Francisco, CA, to provide additional consulting services and software access for the Various Sites Solar Audit Consulting Services Project, incorporated herein by reference as though fully set forth, for an additional amount of $34,200.00 increasing the not to exceed amount from $108,850.00 to $143,050.00. All other terms and conditions of the Agreement remain in full force and effect.",Agreement or Contract,"Deputy Chief, Facilities Planning and Management",009017,v-009017,Fund 35 Capital Facilities Fund,"Adds $34,200 to Terra Verde Energy's solar audit consulting for various district sites","The district is adding $34,200 to its contract with Terra Verde Energy, raising the cap from $108,850 to $143,050. The added money pays for more consulting services and software access for the solar audit project at various sites.",School buildings & construction,,amendment,"Terra Verde Energy, LLC",organization,,expense,fixed,34200,,,108850,143050,true,,,raises_existing_contract,,,Adopted on the General Consent Report,2025-03-26,true,auto_ok,sonnet-agent,enrich.v5.md,true,
2025-03-26:25-0467,2025-03-26,2025-03-26,regular,L.-3,38,general,"Deputy Chief, Facilities Planning and Management",25-0467,https://ousd.legistar.com/gateway.aspx?M=L&ID=64803,"Change Order No. 2 Agreement Between Owner and Contractor – KM 106 Construction, Inc. – Manzanita Elementary School Site Improvement Project – Division of Facilities Planning and Management","Approval by the Board of Education of Change Order No. 2, Agreement Between Owner and Contractor by and between the District and KM 106 Construction, Inc., San Francisco, CA, for installation of a concrete curb, concrete access ramp and utility access box adjacent to the play structure area per owner direction, which includes PCO 6 attached to this change order for the Manzanita Elementary School Site Improvement Project, in the amount of $15,128.00, increasing the contract price from $489,513.00 to $504,641.00.  All other terms and conditions of the Agreement remain in full force and effect.",Agreement or Contract,"Deputy Chief, Facilities Planning and Management",008444,v-008444,Fund 01 General Fund,"Adds $15,128 for a concrete curb and access ramp at Manzanita Elementary's play area","This change order adds $15,128 to the contract with KM 106 Construction, Inc., raising the price from $489,513 to $504,641. The work is a concrete curb, access ramp and utility access box next to the play structure at Manzanita Elementary School, done at the owner's direction. It includes a preliminary change order (PCO) attached to the item.",School buildings & construction,,change_order,"KM 106 Construction, Inc.",organization,Manzanita Elementary School,expense,fixed,15128,,,489513,504641,true,,,raises_existing_contract,,,Adopted on the General Consent Report,2025-03-26,true,auto_ok,sonnet-agent,enrich.v5.md,true,
2025-03-26:25-0488,2025-03-26,2025-03-26,regular,L.-4,39,general,"Deputy Chief, Facilities Planning and Management",25-0488,https://ousd.legistar.com/gateway.aspx?M=L&ID=64824,Agreement for Materials Testing and Special Inspection Services – Consolidated Engineering Laboratories – Urban Promise Academy Portable Relocation Project - Division of Facilities Planning and Management,"Approval by the Board of Education of an Agreement for Materials Testing and Special Inspection service by and between the District and Consolidated Engineering Laboratories, San Ramon, CA, for the latter to provide material testing and special inspections construction services for the Urban Promise Academy Portable Relocation Project in a not-to-exceed amount of $3,622.50 with work scheduled to commence on March 27, 2025, and schedule to last until June 30, 2025.",Agreement or Contract,"Deputy Chief, Facilities Planning and Management",001171,v-001171,Fund 35 county school facilities fund,"Pays Consolidated Engineering Laboratories up to $3,622.50 to test materials at Urban Promise Academy","The district is hiring Consolidated Engineering Laboratories for materials testing and special inspections on the Urban Promise Academy portable relocation project. The cost may not exceed $3,622.50. Work runs from March 27, 2025 to June 30, 2025.",School buildings & construction,,new_agreement,Consolidated Engineering Laboratories,organization,Urban Promise Academy,expense,not_to_exceed,3622.5,,,,,true,2025-03-27,2025-06-30,,,,Adopted on the General Consent Report,2025-03-26,true,auto_ok,sonnet-agent,enrich.v5.md,true,
2025-03-26:25-0553,2025-03-26,2025-03-26,regular,L.-5,41,general,"Chief, Talent",25-0553,https://ousd.legistar.com/gateway.aspx?M=L&ID=64889,Personnel Report No. 2425-0007 - Talent/Human Resources Department,Approval by the Board of Education of Personnel Report No. 2425-0007 - Talent/Human Resources Department.,Personnel Report,"Deputy Chief, Talent",,,,Approves Personnel Report No. 2425-0007 from the Talent/Human Resources Department,The Board is approving a routine personnel report from the Talent/Human Resources Department. The item text does not list the individual personnel actions or any dollar amounts.,Staff & hiring,,personnel,,,,no_cost,,,,,,,true,,,,,,Adopted on the General Consent Report,2025-03-26,true,auto_ok,sonnet-agent,enrich.v5.md,true,
2025-03-26:25-0548,2025-03-26,2025-03-26,regular,L.-6,42,general,"Chief, Talent",25-0548,https://ousd.legistar.com/gateway.aspx?M=L&ID=64884,"Proclaiming - April 23, 2025 - Administrative Professionals Day","Adoption by the Board of Education of Resolution No. 2425-0085 - Proclaiming April 23, 2025, as Administrative Professionals Day.",Resolution,"Deputy Chief, Talent",,,,"Proclaims April 23, 2025 as Administrative Professionals Day","The Board is adopting a resolution that proclaims April 23, 2025 as Administrative Professionals Day. The item has no cost stated.",Governance & board business,,resolution_or_policy,,,,no_cost,,,,,,,true,2025-04-23,2025-04-23,,,,Adopted on the General Consent Report,2025-03-26,true,auto_ok,sonnet-agent,enrich.v5.md,true,
2025-03-26:25-0194,2025-03-26,2025-03-26,regular,L.-7,44,general,Chief Academic Officer,25-0194,https://ousd.legistar.com/gateway.aspx?M=L&ID=64530,Services Agreement 2024-2025 - La Europa Academy - Special Education Department,"Ratification by the Board of Education of a Services Agreement 2024-2025 by and between the District and La Europa Academy, Murray, UT, for the latter to provide Special Education services as described in Exhibit A of the Agreement, incorporated herein by reference as though fully set forth, required by a student’s Individualized Education Program, for the period of February 24, 2025 through June 30, 2025, via the Special Education Department, in an amount not to exceed $110,000.00.",Agreement or Contract,Chief Academic Officer,,n-la-europa-academy,Special Education Fund,"Ratifies up to $110,000 for La Europa Academy to provide special education services for one student","The Board is ratifying (approving after the start date) an agreement with La Europa Academy in Utah for special education services that a student's Individualized Education Program (IEP) requires. The cost may not exceed $110,000. The service period is February 24, 2025 to June 30, 2025.",Special education,Nonpublic schools & agencies,new_agreement,La Europa Academy,organization,,expense,not_to_exceed,110000,,,,,true,2025-02-24,2025-06-30,after_work_began,,,Adopted on the General Consent Report,2025-03-26,true,auto_ok,sonnet-agent,enrich.v5.md,true,
2025-03-26:25-0466,2025-03-26,2025-03-26,regular,L.-8,45,general,Chief Academic Officer,25-0466,https://ousd.legistar.com/gateway.aspx?M=L&ID=64802,Services Agreement 2024-2025 - One on One Learning Corp - Strategic Resource Planning Department,"Ratification by the Board of Education of a Services Agreement 2024-2025 by and between the District and One on One Learning Corp, Miami, FL, for the latter to provide Title IA - All services are evidence-based integrating best practices, blended learning, differentiated instructional strategies in reading, ELA, and mathematics. Services will focus on improving student academic achievement. Title IIA and IVA - Professional development services to teachers, instructional staff, and administrators will be evidence-based strategies and best practices in differentiated instruction, blended learning, hybrid and remote learning competency-based learning, STEAM, instructional technology, classroom management amongst other needs-based professional development. Services will be delivered via face-to face training, virtual workshops, and if appropriate, attendance at offsite workshops and/or conferences. Title III - Supplemental instructional program that will use instruction focused on developing the primary language domains: speaking, listening, reading and writing, plus vocabulary and grammar. Title IVA-SSAE - Services focusing on STEAM, educational technology, safe and healthy students, via Strategic Resource Planning Department for the period of February 10, 2025, through June 30, 2025 in an amount not to exceed $69,763.71.",Agreement or Contract,Chief Academic Officer,006832,v-006832,"Title I-Basic Grant Low Income, Title I-Basic Grant Low Income, Title 2-a Teacher Quality, Title III EL Student Prog, Title 4-Student Support","Ratifies up to $69,763.71 for One on One Learning Corp's tutoring and teacher training","The Board is ratifying (approving after the start date) an agreement with One on One Learning Corp for reading, English and math instruction, English learner support, and professional development for teachers and staff. It is paid from several federal Title funds and may not exceed $69,763.71. The period is February 10, 2025 to June 30, 2025.",Classroom & academic programs,,new_agreement,One on One Learning Corp,organization,,expense,not_to_exceed,69763.71,,,,,true,2025-02-10,2025-06-30,after_work_began,,,Adopted on the General Consent Report,2025-03-26,true,auto_ok,sonnet-agent,enrich.v5.md,true,
2025-03-26:25-0478,2025-03-26,2025-03-26,regular,L.-9,46,general,Chief Academic Officer,25-0478,https://ousd.legistar.com/gateway.aspx?M=L&ID=64814,"No-Cost Services Agreement 2024-2025 - Quest Education Center, LLC dba Quest Nursing Education Center - Adult and Career Education Department","Ratification by the Board of Education of a Services Agreement - 2024-2025 - No-Cost by and between the District and Quest Education Center, LLC dba Quest Nursing Education Center, Oakland, CA, for the latter to provide a CTE Program in Development and Management; facilitate an educational learning center focused on helping and targeting adults who have a desire to excel in the field of medicine and the vocational aspects of nursing; the intent is to accomplish this objective through vocational training and other strategic programs specifically in the field of Health Care via the Adult and Career Education Department, as described in Exhibit A incorporated herein by reference as though fully set forth, for the period of March 3, 2025 through June 30, 2027, at no cost to the District.",Agreement or Contract,Chief Academic Officer,,v-009390,No Fiscal Impact,Ratifies a no-cost agreement with Quest Nursing Education Center for an adult nursing career program,"The Board is ratifying (approving after the start date) a no-cost agreement with Quest Education Center, LLC, doing business as Quest Nursing Education Center. The center will provide a career and technical education program that trains adults in nursing and health care. The agreement runs from March 3, 2025 to June 30, 2027 and costs the district nothing.",Classroom & academic programs,,mou_or_data_sharing,"Quest Education Center, LLC dba Quest Nursing Education Center",organization,,no_cost,,,,,,,true,2025-03-03,2027-06-30,after_work_began; multi_year,,,Adopted on the General Consent Report,2025-03-26,true,auto_ok,sonnet-agent,enrich.v5.md,true,
2025-03-26:25-0479,2025-03-26,2025-03-26,regular,L.-10,47,general,Chief Academic Officer,25-0479,https://ousd.legistar.com/gateway.aspx?M=L&ID=64815,Services Agreement 2024-2025 - Exzachly Ventures LLC - Early Childhood Development Department,"Ratification by the Board of Education of a Services Agreement 2024-2025 by and between the District and Exzachly Ventures LLC, Walnut Creek, CA, for the latter to provide a needs analysis of the current state of the Early Learning Facilities, both indoors and outdoors, as described in Exhibit A of the Agreement, incorporated herein by reference as though fully set forth, for the period of February 17, 2025, through June 30, 2025, in an amount not to exceed $7,500.00.",Agreement or Contract,Chief Academic Officer,008701,v-008701,"""First 5"" Measure AA","Ratifies up to $7,500 for Exzachly Ventures to assess the district's early learning facilities","The Board is ratifying (approving after the start date) an agreement with Exzachly Ventures LLC to analyze the current state of the district's indoor and outdoor early learning facilities. The cost may not exceed $7,500. The period is February 17, 2025 to June 30, 2025.",School buildings & construction,,new_agreement,Exzachly Ventures LLC,organization,,expense,not_to_exceed,7500,,,,,true,2025-02-17,2025-06-30,after_work_began,,,Adopted on the General Consent Report,2025-03-26,true,auto_ok,sonnet-agent,enrich.v5.md,true,
2025-03-26:25-0482,2025-03-26,2025-03-26,regular,L.-11,48,general,Chief Academic Officer,25-0482,https://ousd.legistar.com/gateway.aspx?M=L&ID=64818,Services Agreement 2024-2025 - Hadar Institute (Pedagogy of Partnership) - Strategic Resource Planning Department,"Ratification by the Board of Education of a Services Agreement 2024-2025 by and between the District and Hadar Institute (Pedagogy of Partnership), New York, NY, for the latter to provide professional training to teachers in the Pedagogy of Partnership (PoP) approach to lesson planning and instruction. Trainers will meet regularly via video conference with 3-5 classroom teachers and one school administrator to share foundational concepts and to provide individualized mentoring to support strong implementation of the PoP methods. The focus of PoP methodology is to create highly engaging partner-based discussion lessons that build strong critical thinking, reading comprehension and communication skills for students of any age and across all subject areas. Teachers learn to select appropriate texts, problems or prompts, to create meaningful guiding questions and also learn how to teach the foundational partner-based conversation skills and to build in student reflection into lessons via Strategic Resource Planning Department for the period of February 17, 2025 through April 17, 2025 in an amount not to exceed $10,995.59.",Agreement or Contract,Chief Academic Officer,006919,v-006919,Title 2-a Teacher Quality,"Ratifies up to $10,995.59 for Hadar Institute to coach teachers in partner-based lesson planning","The Board is ratifying (approving after the start date) an agreement with Hadar Institute for professional training in the Pedagogy of Partnership (PoP) approach. Trainers meet by video with small groups of teachers and an administrator to help them lead partner-based discussion lessons. The cost may not exceed $10,995.59 for February 17, 2025 to April 17, 2025.",Classroom & academic programs,,new_agreement,Hadar Institute (Pedagogy of Partnership),organization,,expense,not_to_exceed,10995.59,,,,,true,2025-02-17,2025-04-17,after_work_began,,,Adopted on the General Consent Report,2025-03-26,true,auto_ok,sonnet-agent,enrich.v5.md,true,
2025-03-26:25-0483,2025-03-26,2025-03-26,regular,L.-12,49,general,Chief Academic Officer,25-0483,https://ousd.legistar.com/gateway.aspx?M=L&ID=64819,Services Agreement 2024-2025 - Ball for Life Oakland LLC - La Escuelita Elementary School,"Ratification by the Board of Education of a Services Agreement 2024-2025 by and between the District and Ball for Life Oakland LLC, Oakland, CA, for the latter to provide baseline recess assessment using evidence based Great Recess Observational Framework, as described in Exhibit A incorporated herein by reference as though fully set forth, at La Escuelita Elementary School, for the period of January 8, 2025, through May 28, 2025, in an amount not to exceed $10,440.00.",Agreement or Contract,Chief Academic Officer,006975,v-006975,CCSPP Implementation Grant,"Ratifies up to $10,440 for Ball for Life Oakland to assess recess at La Escuelita Elementary","The Board is ratifying (approving after the start date) an agreement with Ball for Life Oakland LLC to do a baseline assessment of recess at La Escuelita Elementary School using the Great Recess Observational Framework. The cost may not exceed $10,440. The period is January 8, 2025 to May 28, 2025.","Student health, support & family services",,new_agreement,Ball for Life Oakland LLC,organization,La Escuelita Elementary School,expense,not_to_exceed,10440,,,,,true,2025-01-08,2025-05-28,after_work_began,,,Adopted on the General Consent Report,2025-03-26,true,auto_ok,sonnet-agent,enrich.v5.md,true,
2025-03-26:25-0499,2025-03-26,2025-03-26,regular,L.-13,50,general,Chief Academic Officer,25-0499,https://ousd.legistar.com/gateway.aspx?M=L&ID=64835,Services Agreement 2024-2025 - Hanna Interpreting Services LLC - Community Schools and Student Services Department,"Ratification by the Board of Education of a Services Agreement 2024-2025 by and between the District and Hanna Interpreting Services LLC, Spring Valley, CA, for the latter to provide OUSD Expanded Learning Programs with access to in-person translation services for students that are Deaf or Hard of Hearing as described in Exhibit A of the Agreement, incorporated herein by reference as though fully set forth, via Community Schools and Student Services Department for the period of January 1, 2025 through June 30, 2025 in an amount not to exceed $60,000.00.",Agreement or Contract,Chief Academic Officer,006861,v-006861,Expanded Learning Opp Programs,"Ratifies up to $60,000 for Hanna Interpreting to translate in person for Deaf or Hard of Hearing students","The Board is ratifying (approving after the start date) an agreement with Hanna Interpreting Services LLC to give the district's Expanded Learning Programs in-person translation services for students who are Deaf or Hard of Hearing. The cost may not exceed $60,000. The period is January 1, 2025 to June 30, 2025.",Special education,Services & contract staff,new_agreement,Hanna Interpreting Services LLC,organization,,expense,not_to_exceed,60000,,,,,true,2025-01-01,2025-06-30,after_work_began,,,Adopted on the General Consent Report,2025-03-26,true,auto_ok,sonnet-agent,enrich.v5.md,true,
2025-03-26:25-0500,2025-03-26,2025-03-26,regular,L.-14,51,general,Chief Academic Officer,25-0500,https://ousd.legistar.com/gateway.aspx?M=L&ID=64836,No-Cost Services Agreement 2024-2025 - Oakland Zoo - Community Schools and Student Services Department,"Ratification by the Board of Education of a Services Agreement - 2024-2025 - No-Cost by and between the District and Oakland Zoo, Oakland, CA, for the latter to Develop student-driven projects, such as community workshops, student government councils, and public awareness campaigns, aligned with the City of Oakland's 2030 Equitable Climate Action Plan (ECAP), as described in Exhibit A of the Agreement, incorporated herein by reference as though fully set forth, via Community Schools and Student Services Department for the period of February 18, 2025 through May 1, 2027, at no cost to the District.",Agreement or Contract,Chief Academic Officer,003152,v-003152,No Fiscal Impact - No-Cost Agreement,Ratifies a no-cost agreement with Oakland Zoo for student-driven climate projects,"The Board is ratifying (approving after the start date) a no-cost agreement with Oakland Zoo. The zoo will help develop student-driven projects, such as community workshops, student government councils and public awareness campaigns, tied to the City of Oakland's 2030 Equitable Climate Action Plan. The agreement runs from February 18, 2025 to May 1, 2027 at no cost to the district.",Classroom & academic programs,,mou_or_data_sharing,Oakland Zoo,organization,,no_cost,,,,,,,true,2025-02-18,2027-05-01,after_work_began; multi_year,,,Adopted on the General Consent Report,2025-03-26,true,auto_ok,sonnet-agent,enrich.v5.md,true,
2025-03-26:25-0501,2025-03-26,2025-03-26,regular,L.-15,52,general,Chief Academic Officer,25-0501,https://ousd.legistar.com/gateway.aspx?M=L&ID=64837,Amendment No. 1 of Services Agreement 2024-2025 - Black Cultural Zone Community Development - Community Schools and Student Services Department,"Approval by the Board of Education of Amendment No. 1 of a Services Agreement  by and between the District and Black Cultural Zone Community Development, Oakland, Ca, for the latter to  have David ""Asheba"" Wilson provide an additional eight more engaging music and movement assemblies during after school programs for elementary school sites focusing on students in TK-2nd grade for the remainder of the school year for an unchanged term of October 01, 2024 through June 20, 2025 in the additional amount of $3,820.00 increasing the Agreement from $24,000.00 to an amount not to exceed $27,820.00.  All other terms and conditions of the Agreement remain in full force and effect.",Agreement or Contract,Chief Academic Officer,008577,v-008577,Expanded Learning Opp Programs,"Adds $3,820 for Black Cultural Zone music and movement assemblies in after-school programs","The district is adding $3,820 to its agreement with Black Cultural Zone Community Development, raising the cap from $24,000 to $27,820. The added money pays for eight more music and movement assemblies during after-school programs at elementary sites, for students in TK through 2nd grade. The term stays October 1, 2024 to June 20, 2025.",After-school & summer programs,,amendment,Black Cultural Zone Community Development,organization,,expense,fixed,3820,,,24000,27820,true,2024-10-01,2025-06-20,raises_existing_contract,,,Adopted on the General Consent Report,2025-03-26,true,auto_ok,sonnet-agent,enrich.v5.md,true,
2025-03-26:25-0502,2025-03-26,2025-03-26,regular,L.-16,53,general,Chief Academic Officer,25-0502,https://ousd.legistar.com/gateway.aspx?M=L&ID=64838,Amendment No. 2 of Services Agreement 2024-2025 - Museum of Children's Arts - Community Schools and Student Services Department,"Approval by the Board of Education of Amendment No. 2 of a Services Agreement  by and between the District and Museum of Children's Arts, Oakland, CA, for the latter to increase the number of students served at East Oakland Pride, providing arts based youth development after school classes through the end of the school year for an unchanged term of August 28, 2024 through June 01, 2025 in the additional amount of $8,910.00 increasing the Agreement from $151,547.00 to an amount not to exceed $160,457.00.  All other terms and conditions of the Agreement remain in full force and effect.",Agreement or Contract,Chief Academic Officer,002963,v-002963,Expanded Learning Opp Programs,"Adds $8,910 for Museum of Children's Arts to serve more students in East Oakland Pride after-school classes","The district is adding $8,910 to its agreement with Museum of Children's Arts, raising the cap from $151,547 to $160,457. The money lets the museum serve more students in arts-based youth development classes after school at East Oakland Pride through the end of the school year. The term stays August 28, 2024 to June 1, 2025.",After-school & summer programs,,amendment,Museum of Children's Arts,organization,East Oakland Pride,expense,fixed,8910,,,151547,160457,true,2024-08-28,2025-06-01,raises_existing_contract,,,Adopted on the General Consent Report,2025-03-26,true,auto_ok,sonnet-agent,enrich.v5.md,true,
2025-03-26:25-0503,2025-03-26,2025-03-26,regular,L.-17,54,general,Chief Academic Officer,25-0503,https://ousd.legistar.com/gateway.aspx?M=L&ID=64839,Amendment No. 2 of Services Agreement 2024-2025 - Destiny Arts Center - Community Schools and Student Services Department,"Approval by the Board of Education of Amendment No. 2 of a Services Agreement by and between the District and Destiny Arts Center, Oakland, CA, for the latter to include end of the year showcase opportunities for students participating in their visual and performing arts classes during after school programs for an unchanged term of August 12, 2024, through June 01, 2025, in the additional amount of $1,300.00 increasing the Agreement from $99,800.00 to an amount not to exceed $101,100.00.  All other terms and conditions of the Agreement remain in full force and effect.",Agreement or Contract,Chief Academic Officer,001363,v-001363,Expanded Learning Opp Programs,"Adds $1,300 for Destiny Arts Center's end-of-year student showcases in after-school classes","The district is adding $1,300 to its agreement with Destiny Arts Center, raising the cap from $99,800 to $101,100. The money pays for end-of-year showcase opportunities for students in visual and performing arts classes during after-school programs. The term stays August 12, 2024 to June 1, 2025.",After-school & summer programs,,amendment,Destiny Arts Center,organization,,expense,fixed,1300,,,99800,101100,true,2024-08-12,2025-06-01,raises_existing_contract,,,Adopted on the General Consent Report,2025-03-26,true,auto_ok,sonnet-agent,enrich.v5.md,true,
2025-03-26:25-0504,2025-03-26,2025-03-26,regular,L.-18,55,general,Chief Academic Officer,25-0504,https://ousd.legistar.com/gateway.aspx?M=L&ID=64840,"Amendment No. 1 of Services Agreement 2024-2025 - Mentoring Medicine & Science, Inc. - Dewey Academy","Ratification by the Board of Education of Amendment No. 1 of a Services Agreement by and between the District and Mentoring Medicine & Science, Inc., OAKLAND, CA, for the latter to provide additional students and staff to become CPR-certified and trained in First Aid.  Mentoring Medicine & Science, Inc. (MIMS) consultant will give the Health Scholar Program at Dewey. MIMS will serve all Dewey Academy students in the Health Pathway class. This expenditure supports students in the Health Pathway class with workshops each trimester to expose and train students in health careers and skills, exposure to Emergency Medical Technicians (EMT), cardiopulmonary resuscitation (CPR), and First Aid skills workshops such as splinting, blood pressure, and immobilization. This expenditure aligns with our 3-Year Pathway Quality Goal of increasing students’ awareness of understanding, connection, and agency with our public health pathway. This contract has an administrative fee of 18%, which is included in the budget for an unchanged term of August 30, 2024, through December 31, 2024, in the additional amount of $7,982.28, increasing the Agreement from $14,290.00 to an amount not to exceed $22,272.28.  All other terms and conditions of the Agreement remain in full force and effect.",Agreement or Contract,Chief Academic Officer,002825,v-002825,Measure H,"Ratifies $7,982.28 more for Mentoring Medicine & Science's CPR and health career workshops at Dewey Academy","The Board is ratifying (approving after the fact) an amendment adding $7,982.28 to the agreement with Mentoring Medicine & Science, Inc., raising the cap from $14,290 to $22,272.28. The group runs the Health Scholar Program for Dewey Academy's Health Pathway class, including CPR, First Aid and health career workshops, and the added money covers more students and staff getting CPR and First Aid certified. The term stays August 30, 2024 to December 31, 2024, which ended before this vote; the contract includes an 18% administrative fee.",Classroom & academic programs,,amendment,"Mentoring Medicine & Science, Inc.",organization,Dewey Academy,expense,fixed,7982.28,,,14290,22272.28,true,2024-08-30,2024-12-31,after_work_began; raises_existing_contract; large_increase,,,Adopted on the General Consent Report,2025-03-26,true,auto_ok,sonnet-agent,enrich.v5.md,true,
2025-03-26:25-0505,2025-03-26,2025-03-26,regular,L.-19,56,general,Chief Academic Officer,25-0505,https://ousd.legistar.com/gateway.aspx?M=L&ID=64841,Services Agreement 2024-2025 - East Bay Asian Youth Center - Oakland High School,"Approval by the Board of Education of a Services Agreement 2024-2025 by and between the District and East Bay Asian Youth Center, Oakland, CA, for the latter to provide outdoor education and equipment to Environmental Science Academy (ESA) students and work with ESA teachers and students to design and implement outdoor education trips equipped with the necessary gear and ensure alignment with ESA student learning outcomes at Oakland High School from February 1, 2025, through May 29, 2025, in an amount not to exceed $16,000.00.",Agreement or Contract,Chief Academic Officer,001474,v-001474,Partnership Academy Program,"Pays East Bay Asian Youth Center up to $16,000 for outdoor education trips for Oakland High's science academy","The district is hiring East Bay Asian Youth Center to provide outdoor education and gear for Environmental Science Academy students at Oakland High School. The group will work with teachers and students to plan and run outdoor trips tied to the academy's learning goals. The cost may not exceed $16,000, for February 1, 2025 to May 29, 2025.",Classroom & academic programs,,new_agreement,East Bay Asian Youth Center,organization,Oakland High School,expense,not_to_exceed,16000,,,,,true,2025-02-01,2025-05-29,after_work_began,,,Adopted on the General Consent Report,2025-03-26,true,auto_ok,sonnet-agent,enrich.v5.md,true,
2025-03-26:25-0522,2025-03-26,2025-03-26,regular,L.-20,57,general,Chief Academic Officer,25-0522,https://ousd.legistar.com/gateway.aspx?M=L&ID=64858,Amendment No. 4 to Expanded Learning Programs After School Program Master Contract 2022-2025 - Safe Passages - McClymonds High School - Community Schools and Student Services Department,"Approval by the Board of Education of Amendment No. 4, Expanded Learning Programs After School Program Master Contract 2022-2025 (ASPMC) by and between the District and Safe Passages, Oakland, CA, for the latter to serve as after school lead agency for program coordination, academic intervention, homework support, student supervision, and a variety of enrichment services for McClymonds High School for the remainder of ASPMC term, in an additional amount of $75,000.00, increasing the not-to-exceed amount of the ASPMC from $12,560,499.81 to $12,635,499.81, for the unchanged term of July 1, 2022 through July 31, 2025, via the Community Schools and Student Services Department.  All other terms and conditions of the Master Contract remain in full force and effect.",Agreement or Contract,Chief Academic Officer,003729,v-003729,"After School Education and Safety Grant, 21st Century Grants, Expanded Learning Opportunities Program","Adds $75,000 to Safe Passages' after-school contract for McClymonds High School","This is the fourth amendment to the after-school master contract with Safe Passages. It adds $75,000, raising the cap from $12,560,499.81 to $12,635,499.81, so Safe Passages can lead after-school coordination, homework support, supervision and enrichment at McClymonds High School for the rest of the contract. The term stays July 1, 2022 to July 31, 2025.",After-school & summer programs,,amendment,Safe Passages,organization,McClymonds High School,expense,fixed,75000,,,12560499.81,12635499.81,true,2022-07-01,2025-07-31,raises_existing_contract; multi_year,,,Adopted on the General Consent Report,2025-03-26,true,auto_ok,sonnet-agent,enrich.v5.md,true,
2025-03-26:25-0523,2025-03-26,2025-03-26,regular,L.-21,58,general,Chief Academic Officer,25-0523,https://ousd.legistar.com/gateway.aspx?M=L&ID=64859,Services Agreement 2024-2025 - Cycles of Change - Community Schools and Student Services Department,"Ratification by the Board of Education of a Services Agreement 2024-2025 by and between the District and Cycles of Change, Oakland, CA, for the latter to provide necessary equipment and a series of training rides leading up to a four-day three-night bike tour around the Bay Area as described in Exhibit A of the Agreement, incorporated herein by reference as though fully set forth, via Community Schools and Student Services Department for the period of March 2, 2025 through April 11, 2025 in an amount not to exceed $49,999.95.",Agreement or Contract,Chief Academic Officer,001269,v-001269,Expanded Learning Opp Programs,"Ratifies up to $49,999.95 for Cycles of Change to run training rides and a four-day Bay Area bike tour","The Board is ratifying (approving after the start date) an agreement with Cycles of Change to provide equipment and a series of training rides leading up to a four-day, three-night bike tour around the Bay Area. The cost may not exceed $49,999.95. The period is March 2, 2025 to April 11, 2025.",Classroom & academic programs,,new_agreement,Cycles of Change,organization,,expense,not_to_exceed,49999.95,,,,,true,2025-03-02,2025-04-11,after_work_began,,,Adopted on the General Consent Report,2025-03-26,true,auto_ok,sonnet-agent,enrich.v5.md,true,
2025-03-26:25-0524,2025-03-26,2025-03-26,regular,L.-22,59,general,Chief Academic Officer,25-0524,https://ousd.legistar.com/gateway.aspx?M=L&ID=64860,"Services Agreement 2024-2025 - STEMSoul Teach, LLC - Community Schools and Student Services Department","Ratification by the Board of Education of a Services Agreement 2024-2025 by and between the District and STEMSoul Teach, LLC, Los Angeles, CA, for the latter to deliver a hands-on, interdisciplinary, station-based workshop that integrates hydroponics, neuroscience, and water filtration to address critical social justice issues such as food insecurity, mental health, and access to clean water as described in Exhibit A of the Agreement, incorporated herein by references as though fully set forth, via Community Schools and Student Services Department for the period of June 2, 2025 through June 4, 2025 in an amount not to exceed $4,000.00.",Agreement or Contract,Chief Academic Officer,009035,v-009035,Expanded Learning Opp Programs,"Ratifies up to $4,000 for STEMSoul Teach to run a hands-on science workshop in early June","The Board is ratifying an agreement with STEMSoul Teach, LLC to run a hands-on, station-based workshop combining hydroponics, neuroscience and water filtration. The workshop connects to issues such as food insecurity, mental health and access to clean water. The cost may not exceed $4,000 for June 2 to June 4, 2025.",Classroom & academic programs,,new_agreement,"STEMSoul Teach, LLC",organization,,expense,not_to_exceed,4000,,,,,true,2025-06-02,2025-06-04,,,,Adopted on the General Consent Report,2025-03-26,true,auto_ok,sonnet-agent,enrich.v5.md,true,
2025-03-26:25-0525,2025-03-26,2025-03-26,regular,L.-23,60,general,Chief Academic Officer,25-0525,https://ousd.legistar.com/gateway.aspx?M=L&ID=64861,"Services Agreement 2024-2025 - Spark Decks, LLC - Community Schools and Student Services Department","Ratification by the Board of Education of a Services Agreement 2024-2025 by and between the District and Spark Decks, LLC, El Cerrito, CA, for the latter to plan collaboratively with OUSD Summer Learning and site coordinators to facilitate four workshops as part of the 2025 Ready Week convening to prepare summer staff to deliver high-quality programming, as described in Exhibit A incorporated herein by reference as though fully set forth, via Community Schools and Student Services Department for the period of June 2, 2025 through June 4, 2025 in an amount not to exceed $10,000.00.",Agreement or Contract,Chief Academic Officer,009023,v-009023,Expanded Learning Opp Programs,"Ratifies up to $10,000 for Spark Decks to lead four workshops preparing summer program staff","The Board is ratifying an agreement with Spark Decks, LLC to plan with the district's Summer Learning team and site coordinators and lead four workshops at the 2025 Ready Week gathering. The workshops prepare summer staff to run high-quality programs. The cost may not exceed $10,000 for June 2 to June 4, 2025.",After-school & summer programs,,new_agreement,"Spark Decks, LLC",organization,,expense,not_to_exceed,10000,,,,,true,2025-06-02,2025-06-04,,,,Adopted on the General Consent Report,2025-03-26,true,auto_ok,sonnet-agent,enrich.v5.md,true,
2025-03-26:25-0526,2025-03-26,2025-03-26,regular,L.-24,61,general,Chief Academic Officer,25-0526,https://ousd.legistar.com/gateway.aspx?M=L&ID=64862,Services Agreement 2024-2025 - YOUTH TOGETHER - Skyline High School,"Approval by the Board of Education of a Services Agreement 2024-2025 by and between the District and YOUTH TOGETHER, Oakland, CA, for the latter to be the fiscal agent for the Student internship program for students, as described in Exhibit A incorporated herein as though fully set forth, at Skyline High School for the period of February 3, 2025, through June 30, 2025, in an amount not to exceed $50,000.00.",Agreement or Contract,Chief Academic Officer,004737,v-004737,Measure N,"Pays YOUTH TOGETHER up to $50,000 to manage Skyline High School's student internship program","The district is hiring YOUTH TOGETHER to act as the fiscal agent, meaning it handles the money, for the student internship program at Skyline High School. The cost may not exceed $50,000. The period is February 3, 2025 to June 30, 2025, which began before this approval.",Classroom & academic programs,,new_agreement,YOUTH TOGETHER,organization,Skyline High School,expense,not_to_exceed,50000,,,,,true,2025-02-03,2025-06-30,after_work_began,,,Adopted on the General Consent Report,2025-03-26,true,auto_ok,sonnet-agent,enrich.v5.md,true,
2025-03-26:25-0527,2025-03-26,2025-03-26,regular,L.-25,62,general,Chief Academic Officer,25-0527,https://ousd.legistar.com/gateway.aspx?M=L&ID=64863,Services Agreement 2024-2025 - Orion Digital Music Consulting - Dewey Academy,"Ratification by the Board of Education of a Services Agreement 2024-2025 by and between the District and Orion Digital Music Consulting, Vacaville, CA, for the latter to provide weekly instruction to students during the school day in beat making to create original instrumental tracks, culminating in a final student album at Dewey Academy, as described in Exhibit A of the Agreement, incorporated herein by reference as though fully set forth, for the period of February 3, 2025, through May 30, 2025, in an amount not to exceed $3,600.00.",Agreement or Contract,Chief Academic Officer,003205,v-003205,Unrestricted Supplemental,"Ratifies up to $3,600 for Orion Digital Music Consulting to teach beat making at Dewey Academy","The Board is ratifying (approving after the start date) an agreement with Orion Digital Music Consulting to teach weekly beat-making lessons during the school day at Dewey Academy. Students create original instrumental tracks for a final student album. The cost may not exceed $3,600 for February 3, 2025 to May 30, 2025.",Classroom & academic programs,,new_agreement,Orion Digital Music Consulting,organization,Dewey Academy,expense,not_to_exceed,3600,,,,,true,2025-02-03,2025-05-30,after_work_began,,,Adopted on the General Consent Report,2025-03-26,true,auto_ok,sonnet-agent,enrich.v5.md,true,
2025-03-26:25-0538,2025-03-26,2025-03-26,regular,L.-26,63,general,Chief Academic Officer,25-0538,https://ousd.legistar.com/gateway.aspx?M=L&ID=64874,Services Agreement 2024-2025 - East Bay Basketball Officials Association - Oakland Athletic League,"Ratification by the Board of Education of a Services Agreement 2024-2025 by and between the District and East Bay Basketball officials Association, Hercules, CA, for the latter to work with Oakland Athletic League (OAL) by providing officials for all of middle and high school basketball games allowing our students to play at a competitive level while staying within the rules of the game, as described in Exhibit A of the Agreement, incorporated herein by reference as though fully set forth, for the period of February 1, 2025 through June 30, 2025, in an amount not to exceed $80,000.00.",Agreement or Contract,Chief Academic Officer,001475,v-001475,"Measure G, Parcel Tax","Ratifies up to $80,000 for East Bay Basketball Officials Association to referee middle and high school games","The Board is ratifying (approving after the start date) an agreement with East Bay Basketball Officials Association to provide referees for all Oakland Athletic League middle and high school basketball games. The cost may not exceed $80,000. The period is February 1, 2025 to June 30, 2025.",Classroom & academic programs,,new_agreement,East Bay Basketball Officials Association,organization,,expense,not_to_exceed,80000,,,,,true,2025-02-01,2025-06-30,after_work_began,,,Adopted on the General Consent Report,2025-03-26,true,auto_ok,sonnet-agent,enrich.v5.md,true,
2025-03-26:25-0539,2025-03-26,2025-03-26,regular,L.-27,64,general,Chief Academic Officer,25-0539,https://ousd.legistar.com/gateway.aspx?M=L&ID=64875,Services Agreement 2024-2025 - Elevate Oakland - Edna Brewer Middle School,"Approval by the Board of Education of a Services Agreement 2024-2025 by and between the District and Elevate Oakland, Oakland, CA, for the latter to provide music and art programming, as described in Exhibit A of the Agreement, incorporated herein by reference as though fully set forth, at Edna Brewer Middle School, for the period of March 3, 2025, through May 29, 2025, in an amount not to exceed $5,194.15.",Agreement or Contract,Chief Academic Officer,000196,v-000196,Measure G1 Parcel Tax and Prop28 Arts and Music,"Pays Elevate Oakland up to $5,194.15 for music and art programming at Edna Brewer Middle School","The district is hiring Elevate Oakland to provide music and art programming at Edna Brewer Middle School. The cost may not exceed $5,194.15. The period is March 3, 2025 to May 29, 2025.",Classroom & academic programs,,new_agreement,Elevate Oakland,organization,Edna Brewer Middle School,expense,not_to_exceed,5194.15,,,,,true,2025-03-03,2025-05-29,after_work_began,,,Adopted on the General Consent Report,2025-03-26,true,auto_ok,sonnet-agent,enrich.v5.md,true,
2025-03-26:25-0540,2025-03-26,2025-03-26,regular,L.-28,65,general,Chief Academic Officer,25-0540,https://ousd.legistar.com/gateway.aspx?M=L&ID=64876,Services Agreement 2024-2025 - Blueprint Schools Network - United for Success Academy,"Approval by the Board of Education of a Services Agreement 2024-2025 by and between the District and Blueprint Schools Network, Needham, MA, for the latter to provide math fellow tutors to work in small groups during the regular school day, as described in Exhibit A of the Agreement, incorporated herein by reference as though fully set forth, at United for Success Academy, for the period of February 3, 2025 through June 30, 2025, in an amount not to exceed $49,000.00.",Agreement or Contract,Chief Academic Officer,000725,v-000725,ESSA: Comp Support & Improvmt,"Pays Blueprint Schools Network up to $49,000 for math tutors at United for Success Academy","The district is hiring Blueprint Schools Network to provide math fellow tutors who work with small groups of students during the regular school day at United for Success Academy. The cost may not exceed $49,000. The period is February 3, 2025 to June 30, 2025, which began before this approval.",Classroom & academic programs,,new_agreement,Blueprint Schools Network,organization,United for Success Academy,expense,not_to_exceed,49000,,,,,true,2025-02-03,2025-06-30,after_work_began,,,Adopted on the General Consent Report,2025-03-26,true,auto_ok,sonnet-agent,enrich.v5.md,true,
2025-03-26:25-0541,2025-03-26,2025-03-26,regular,L.-29,66,general,Chief Academic Officer,25-0541,https://ousd.legistar.com/gateway.aspx?M=L&ID=64877,Services Agreement 2024-2025 - Life I love School - Madison Park Academy-Lower Campus,"Ratification by the Board of Education of a Services Agreement 2024-2025 by and between the District and Life I love School, Oakland, CA, for the latter to provide an 8 week wellness program consisting of seven comprehensive lessons, and one community showcase event led by the participants for students at Madison Park Academy-Lower Campus, for the period of February 4, 2025 through February 25, 2025, in an amount not to exceed $5,000.00.",Agreement or Contract,Chief Academic Officer,009356,v-009356,CCSPP Implementation Grant,"Ratifies up to $5,000 for Life I love School's wellness program at Madison Park Academy Lower Campus","The Board is ratifying (approving after the start date) an agreement with Life I love School to run a wellness program of seven lessons and one student-led community showcase at Madison Park Academy-Lower Campus. The cost may not exceed $5,000. The stated period is February 4, 2025 to February 25, 2025.","Student health, support & family services",,new_agreement,Life I love School,organization,Madison Park Academy-Lower Campus,expense,not_to_exceed,5000,,,,,true,2025-02-04,2025-02-25,after_work_began; source_issue,"The text describes an 8 week wellness program, but the stated service period of February 4, 2025 through February 25, 2025 is only about three weeks.",,Adopted on the General Consent Report,2025-03-26,true,auto_ok,sonnet-agent,enrich.v5.md,true,
2025-03-26:25-0542,2025-03-26,2025-03-26,regular,L.-30,67,general,Chief Academic Officer,25-0542,https://ousd.legistar.com/gateway.aspx?M=L&ID=64878,Services Agreement 2024-2025 - Cypress Mandela Training Center - High School Linked Learning Department,"Ratification by the Board of Education of a Services Agreement 2024-2025 by and between the District and Cypress Mandela Training Center, Oakland, CA, for the latter to provide up to 35 OUSD High School students (at times, “Cohort”), as designated by OUSD, a six (6) week summer Pre-Apprenticeship program in the construction trades, via the High School Linked Learning Department, for the period of June 2, 2025 through July 16, 2025, in an amount not to exceed $40,000.00.",Agreement or Contract,Chief Academic Officer,001271,v-001271,K12 Strong Workforce Grant,"Ratifies up to $40,000 for Cypress Mandela's summer construction pre-apprenticeship for up to 35 students","The Board is ratifying (approving after the fact) an agreement with Cypress Mandela Training Center for a six-week summer pre-apprenticeship program in the construction trades for up to 35 OUSD high school students. The cost may not exceed $40,000. The period is June 2, 2025 to July 16, 2025.",After-school & summer programs,,new_agreement,Cypress Mandela Training Center,organization,,expense,not_to_exceed,40000,,,,,true,2025-06-02,2025-07-16,,,,Adopted on the General Consent Report,2025-03-26,true,auto_ok,sonnet-agent,enrich.v5.md,true,
2025-03-26:25-0543,2025-03-26,2025-03-26,regular,L.-31,68,general,Chief Academic Officer,25-0543,https://ousd.legistar.com/gateway.aspx?M=L&ID=64879,Services Agreement 2024-2025 - Tri-Valley Soccer Referee Association - Oakland Athletic League,"Ratification by the Board of Education of a Services Agreement 2024-2025 by and between the District and Tri-Valley Soccer Referee Association, Sebastopol, CA, for the latter to provide officials for all scheduled middle and high school Freshman, JV and Varsity soccer games allowing our students to play at a competitive level while staying within the rules of the game via Oakland Athletic League (OAL), as described in Exhibit A of the Agreement, incorporated herein by reference as though fully set forth, for the period of February 1, 2025 through June 30, 2025, in an amount not to exceed $85,500.00.",Agreement or Contract,Chief Academic Officer,008895,v-008895,"Measure G, Parcel Tax","Approves $85,500 for Tri-Valley Soccer Referee Association to officiate Oakland middle and high school soccer","The district is paying a referee association in Sebastopol to provide officials for all scheduled middle and high school Freshman, JV and Varsity soccer games in the Oakland Athletic League. The agreement runs February 1 to June 30, 2025. The Board is approving it after the fact (ratification).",Classroom & academic programs,,new_agreement,Tri-Valley Soccer Referee Association,organization,,expense,not_to_exceed,85500,,,,,true,2025-02-01,2025-06-30,after_work_began,,,Adopted on the General Consent Report,2025-03-26,true,auto_ok,sonnet-agent,enrich.v5.md,true,
2025-03-26:25-0544,2025-03-26,2025-03-26,regular,L.-32,69,general,Chief Academic Officer,25-0544,https://ousd.legistar.com/gateway.aspx?M=L&ID=64880,Services Agreement 2024-2025 - East Bay Agency for Children - Community Schools and Student Services Department,"Approval by the Board of Education of a Services Agreement 2024-2025 by and between the District and East Bay Agency for Children, Oakland, CA, for the latter to Assist 30 OUSD families with tailored housing navigation services to address homelessness prevention and stabilization, as described in Exhibit A of the Agreement, incorporated herein by reference as though fully set forth, via Community Schools and Student Services Department for the period of January 26, 2025, through November 30, 2025, in an amount not to exceed $121,143.00.",Agreement or Contract,Chief Academic Officer,001473,v-001473,Alameda Alliance for Health,"Pays East Bay Agency for Children up to $121,143 for housing help for 30 OUSD families","East Bay Agency for Children will give 30 OUSD families tailored housing navigation services to help prevent homelessness and keep families stably housed. The work is run through the Community Schools and Student Services Department from January 26 to November 30, 2025. Funding comes from Alameda Alliance for Health.","Student health, support & family services",,new_agreement,East Bay Agency for Children,organization,,expense,not_to_exceed,121143,,,,,true,2025-01-26,2025-11-30,after_work_began,,,Adopted on the General Consent Report,2025-03-26,true,auto_ok,sonnet-agent,enrich.v5.md,true,
2025-03-26:25-0546,2025-03-26,2025-03-26,regular,L.-33,70,general,Chief Academic Officer,25-0546,https://ousd.legistar.com/gateway.aspx?M=L&ID=64882,"Amendment No. 1, Services Agreement 2024-2025 - Oakland Public Education Fund - Community Schools and Student Services Department","Approval by the Board of Education of Amendment No. 1 of a Services Agreement by and between the District and Oakland Public Education Fund, Oakland, CA, for the latter to provide stipends for counseling interns to improve social-emotional well-being at school sites in the additional amount of $90,591.00 increasing the Agreement from $75,809.00 to an amount not to exceed $166,400.00. All other terms and conditions of the Agreement remain in full force and effect.",Agreement or Contract,Chief Academic Officer,003143,v-003143,General Purpose-unrestricted,"Adds $90,591 for Oakland Public Education Fund to pay school counseling intern stipends","This amendment adds money to an agreement with the Oakland Public Education Fund, which provides stipends for counseling interns working to improve students' social-emotional well-being at school sites. The agreement grows from $75,809 to a limit of $166,400. All other terms stay the same.","Student health, support & family services",,amendment,Oakland Public Education Fund,organization,,expense,not_to_exceed,90591,,,75809,166400,true,,,pulled_from_consent; raises_existing_contract; large_increase,,"Taken off the consent vote, then approved on a later consent report on April 9.",Adopted on the General Consent Report,2025-04-09,true,auto_ok,sonnet-agent,enrich.v5.md,false,
2025-03-26:25-0547,2025-03-26,2025-03-26,regular,L.-34,71,general,Chief Academic Officer,25-0547,https://ousd.legistar.com/gateway.aspx?M=L&ID=64883,"Amendment No. 1, Grant Agreement - California Department of Food and Agriculture - Community Schools and Student Services Department","Approval by the Board of Education of Amendment No. 1 to a Grant Agreement (22-1762-000-SG) by and between the District and the California Department of Food and Agriculture, Sacramento, CA, extending the term of the Agreement from April 1, 2023 through March 31, 2025 to June 30, 2025 to align the term of the grant to the fiscal year as well as allowing recipients additional time to complete program objectives, with the District receiving an unchanged amount not to exceed $492,301.93, via the Community Schools and Student Services Department.  All other terms and conditions of the Agreement remain in full force and effect.",Agreement or Contract,Chief Academic Officer,,n-california-department-of-food-and-agriculture,California Department of Food and Agriculture,"Extends California Department of Food and Agriculture grant to June 2025; $492,301.93 amount unchanged","This amendment gives the district more time to use a grant from the California Department of Food and Agriculture. The end date moves from March 31, 2025 to June 30, 2025, so the grant lines up with the fiscal year and recipients can finish program goals. The district still receives the same amount, up to $492,301.93.","Food, transportation & operations",,amendment,California Department of Food and Agriculture,organization,,revenue,not_to_exceed,,,,,492301.93,true,2023-04-01,2025-06-30,multi_year; time_extension_only,,,Adopted on the General Consent Report,2025-03-26,true,auto_ok,sonnet-agent,enrich.v5.md,true,
2025-03-26:25-0552,2025-03-26,2025-03-26,regular,L.-35,72,general,Chief Academic Officer,25-0552,https://ousd.legistar.com/gateway.aspx?M=L&ID=64888,Amendment No. 1 of Services Agreement 2024-2025 - Living Jazz - Community Schools and Student Services Department,"Approval by the Board of Education of Amendment No. 1 of a Services Agreement  by and between the District and Living Jazz, Oakland, CA, for the latter to provide music instruction during the after school hours at additional sites: Melrose Leadership Academy, La Escuelita Elementary School and Allendale Elementary School in collaboration with the after school lead agencies. Programs will serve up to 20 students per class for up to 2 days a week for the remainder of the school year in the additional amount of $64,625.00 increasing the Agreement from $37,620.00 to an amount not to exceed $102,245.00 and extending the Agreement term from November 01, 2024 through May 23, 2025 to May 30, 2025. All other terms and conditions of the Agreement remain in full force and effect.",Agreement or Contract,Chief Academic Officer,008016,v-008016,Expanded Learning Opp Programs,"Adds $64,625 for Living Jazz after-school music at three more elementary schools","Living Jazz will teach music after school at three more sites, working with the after-school lead agencies. Classes serve up to 20 students and meet up to 2 days a week for the rest of the school year. The agreement grows from $37,620 to a limit of $102,245 and ends May 30, 2025 instead of May 23.",After-school & summer programs,,amendment,Living Jazz,organization,Melrose Leadership Academy; La Escuelita Elementary School; Allendale Elementary School,expense,not_to_exceed,64625,,,37620,102245,true,2024-11-01,2025-05-30,raises_existing_contract; large_increase,,,Adopted on the General Consent Report,2025-03-26,true,auto_ok,sonnet-agent,enrich.v5.md,true,
2025-03-26:25-0555,2025-03-26,2025-03-26,regular,L.-36,73,general,Chief Academic Officer,25-0555,https://ousd.legistar.com/gateway.aspx?M=L&ID=64891,Services Agreement 2024-2025 - Youth Uprising - Castlemont High School,"Ratification by the Board of Education of a Services Agreement 2024-2025 by and between the District and Youth Uprising, Oakland, CA, for the latter to provide Castlemont High School Care Team support in engaging fifty to sixty youth per year who display risk factors and are in the middle or high end of the adolescent risk continuum, as described in Exhibit A of the Agreement, incorporated herein by reference as though fully set forth, at Castlemont High School, from February 3, 2025, through February 28, 2025, in an amount not to exceed $5,000.00.",Agreement or Contract,Chief Academic Officer,004738,v-004738,ESSA: Comp Support & Improvmt,"Pays Youth Uprising up to $5,000 for Castlemont High School Care Team support","Youth Uprising provides Care Team support at Castlemont High School, engaging fifty to sixty students a year who show risk factors for harm. The agreement covers February 3 to February 28, 2025. The Board is approving it after the work period began (ratification).","Student health, support & family services",,new_agreement,Youth Uprising,organization,Castlemont High School,expense,not_to_exceed,5000,,,,,true,2025-02-03,2025-02-28,after_work_began,,,Adopted on the General Consent Report,2025-03-26,true,auto_ok,sonnet-agent,enrich.v5.md,true,
2025-03-26:25-0556,2025-03-26,2025-03-26,regular,L.-37,74,general,Chief Academic Officer,25-0556,https://ousd.legistar.com/gateway.aspx?M=L&ID=64892,Services Agreement 2024-2025 - THE CRUCIBLE - Castlemont High School,"Ratification by the Board of Education of a Services Agreement 2024-2025 by and between the District and THE CRUCIBLE, OAKLAND, CA, for the latter to provide valuable instructor support for the continuation of the Castlemont High school Wood shop class along with providing hands on learning opportunities in a variety of industrial art disciplines which include maker education, digital fabrication, welding, glass blowing, ceramics, and textiles, as described in Exhibit A of the Agreement, incorporated herein by reference as though fully set forth, at Castlemont High School, from January 1, 2025, through June 30, 2025, in an amount not to exceed $35,000.00.",Agreement or Contract,Chief Academic Officer,004252,v-004252,Green Tech Partnership Academy,"Pays The Crucible up to $35,000 to keep Castlemont High School's wood shop class going","The Crucible, an industrial arts school, provides instructors for Castlemont High School's wood shop class and hands-on learning in maker education, digital fabrication, welding, glass blowing, ceramics and textiles. The agreement covers January 1 to June 30, 2025. The Board is approving it after the fact (ratification).",Classroom & academic programs,,new_agreement,The Crucible,organization,Castlemont High School,expense,not_to_exceed,35000,,,,,true,2025-01-01,2025-06-30,after_work_began,,,Adopted on the General Consent Report,2025-03-26,true,auto_ok,sonnet-agent,enrich.v5.md,true,
2025-03-26:25-0559,2025-03-26,2025-03-26,regular,L.-38,75,general,Chief Academic Officer,25-0559,https://ousd.legistar.com/gateway.aspx?M=L&ID=64895,Services Agreement 2024-2025 - Oakland Public Education Fund - Dewey Academy,"Approval by the Board of Education of a Services Agreement 2024-2025 by and between the District and Oakland Public Education Fund, Oakland, CA, for the latter manage the stipend process for Dewey Academy student interns involved with the Health and Fitness Pathway based internship program, as described in Exhibit A of the Agreement, incorporated herein by reference as though fully set forth, at Dewey Academy for the period of December 13, 2024, through June 30, 2025, in an amount not to exceed $32,200.00.",Agreement or Contract,Chief Academic Officer,003143,v-003143,Measure N,"Pays Oakland Public Education Fund up to $32,200 to manage Dewey Academy intern stipends","The Oakland Public Education Fund will manage the stipend process for Dewey Academy students in a Health and Fitness Pathway internship program. The agreement runs December 13, 2024 to June 30, 2025 and is paid with Measure N funds.",Classroom & academic programs,,new_agreement,Oakland Public Education Fund,organization,Dewey Academy,expense,not_to_exceed,32200,,,,,true,2024-12-13,2025-06-30,after_work_began,,,Adopted on the General Consent Report,2025-03-26,true,auto_ok,sonnet-agent,enrich.v5.md,true,
2025-03-26:25-0560,2025-03-26,2025-03-26,regular,L.-39,76,general,Chief Academic Officer,25-0560,https://ousd.legistar.com/gateway.aspx?M=L&ID=64896,Services Agreement 2024-2025 - Street Academy Foundation - Street Academy,"Approval by the Board of Education of a Services Agreement 2024-2025 by and between the District and Street Academy Foundation, Oakland, CA, for the latter to support student’s access to courses and experiences aligned to our Education, Child Development & Family Services Pathway, as described in Exhibit A of the Agreement, incorporated herein by reference as though fully set forth, at Street Academy, from December 12, 2024, through June 30, 2025, in an amount not to exceed $46,170.04.",Agreement or Contract,Chief Academic Officer,004105,v-004105,Measure N,"Pays Street Academy Foundation up to $46,170.04 for career pathway courses at Street Academy","Street Academy Foundation will support students' access to courses and experiences in the Education, Child Development & Family Services career pathway at Street Academy. The agreement runs December 12, 2024 to June 30, 2025 and is paid with Measure N funds.",Classroom & academic programs,,new_agreement,Street Academy Foundation,organization,Street Academy,expense,not_to_exceed,46170.04,,,,,true,2024-12-12,2025-06-30,after_work_began,,,Adopted on the General Consent Report,2025-03-26,true,auto_ok,sonnet-agent,enrich.v5.md,true,
2025-03-26:25-0562,2025-03-26,2025-03-26,regular,L.-40,77,general,Chief Academic Officer,25-0562,https://ousd.legistar.com/gateway.aspx?M=L&ID=64898,Services Agreement 2024-2025 - Soccer Without Borders - Oakland International High School,"Approval by the Board of Education of a Services Agreement 2024-2025 by and between the District and Soccer Without Borders, Oakland, CA, for the latter to intensive academic case management for students participating in their existing (and separately funded) athletic programming to leverage student commitment to sports to support their educational success, as described in Exhibit A of the Agreement, incorporated herein by reference as though fully set forth, at Oakland International High School from February 28, 2025, through June 30, 2025, in an amount not to exceed $50,000.00.",Agreement or Contract,Chief Academic Officer,003978,v-003978,ESSA: Comp Support & Improvmt,"Pays Soccer Without Borders up to $50,000 for academic case management at Oakland International High","Soccer Without Borders will provide intensive academic case management to students in its existing, separately funded athletic programs, using their commitment to sports to support their success in school. The agreement covers February 28 to June 30, 2025 at Oakland International High School.","Student health, support & family services",,new_agreement,Soccer Without Borders,organization,Oakland International High School,expense,not_to_exceed,50000,,,,,true,2025-02-28,2025-06-30,pulled_from_consent; after_work_began,,"Adopted in its own vote at this meeting (5–0, 1 recused), instead of with the rest of the consent report.",Adopted,2025-03-26,true,auto_ok,sonnet-agent,enrich.v5.md,true,
2025-03-26:25-0565,2025-03-26,2025-03-26,regular,L.-41,78,general,Chief Academic Officer,25-0565,https://ousd.legistar.com/gateway.aspx?M=L&ID=64901,"Proclamation - April 7-13, 2025 - Oakland Adult & Career Education Week","Approval by the Board of Education of a Resolution No. 2425-0046, Proclaiming - April 7-13, 2025 - Adult Education Week in California (Oakland Adult & Career Education)",Agreement or Contract,Chief Academic Officer,,,No Fiscal Impact,"Proclaims April 7-13, 2025 as Adult Education Week for Oakland Adult & Career Education","The Board adopts a resolution naming April 7-13, 2025 as Adult Education Week in California, recognizing Oakland Adult & Career Education. The item has no fiscal impact.",Governance & board business,,resolution_or_policy,,,,no_cost,,,,,,,true,,,,,,Adopted on the General Consent Report,2025-03-26,true,auto_ok,sonnet-agent,enrich.v5.md,true,
2025-03-26:25-0567,2025-03-26,2025-03-26,regular,L.-42,79,general,Chief Academic Officer,25-0567,https://ousd.legistar.com/gateway.aspx?M=L&ID=64903,"Amendment No. 1 - Grant Agreement - Kids First! - City of Oakland, Oakland Fund for Children and Youth (OFCY) - HS Linked Learning Office","Approval by the Board of Education of the First Amendment to the Grant Agreement by and between the District and The City of Oakland, in the amount of $225,000.00, to provide support stipends for students in summer internships as part of the Link Learning Pathway Program, Exploring College, Career, and Community Options (ECCCO) at McClymonds, Castlemont, Fremont, Dewey, Rudsdale, Bunche, Sojourner Truth, Oakland High, Oakland Tech, Skyline, Coliseum College Prep Academy, MetWest, Life Academy, Oakland International High School, and Madison Park Academy, extending the term of the agreement from June 1, 2022 through June 30, 2024 to June 30, 2025, pursuant to the terms and conditions thereof, if any.",Agreement or Contract,Chief Academic Officer,,n-city-of-oakland,"City of Oakland, Oakland Fund for Children and Youth","Adds $225,000 for 2024-25 to a City of Oakland summer internship stipend grant, raising it to $675,000","This amendment to a grant agreement with the City of Oakland, funded by the Oakland Fund for Children and Youth, pays stipends for students in summer internships in the Linked Learning program Exploring College, Career, and Community Options (ECCCO). The attached amendment sets the grant at up to $225,000 for each of 2022-23, 2023-24 and 2024-25. The first two years were already approved (the original grant and the April 2024 First Amendment, 24-0845), so this vote adds the 2024-25 year: $225,000, raising the grant from $450,000 to $675,000.",After-school & summer programs,,amendment,City of Oakland,organization,McClymonds; Castlemont; Fremont; Dewey; Rudsdale; Bunche; Sojourner Truth; Oakland High; Oakland Tech; Skyline; Coliseum College Prep Academy; MetWest; Life Academy; Oakland International High School; Madison Park Academy,revenue,not_to_exceed,225000,,,450000,675000,true,2022-06-01,2025-06-30,after_work_began; source_issue; multi_year,"The text gives $225,000 without saying it is added to a $450,000 grant, and calls this ""Amendment No. 1"" although a First Amendment (24-0845) was approved in April 2024.",,Adopted on the General Consent Report,2025-03-26,true,human_reviewed,sonnet-agent,enrich.v5.md,true,
2025-03-26:25-0569,2025-03-26,2025-03-26,regular,L.-43,80,general,Chief Academic Officer,25-0569,https://ousd.legistar.com/gateway.aspx?M=L&ID=64905,Amendment No. 1 of Services Agreement 2024-2025 - Roda Leadership Development - Esperanza Elementary School,"Ratification by the Board of Education of Amendment No. 1 of a Services Agreement by and between the District and Roda Leadership Development, Oakland, CA, for the latter to meet one-on-one with key stakeholders to share the vision for the work outlined in this plan, as described in the scope of work of the Agreement, incorporated herein by reference as though fully set forth, in the lesser amount of $10,000.00, decreasing the Agreement from $20,000.00 to an amount not to exceed $10,000.00, and decreasing the Agreement term from October 7, 2024 through May 29, 2025 to January 8, 2025. All other terms and conditions of the Agreement remain in full force and effect.",Agreement or Contract,Chief Academic Officer,,v-008532,No Fiscal Impact,"Cuts Roda Leadership Development agreement at Esperanza Elementary by $10,000 to $10,000","This amendment reduces an agreement with Roda Leadership Development, which was to meet one-on-one with key stakeholders to share the vision for a plan, from $20,000 to $10,000. It also shortens the end date from May 29, 2025 to January 8, 2025. The Board is approving it after the fact (ratification).",Classroom & academic programs,,amendment,Roda Leadership Development,organization,Esperanza Elementary School,decrease,not_to_exceed,10000,,,20000,10000,true,2024-10-07,2025-01-08,after_work_began,,,Adopted on the General Consent Report,2025-03-26,true,auto_ok,sonnet-agent,enrich.v5.md,true,
2025-03-26:25-0571,2025-03-26,2025-03-26,regular,L.-44,81,general,Chief Academic Officer,25-0571,https://ousd.legistar.com/gateway.aspx?M=L&ID=64907,Services Agreement 2024-2025 - Oakland Public Education Fund - Madison Park Academy-Upper,"Approval by the Board of Education of a Services Agreement 2024-2025 by and between the District and Oakland Public Education Fund, Oakland, CA, for the latter to provide Fiscal Sponsorship to process and pay internship stipends as described in Exhibit A incorporated by reference as though fully set forth, at Madison Park Academy-Upper for the period of February 10, 2025, through May 30, 2025, in an amount not to exceed $50,000.00.",Agreement or Contract,Chief Academic Officer,003143,v-003143,Measure N,"Pays Oakland Public Education Fund up to $50,000 to process Madison Park Academy intern stipends","The Oakland Public Education Fund will act as fiscal sponsor to process and pay internship stipends at Madison Park Academy-Upper. The agreement runs February 10 to May 30, 2025 and is paid with Measure N funds.",Classroom & academic programs,,new_agreement,Oakland Public Education Fund,organization,Madison Park Academy-Upper,expense,not_to_exceed,50000,,,,,true,2025-02-10,2025-05-30,after_work_began,,,Adopted on the General Consent Report,2025-03-26,true,auto_ok,sonnet-agent,enrich.v5.md,true,
2025-03-26:25-0572,2025-03-26,2025-03-26,regular,L.-45,82,general,Chief Academic Officer,25-0572,https://ousd.legistar.com/gateway.aspx?M=L&ID=64908,Amendment No. 1 of Agreement - Center for the Collaborative Classroom - Academics and Instruction Department,"Approval by the Board of Education of Amendment No. 1 of an Agreement by and between the District and Center for the Collaborative Classroom, Alameda, CA, for the latter to provide an additional 6 days of in-person, on-site coaching for Early Literacy Tutors in 6-12 school, as described in Services of Amendment No. 1, incorporated by reference as though fully set forth, for an unchanged term of August 19, 2024 through May 29, 2025, in the additional amount of $24,000.00, increasing the Agreement from $109,000.00 to an amount not to exceed $133,000.00.  All other terms and conditions of the Agreement remain in full force and effect.",Agreement or Contract,Chief Academic Officer,001014,v-001014,S&C Carryover,"Adds $24,000 for Center for the Collaborative Classroom coaching of early literacy tutors","The Center for the Collaborative Classroom will provide 6 more days of in-person, on-site coaching for Early Literacy Tutors in grades 6-12 schools. The agreement grows from $109,000 to a limit of $133,000. The term is unchanged, August 19, 2024 to May 29, 2025.",Classroom & academic programs,,amendment,Center for the Collaborative Classroom,organization,,expense,not_to_exceed,24000,,,109000,133000,true,2024-08-19,2025-05-29,raises_existing_contract,,,Adopted on the General Consent Report,2025-03-26,true,auto_ok,sonnet-agent,enrich.v5.md,true,
2025-03-26:25-0573,2025-03-26,2025-03-26,regular,L.-46,83,general,Chief Academic Officer,25-0573,https://ousd.legistar.com/gateway.aspx?M=L&ID=64909,Amendment No. 3 of Services Agreement 2024-2025 - Hope Reimagined - Chabot Elementary School,"Approval by the Board of Education of Amendment No. 3 of a Services Agreement  by and between the District and Hope Reimagined, Oakland, CA, for the latter to provide an additional 2nd counselor for Tier 2 and Tier 3 mental health support services to individual students and groups of students at Chabot Elementary, for the period of August 12, 2024 through May 30, 2025, in the additional amount of $20,000.00, increasing the Agreement from $30,000.00 to an amount not to exceed $50,000.00.  All other terms and conditions of the Agreement remain in full force and effect.",Agreement or Contract,Chief Academic Officer,008699,v-008699,PTA Local Schools,"Adds $20,000 for Hope Reimagined to put a second mental health counselor at Chabot Elementary","Hope Reimagined will provide an additional second counselor at Chabot Elementary for targeted mental health support to individual students and groups of students. The agreement grows from $30,000 to a limit of $50,000 and covers August 12, 2024 to May 30, 2025.","Student health, support & family services",,amendment,Hope Reimagined,organization,Chabot Elementary,expense,not_to_exceed,20000,,,30000,50000,true,2024-08-12,2025-05-30,raises_existing_contract; large_increase,,,Adopted on the General Consent Report,2025-03-26,true,auto_ok,sonnet-agent,enrich.v5.md,true,
2025-03-26:25-0574,2025-03-26,2025-03-26,regular,L.-47,84,general,Chief Academic Officer,25-0574,https://ousd.legistar.com/gateway.aspx?M=L&ID=64910,Services Agreement 2024-2025 - THE CRUCIBLE - McClymonds High School,"Ratification by the Board of Education of a Services Agreement 2024-2025 by and between the District and THE CRUCIBLE, OAKLAND, CA, for the latter to provide a year round Ceramics programming on Mondays and Thursdays, 2:00 P.M. to 3:30 P.M. and every other Wednesday from 12:40 P.M. to 1:40 P.M. in fulfillment of one full art credit, as described in Exhibit A incorporated herein by reference as though fully set forth at McClymonds High School for the period of August 12, 2024, through May 29, 2025, in an amount not to exceed $23,500.00.",Agreement or Contract,Chief Academic Officer,004252,v-004252,"Measure G, Parcel Tax","Pays The Crucible up to $23,500 for ceramics classes worth an art credit at McClymonds High","The Crucible will run year-round ceramics classes at McClymonds High School on Mondays and Thursdays and every other Wednesday, in fulfillment of one full art credit. The agreement covers August 12, 2024 to May 29, 2025. The Board is approving it after the fact (ratification).",Classroom & academic programs,,new_agreement,The Crucible,organization,McClymonds High School,expense,not_to_exceed,23500,,,,,true,2024-08-12,2025-05-29,after_work_began,,,Adopted on the General Consent Report,2025-03-26,true,auto_ok,sonnet-agent,enrich.v5.md,true,
2025-03-26:25-0575,2025-03-26,2025-03-26,regular,L.-48,85,general,Chief Academic Officer,25-0575,https://ousd.legistar.com/gateway.aspx?M=L&ID=64911,Services Agreement 2024-2025 - The Crucible - Castlemont High School,"Ratification by the Board of Education of a Services Agreement 2024-2025 by and between the District and The Crucible, Oakland, CA, for the latter to provide woodshop and digital fabrication instruction during the school day and open opportunities for Castlemont students to explore art hands-on. The Crucible will also open opportunities for Castlemont students to explore arts and maker education through exploration field trips and free classes at The Crucible’s industrial arts school for the period of August 1, 2024, through June 30, 2025, in an amount not to exceed $25,000.00.",Agreement or Contract,Chief Academic Officer,004252,v-004252,"Measure G, Parcel Tax","Pays The Crucible up to $25,000 for woodshop and fabrication classes at Castlemont High","The Crucible will teach woodshop and digital fabrication during the school day at Castlemont High School. It will also offer Castlemont students field trips and free classes at its industrial arts school. The agreement covers August 1, 2024 to June 30, 2025. The Board is approving it after the fact (ratification).",Classroom & academic programs,,new_agreement,The Crucible,organization,Castlemont High School,expense,not_to_exceed,25000,,,,,true,2024-08-01,2025-06-30,after_work_began,,,Adopted on the General Consent Report,2025-03-26,true,auto_ok,sonnet-agent,enrich.v5.md,true,
2025-03-26:25-0576,2025-03-26,2025-03-26,regular,L.-49,86,general,Chief Academic Officer,25-0576,https://ousd.legistar.com/gateway.aspx?M=L&ID=64912,Amendment No. 1 of Services Agreement 2024-2025 - Moira De Nike - Community Schools and Student Services Department,"Ratification by the Board of Education of Amendment No. 1 of a Services Agreement by and between the District and Moira De Nike, San Francisco, CA, for the latter to administer the programmatic evaluation of the Federal Human Trafficking Youth Prevention Education (HTYPE) grant in the additional amount of $13,350.00 increasing the Agreement from $5,250.00 to an amount not to exceed $18,600.00 for the unchanged term of July 01, 2024 through June 30, 2025. All other terms and conditions of the Agreement remain in full force and effect.",Agreement or Contract,Chief Academic Officer,001318,v-001318,Human Trafficking Prevention,"Adds $13,350 for an evaluator of the district's federal human trafficking prevention grant","This amendment adds money to an agreement with an individual contractor who runs the program evaluation for the federal Human Trafficking Youth Prevention Education grant. The agreement grows from $5,250 to a limit of $18,600. The term is unchanged, July 1, 2024 to June 30, 2025. The Board is approving it after the fact (ratification).","Student health, support & family services",,amendment,Moira De Nike,individual,,expense,not_to_exceed,13350,,,5250,18600,true,2024-07-01,2025-06-30,after_work_began; raises_existing_contract; large_increase,,,Adopted on the General Consent Report,2025-03-26,true,auto_ok,sonnet-agent,enrich.v5.md,true,
2025-03-26:25-0577,2025-03-26,2025-03-26,regular,L.-50,87,general,Chief Academic Officer,25-0577,https://ousd.legistar.com/gateway.aspx?M=L&ID=64913,Services Agreement 2024-2025 - The Crucible - Rudsdale Continuation High School,"Ratification by the Board of Education of a Services Agreement 2024-2025 by and between the District and THE CRUCIBLE, OAKLAND, CA, for the latter to provide industrial arts electives in Ceramics, Digital Fabrication, Glassblowing, Welding, Woodworking, and Machine Shop to 60 students in 10th-12th grades (16-21 years old) every Wednesday for 3 hours. We will keep the class up to 20 students each 12-week marking period from August 12, 2024, through May 30, 2025, in an amount not to exceed $21,932.40.",Agreement or Contract,Chief Academic Officer,004252,v-004252,"Measure G, Parcel Tax","Pays The Crucible up to $21,932.40 for industrial arts electives at Rudsdale High","The Crucible will teach industrial arts electives (ceramics, digital fabrication, glassblowing, welding, woodworking and machine shop) to 60 students in grades 10-12 at Rudsdale Continuation High School, every Wednesday for 3 hours. The agreement covers August 12, 2024 to May 30, 2025. The Board is approving it after the fact (ratification).",Classroom & academic programs,,new_agreement,The Crucible,organization,Rudsdale Continuation High School,expense,not_to_exceed,21932.4,,,,,true,2024-08-12,2025-05-30,after_work_began,,,Adopted on the General Consent Report,2025-03-26,true,auto_ok,sonnet-agent,enrich.v5.md,true,
2025-03-26:25-0578,2025-03-26,2025-03-26,regular,L.-51,88,general,Chief Academic Officer,25-0578,https://ousd.legistar.com/gateway.aspx?M=L&ID=64914,Amendment No. 1 of Services Agreement 2024-2025 - Amy McDonald Crudo - High School Linked Learning Department,"Ratification by the Board of Education of Amendment No. 1 of a Services Agreement  by and between the District and Amy McDonald Crudo, Oakland, CA, for the latter to provide services to students at 27 schools (both OUSD and Charter) funded through Measures N and H that are required to complete an Education Improvement Plan annually in the Spring, and out of those 27 schools, the 10 Schools funded through Measures N and H via a Memorandum of Understanding (Charters and Street Academy) will need to make timely and comprehensive submissions of required documents to Ms. Crudo, who will submit these to the Charter Office in Fiscal for processing of invoices. OUSD will have all required documents to ensure compliance with the 2024-25 audit, for the period of October 23, 2024 through June 30, 2025, in the additional amount of $24,000.00, increasing the Agreement from $15,000.00 to an amount not to exceed $39,000.00.  All other terms and conditions of the Agreement remain in full force and effect.",Agreement or Contract,Chief Academic Officer,008870,v-008870,Measure H,"Adds $24,000 for a consultant to help Measure N and H schools finish required improvement plans","This amendment adds money to an agreement with an individual consultant who helps 27 schools funded by Measures N and H complete their annual Education Improvement Plan. For the 10 schools funded through agreements with the district (charter schools and Street Academy), the consultant collects required documents and sends them to the Charter Office for invoice processing. The agreement grows from $15,000 to a limit of $39,000 for October 23, 2024 to June 30, 2025.","Budget, finance & payments",,amendment,Amy McDonald Crudo,individual,,expense,not_to_exceed,24000,,,15000,39000,true,2024-10-23,2025-06-30,after_work_began; raises_existing_contract; large_increase,,,Adopted on the General Consent Report,2025-03-26,true,auto_ok,sonnet-agent,enrich.v5.md,true,
2025-03-26:25-0781,2025-03-26,2025-03-26,regular,L.-52,90,general,General Counsel,25-0781,https://ousd.legistar.com/gateway.aspx?M=L&ID=65117,Proposition 39 - Facilities - Final Offer - School Year 2025-26 - Charter Schools Office,Approval by the Board of Education of Resolution No. 2425-0021 - Adopting Issuance of Proposition 39 Facilities Offers and Directing Staff to issue a Written Final Offer in Compliance with Proposition 39 for Yu Ming Charter School.,Resolution,General Counsel,,n-yu-ming-charter-school,,Directs staff to issue Yu Ming Charter School a final Proposition 39 facilities offer for 2025-26,"The Board adopts a resolution directing staff to send Yu Ming Charter School a written final facilities offer as required by Proposition 39, the state law on school facilities for charter schools. The item lists no dollar amount.",Governance & board business,,resolution_or_policy,Yu Ming Charter School,organization,,no_cost,,,,,,,true,,,,,,Adopted on the General Consent Report,2025-03-26,true,auto_ok,sonnet-agent,enrich.v5.md,true,
2025-03-26:25-0778,2025-03-26,2025-03-26,regular,L.-53,91,general,General Counsel,25-0778,https://ousd.legistar.com/gateway.aspx?M=L&ID=65114,District's Young Adult Program (YAP) - Academic (School Year) Calendar - 2025-2028,Approval by the Board of Education of the Special Education Program Young Adult Program (YAP) Academic (School Year) Calendar for 2025-2028.,Motion,General Counsel,,,GP,Approves the 2025-2028 school year calendar for the special education Young Adult Program,The Board approves the academic (school year) calendar for 2025-2028 for the Special Education Program's Young Adult Program. The item lists no dollar amount.,Special education,Programs & support,other,,,,no_cost,,,,,,,true,,,,,,Adopted on the General Consent Report,2025-03-26,true,auto_ok,sonnet-agent,enrich.v5.md,true,
2025-03-26:25-0655,2025-03-26,2025-03-26,regular,L.-54,92,general,General Counsel,25-0655,https://ousd.legistar.com/gateway.aspx?M=L&ID=64991,"Williams Uniform Complaints - Quarterly Report - October 2021, January 2022, April 2022, July 2022, October 2022, January 2023, April 2023, July 2023, October, 2023, January 2024, April 2024 and July 2024","Adoption by the Board of Education of Williams Uniform Complaints Quarterly Report for October 2021, January 2022, April 2022, July 2022, October 2022, January 2023, April 2023, July 2023, October, 2023, January 2024, April 2024 and July 2024, respectively.",Report,General Counsel,,,,Adopts 12 quarterly Williams uniform complaint reports covering October 2021 through July 2024,"The Board adopts the district's quarterly reports on Williams uniform complaints (formal complaints about issues such as school conditions and instructional materials) for twelve quarters, from October 2021 through July 2024. The item lists no dollar amount.","Legal, compliance & risk",,other,,,,no_cost,,,,,,,true,,,,,,Adopted on the General Consent Report,2025-03-26,true,auto_ok,sonnet-agent,enrich.v5.md,true,
2025-03-26:25-0219,2025-03-26,2025-03-26,regular,L.-55,95,general,"Measures N and H Commission - March 4, 2025 - David Kakishiba, Chairperson",25-0219,https://ousd.legistar.com/gateway.aspx?M=L&ID=64555,Measures N and H Commission - High School Linked Learning Office - 2024-2025 Budget Modification,"Adoption by the Board of Education, upon recommendation by the Measures N and H Commission of a 2024-2025 Budget modification for High School Linked Learning Office to reduce $156,500.00 Consultant Contract: Hiring a Fulltime Pathway Coach by $500.00 to $156,000.00 and establish a new strategic action to increase an existing expenditure $1,000.00 Printing to $1,500.00, as stated in the justification section of the New or Revised Strategic Action Section of the Budget Modification Form.",Appropriation,Measures N and H - College and Career Readiness Commission,,,Measure H Funding,"Moves $500 within the High School Linked Learning Office Measure H budget, to printing","On the Measures N and H Commission's recommendation, the Board adopts a 2024-2025 budget change for the High School Linked Learning Office. A consultant contract line for a full-time pathway coach drops by $500 to $156,000, and printing rises from $1,000 to $1,500. No new money is added.","Budget, finance & payments",,other,,,,no_cost,,,,,,,true,2024-07-01,2025-06-30,after_work_began,,,Adopted on the General Consent Report,2025-03-26,true,auto_ok,sonnet-agent,enrich.v5.md,true,
2025-03-26:25-0220,2025-03-26,2025-03-26,regular,L.-56,96,general,"Measures N and H Commission - March 4, 2025 - David Kakishiba, Chairperson",25-0220,https://ousd.legistar.com/gateway.aspx?M=L&ID=64556,Measures N and H Commission - High School Linked Learning Office - 2024-2025 Budget Modification,"Adoption by the Board of Education, upon recommendation by the Measures N and H Commission of a 2024-2025 Budget modification for High School Linked Learning Office to reduce $157,500.00 Consultant Contract: Hiring a Fulltime Pathway Coach by $1,000.00 to $156,500.00 and to establish a new strategic action by increasing an existing expenditure $3,000.00 Meeting Refreshments to $4,000.00, as stated in the justification section of the New or Revised Strategic Action Section of the Budget Modification Form.",Appropriation,Measures N and H - College and Career Readiness Commission,,,Measure H Funding,"Moves $1,000 within the High School Linked Learning Office Measure H budget, to meeting refreshments","On the Measures N and H Commission's recommendation, the Board adopts a 2024-2025 budget change for the High School Linked Learning Office. A consultant contract line for a full-time pathway coach drops by $1,000 to $156,500, and meeting refreshments rise from $3,000 to $4,000. No new money is added.","Budget, finance & payments",,other,,,,no_cost,,,,,,,true,2024-07-01,2025-06-30,after_work_began,,,Adopted on the General Consent Report,2025-03-26,true,auto_ok,sonnet-agent,enrich.v5.md,true,
2025-03-26:25-0508,2025-03-26,2025-03-26,regular,L.-57,97,general,"Measures N and H Commission - March 4, 2025 - David Kakishiba, Chairperson",25-0508,https://ousd.legistar.com/gateway.aspx?M=L&ID=64844,Measures N and H Commission - Oakland Technical High School - 2024-2025 Education Improvement Plan/Budget Modification,"Adoption by the Board of Education, upon recommendation by the Measures N and H Commission of a 2024-2025 Education Improvement Plan/Budget modification for Oakland Technical High School to reduce $44,275.96 Materials and Supplies by $20,000.00 to $24,275.96, and establish a new strategic action for $20,000.00 Teacher Salaries Stipends: Extended Contracts for the teachers working in the ECCCO Program, as stated in the justification section of the New or Revised Strategic Action Section of the Budget Modification Form.",Appropriation,Measures N and H - College and Career Readiness Commission,,,Measure H Funding,"Moves $20,000 at Oakland Tech from materials and supplies to teacher stipends","On the Measures N and H Commission's recommendation, the Board adopts a 2024-2025 plan and budget change for Oakland Technical High School. Materials and supplies drop by $20,000 to $24,275.96, and a new $20,000 line pays extended-contract stipends to teachers in the Exploring College, Career, and Community Options (ECCCO) program.","Budget, finance & payments",,other,,,Oakland Technical High School,no_cost,,,,,,,true,2024-07-01,2025-06-30,after_work_began,,,Adopted on the General Consent Report,2025-03-26,true,auto_ok,sonnet-agent,enrich.v5.md,true,
2025-03-26:25-0509,2025-03-26,2025-03-26,regular,L.-58,98,general,"Measures N and H Commission - March 4, 2025 - David Kakishiba, Chairperson",25-0509,https://ousd.legistar.com/gateway.aspx?M=L&ID=64845,Measures N and H Commission - Oakland Tech High School - 2024-2025 Education Improvement Plan/Budget Modification,"Adoption by the Board of Education, upon recommendation by the Measures N and H Commission of a 2024-2025 Education Improvement Plan/Budget modification for Oakland Technical High School to reduce $36,975.96 Materials and Supplies by $1,250.00 to $35,725.96, and establish a new strategic action for $1,250.00 Admission Fees: To pay admission fees for the Engineering Academy students attending the Slide Ranch Field Trip, as stated in the justification section of the New or Revised Strategic Action Section of the Budget Modification Form.",Appropriation,Measures N and H - College and Career Readiness Commission,,,Measure H Funding,"Moves $1,250 at Oakland Tech from supplies to admission fees for a Slide Ranch field trip","On the Measures N and H Commission's recommendation, the Board adopts a 2024-2025 plan and budget change for Oakland Technical High School. Materials and supplies drop by $1,250 to $35,725.96, and a new $1,250 line pays admission fees for Engineering Academy students on a Slide Ranch field trip.","Budget, finance & payments",,other,,,Oakland Technical High School,no_cost,,,,,,,true,2024-07-01,2025-06-30,after_work_began,,,Adopted on the General Consent Report,2025-03-26,true,auto_ok,sonnet-agent,enrich.v5.md,true,
2025-03-26:25-0510,2025-03-26,2025-03-26,regular,L.-59,99,general,"Measures N and H Commission - March 4, 2025 - David Kakishiba, Chairperson",25-0510,https://ousd.legistar.com/gateway.aspx?M=L&ID=64846,Measures N and H Commission - High School Link Learning Office - 2024-2025 Budget Modification,"Adoption by the Board of Education, upon recommendation by the Measures N and H Commission of a 2024-2025 Budget modification for High School Linked Learning Office to reduce $156,000.00 Consultant Contract: Hiring a Fulltime Pathway Coach by $11,000.00 to $177,500.00 and establish a new strategic action for $11,000.00 Consultant Contracts: Hire a Consultant to provide support with the Charter Schools 2025-26 EIP Customization, as stated in the justification section of the New or Revised Strategic Action Section of the Budget Modification Form.",Appropriation,Measures N and H - College and Career Readiness Commission,,,Measure H Funding,"Moves $11,000 in the High School Linked Learning Office budget to a charter school planning consultant","On the Measures N and H Commission's recommendation, the Board adopts a 2024-2025 budget change for the High School Linked Learning Office. A consultant contract line for a full-time pathway coach drops by $11,000, and a new $11,000 line hires a consultant to support the Charter Schools 2025-26 Education Improvement Plan customization.","Budget, finance & payments",,other,,,,no_cost,,11000,,,,,true,2024-07-01,2025-06-30,after_work_began; source_issue,"The text says the $156,000.00 consultant contract is reduced by $11,000.00 to $177,500.00, which does not add up since $11,000.00 less than $156,000.00 is not $177,500.00.",,Adopted on the General Consent Report,2025-03-26,true,needs_review,sonnet-agent,enrich.v5.md,true,
2025-03-26:25-0511,2025-03-26,2025-03-26,regular,L.-60,100,general,"Measures N and H Commission - March 4, 2025 - David Kakishiba, Chairperson",25-0511,https://ousd.legistar.com/gateway.aspx?M=L&ID=64847,Measures N and H Commission - High School Link Learning Office - 2024-2025 Budget Modification,"Adoption by the Board of Education, upon recommendation by the Measures N and H Commission of a 2024-2025 Budget modification for High School Linked Learning Office reduce $145,000.00 Consultant Contract: Hiring a Fulltime Pathway Coach by $24,000.00 to $121,000.00 and to establish a new strategic action by increasing an existing expenditure $15,000.00 Consultant Contracts: Hire Consultant Amy Crudo to $39,000.00, as stated in the justification section of the New or Revised Strategic Action Section of the Budget Modification Form.",Appropriation,Measures N and H - College and Career Readiness Commission,,,Measure H Funding,"Moves $24,000 from a pathway coach contract line to a consultant contract at the Linked Learning Office","On the Measures N and H Commission's recommendation, the Board adopts a 2024-2025 budget change for the High School Linked Learning Office. A consultant contract line for a full-time pathway coach drops by $24,000 to $121,000, and a consultant contract line rises from $15,000 to $39,000 to hire a named consultant. No new money is added.","Budget, finance & payments",,other,,,,no_cost,,,,,,,true,2024-07-01,2025-06-30,after_work_began,,,Adopted on the General Consent Report,2025-03-26,true,auto_ok,sonnet-agent,enrich.v5.md,true,
2025-03-26:25-0512,2025-03-26,2025-03-26,regular,L.-61,101,general,"Measures N and H Commission - March 4, 2025 - David Kakishiba, Chairperson",25-0512,https://ousd.legistar.com/gateway.aspx?M=L&ID=64848,Measures N and H Commission - High School Link Learning Office - 2024-2025 Budget Modification,"Adoption by the Board of Education, upon recommendation by the Measures N and H Commission of a 2024-2025 Budget modification for High School Linked Learning Office to reduce $121,000.00 Consultant Contract: Hiring a Fulltime Pathway Coach by $2,000.00 to $19,000.00 and establish a new strategic action for $2,000.00 Clerical Salaries Overtime, as stated in the justification section of the New or Revised Strategic Action Section of the Budget Modification Form.",Appropriation,Measures N and H - College and Career Readiness Commission,,,Measure H Funding,"Moves $2,000 in the High School Linked Learning budget from a pathway coach contract to clerical overtime","The Board is approving a change to the 2024-2025 Measure H budget of the High School Linked Learning Office, on the recommendation of the Measures N and H Commission. It cuts the consultant contract for hiring a full-time pathway coach by $2,000 and sets up a new $2,000 line for clerical overtime pay.","Budget, finance & payments",,other,,,,decrease,fixed,2000,,,,,true,2024-07-01,2025-06-30,after_work_began; source_issue,"The official text's numbers don't add up: $121,000 minus $2,000 is $119,000, but it states a new total of $19,000.",,Adopted on the General Consent Report,2025-03-26,true,needs_review,sonnet-agent,enrich.v5.md,true,
2025-03-26:25-0513,2025-03-26,2025-03-26,regular,L.-62,102,general,"Measures N and H Commission - March 4, 2025 - David Kakishiba, Chairperson",25-0513,https://ousd.legistar.com/gateway.aspx?M=L&ID=64849,Measures N and H Commission - Oakland Technical High School - 2024-2025 Education Improvement Plan/Budget Modification,"Adoption by the Board of Education, upon recommendation by the Measures N and H Commission of a 2024-2025 Education Improvement Plan/Budget modification for Oakland Technical High School to reduce $41,475.96 Materials and Supplies by $4,500.00 to $36,975.96, and establish a new strategic action for  $4,500.00 Professional Contracted Bus Services: Charter bus services to transport the Engineering Academy students to attend the Slide Ranch Field Trip, as stated in the justification section of the New or Revised Strategic Action Section of the Budget Modification Form.",Appropriation,Measures N and H - College and Career Readiness Commission,,,Measure H Funding,"Moves $4,500 at Oakland Tech from supplies to charter buses for an Engineering Academy field trip","The Board is approving a change to Oakland Technical High School's 2024-2025 Measure H plan and budget, on the recommendation of the Measures N and H Commission. It lowers the materials and supplies line from $41,475.96 to $36,975.96 and creates a new $4,500 line for charter buses to take Engineering Academy students to Slide Ranch.","Budget, finance & payments",,other,,,Oakland Technical High School,decrease,fixed,4500,,,41475.96,36975.96,true,2024-07-01,2025-06-30,after_work_began,,,Adopted on the General Consent Report,2025-03-26,true,auto_ok,sonnet-agent,enrich.v5.md,true,
2025-03-26:25-0842,2025-03-26,2025-03-26,regular,L.-63,104,general,"Measure G1 – Districtwide Teacher Retention and Middle School Improvement Act Oversight Commission - March 11, 2025 - Edmund Chun, Chairperson",25-0842,https://ousd.legistar.com/gateway.aspx?M=L&ID=65178,Measure G1 Districtwide Teacher Retention and Middle School Improvement Act Oversight Commission - 2025-2026 G1 Application for Named Schools,Adoption by the Board of Education of Resolution No. 2425-0235 - Measure G1 - Districtwide Teacher Retention and Middle School Improvement Act Oversight Commission Recommendation Approving 2025-2026 G1 Application for Named Schools.,Motion,Board of Education,,,Measure G1 Funding,Approves the 2025-26 Measure G1 funding application for named schools,"The Board is adopting a resolution that approves the 2025-2026 application for Measure G1 funds for named schools, as recommended by the Measure G1 oversight commission. The text does not list the schools or any dollar amounts.","Budget, finance & payments",,resolution_or_policy,,,,no_cost,,,,,,,true,2025-07-01,2026-06-30,,,,Adopted on the General Consent Report,2025-03-26,true,auto_ok,sonnet-agent,enrich.v5.md,true,
2025-03-26:25-0462,2025-03-26,2025-03-26,regular,M.-1,106,bonds,,25-0462,https://ousd.legistar.com/gateway.aspx?M=L&ID=64798,"Change Order No. 2, Agreement Between Owner and Contractor – Arntz Builders, Inc. – Claremont Middle School Multi-Purpose Room & Kitchen Project –Division of Facilities Planning and Management","Approval by the Board of Education of Change Order No. 2, Agreement Between Owner and Contractor by and between the District and Arntz Builders, Inc., Petaluma, CA, to cover additional construction work performed by Arntz Builders which includes approval of PCO's 17; 47; 55; 57; 92; 115; 117; 135; & 140, in the not-to-exceed amount of $202,130.36, increasing the Agreement price from $16,058,032.84 to $16,260,163.20, for the Claremont Middle School Multi-Purpose Room & Kitchen Project. All other terms and conditions of the Agreement remain in full force and effect.",Agreement or Contract,"Deputy Chief, Facilities Planning and Management",00493,v-000493,Fud 21 Building Fund Measure Y,"Adds $202,130.36 to Arntz Builders' contract for extra work on Claremont Middle School's kitchen project","This change order approves extra construction work by Arntz Builders at the Claremont Middle School Multi-Purpose Room and Kitchen Project, covering nine preliminary change orders (PCOs). It raises the contract price from $16,058,032.84 to $16,260,163.20. All other contract terms stay the same.",School buildings & construction,,change_order,"Arntz Builders, Inc.",organization,Claremont Middle School,expense,not_to_exceed,202130.36,,,16058032.84,16260163.2,true,,,raises_existing_contract,,,Adopted on the General Consent Report,2025-03-26,true,auto_ok,sonnet-agent,enrich.v5.md,true,
2025-03-26:25-0471,2025-03-26,2025-03-26,regular,M.-2,107,bonds,,25-0471,https://ousd.legistar.com/gateway.aspx?M=L&ID=64807,"Agreement Between Owner and Contractor – North American Fence & Railing, Inc.- Coliseum College Preparatory Academy Interim Housing Project – Division of Facilities Planning and Management","Approval by the Board of Education of Agreement Between Owner and Contractor by and between the District and North American Fence & Railing, Inc., Oakland, CA, for the latter to supply and install fence and gate, ( 151 LF) 10' high galvanized chain link fence with 1"" mesh; (1 each) 42"" wide pedestrian gate; (1 each) Deadbolt 2 sided with construction core (final core by OUSD) (2 CY) Dirt removal for Coliseum College Preparatory Academy Interim Housing Project, in the not to exceed amount of $23,000.00, with the work commencing on March 27, 2025 and being completed August 30, 2025, pursuant to the Agreement.",Agreement or Contract,"Deputy Chief, Facilities Planning and Management",003105,v-003105,Building Fund 21 Measure Y,"Pays North American Fence & Railing up to $23,000 for fencing at Coliseum College Prep's interim housing","The district is hiring North American Fence & Railing to supply and install about 151 feet of 10-foot galvanized chain link fence, a pedestrian gate with a deadbolt, and dirt removal for the Coliseum College Preparatory Academy Interim Housing Project. Work runs from March 27 to August 30, 2025.",School buildings & construction,,new_agreement,"North American Fence & Railing, Inc.",organization,Coliseum College Preparatory Academy,expense,not_to_exceed,23000,,,,,true,2025-03-27,2025-08-30,,,,Adopted on the General Consent Report,2025-03-26,true,auto_ok,sonnet-agent,enrich.v5.md,true,
2025-03-26:25-0386,2025-03-26,2025-03-26,regular,M.-3,108,bonds,,25-0386,https://ousd.legistar.com/gateway.aspx?M=L&ID=64722,General Services Agreement – ACC Environmental Consultants – Garfield Elementary School Site Renovation Project - Division of Facilities Planning and Management,"Approval by the Board of Education of General Services Agreement by and between the District and ACC Environmental Consultants, Oakland, California, for the latter to perform a pre- renovation hazardous material survey for the Garfield Elementary School Site Renovation Project, in the not to exceed amount of $15,529.85 with the work scheduled to commence on March 27, 2025, and expected to last until December 31, 2025.",Motion,"Deputy Chief, Facilities Planning and Management",000230,v-000230,Building Fund 21 Measure Y,"Pays ACC Environmental up to $15,529.85 for a hazardous materials survey at Garfield Elementary","The district is hiring ACC Environmental Consultants to survey Garfield Elementary School for hazardous materials before renovation work begins. The work is scheduled to start March 27, 2025 and last until December 31, 2025.",School buildings & construction,,new_agreement,ACC Environmental Consultants,organization,Garfield Elementary School,expense,not_to_exceed,15529.85,,,,,true,2025-03-27,2025-12-31,,,,Adopted on the General Consent Report,2025-03-26,true,auto_ok,sonnet-agent,enrich.v5.md,true,
