item_id,meeting_key,meeting_date,meeting_kind,agenda_number,agenda_sequence,consent_section,group,file_number,legistar_url,title,official_text,matter_type,presenter,vendor_number,vendor_key,funding_source,headline,summary,category,action_type,vendor_name,vendor_kind,schools,money_direction,amount_type,amount,amount_range_low,amount_range_high,prior_total,new_total,amount_verified,term_start,term_end,flags,source_issue,pulled_from_consent,outcome_action,outcome_date,adopted,review_status,model_id,prompt_version,counts_toward_totals,duplicate_of
2026-04-22:26-0660,2026-04-22,2026-04-22,regular,O.-1,52,general,Chief Systems and Services Officer,26-0660,https://ousd.legistar.com/LegislationDetail.aspx?ID=68086&GUID=E6E3815D-803D-46F5-A781-A42DC44CC4F9,Memorandum of Understanding - Alameda County Public Health Department – Student Assignment Department,"Approval by the Board of Education of the Memorandum of Understanding by and between the District and the County of Alameda on behalf of its Public Health Department (PHD), for the latter to provide data of births by month to Oakland residents from 2021-2024, then yearly for the previous calendar year from the PHD for the purpose of conducting analyses related to enrollment projections, via the Student Assignment Department, effective September 30, 2025 through December 30, 2030, at no cost to the District.",Agreement or Contract,Chief Systems and Services Officer,,n-county-of-alameda-public-health-department,,"Gets county birth data from Alameda County Public Health to project enrollment, at no cost","Under a memorandum of understanding (MOU), the county Public Health Department will give the district monthly counts of births to Oakland residents for 2021-2024, then yearly counts after that. The district's Student Assignment Department will use the data to project future enrollment. The agreement runs from September 30, 2025 through December 30, 2030 and costs the district nothing.",Partnerships & data sharing,mou_or_data_sharing,"County of Alameda, Public Health Department",,,no_cost,,,,,,,true,2025-09-30,2030-12-30,after_work_began; multi_year,,,Adopted on the General Consent Report,2026-04-22,true,auto_ok,sonnet-agent,enrich.v2.md,true,
2026-04-22:26-0748,2026-04-22,2026-04-22,regular,O.-2,53,general,Chief Systems and Services Officer,26-0748,https://ousd.legistar.com/LegislationDetail.aspx?ID=68174&GUID=77329B74-D72D-42E1-ACF0-6D8BCFA4C859,"Services Agreement 2025-2026 - CulinAire Systems, Inc. - Nutrition Services Department","Ratification by the Board of Education of a Services Agreement 2025-2026 by and between the District and CulinAire Systems, Inc., El Dorado Hills, CA, for the latter provide and supply the Intelli-Hood system controller base board required to restore proper functionality of the commercial kitchen ventilation control system at the OUSD Central Kitchen, insuring continued safe and efficient operation of the exhaust and airflow systems supporting daily food service operations, via the Nutrition Services Department, for the period of February 10, 2026 through June 30, 2026, in an amount not to exceed $1,063.20.",Agreement or Contract,Chief Systems and Services Officer,009874,v-009874,5310 - Child Nutrition School Program,"Approves $1,063.20 to CulinAire Systems to repair the Central Kitchen ventilation controller","CulinAire Systems will supply the controller board needed to get the commercial kitchen ventilation system at the OUSD Central Kitchen working properly again. The system keeps exhaust and airflow safe for daily food service. The board is ratifying (approving after the fact) the agreement, which covers February 10 through June 30, 2026.","Food, transportation & operations",new_agreement,"CulinAire Systems, Inc.",,,expense,not_to_exceed,1063.2,,,,,true,2026-02-10,2026-06-30,after_work_began,,,Adopted on the General Consent Report,2026-04-22,true,auto_ok,sonnet-agent,enrich.v2.md,true,
2026-04-22:26-0776,2026-04-22,2026-04-22,regular,O.-3,54,general,Chief Systems and Services Officer,26-0776,https://ousd.legistar.com/LegislationDetail.aspx?ID=68202&GUID=AB59CE23-7EC6-4F56-AE4D-E71D0C482060,Services Agreement 2025-2026 - Commercial Door Solutions - Nutrition Services Department,"Ratification by the Board of Education of a Services Agreement 2025-2026 by and between the District and Commercial Door Solutions, Napa, CA, for the latter to remove and dispose of the existing hydraulic edge of dock leveler and furnish and install one new mechanical edge of dock leveler with a 20,000-pound capacity and new bumpers in accordance with the approved proposal, restoring safe and reliable dock operations in support of Nutrition Services loading and delivery activities, via the Nutrition Services Department, for the period of February 25, 2026 through June 30, 2026, in an amount not to exceed $4,600.00.",Agreement or Contract,Chief Systems and Services Officer,009369,v-009369,5310 - Child Nutrition School Program,"Approves $4,600 to Commercial Door Solutions to replace a dock leveler at Nutrition Services","Commercial Door Solutions will remove the old hydraulic dock leveler and install a new mechanical one with new bumpers, so Nutrition Services can safely load and unload deliveries. The board is ratifying (approving after the fact) the agreement, which covers February 25 through June 30, 2026.","Food, transportation & operations",new_agreement,Commercial Door Solutions,,,expense,not_to_exceed,4600,,,,,true,2026-02-25,2026-06-30,after_work_began,,,Adopted on the General Consent Report,2026-04-22,true,auto_ok,sonnet-agent,enrich.v2.md,true,
2026-04-22:26-0443,2026-04-22,2026-04-22,regular,O.-4,55,general,Chief Systems and Services Officer,26-0443,https://ousd.legistar.com/LegislationDetail.aspx?ID=67869&GUID=E42273E7-D63C-4DB0-BE35-3BA55A6E1D3B,"Amendment No. 3, Design Consultant Services Master Agreement for Various School Projects – Verde Design, Inc. – Hoover Elementary School Turf Field Replacement Project – Division of Facilities Planning and Management","Approval by the Board of Education of Amendment No. 3, Design Consultant Services Master Agreement for Various School Projects by and between the District and Verde Design, Inc., Santa Clara, CA, for the latter to provide design and architectural services , as outlined in the Proposal dated February 11, 2025, which is attached to this Amendment as Exhibit A, for the Hoover Elementary School Turf Replacement Project, in an additional amount of $310,320.00, increasing the not-to-exceed amount of the Agreement from $1,033,110.00 to $1,343,430.00, and extending the term of the Agreement from April 24, 2025 through October 23, 2026 to  December 30, 2026. All other terms and condition of the Agreement remain in full force and effect.",Agreement or Contract,"Deputy Chief, Facilities Planning and Management",004498,v-004498,Fund o1 General Fund ELOP,"Adds $310,320 to Verde Design's contract for Hoover Elementary turf field design","This amendment adds design and architecture work for the Hoover Elementary School turf field replacement, raising the contract limit from $1,033,110 to $1,343,430. It also extends the contract end date from October 23, 2026 to December 30, 2026.",School buildings & construction,amendment,"Verde Design, Inc.",,Hoover Elementary School,expense,not_to_exceed,310320,,,1033110,1343430,true,2025-04-24,2026-12-30,raises_existing_contract; multi_year,,,Adopted on the General Consent Report,2026-04-22,true,auto_ok,sonnet-agent,enrich.v2.md,true,
2026-04-22:26-0672,2026-04-22,2026-04-22,regular,O.-5,56,general,Chief Systems and Services Officer,26-0672,https://ousd.legistar.com/LegislationDetail.aspx?ID=68098&GUID=7F813244-B861-4A9D-9FFB-5FC26F347C45,Construction Agreement Between Owner and Contractor – Apex Refrigeration Corporation – Skyline High School Freezer Door Installation Project – Nutrition Services Department,"Ratification by the Board of Education of a Construction Agreement Between Owner and Contractor by and between the District and Apex Refrigeration Corporation, Concord, CA, for the latter to provide all labor, materials, equipment, and supervision to install (1) One Walk in Cooler door with frame 38” X 78” with flat frame, hinges, closer, with window, and  (1) One Walk in Freezer door with heated window, four sided frame with heater, hinges and closer, for the Skyline High School Freezer Door Installation Project, described in the proposal dated March 7, 2026, attached to this Agreement as Exhibit A, in the amount of $18,079.90, with the work commencing April 6, 2026, and being completed by June 30, 2026.",Agreement or Contract,"Deputy Chief, Facilities Planning and Management",009089,v-009089,KIT Fund,"Approves $18,079.90 to Apex Refrigeration for new walk-in cooler and freezer doors at Skyline High","Apex Refrigeration will install a new walk-in cooler door and a new walk-in freezer door with a heated window at Skyline High School's kitchen. Work started April 6, 2026 and is to finish by June 30, 2026. The board is ratifying (approving after the fact) the agreement.",School buildings & construction,new_agreement,Apex Refrigeration Corporation,,Skyline High School,expense,fixed,18079.9,,,,,true,2026-04-06,2026-06-30,after_work_began,,,Adopted on the General Consent Report,2026-04-22,true,auto_ok,sonnet-agent,enrich.v2.md,true,
2026-04-22:26-0673,2026-04-22,2026-04-22,regular,O.-6,57,general,Chief Systems and Services Officer,26-0673,https://ousd.legistar.com/LegislationDetail.aspx?ID=68099&GUID=32410576-8CA7-4368-8636-98987FF49140,Construction Agreement Between Owner and Contractor – R.F. Contractors – Sequoia Elementary School & Madison Park Academy Primary Kitchen Floor Replacement Project– Nutrition Services Department,"Approval by the Board of Education of a Construction Agreement Between Owner and Contractor by and between the District and R F Contractors, Oakland, CA, for the latter to provide all labor, materials, equipment, and supervision to replace the sheet vinyl flooring in the Sequoia Elementary School Kitchen per OUSD standards, with work including coordinating equipment movement with OUSD, demolishing and disposing of existing flooring and the raised platform, preparing the subfloor (grinding and leveling), and installing Mannington Assurance III or approved equal with a 6"" integral cove base, heat-welded seams, and transitions at all thresholds, with all materials new, first-quality, and installed per manufacturer specifications for the Sequoia Elementary School and Madison Park Academy Primary Kitchen Floor Replacement Projects, described in the proposal dated March 7, 2026, attached to this Agreement as Exhibit A, in the amount of $47,458.48, with the work commencing May 15, 2026, and being completed by July 30, 2026.",Agreement or Contract,"Deputy Chief, Facilities Planning and Management",009021,v-009021,KIT Fund,"Approves $47,458.48 to R.F. Contractors to replace kitchen floors at Sequoia Elementary and Madison Park Academy","R.F. Contractors will tear out the old kitchen flooring and a raised platform, prepare the subfloor, and install new sheet vinyl flooring with a cove base. The work is for the Sequoia Elementary School and Madison Park Academy primary kitchens and is to run from May 15 to July 30, 2026.",School buildings & construction,new_agreement,R F Contractors,,Sequoia Elementary School; Madison Park Academy,expense,fixed,47458.48,,,,,true,2026-05-15,2026-07-30,,,,Adopted on the General Consent Report,2026-04-22,true,auto_ok,sonnet-agent,enrich.v2.md,true,
2026-04-22:26-0674,2026-04-22,2026-04-22,regular,O.-7,58,general,Chief Systems and Services Officer,26-0674,https://ousd.legistar.com/LegislationDetail.aspx?ID=68100&GUID=672B3BFC-D217-4A80-B96A-1287F7433EF8,Construction Agreement Between Owner and Contractor – Tulum Innovative Engineering – Edna Brewer Middle School & McClymonds School Café Electrical Project – Nutrition Services Department,"Ratification by the Board of Education of a Construction Agreement Between Owner and Contractor by and between the District and Tulum Innovative Engineering, Oakland, CA, for the latter to connect plug whips to two (2) electric steam tables; splice whips to lights and steam basin heating control; wire and plugs provided by others; test wire and label for Edna Brewer Middle School and, connect plug whips to one (1) electric steam table; splice whips to lights and steam basin heating control; wire and plugs provided by others; re-arrange existing power outlets to accommodate the new outlet; install new junction box and receptacle for steam table; test wire and label for McClymonds High School, as described in the proposal dated March 1, 2026, attached to this Agreement as Exhibit A., for the Edna Brewer Middle School & McClymonds High School Café Electrical Project, in the amount of $4,330.00, with the work commencing March 4, 2026, and being completed by April 1, 2026.",Agreement or Contract,"Deputy Chief, Facilities Planning and Management",004387,v-004387,KIT Fund,"Approves $4,330 to Tulum Innovative Engineering for steam table electrical work at two school cafes","Tulum Innovative Engineering will connect electric steam tables and related lights and controls at Edna Brewer Middle School and McClymonds High School, including a new outlet at McClymonds. Work started March 4, 2026 and was to be finished by April 1, 2026. The board is ratifying (approving after the fact) the agreement.",School buildings & construction,new_agreement,Tulum Innovative Engineering,organization,Edna Brewer Middle School; McClymonds High School,expense,fixed,4330,,,,,true,2026-03-04,2026-04-01,after_work_began,,,Adopted on the General Consent Report,2026-04-22,true,auto_ok,sonnet-agent,enrich.v2.md,true,
2026-04-22:26-0682,2026-04-22,2026-04-22,regular,O.-8,59,general,Chief Systems and Services Officer,26-0682,https://ousd.legistar.com/LegislationDetail.aspx?ID=68108&GUID=B4AEA1A4-5ECA-48CE-B562-F07EAFA7092F,"Change Order No. 1, Agreement Between Owner and Contractor – Nicholas Guiterrez dba N G Builder Company – Highland Child Development Center Play Yard Site Improvement Project – Division of Facilities Planning and Management","Approval by the Board of Education of Change Order No. 1, Agreement Between Owner and Contractor by and between the District and Nicholas Guiterrez dba N G Builder Company, Santa Clara, CA, extending the term of the Agreement from December 11, 2025, through February 25, 2026, to April 30, 2026 (an additional 64 calendar days), due to delay in play equipment procurement, as identified in the PCO No. 1, at no additional cost, for the Highland Child Development Center Play Yard Site Improvement Project. All other terms and conditions of the Agreement remain in full force and effect.",Agreement or Contract,"Deputy Chief, Facilities Planning and Management",009085,v-009085,OCI Oakland Children Initiative,"Extends Highland play yard construction to April 30, 2026 at no added cost","This change order gives N G Builder Company 64 more calendar days, moving the end date from February 25 to April 30, 2026. The delay is due to late delivery of play equipment, as identified in a preliminary change order (PCO). The contract price does not change.",School buildings & construction,change_order,Nicholas Guiterrez dba N G Builder Company,,Highland Child Development Center,no_cost,,,,,,,true,2025-12-11,2026-04-30,after_work_began; time_extension_only,,,Adopted on the General Consent Report,2026-04-22,true,auto_ok,sonnet-agent,enrich.v2.md,true,
2026-04-22:26-0708,2026-04-22,2026-04-22,regular,O.-9,60,general,Chief Systems and Services Officer,26-0708,https://ousd.legistar.com/LegislationDetail.aspx?ID=68134&GUID=0186A366-93A1-44B9-BD70-29281EAF05D8,"General Services Agreement – Geo-Engineering Solutions, Inc. – Hoover Elementary School Turf Field Replacement Project - Division of Facilities Planning and Management","Approval by the Board of Education of a General Services Agreement by and  between the District and Geo-Engineering Solutions, Inc., San Ramon, CA, for the latter to provide geotechnical engineering services, as further described in Exhibit A, for the Hoover Elementary School Turf Field Replacement Project, in the amount of $52,349.00, which includes a contingency fee of $4,759.00, as the selected consultant, with work scheduled to commence on April 23, 2026, and scheduled to last until October 30, 2026.",Agreement or Contract,"Deputy Chief, Facilities Planning and Management",009582,v-009582,Fund 01 General Fund ELOP,"Approves $52,349 for Geo-Engineering Solutions' soil and geotechnical work for the Hoover Elementary turf field","Geo-Engineering Solutions will provide geotechnical (soil and ground) engineering services for the Hoover Elementary School turf field replacement. The amount includes a $4,759 contingency fee. Work is scheduled from April 23 to October 30, 2026.",School buildings & construction,new_agreement,"Geo-Engineering Solutions, Inc.",,Hoover Elementary School,expense,fixed,52349,,,,,true,2026-04-23,2026-10-30,,,,Adopted on the General Consent Report,2026-04-22,true,auto_ok,sonnet-agent,enrich.v2.md,true,
2026-04-22:26-0719,2026-04-22,2026-04-22,regular,O.-10,61,general,Chief Systems and Services Officer,26-0719,https://ousd.legistar.com/LegislationDetail.aspx?ID=68145&GUID=BCC8D162-4C0B-4994-8E83-7B4D07F1ADB0,"Amendment No. 1, General Services Agreement – Rincon Consultants, Inc. – Brownfield Assessment and Cleanup Work-Plan at The Center Project - Division of Facilities Planning and Management","Approval by the Board of Education of Amendment No. 1, General Services Agreement by and between the District and Rincon Consultants, Inc., Oakland, CA, for the latter to provide additional environmental services due to expanded schedule and increased Scope of Work as described in the Proposal dated March 12, 2026, attached to this Amendment as Exhibit A, in the additional amount of $156,568.00, increasing the Agreement not-to-exceed amount from $772,984.80 to $929,552.80, and extending the term of the Agreement from June 5, 2025 through December 31, 2026 to December 31, 2027, an additional 365 calendar days. All other terms and conditions of the Agreement remain in full force and effect.",Agreement or Contract,"Deputy Chief, Facilities Planning and Management",009589,v-009589,Fund 35,"Adds $156,568 to Rincon Consultants' environmental work for The Center project","This amendment adds environmental services because the schedule has expanded and the scope of work has grown. It raises the contract limit from $772,984.80 to $929,552.80 and extends the end date from December 31, 2026 to December 31, 2027.",School buildings & construction,amendment,"Rincon Consultants, Inc.",,,expense,not_to_exceed,156568,,,772984.8,929552.8,true,2025-06-05,2027-12-31,raises_existing_contract; multi_year,,,Adopted on the General Consent Report,2026-04-22,true,auto_ok,sonnet-agent,enrich.v2.md,true,
2026-04-22:26-0745,2026-04-22,2026-04-22,regular,O.-11,62,general,Chief Systems and Services Officer,26-0745,https://ousd.legistar.com/LegislationDetail.aspx?ID=68171&GUID=E7FBBA8E-D382-4147-BF9C-FBED116874CC,Construction Agreement Between Owner and Contractor – Emergency Rooter – Peralta Elementary Emergency Kitchen Plumbing Remediation Project – Nutrition Services Department,"Ratification by the Board of Education of Construction Agreement Between Owner and Contractor by and between the District and Emergency Rooter, Oakland, CA, for the latter to provide construction services including the removal and demolition of the existing three-compartment sink and associated fixtures; the installation of a new three-compartment sink and fixtures; and the installation of new water filtration systems at the sink, for the Peralta Elementary Emergency Kitchen Plumbing Remediation Project, in the total amount of $4,825.00, with the work commencing April 6, 2026, and being completed by June 30, 2026.",Agreement or Contract,"Deputy Chief, Facilities Planning and Management",001567,v-001567,KIT Fund,"Approves $4,825 to Emergency Rooter for emergency kitchen plumbing repairs at Peralta Elementary","Emergency Rooter will remove the old three-compartment sink and fixtures, install a new sink and fixtures, and add new water filtration at the sink in the Peralta Elementary kitchen. Work started April 6, 2026 and is to finish by June 30, 2026. The board is ratifying (approving after the fact) the agreement.",School buildings & construction,new_agreement,Emergency Rooter,organization,Peralta Elementary,expense,fixed,4825,,,,,true,2026-04-06,2026-06-30,after_work_began; emergency,,,Adopted on the General Consent Report,2026-04-22,true,auto_ok,sonnet-agent,enrich.v2.md,true,
2026-04-22:26-0704,2026-04-22,2026-04-22,regular,O.-12,64,general,"Chief, Talent",26-0704,https://ousd.legistar.com/LegislationDetail.aspx?ID=68130&GUID=14E40B79-71E2-4777-9014-FD57279877E0,Services Agreement 2025-2026 - Alana Ross Events - Talent / Human Resources Department,"Ratification by the Board of Education of a Services Agreement 2025-2026 by and between the District and Alana Ross Events, Oakland, CA, for the latter to provide comprehensive planning, coordination, and on-site management for the 2026 Employee Health Fair and Honoring Our Own Employee Recognition Program, including budget oversight, vendor management, logistics, and participant support to ensure both events run smoothly and efficiently, as further described in Exhibit A of the Agreement, via Talent / Human Resources Department, for the period of March 15, 2026 through June 30, 2026, in an amount not to exceed $80,000.00.",Agreement or Contract,"Deputy Chief, Talent",000329,v-000329,General Purpose-unrestricted,"Approves up to $80,000 for Alana Ross Events to run the 2026 Employee Health Fair and recognition program","Alana Ross Events will plan, coordinate and manage the 2026 Employee Health Fair and the Honoring Our Own Employee Recognition Program, including budget oversight, vendors, logistics and participant support. The agreement covers March 15 through June 30, 2026. The board is ratifying (approving after the fact) the agreement.",Staff & hiring,new_agreement,Alana Ross Events,organization,,expense,not_to_exceed,80000,,,,,true,2026-03-15,2026-06-30,after_work_began,,,Adopted on the General Consent Report,2026-04-22,true,auto_ok,sonnet-agent,enrich.v2.md,true,
2026-04-22:26-0723,2026-04-22,2026-04-22,regular,O.-13,65,general,"Chief, Talent",26-0723,https://ousd.legistar.com/LegislationDetail.aspx?ID=68149&GUID=7A3762E3-0036-4C4F-AE34-59BA8B74C6FE,Memorandum of Understanding and Interagency Agreement - University of Southern California - Rossier School of Education - Talent/Human Resources Department,"Approval by the Board of Education of Memorandum of Understanding and Interagency Agreement (MOU or Agreement) for an Intern Partnership Program and Practica Program-applying to credentials in TK-12 Teaching, including Multiple Subjects, Single Subjects, Designated Subjects, and Special Education Categories, including Added or Supplementary Authorizations; including Pupil Personnel Services in Communicative Sciences & Disorders, Mental Health & Wellness, Counseling & Guidance, Education Intervention or Educational Therapy, Social Work, Administration, and other Pupil Personnel Services credentials and certifications, as may be specified; including Fieldwork Experience for Master of Arts or Science and other Graduate-Level Degrees or Certifications with Emphasis in Pupil Personnel Services; including Fieldwork Experience for Pre-Credential Candidate Undergraduate Students-is entered into by and between Oakland Unified School District (District or OUSD), a public school district in the State of California, County of Alameda, and University of Southern California, on behalf of its Rossier School of Education (University or USC), a California nonprofit, private University-for the term July 1, 2026 through June 30, 2031 at no cost to the District other than for certain Non-Teaching Interns in PPS categories (Article 6/#6), who are not employees of the District but may be allocated stipends (Article 6/#6) drawn from non-profit organizational grants to the District (e.g. Ed Fund), administered by the relevant departments of the District. [See Fiscal Impact]",Agreement or Contract,"Deputy Chief, Talent",,n-university-of-southern-california-rossier-school-of-education,,Sets up a five-year teacher and student-support intern partnership with USC at no cost to the district,"This memorandum of understanding (MOU) with the University of Southern California's Rossier School of Education sets up intern and fieldwork placements for teaching and pupil personnel services (such as counseling and social work) credentials. It runs July 1, 2026 through June 30, 2031 at no cost to the district, except that some non-teaching interns may receive stipends paid from nonprofit grants such as the Ed Fund. No stipend amounts are stated.",Staff & hiring,mou_or_data_sharing,"University of Southern California, Rossier School of Education",,,no_cost,,,,,,,true,2026-07-01,2031-06-30,multi_year,,,Adopted on the General Consent Report,2026-04-22,true,auto_ok,sonnet-agent,enrich.v2.md,true,
2026-04-22:26-0724,2026-04-22,2026-04-22,regular,O.-14,66,general,"Chief, Talent",26-0724,https://ousd.legistar.com/LegislationDetail.aspx?ID=68150&GUID=1648407E-418E-4AD3-A10E-DF79247AD68C,Memorandum of Understanding and Interagency Agreement - Alameda County Office of Education - Talent/Human Resources Department,"Approval by the Board of Education of Memorandum of Understanding and Interagency Agreement (MOU or Agreement) for an Alternative Certification Intern Partnership Program-applying to credentials in PK-12 Teaching, including Multiple Subjects, Single Subjects, Designated Subjects, and Special Education Categories, including Added or Supplementary Authorizations and Early Completion Option-is entered into by and between Oakland Unified School District (District or OUSD), a public school district in the State of California, County of Alameda, and Alameda County Office of Education (ACOE or County Office of Education), serving as the professional advancement and training hub and the certification program provider, as an institution of higher education (IHE), a county office of education under the auspices of the State of California-for the term July 1, 2025 through June 30, 2026 at no cost to the District other than for Teacher Interns (Article 6/#6), who are employees of the District and are paid salaries in conjunction with their employment, according to the collective bargaining contract for their unit (Article 6/#7). [See Fiscal Impact]",Agreement or Contract,"Deputy Chief, Talent",,v-000318,,Renews a teacher intern certification partnership with the Alameda County Office of Education,"This memorandum of understanding (MOU) continues an alternative certification program for teacher interns, who work as paid district employees while earning their credentials through the county office of education. It covers July 1, 2025 through June 30, 2026 and costs the district nothing beyond the interns' regular salaries under their union contract.",Staff & hiring,mou_or_data_sharing,Alameda County Office of Education,,,no_cost,,,,,,,true,2025-07-01,2026-06-30,after_work_began,,,Adopted on the General Consent Report,2026-04-22,true,auto_ok,sonnet-agent,enrich.v2.md,true,
2026-04-22:26-0785,2026-04-22,2026-04-22,regular,O.-15,67,general,"Chief, Talent",26-0785,https://ousd.legistar.com/LegislationDetail.aspx?ID=68211&GUID=3DBAF3A8-15EA-43EE-856D-C30F4B7EDBF6,Services Agreement – The Regents of the University of California – National Board Certification Teacher Support – Talent/Human Resources Department,"Adoption by the Board of Education of a Services Agreement by and between the District and The Regents of the University of California, on behalf of its Center for Research On Expanding Educational Opportunity (CREED), National Board Resource Center (NBRC) at its Berkeley Campus, Berkeley, CA, for the latter to partner with the  District (OUSD) to support teachers in pursuing National Board Certification (NBC) - the gold standard for teacher certification -  by recruiting, retaining, and training up to 75 teachers over three years to pursue National Board Certification, for the term of August 1, 2025 through June 30, 2026, in an amount not to exceed $100,000.00.",Agreement or Contract,"Deputy Chief, Talent",004412,v-004412,Educator Effectiveness,"Approves up to $100,000 for UC Berkeley to support teachers seeking National Board Certification","The UC Berkeley National Board Resource Center will help OUSD recruit, keep and train teachers who are pursuing National Board Certification. The text says the work targets up to 75 teachers over three years, but this agreement covers August 1, 2025 through June 30, 2026.",Staff & hiring,new_agreement,"The Regents of the University of California (CREED, National Board Resource Center)",,,expense,not_to_exceed,100000,,,,,true,2025-08-01,2026-06-30,after_work_began,,,Adopted on the General Consent Report,2026-04-22,true,auto_ok,sonnet-agent,enrich.v2.md,true,
2026-04-22:26-0794,2026-04-22,2026-04-22,regular,O.-16,68,general,"Chief, Talent",26-0794,https://ousd.legistar.com/LegislationDetail.aspx?ID=68220&GUID=D993C746-4C35-4EDF-9BEB-21B787094BC1,Personnel Report No. 2526-0009 - Talent/Human Resources Department,Approval by the Board of Education of Personnel Report No. 2526-0009 - Talent/Human Resources Department.,Personnel Report,"Deputy Chief, Talent",,,,Approves Personnel Report No. 2526-0009 from the Talent/Human Resources Department,The board is approving a routine personnel report from the Talent/Human Resources Department. The agenda text does not list the individual personnel actions or any dollar amounts.,Staff & hiring,personnel,,,,expense,,,,,,,true,,,,,,Adopted on the General Consent Report,2026-04-22,true,auto_ok,sonnet-agent,enrich.v2.md,true,
2026-04-22:26-0725,2026-04-22,2026-04-22,regular,O.-17,69,general,"Chief, Talent",26-0725,https://ousd.legistar.com/LegislationDetail.aspx?ID=68151&GUID=3E0EC7CA-DDCD-4774-A3D0-7F6669F45C3B,"Proclaiming - April 22, 2026 - Administrative Professionals Day","Adoption by the Board of Education of Resolution No. 2526-0087 - Proclaiming April 22, 2026, as Administrative Professionals Day.",Resolution,"Deputy Chief, Talent",,,,"Proclaims April 22, 2026 as Administrative Professionals Day","This resolution recognizes April 22, 2026 as Administrative Professionals Day in the district. It has no stated cost.",Governance & board business,resolution_or_policy,,,,no_cost,,,,,,,true,,,,,,Adopted on the General Consent Report,2026-04-22,true,auto_ok,sonnet-agent,enrich.v2.md,true,
2026-04-22:26-0726,2026-04-22,2026-04-22,regular,O.-18,70,general,"Chief, Talent",26-0726,https://ousd.legistar.com/LegislationDetail.aspx?ID=68152&GUID=6AB550BF-0C40-4037-9084-9EFD7EDE05F6,"Proclaiming – May 13, 2026 – Oakland Unified School District’s Day of the Teacher","Adoption by the Board of Education of Resolution No. 2526-0088 - Proclaiming May 13, 2026, as the Day of the Teacher.",Resolution,"Deputy Chief, Talent",,,,"Proclaims May 13, 2026 as the district's Day of the Teacher","This resolution recognizes May 13, 2026 as the Day of the Teacher in the district. It has no stated cost.",Governance & board business,resolution_or_policy,,,,no_cost,,,,,,,true,,,,,,Adopted on the General Consent Report,2026-04-22,true,auto_ok,sonnet-agent,enrich.v2.md,true,
2026-04-22:26-0786,2026-04-22,2026-04-22,regular,O.-19,71,general,"Chief, Talent",26-0786,https://ousd.legistar.com/LegislationDetail.aspx?ID=68212&GUID=897C08DE-6D7E-434C-990C-2FB7949CDDE3,"Designation/Selection – Dawn James, Iyla Ollinger, and Megan Hatscheck – Collectively and Individually, as Oakland Unified School District’s 2026-2027 Teachers of the Year - Talent/Human Resources Department","Adoption by the Board of Education of Resolution No. 2526-0093 - Designation/Selection of Dawn James, Iyla Ollinger, and Megan Hatscheck, collectively and individually, as Oakland Unified School District's 2026-2027 Teachers of the Year.",Resolution,"Deputy Chief, Talent",,,,Names three teachers as OUSD's 2026-2027 Teachers of the Year,"This resolution designates three teachers, collectively and individually, as the district's 2026-2027 Teachers of the Year. It has no stated cost.",Governance & board business,resolution_or_policy,,,,no_cost,,,,,,,true,,,,,,Adopted on the General Consent Report,2026-04-22,true,auto_ok,sonnet-agent,enrich.v2.md,true,
2026-04-22:26-0316,2026-04-22,2026-04-22,regular,O.-20,73,general,Chief Academic Officer,26-0316,https://ousd.legistar.com/LegislationDetail.aspx?ID=67742&GUID=2972F21E-28F8-46C3-A305-E11F4678D052,"Services Agreement and Data Use Agreement - Care Solace, Inc - Community Schools and Student Services Department","Ratification by the Board of Education of a Services Agreement (SA) and a Data Use Agreement (DUA), each, by and between the District and Care Solace, Inc., Los Angeles, CA, for the latter, under the SA, to provide a) Software-As-A-Service (“SaaS”) platform through which Oakland Unified School District (“OUSD”) and its authorized users may access Student Services Information Management Services, Care Coordination Services, and b) Care Companion Services; c) “All-in-One EMR” Billing Services, each as defined in Exhibit A of the SA, for the term of July 1, 2025 through June 30, 2026, at a cost not to exceed $86,000.00, and a Data use Agreement by and between the District and Care Solace, Inc., defining the terms and conditions of the District’s transmission of or sharing of pupil data with Care Solace, Inc., and the protection by Care Solace, Inc., of such data, for the same term as the SA, each, via the Community Schools and Student Services Department",Agreement or Contract,Chief Academic Officer,007294,v-007294,"Alameda Alliance for Health, Alameda County Office of Ed","Approves up to $86,000 for Care Solace's student care coordination and billing software","Care Solace provides a software platform for student services information management, care coordination and companion services, plus billing services for health-care claims. A separate data use agreement sets the rules for sharing student data with Care Solace and protecting it. The agreements cover July 1, 2025 through June 30, 2026, and the board is ratifying them (approving after the fact).","Student health, support & family services",new_agreement,"Care Solace, Inc.",,,expense,not_to_exceed,86000,,,,,true,2025-07-01,2026-06-30,after_work_began,,,Adopted on the General Consent Report,2026-04-22,true,auto_ok,sonnet-agent,enrich.v2.md,true,
2026-04-22:26-0534,2026-04-22,2026-04-22,regular,O.-21,74,general,Chief Academic Officer,26-0534,https://ousd.legistar.com/LegislationDetail.aspx?ID=67960&GUID=9B5A0A32-7928-401F-88F6-C46F10917D9B,Provider Participation Agreement – California Department of Health Care Services – Local Educational Agency Medi-Cal Billing Option Program (LEA BOP) - Community Schools and Student Services Department,"Approval by the Board of Education of a Local Educational Agency Medi-Cal Billing Option Program (LEA BOP) Provider Participation Agreement by and between the California Department of Health Care Services and the District, permitting the latter, as a qualified Local Educational Agency (LEA) registered with Medi-Cal, to participate as an LEA Provider of services under California’s Medicaid Billing Option Program (LEA BOP) and to improve access to the services needed starting on July 1, 2026, pursuant to the terms and conditions of the Agreement.",Agreement or Contract,Chief Academic Officer,,n-california-department-of-health-care-services,,"Enrolls OUSD in California's Medi-Cal school billing program starting July 1, 2026",This agreement with the California Department of Health Care Services lets the district take part as a Local Educational Agency (LEA) provider in the state's Medi-Cal Billing Option Program. The program is meant to improve access to needed services. The text does not state any dollar amounts.,"Student health, support & family services",new_agreement,California Department of Health Care Services,,,no_cost,,,,,,,true,2026-07-01,,,,,Adopted on the General Consent Report,2026-04-22,true,auto_ok,sonnet-agent,enrich.v2.md,true,
2026-04-22:26-0537,2026-04-22,2026-04-22,regular,O.-22,75,general,Chief Academic Officer,26-0537,https://ousd.legistar.com/LegislationDetail.aspx?ID=67963&GUID=57BC1FE1-4525-424F-B9C0-31D30F7FE135,Memorandum of Understanding – Sacramento County Office of Education - Children Youth Behavioral Health Initiative Bridge Grant– Community Schools and Student Services Department,"Approval by the Board of Education of a Memorandum of Understanding by and between the Sacramento County Office of Education, Sacramento, CA, and the District, with the latter accepting a funding grant in the amount of $252,770.00, to provide services pursuant to the Children Youth Behavioral Health Initiative, i.e., provide mental health interns and behavioral health support to increase District’s students’ access to academics, for the period of July 1, 2025 through June 30, 2026, pursuant to terms and conditions of the Agreement.",Agreement or Contract,Chief Academic Officer,,n-sacramento-county-office-of-education,,"Accepts a $252,770 Sacramento County grant for student mental health interns and support","The district will receive a grant from the Sacramento County Office of Education under the Children and Youth Behavioral Health Initiative. The money pays for mental health interns and behavioral health support so students have better access to academics. The grant period is July 1, 2025 through June 30, 2026.","Student health, support & family services",grant_or_funding_in,Sacramento County Office of Education,,,revenue,fixed,252770,,,,,true,2025-07-01,2026-06-30,after_work_began,,,Adopted on the General Consent Report,2026-04-22,true,auto_ok,sonnet-agent,enrich.v2.md,true,
2026-04-22:26-0538,2026-04-22,2026-04-22,regular,O.-23,76,general,Chief Academic Officer,26-0538,https://ousd.legistar.com/LegislationDetail.aspx?ID=67964&GUID=D865BDCA-2B51-40A8-BB28-8D260FEFB887,"Services Agreement 2025-2026 - Silicon Valley Mathematics Initiative (SVMI), LLC - Strategic Resource Planning Department","Ratification by the Board of Education of a Services Agreement 2025-2026 by and between the District and Silicon Valley Mathematics Initiative (SVMI), LLC, San Jose, CA, for the latter to provide two parts to the Scope of Work: 
·	In-Person Professional Learning. SVMI will facilitate professional learning sessions to support science teachers in implementing language routines and re-engaging students to elevate student voice and engagement through discourse; and. 
·	Coaching to the instructional lead and Administration to create and sustain structures, such as the scope of PD work referenced here, to ensure continued and strengthened instructional practices to support student learning
for the period of February 16, 2026, through May 15, 2026, in an amount not to exceed $12,000.00.",Agreement or Contract,Chief Academic Officer,009875,v-003932,Title 2-a Teacher Quality,"Approves up to $12,000 for Silicon Valley Mathematics Initiative to coach science teachers","The Silicon Valley Mathematics Initiative will lead in-person professional learning for science teachers on language routines and student discussion, and coach the instructional lead and administrators. The agreement covers February 16 through May 15, 2026, and the board is ratifying it (approving after the fact).",Classroom & academic programs,new_agreement,"Silicon Valley Mathematics Initiative (SVMI), LLC",,,expense,not_to_exceed,12000,,,,,true,2026-02-16,2026-05-15,after_work_began,,,Adopted on the General Consent Report,2026-04-22,true,auto_ok,sonnet-agent,enrich.v2.md,true,
2026-04-22:26-0578,2026-04-22,2026-04-22,regular,O.-24,77,general,Chief Academic Officer,26-0578,https://ousd.legistar.com/LegislationDetail.aspx?ID=68004&GUID=2C5AB694-E8BD-4EB0-95F0-ED11962E0B5B,"Proclamation - April 19-25, 2026 - Oakland Adult & Career Education Week","Approval by the Board of Education of Resolution No. 2526-0044 - Proclaiming - April 19-25, 2026 - Adult Education Week in California (Oakland Adult & Career Education).",Agreement or Contract,Chief Academic Officer,,,No Fiscal Impact,"Proclaims April 19-25, 2026 as Adult Education Week for Oakland Adult & Career Education","This resolution recognizes April 19-25, 2026 as Adult Education Week in California, highlighting Oakland Adult & Career Education. The item lists no fiscal impact.",Governance & board business,resolution_or_policy,,,,no_cost,,,,,,,true,,,,,,Adopted on the General Consent Report,2026-04-22,true,auto_ok,sonnet-agent,enrich.v2.md,true,
2026-04-22:26-0582,2026-04-22,2026-04-22,regular,O.-25,78,general,Chief Academic Officer,26-0582,https://ousd.legistar.com/LegislationDetail.aspx?ID=68008&GUID=6A42AA2E-819C-4411-AA17-DEF92A756DB3,Services Agreement 2025-2026 - Rupa Gupta - Middle School Network,"Ratification by the Board of Education of a Services Agreement 2025-2026 by and between the District and Rupa Gupta, Oakland, CA, for the latter to provide weekly leadership and executive coaching sessions to Clifford Hong, Middle School Superintendent of Oakland Unified School District, with sessions including  thought partnership in leadership, organizational, pedagogical and systems challenges to support Mr. Hong's personal and professional development, via Middle School Network, for the period of March 1, 2026 through May 29, 2026, in an amount not to exceed $5,000.00.",Agreement or Contract,Chief Academic Officer,007304,v-007304,S&C Carryover,"Approves up to $5,000 for an executive coach for the middle school superintendent","Rupa Gupta will provide weekly leadership and executive coaching sessions to the Middle School Superintendent. The sessions cover leadership, organizational and instructional challenges. The agreement runs March 1 through May 29, 2026, and the board is ratifying it (approving after the fact).",Staff & hiring,new_agreement,Rupa Gupta,,,expense,not_to_exceed,5000,,,,,true,2026-03-01,2026-05-29,after_work_began,,,Adopted on the General Consent Report,2026-04-22,true,auto_ok,sonnet-agent,enrich.v2.md,true,
2026-04-22:26-0590,2026-04-22,2026-04-22,regular,O.-26,79,general,Chief Academic Officer,26-0590,https://ousd.legistar.com/LegislationDetail.aspx?ID=68016&GUID=AA310DFB-C1F1-450C-A6F3-7DB43613560C,"Amendment No. 1, Services Agreement 2025-2026 - Kathy Bennett - Community Schools and Student Services Department","Ratification by the Board of Education of Amendment No. 1, Services Agreement 2025-2026 by and between the District and Kathy Bennett, El Sobrante, CA, for the latter to provide additional hours per week allowing for expansion of mental health services to sites by adding MSW/MFT interns, for the unchanged period of August 15, 2025 through June 01, 2026, in the additional amount of $960.00, increasing the Agreement not to exceed amount from $10,800.00 to $11,760.00.  All other terms and conditions of the Agreement remain in full force and effect.",Agreement or Contract,Chief Academic Officer,007983,v-007983,General Purpose-unrestricted,"Adds $960 to a mental health services contract with an individual provider, raising the cap to $11,760","This amendment adds weekly hours so mental health services can expand to more school sites with the help of social work and family therapy interns. It raises the contract limit from $10,800 to $11,760. The service period (August 15, 2025 to June 1, 2026) does not change, and the board is ratifying the change (approving it after the fact).","Student health, support & family services",amendment,Kathy Bennett,individual,,expense,not_to_exceed,960,,,10800,11760,true,2025-08-15,2026-06-01,after_work_began; raises_existing_contract,,,Adopted on the General Consent Report,2026-04-22,true,auto_ok,sonnet-agent,enrich.v2.md,true,
2026-04-22:26-0591,2026-04-22,2026-04-22,regular,O.-27,80,general,Chief Academic Officer,26-0591,https://ousd.legistar.com/LegislationDetail.aspx?ID=68017&GUID=33719068-25C1-44CA-998C-CC58E74C47BD,"Amendment No. 1, Services Agreement 2025-2026 - Rob Skate Academy - Community Schools and Student Services Department","Approval by the Board of Education of Amendment No. 1, Services Agreement 2025-2026 by and between the District and Rob Skate Academy, San Leandro , CA, for the latter to provide an additional 120 hours of launching an inclusive skateboarding league designed especially for YES! Sports participants, hosting an exciting activation event with Oakland Roots and the Soul event that features skate demos and information tables to help spread the word about YES! Sports, and organizing a final skateboarding event on Saturday, May 23, 2026, at Lake Merritt in collaboration with the Oakland Parks and Recreation (OPR) boating event, in the additional amount of $100,000.00, increasing the Agreement to exceed amount from $250,000.00 to $350,000.00 and extending the Agreement term from August 28, 2025 through May 29, 2026 to May 31, 2026. All other terms and conditions of the Agreement remain in full force and effect.",Agreement or Contract,Chief Academic Officer,007960,v-007960,Expanded Learning Opp Programs,"Adds $100,000 to Rob Skate Academy's contract for the YES! Sports skateboarding league","This amendment adds 120 hours of work to launch an inclusive skateboarding league for YES! Sports participants, host an event with Oakland Roots and the Soul, and run a final skateboarding event on May 23, 2026 at Lake Merritt. It raises the contract limit from $250,000 to $350,000 and extends the end date from May 29 to May 31, 2026.",After-school & summer programs,amendment,Rob Skate Academy,,,expense,not_to_exceed,100000,,,250000,350000,true,2025-08-28,2026-05-31,raises_existing_contract,,,Adopted on the General Consent Report,2026-04-22,true,auto_ok,sonnet-agent,enrich.v2.md,true,
2026-04-22:26-0592,2026-04-22,2026-04-22,regular,O.-28,81,general,Chief Academic Officer,26-0592,https://ousd.legistar.com/LegislationDetail.aspx?ID=68018&GUID=C5A412EC-7E80-4D18-B040-52F0E8F471A4,"Amendment No. 2, Services Agreement 2025-2026 - Luna Dance & Creativity - Early Childhood Development Department","Ratification by the Board of Education of Amendment No. 2, Services Agreement 2025-2026  by and between the District and Luna Dance & Creativity, Berkeley, CA, for the latter to expand its work to integrate dance as a culturally responsive and holistic teaching strategy, and deepen educators' capacity to use dance within anti-bias, trauma-informed, and social-emotional learning (SEL) frameworks by increasing the number of school sites and classrooms that receive model dance classes, side-by-side coaching, and collaboration with the teachers to support dance integrated instruction, with three additional classrooms at Burbank Early Learning Center and three classrooms at Arroyo Viejo Child Development Center each receiving 15 weeks of model dance classes with side-by-side coaching, and dance activities will be increased at Kaiser Early Learning Center, for the unchanged period of February 2, 2026 through June 30, 2026, in the additional amount of $22,750.00, increasing the Agreement not to exceed amount $64,000.00 to $86,750.00.  All other terms and conditions of the Agreement remain in full force and effect.",Agreement or Contract,Chief Academic Officer,002661,v-002661,Prop28 Arts and Music,"Adds $22,750 to Luna Dance & Creativity's dance classes at early learning centers","This amendment expands Luna Dance & Creativity's model dance classes and side-by-side teacher coaching. Three more classrooms at Burbank Early Learning Center and three at Arroyo Viejo Child Development Center will each get 15 weeks of classes, and dance activities will increase at Kaiser Early Learning Center. The contract limit rises from $64,000 to $86,750 and the service period (February 2 to June 30, 2026) is unchanged. The board is ratifying the change (approving it after the fact).",Classroom & academic programs,amendment,Luna Dance & Creativity,,Burbank Early Learning Center; Arroyo Viejo Child Development Center; Kaiser Early Learning Center,expense,not_to_exceed,22750,,,64000,86750,true,2026-02-02,2026-06-30,after_work_began; raises_existing_contract,,,Adopted on the General Consent Report,2026-04-22,true,auto_ok,sonnet-agent,enrich.v2.md,true,
2026-04-22:26-0594,2026-04-22,2026-04-22,regular,O.-29,82,general,Chief Academic Officer,26-0594,https://ousd.legistar.com/LegislationDetail.aspx?ID=68020&GUID=E6D5EA89-981F-4062-8041-845D750903C5,"Amendment No. 1, Services Agreement 2025-2026 - Rito Global LLC - Community Schools and Student Services Department","Ratification by the Board of Education of Amendment No. 1,Services Agreement 2025-2026  by and between the District and Rito Global LLC, San Leandro, CA, for the latter to provide an additional 210 hours to support increased participation in Spring 2026 by managing administrative coordination, overseeing participant communications, leading family engagement efforts, planning and implementing family activation events, and coordinating a culminating boating event at Lake Merritt in partnership with Oakland Parks and Recreation, in the additional amount of $12,000.00, increasing the Agreement not to exceed amount from $70,000.00 to $82,000.00 and extending the Agreement term from August 11, 2025 through May 22, 2026 to June 30, 2026. All other terms and conditions of the Agreement remain in full force and effect.",Agreement or Contract,Chief Academic Officer,008101,v-008101,Expanded Learning Opp Programs,"Adds $12,000 to Rito Global's contract for spring family engagement and events","This amendment adds 210 hours so Rito Global can handle coordination, communications and family engagement for increased spring 2026 participation, including a boating event at Lake Merritt with Oakland Parks and Recreation. The contract limit rises from $70,000 to $82,000 and the end date moves from May 22 to June 30, 2026. The board is ratifying the change (approving it after the fact).",After-school & summer programs,amendment,Rito Global LLC,,,expense,not_to_exceed,12000,,,70000,82000,true,2025-08-11,2026-06-30,raises_existing_contract,,,Adopted on the General Consent Report,2026-04-22,true,auto_ok,sonnet-agent,enrich.v2.md,true,
2026-04-22:26-0598,2026-04-22,2026-04-22,regular,O.-30,83,general,Chief Academic Officer,26-0598,https://ousd.legistar.com/LegislationDetail.aspx?ID=68024&GUID=F36DCE1D-F8E6-403F-8810-765D0F9F1087,"Amendment No. 4, Standard [Grant] Agreement - California Department Social Services - California Newcomer Education and Well-Being - English Language Learner and Multilingual Achievement Office","Approval by the Board of Education of Amendment No. 4, Standard Agreement - State of California - Health and Human Services Agency - California Department of Social Services by and between the State of California and the District, with the latter accepting an increase in  California Newcomer Education & Well Being funding in the amount of $1,198,000.00, increasing the Agreement not to exceed amount from $3,578,306.56 to $4,776,306.56, to continue the ""CalNew"" Program, providing outreach, case management and wellness supports for newcomers, for the unchanged term of July 1, 2021 through June 30, 2027. All other terms and conditions of the Agreement remain in full force and effect.",Agreement or Contract,Chief Academic Officer,,n-california-department-of-social-services,,Accepts $1.198M more in state newcomer support funding for the CalNew program,"This amendment to the district's agreement with the California Department of Social Services adds $1,198,000 to the California Newcomer Education and Well-Being (CalNew) program. The program provides outreach, case management and wellness supports for newcomer students. The total agreement rises from $3,578,306.56 to $4,776,306.56, and the term (July 1, 2021 through June 30, 2027) does not change.","Student health, support & family services",amendment,California Department of Social Services,,,revenue,not_to_exceed,1198000,,,3578306.56,4776306.56,true,2021-07-01,2027-06-30,multi_year,,,Adopted on the General Consent Report,2026-04-22,true,auto_ok,sonnet-agent,enrich.v2.md,true,
2026-04-22:26-0630,2026-04-22,2026-04-22,regular,O.-31,84,general,Chief Academic Officer,26-0630,https://ousd.legistar.com/LegislationDetail.aspx?ID=68056&GUID=4CEADB45-F55F-4323-829F-A94EF5734116,"Amendment No. 1, Services Agreement 2025-2026 - Alyssa Rito - Community Schools and Student Services Department","Ratification by the Board of Education of Amendment No. 1, Services Agreement 2025-2026 by and between the District and Alyssa Rito, San Leandro, CA, for the latter to provide an additional 210 hours of service to support the implementation of Spring program activities, not included in the original Scope of Work, including  family activation events for soccer and skateboarding, as well as a culminating boating event in collaboration with Oakland Parks and Recreation (OPR), in the additional amount of $12,000.00, increasing the Agreement not to exceed amount from $60,000.00 to $72,000.00 and extending the Agreement term from August 11, 2025 through May 29, 2026 to June 30, 2026. All other terms and conditions of the Agreement remain in full force and effect.",Agreement or Contract,Chief Academic Officer,009300,v-009300,Expanded Learning Opp Programs,"Adds $12,000 and a month to a contractor's spring family events deal, now up to $72,000","A contractor in San Leandro will provide 210 more hours of help with spring program activities, including family events for soccer and skateboarding and a boating event with Oakland Parks and Recreation. The amendment adds $12,000, raising the not-to-exceed amount from $60,000 to $72,000, and extends the end date from May 29, 2026 to June 30, 2026. The Board is ratifying this after the agreement began on August 11, 2025.",After-school & summer programs,amendment,Alyssa Rito,,,expense,not_to_exceed,12000,,,60000,72000,true,2025-08-11,2026-06-30,raises_existing_contract,,,Adopted on the General Consent Report,2026-04-22,true,auto_ok,sonnet-agent,enrich.v2.md,true,
2026-04-22:26-0632,2026-04-22,2026-04-22,regular,O.-32,85,general,Chief Academic Officer,26-0632,https://ousd.legistar.com/LegislationDetail.aspx?ID=68058&GUID=DDE1C35A-E449-43A4-B34B-1BF9DF053F08,"Amendment No. 1, Services Agreement 2025-2026 - Chaiquis Stephens - Community Schools and Student Services Department","Ratification by the Board of Education of Amendment No. 1, Services Agreement 2025-2026 by and between the District and Chaiquis Stephens, Stockton, CA, for the latter to provide an additional 210 hours of consultant services to support the continued growth of the YES! Sports Program serving OUSD families, …;.support growth, by managing  increased administrative and coordination demands, including responding to increased family communications, supporting district classified staff working on Saturdays, and maintaining ongoing coordination with community sports providers; and support additional programmatic activities not included in the original Scope of Work, including family activation events for soccer and skateboarding and a culminating Lake Merritt boating event in partnership with Oakland Parks and Recreation, in the additional amount of $12,000.00, increasing the Agreement not to exceed amount from $60,000.00 to $72,000.00 and extending the Agreement term from August 11, 2025 through May 29, 2026 to June 30, 2026. All other terms and conditions of the Agreement remain in full force and effect.",Agreement or Contract,Chief Academic Officer,008000,v-008000,Expanded Learning Opp Programs,"Adds $12,000 to a consultant's YES! Sports Program support deal, now up to $72,000","A consultant in Stockton will provide 210 more hours to support the growing YES! Sports Program for Oakland families. This includes handling more family communications, supporting district staff who work on Saturdays, and running family events for soccer and skateboarding and a Lake Merritt boating event. The amendment adds $12,000, raising the not-to-exceed amount from $60,000 to $72,000, and extends the end date from May 29, 2026 to June 30, 2026. The Board is ratifying this after the agreement began on August 11, 2025.",After-school & summer programs,amendment,Chaiquis Stephens,,,expense,not_to_exceed,12000,,,60000,72000,true,2025-08-11,2026-06-30,raises_existing_contract,,,Adopted on the General Consent Report,2026-04-22,true,auto_ok,sonnet-agent,enrich.v2.md,true,
2026-04-22:26-0636,2026-04-22,2026-04-22,regular,O.-33,86,general,Chief Academic Officer,26-0636,https://ousd.legistar.com/LegislationDetail.aspx?ID=68062&GUID=9517C0A3-A4D2-4BB0-987E-76606DE0A5BF,Services Agreement 2025-2026 - Oakland Kids First - Castlemont High School,"Approval by the Board of Education of a Services Agreement 2025-2026 by and between the District and Oakland Kids First, Oakland, CA, for the latter to provide opportunities to support leadership class, culture, and climate activities, and run the cultural currency program on campus and supply the Knight Armory, the student store; assist students in lunchtime and after-school events, restorative justice circles, attendance challenges, and additional activities that promote positive school culture; provide students incentives; establish a Barber after-school program  at Castlemont High School, for the period of August 1, 2025, through June 30, 2026, in an amount not to exceed $50,000.00.",Agreement or Contract,Chief Academic Officer,003136,v-003136,ESSA: Comp Support & Improvmt,"Pays Oakland Kids First up to $50,000 for school culture programs at Castlemont High","Oakland Kids First will run student leadership and school culture activities at Castlemont High School. This includes a cultural currency program, lunchtime and after-school events, restorative justice circles, attendance challenges, student incentives, and a new barber after-school program. The agreement runs August 1, 2025 through June 30, 2026, so it began before this vote.","Student health, support & family services",new_agreement,Oakland Kids First,organization,Castlemont High School,expense,not_to_exceed,50000,,,,,true,2025-08-01,2026-06-30,after_work_began,,,Adopted on the General Consent Report,2026-04-22,true,auto_ok,sonnet-agent,enrich.v2.md,true,
2026-04-22:26-0643,2026-04-22,2026-04-22,regular,O.-34,87,general,Chief Academic Officer,26-0643,https://ousd.legistar.com/LegislationDetail.aspx?ID=68069&GUID=9F67BE91-222F-43DB-9D6A-9B5A693847CD,Services Agreement - Acta Non Verba - Summer Learning Programs - Grass Valley Elementary School,"Approval by the Board of Education of a Services Agreement by and between the District and Acta Non Verba, Oakland, CA, for the latter to provide nine hours of daily summer academic support and enrichment to District students who are in need of summer services to counter summer learning loss, and provide related services, perform tasks, as described in Exhibit A of the Agreement, incorporated herein by reference as though fully set forth, for the Summer Learning Program at Grass Valley Elementary School, via the Community Schools and Student Services Department, for the period of June 8, 2026 through July 10, 2026, in an amount not to exceed $81,742.00.",Agreement or Contract,Chief Academic Officer,006614,v-006614,Expanded Learning Opp Programs,"Pays Acta Non Verba up to $81,742 to run summer learning at Grass Valley Elementary","Acta Non Verba will provide nine hours a day of summer academic support and enrichment for students at Grass Valley Elementary School, to help counter summer learning loss. The program runs June 8, 2026 through July 10, 2026.",After-school & summer programs,new_agreement,Acta Non Verba,organization,Grass Valley Elementary School,expense,not_to_exceed,81742,,,,,true,2026-06-08,2026-07-10,,,,Adopted on the General Consent Report,2026-04-22,true,auto_ok,sonnet-agent,enrich.v2.md,true,
2026-04-22:26-0644,2026-04-22,2026-04-22,regular,O.-35,88,general,Chief Academic Officer,26-0644,https://ousd.legistar.com/LegislationDetail.aspx?ID=68070&GUID=4228B8F0-1E6A-4AF2-BFEB-5B8A62CB1559,Services Agreement - Aim High - Summer Learning Programs - Westlake Middle School - Community Schools and Student Services Department,"Approval by the Board of Education of a Services Agreement by and between the District and Aim High, San Francisco, CA, for the latter to provide nine hours of daily summer academic support and enrichment to District students who are in need of summer services to counter summer learning loss, and provide related services, perform tasks, as described in Exhibit A of the Agreement, incorporated herein by reference as though fully set forth, for the Summer Learning Program at Westlake Middle School, via the Community Schools and Student Services Department, for the period of June 15, 2026 through July 17, 2026, in an amount not to exceed $70,242.00.",Agreement or Contract,Chief Academic Officer,000298,v-000298,Expanded Learning Opp Programs,"Pays Aim High up to $70,242 to run summer learning at Westlake Middle School","Aim High will provide nine hours a day of summer academic support and enrichment for students at Westlake Middle School, to help counter summer learning loss. The program runs June 15, 2026 through July 17, 2026.",After-school & summer programs,new_agreement,Aim High,organization,Westlake Middle School,expense,not_to_exceed,70242,,,,,true,2026-06-15,2026-07-17,,,,Adopted on the General Consent Report,2026-04-22,true,auto_ok,sonnet-agent,enrich.v2.md,true,
2026-04-22:26-0656,2026-04-22,2026-04-22,regular,O.-36,89,general,Chief Academic Officer,26-0656,https://ousd.legistar.com/LegislationDetail.aspx?ID=68082&GUID=F7685AF3-E65E-49D7-BA2C-72B7F556D9D3,"Summer Programming Addendum No. 1, Expanded Learning Programs After School Program Master Contract 2025-2028 - Youth Together - Skyline High School - Community Schools and Student Services Department","Approval by the Board of Education of Summer Programming Addendum No. 1, Expanded Learning Programs After School Program Master Contract 2025-2028 (Master Contract) by and between the District and Youth Together, Oakland, CA, for the latter to provide summer academic and enrichment services as described in Exhibit A, incorporated herein by reference as though fully set forth, at Skyline High School, in an additional amount of $12,216.00, increasing the Master Contract not-to-exceed amount from $838,500.00 to $850,716.00, for the unchanged term of July 1, 2025 through July 31, 2028, via the Community Schools and Student Services Department. All other terms and conditions of the Master Contract remain in full force and effect.",Agreement or Contract,Chief Academic Officer,004737,v-004737,21st Century Program; Expanded Learning Opp Programs,"Adds $12,216 for Youth Together's summer programming at Skyline High, raising the cap to $850,716","This addendum adds summer academic and enrichment services at Skyline High School to Youth Together's existing after-school master contract. It adds $12,216, raising the not-to-exceed amount from $838,500 to $850,716. The contract term is unchanged: July 1, 2025 through July 31, 2028.",After-school & summer programs,amendment,Youth Together,,Skyline High School,expense,not_to_exceed,12216,,,838500,850716,true,2025-07-01,2028-07-31,raises_existing_contract; multi_year,,,Adopted on the General Consent Report,2026-04-22,true,auto_ok,sonnet-agent,enrich.v2.md,true,
2026-04-22:26-0657,2026-04-22,2026-04-22,regular,O.-37,90,general,Chief Academic Officer,26-0657,https://ousd.legistar.com/LegislationDetail.aspx?ID=68083&GUID=309D6289-5355-4729-B824-03A69480A701,Global Impact Grant Recipient Agreement (Restricted) - Global Impact – English Language Learner and Multilingual Department,"Approval by the Board of Education of a  Global Impact Grant Recipient Agreement (Restricted) by and between the District and Global Impact, Alexandria, VA, with the former accepting  $340,000.00 for “Building Capacity for Transformational, Equity Focused Multilingual Education through SEAL” as outlined in District’s Grant Application, for the period of July 1,  2026, through June 30, 2028.",Agreement or Contract,Chief Academic Officer,,n-global-impact,Emerging Bilingual Collaborative (EBC),"Accepts a $340,000 Global Impact grant for multilingual education, July 2026 to June 2028","The district will accept a restricted $340,000 grant from Global Impact for a project called ""Building Capacity for Transformational, Equity Focused Multilingual Education."" The money is for the district's English Language Learner and Multilingual Department and must be used as described in the district's grant application. The grant period is July 1, 2026 through June 30, 2028.",Classroom & academic programs,grant_or_funding_in,Global Impact,organization,,revenue,fixed,340000,,,,,true,2026-07-01,2028-06-30,multi_year,,,Adopted on the General Consent Report,2026-04-22,true,auto_ok,sonnet-agent,enrich.v2.md,true,
2026-04-22:26-0658,2026-04-22,2026-04-22,regular,O.-38,91,general,Chief Academic Officer,26-0658,https://ousd.legistar.com/LegislationDetail.aspx?ID=68084&GUID=22AC3028-C5A0-4EF4-9D45-BF8CC2918D32,Services Agreement - The IKUNA Group - Summer Learning Programs - Castlemont High School,"Approval by the Board of Education of a Services Agreement by and between the District and The IKUNA Group, Oakland, CA, for the latter to provide nine hours of daily summer academic support and enrichment to District students who are in need of summer services to counter summer learning loss, and provide related services, perform tasks, as described in Exhibit A of the Agreement, incorporated herein by reference as though fully set forth, for the Summer Learning Program, for the period of June 8, 2026 through July 2, 2026, in an amount not to exceed $51,307.20, at Castlemont High School, via the Community Schools and Student Services Department",Agreement or Contract,Chief Academic Officer,006859,v-006859,Expanded Learning Opp Programs,"Pays The IKUNA Group up to $51,307.20 to run summer learning at Castlemont High","The IKUNA Group will provide nine hours a day of summer academic support and enrichment for students at Castlemont High School, to help counter summer learning loss. The program runs June 8, 2026 through July 2, 2026.",After-school & summer programs,new_agreement,The IKUNA Group,,Castlemont High School,expense,not_to_exceed,51307.2,,,,,true,2026-06-08,2026-07-02,,,,Adopted on the General Consent Report,2026-04-22,true,auto_ok,sonnet-agent,enrich.v2.md,true,
2026-04-22:26-0659,2026-04-22,2026-04-22,regular,O.-39,92,general,Chief Academic Officer,26-0659,https://ousd.legistar.com/LegislationDetail.aspx?ID=68085&GUID=040BF3BD-5D97-4D1F-B082-14F9DC71B7B9,Services Agreement 2025-2026 - Aaron Bray - Community Schools and Student Services Department,"Ratification by the Board of Education of a Services Agreement 2025-2026 by and between the District and Aaron Bray, Los Angeles, CA, for the latter to provide four 2-hour training courses for up to 100 participants:

Session 1 Description - This interactive workshop will allow participants to apply transformative justice practices to a scenario where a group of students are bullying another student on Instagram. Rather than merely discussing theoretical responses to this problem, we will use role-play to explore various best practices to serve all of the involved youth; and 
.
Session 2 Description - This interactive workshop will allow participants to apply transformative justice practices to a scenario where a student resorts to violence to defend their friend from being bullied by another student. Rather than merely discussing theoretical responses to this problem, we will use role-play to explore various best practices to serve all of the involved youth,

who will directly work with 2000 students during summer learning, via Community Schools and Student Services Department, for the period of June 1, 2026, through June 3, 2026, in an amount not to exceed $3,000.00.",Agreement or Contract,Chief Academic Officer,009888,v-009888,Expanded Learning Opp Programs,"Pays a trainer up to $3,000 for four workshops on handling bullying, for summer learning staff","A trainer from Los Angeles will lead four 2-hour role-play workshops for up to 100 participants, using restorative approaches (called transformative justice practices) to respond to bullying and violence among students. The participants will work directly with about 2,000 students during summer learning. The training is scheduled for June 1 through June 3, 2026.",After-school & summer programs,new_agreement,Aaron Bray,,,expense,not_to_exceed,3000,,,,,true,2026-06-01,2026-06-03,,,,Adopted on the General Consent Report,2026-04-22,true,auto_ok,sonnet-agent,enrich.v2.md,true,
2026-04-22:26-0668,2026-04-22,2026-04-22,regular,O.-40,93,general,Chief Academic Officer,26-0668,https://ousd.legistar.com/LegislationDetail.aspx?ID=68094&GUID=333AA57D-6151-4D29-8F4C-518E1F7F1BEB,Services Agreement 2025-2026 - Ball for Life Oakland LLC - La Escuelita Elementary School,"Approval by the Board of Education of a Services Agreement 2025-2026 by and between the District and Ball for Life Oakland LLC, Oakland, CA, for the latter to provide and train a recess culture coach to perform the services enumerated in the “Ball for Life Oakland X Escuelita Contractor Quote & Scope of Work”, incorporated herein by reference as though fully set forth, at La Escuelita Elementary School, for the period of December 3, 2025 through May 28, 2026, in an amount not to exceed $10,000.00.",Agreement or Contract,Chief Academic Officer,006975,v-006975,CCSPP Implementation Grant,"Pays Ball for Life Oakland up to $10,000 for a recess coach at La Escuelita Elementary","Ball for Life Oakland will provide and train a recess culture coach at La Escuelita Elementary School, following its scope of work. The agreement runs December 3, 2025 through May 28, 2026, so it began before this vote.","Student health, support & family services",new_agreement,Ball for Life Oakland LLC,,La Escuelita Elementary School,expense,not_to_exceed,10000,,,,,true,2025-12-03,2026-05-28,after_work_began,,,Adopted on the General Consent Report,2026-04-22,true,auto_ok,sonnet-agent,enrich.v2.md,true,
2026-04-22:26-0675,2026-04-22,2026-04-22,regular,O.-41,94,general,Chief Academic Officer,26-0675,https://ousd.legistar.com/LegislationDetail.aspx?ID=68101&GUID=5F636B03-A262-4BB9-88A9-51F4FDEC7AE7,"Amendment No. 1, Services Agreement 2025-2026 - ANTS After School LLC - Community Schools and Student Services Department","Approval by the Board of Education of Amendment No. 1, Services Agreement 2025-2026 by and between the District and ANTS After School LLC, Santa Rosa, CA, for the latter to provide additional work supporting the growth of the Fall 2025 Flag Football Program from 80 to 200 students, deliver services across 49 sites through a new 2026-27 partnership, and conduct six full days of staff training totaling 960 hours;  provide additional planning and preparation to effectively serve approximately 1,000 students, as well as coordinate and implement an additional community engagement event serving 200 students and their families, in the additional amount of $55,000.00, increasing the Agreement not to exceed amount from $200,000.00 to $255,000.00 and extending the Agreement term from September 11, 2025 through May 22, 2026 to June 15, 2026. All other terms and conditions of the Agreement remain in full force and effect.",Agreement or Contract,Chief Academic Officer,007709,v-007709,Expanded Learning Opp Programs,"Adds $55,000 to ANTS After School's flag football and training deal, now up to $255,000","ANTS After School will do more work on the flag football program, which grew from 80 to 200 students in fall 2025. This includes services at 49 sites through a new 2026-27 partnership, six full days of staff training totaling 960 hours, extra planning to serve about 1,000 students, and a community event for 200 students and families. The amendment adds $55,000, raising the not-to-exceed amount from $200,000 to $255,000, and extends the end date from May 22, 2026 to June 15, 2026.",After-school & summer programs,amendment,ANTS After School LLC,,,expense,not_to_exceed,55000,,,200000,255000,true,2025-09-11,2026-06-15,raises_existing_contract,,,Adopted on the General Consent Report,2026-04-22,true,auto_ok,sonnet-agent,enrich.v2.md,true,
2026-04-22:26-0677,2026-04-22,2026-04-22,regular,O.-42,95,general,Chief Academic Officer,26-0677,https://ousd.legistar.com/LegislationDetail.aspx?ID=68103&GUID=1C819364-1A08-49EE-B5C1-C7EAB47024E3,"Amendment No. 1, Services Agreement 2025-2026 - Traveling Space Museum - Reach Academy","Ratification by the Board of Education of Amendment No. 1, Services Agreement 2025-2026 by and between the District and Traveling Space Museum, Los Angeles, CA, covering the increased cost of travel expenses and increased cost of insurance, for the period of January 5, 2026 through May 15, 2026, in the additional amount of $1,500.00, increasing the Agreement from $9,700.00 to an amount not to exceed $11,200.00.  All other terms and conditions of the Agreement remain in full force and effect.",Agreement or Contract,Chief Academic Officer,005460,v-005460,CCSPP Implementation Grant,"Adds $1,500 to Traveling Space Museum's Reach Academy deal for travel and insurance costs","The Traveling Space Museum's agreement for Reach Academy needs more money to cover higher travel and insurance costs. The amendment adds $1,500, raising the amount from $9,700 to a not-to-exceed total of $11,200. The Board is ratifying this for a period of January 5, 2026 through May 15, 2026, which began before this vote.",Classroom & academic programs,amendment,Traveling Space Museum,organization,Reach Academy,expense,not_to_exceed,1500,,,9700,11200,true,2026-01-05,2026-05-15,after_work_began; raises_existing_contract,,,Adopted on the General Consent Report,2026-04-22,true,auto_ok,sonnet-agent,enrich.v2.md,true,
2026-04-22:26-0686,2026-04-22,2026-04-22,regular,O.-43,96,general,Chief Academic Officer,26-0686,https://ousd.legistar.com/LegislationDetail.aspx?ID=68112&GUID=072C9F60-9B50-4A1B-AA59-D061D9973016,Services Agreement 2025-2026 - East Bay Consortium - Oakland International High School,"Ratification by the Board of Education of a Services Agreement 2025-2026 by and between the District and East Bay Consortium, Oakland, CA, for the latter under the school’s 2025-2026 Measure N Carryover Plan (26-0886)  to provide college readiness and postsecondary transition support for seniors, including push-in support during senior seminar for all 91 12th-grade students and additional targeted support and office hours for approximately 40 students based on postsecondary pathways, with the goal of increasing graduation rates, ensure completion of University of California (UC), California State University (CSU), and community college applications, support financial aid submission, and strengthen overall college preparedness, with administrative costs included at Oakland International High School, for the period of March 1, 2026 through June 30, 2026, in an amount not to exceed $25,000.00.",Agreement or Contract,Chief Academic Officer,001478,v-001478,Measure H,"Pays East Bay Consortium up to $25,000 for senior college support at Oakland International High","East Bay Consortium will help seniors at Oakland International High School get ready for college, with classroom support for all 91 12th graders and extra help and office hours for about 40 students. The goal is to raise graduation rates and make sure students finish University of California, California State University and community college applications and financial aid forms. The Board is ratifying this agreement, which runs March 1, 2026 through June 30, 2026 and began before this vote.",Classroom & academic programs,new_agreement,East Bay Consortium,organization,Oakland International High School,expense,not_to_exceed,25000,,,,,true,2026-03-01,2026-06-30,after_work_began,,,Adopted on the General Consent Report,2026-04-22,true,auto_ok,sonnet-agent,enrich.v2.md,true,
2026-04-22:26-0688,2026-04-22,2026-04-22,regular,O.-44,97,general,Chief Academic Officer,26-0688,https://ousd.legistar.com/LegislationDetail.aspx?ID=68114&GUID=149E4250-42D6-4B57-BE4C-2D28FC76230D,Services Agreement - WestEd - Community Schools and Student Services Department,"Approval by the Board of Education of a Services Agreement by and between the District and WestEd, San Francisco, CA, for the latter to load California Healthy Kids Surveys, including student, staff and family surveys, to their survey platform, provide school-specific links for each survey, provide access to the platform for school and district California Healthy Kids Survey coordinators to access participation data, and provide raw data files to OUSD Research Assessment and Data Department to update data dashboards; manually enter paper surveys completed by families and provide such data to OUSD (Exhibit A), incorporated herein by reference as though fully set forth, via the Community Schools and Student Services Department, for the period of February 1, 2026 through June 30, 2026, in an amount not to exceed $20,000.00.",Agreement or Contract,Chief Academic Officer,004597,v-004597,Kaiser Health&wellness W/ebcf; American Institute of Research,"Pays WestEd up to $20,000 to run the California Healthy Kids Surveys for the district","WestEd will put the California Healthy Kids Surveys for students, staff and families on its survey platform and give each school its own links. It will also give school and district coordinators access to participation data, enter paper surveys completed by families, and give raw data files to the district's research department for its dashboards. The agreement runs February 1, 2026 through June 30, 2026, so it began before this vote.","Student health, support & family services",new_agreement,WestEd,,,expense,not_to_exceed,20000,,,,,true,2026-02-01,2026-06-30,after_work_began,,,Adopted on the General Consent Report,2026-04-22,true,auto_ok,sonnet-agent,enrich.v2.md,true,
2026-04-22:26-0691,2026-04-22,2026-04-22,regular,O.-45,98,general,Chief Academic Officer,26-0691,https://ousd.legistar.com/LegislationDetail.aspx?ID=68117&GUID=D9C87A4F-4B5E-4703-AFA1-BA3AE2893229,"Services Agreement 2025-2026 - Mentoring Medicine & Science, Inc. (MIMS) - Castlemont High School","Ratification by the Board of Education of a Services Agreement 2025-2026 by and between the District and Mentoring Medicine & Science, Inc. (MIMS), Oakland, CA, for the latter to provide: 
·	Workshop/Activity Support: By collaborating with CHEA teachers to support the development and facilitation of introductory workshops or activities for 9th-grade students focused on public and community health, including interactive elements and age-appropriate examples;
·	Pathway Information Support: By providing support in the form of informational resources or presentations designed to introduce 9th-grade students to the CHEA pathways and related career options; and 
·	Collaboration with Castlemont Staff: By working with Castlemont High School staff to coordinate activities with the 9th-grade curriculum and ensure alignment with the school's goals for pathway exploration
at Castlemont High School, for the period of January 1, 2026, through June 30, 2026, in an amount not to exceed $8,750.00.",Agreement or Contract,Chief Academic Officer,002825,v-002825,ESSA: Comp Support & Improvmt,"Pays Mentoring Medicine & Science up to $8,750 for health career activities at Castlemont High","Mentoring Medicine & Science, Inc. will work with Castlemont High School teachers and staff to offer 9th graders workshops and information about the school's public and community health career pathway. The Board is ratifying this agreement, which runs January 1, 2026 through June 30, 2026 and began before this vote.",Classroom & academic programs,new_agreement,"Mentoring Medicine & Science, Inc.",,Castlemont High School,expense,not_to_exceed,8750,,,,,true,2026-01-01,2026-06-30,after_work_began,,,Adopted on the General Consent Report,2026-04-22,true,auto_ok,sonnet-agent,enrich.v2.md,true,
2026-04-22:26-0692,2026-04-22,2026-04-22,regular,O.-46,99,general,Chief Academic Officer,26-0692,https://ousd.legistar.com/LegislationDetail.aspx?ID=68118&GUID=BF066AE5-AB9F-49C7-B3EB-4DB4C8472BEA,"Amendment No. 2, Services Agreement 2025-2026 - Bonita Bumblebee - Community Schools and Student Services Department","Ratification by the Board of Education of Amendment No. 2, Services Agreement 2025-2026 by and between the District and Bonita Bumblebee, Oakland, CA, for the latter to provide services for three (3) additional Transitional Kindergarten (TKK) student groups at school, with each group serving a combined total of up to thirty (30) students per day over a ten (10) week period;  delivered up to two (2) days per week, resulting in a maximum of thirty (30) additional service hours, for the unchanged period of October 06, 2025 through June 30, 2026, in the additional amount of $16,412.00, increasing the Agreement not to exceed amount from $86,834.00 to $103,246.00. All other terms and conditions of the Agreement remain in full force and effect.",Agreement or Contract,Chief Academic Officer,009679,v-009679,Expanded Learning Opp Programs,"Adds $16,412 for three more Transitional Kindergarten groups, raising a contract to $103,246","Bonita Bumblebee will serve three more Transitional Kindergarten student groups, each with up to 30 students a day over ten weeks, up to two days a week, for at most 30 additional service hours. The amendment adds $16,412, raising the not-to-exceed amount from $86,834 to $103,246. The term is unchanged: October 6, 2025 through June 30, 2026. The Board is ratifying this change.",Classroom & academic programs,amendment,Bonita Bumblebee,,,expense,not_to_exceed,16412,,,86834,103246,true,2025-10-06,2026-06-30,after_work_began; raises_existing_contract,,,Adopted on the General Consent Report,2026-04-22,true,auto_ok,sonnet-agent,enrich.v2.md,true,
2026-04-22:26-0696,2026-04-22,2026-04-22,regular,O.-47,100,general,Chief Academic Officer,26-0696,https://ousd.legistar.com/LegislationDetail.aspx?ID=68122&GUID=38400208-98B0-4269-9394-E2845AFA4EEB,Services Agreement 2025-2026 - Leslie Lopez - Madison Park Academy-Upper,"Ratification by the Board of Education of a Services Agreement 2025-2026 by and between the District and Leslie Lopez, Antioch, CA, for the latter to work in selected school sites across the District  designing and painting murals’; collaborate with other artists and community members to insure murals/artwork … demonstrate the school’s community values, and essence, contributing to the beautification of school sites and providing a safe space for grieving of student decedents from school site, Madison Park Academy-Upper (MHS), for the period of February 27, 2026, through May 29, 2026, in an amount not to exceed $19,282.00.",Agreement or Contract,Chief Academic Officer,002631,v-002631,Prop28 Arts and Music,"Pays a muralist up to $19,282 to paint murals at Madison Park Academy-Upper","An artist from Antioch will design and paint murals at school sites, working with other artists and community members. The murals are meant to show each school's community values and to provide a safe space for grieving students who have died, at Madison Park Academy-Upper. The Board is ratifying this agreement, which runs February 27, 2026 through May 29, 2026 and began before this vote.",Classroom & academic programs,new_agreement,Leslie Lopez,,Madison Park Academy-Upper,expense,not_to_exceed,19282,,,,,true,2026-02-27,2026-05-29,after_work_began,,,Adopted on the General Consent Report,2026-04-22,true,auto_ok,sonnet-agent,enrich.v2.md,true,
2026-04-22:26-0697,2026-04-22,2026-04-22,regular,O.-48,101,general,Chief Academic Officer,26-0697,https://ousd.legistar.com/LegislationDetail.aspx?ID=68123&GUID=4C4B60B3-2A8B-4722-827D-E05DE65D67F4,"Summer Programming Addendum No. 1, Expanded Learning Programs After School Program Master Contract 2025-2028 - Think Together - Community Schools and Student Services Department","​Approval by the Board of Education of Summer Programming Addendum No. 1, Expanded Learning Programs After School Program Master Contract 2025-2028 (Master Contract) by and between the District and Think Together, Santa Ana, CA, for the latter to provide summer academic and enrichment services as described in Exhibit A, incorporated herein by reference as though fully set forth, at Edna Brewer Middle School and Montera Middle School, in an additional amount of $93,147.00, increasing the Master Contract not-to-exceed amount from $5,123.238.99 to $5,216,385.99, for the unchanged term of July 1, 2025 through July 31, 2028, via the Community Schools and Student Services Department. All other terms and conditions of the Master Contract remain in full force and effect.",Agreement or Contract,Chief Academic Officer,009306,v-009306,After School Education and Safety (ASES) Program; Expanded Learning Opportunities Program,"Adds $93,147 for Think Together summer programs at Edna Brewer and Montera middle schools","This addendum adds summer academic and enrichment services at Edna Brewer Middle School and Montera Middle School to Think Together's existing after-school master contract. It adds $93,147, raising the not-to-exceed amount to $5,216,385.99. The contract term is unchanged: July 1, 2025 through July 31, 2028.",After-school & summer programs,amendment,Think Together,organization,Edna Brewer Middle School; Montera Middle School,expense,not_to_exceed,93147,,,,5216385.99,true,2025-07-01,2028-07-31,multi_year,,,Adopted on the General Consent Report,2026-04-22,true,auto_ok,sonnet-agent,enrich.v2.md,true,
2026-04-22:26-0702,2026-04-22,2026-04-22,regular,O.-49,102,general,Chief Academic Officer,26-0702,https://ousd.legistar.com/LegislationDetail.aspx?ID=68128&GUID=F8383FCF-A89C-4E62-B521-06ADE6CC8AEC,Services Agreement 2025-2026 - Civic Productions LLC - Castlemont High School,"Ratification by the Board of Education of a Services Agreement 2025-2026 by and between the District and Civic Productions LLC, Oakland, CA, for the latter to provide:
·	School Project and Curriculum Design: co-create multi-marketing period community projects with Castlemont Sustainable Urban Design Academy (SUDA) and SUDA’s Industry/Community partners, as may be applicable, connect SUDA teachers with curricula used by Universities with similar educational focus (example: UC Berkeley Engineering, Laney College, and Castlemont Urban Planning collaborations);
·	Professional Development and Mentorship for Educators provide one-on-one professional development training and ongoing mentorship for educators involved in the projects as they unfold. Industry and Community;
·	Connections and Coordination, the vendor has a deep network of industry and community connections and is skilled in creating and managing projects that incorporate our groups efficiently through industry standard business field trips tailored to highlight and Site Visits from Industry Professionals; 
·	Coordinate and facilitate field trips, such as the SUDA Design Day (CTE design-based careers exposure), and site visits from Industry professionals associated with SUDA student projects; 
·	Photo Documentation of Projects - Photo-document and digitally archive projects, for school and industry/community use; and
·	Celebration of Projects - Contractor will support SUDA year-end presentations (11th and 12th) and celebrations of student/industry collaborations.
at Castlemont High School, for the period of January 1, 2026, through June 30, 2026, in an amount not to exceed $15,000.00.",Agreement or Contract,Chief Academic Officer,005705,v-005705,Green Tech Partnership Acad,"Pays Civic Productions up to $15,000 for urban design projects and field trips at Castlemont High","Civic Productions will help design projects and lessons with Castlemont High School's Sustainable Urban Design Academy and its industry and community partners. It will also coach teachers, run field trips and professional site visits, photograph and archive student projects, and support year-end presentations by 11th and 12th graders. The Board is ratifying this agreement, which runs January 1, 2026 through June 30, 2026 and began before this vote.",Classroom & academic programs,new_agreement,Civic Productions LLC,,Castlemont High School,expense,not_to_exceed,15000,,,,,true,2026-01-01,2026-06-30,after_work_began,,,Adopted on the General Consent Report,2026-04-22,true,auto_ok,sonnet-agent,enrich.v2.md,true,
2026-04-22:26-0709,2026-04-22,2026-04-22,regular,O.-50,103,general,Chief Academic Officer,26-0709,https://ousd.legistar.com/LegislationDetail.aspx?ID=68135&GUID=D1220952-242F-450E-B5A7-41746E8CFEB3,"Services Agreement - GSix Consulting, LLC- Community Schools and Student Services Department","Approval by the Board of Education of a Services Agreement by and between the District and GSix Consulting, LLC, East Palo Alto, CA, for the latter to serve as the summer lead coordinating agency, providing comprehensive support to the Expanded Learning Office (ExLO) in the implementation and enhancement of physical activity and sports programming across the Oakland Unified School District, via the Community Schools and Student Services Department, for the period of June 1, 2026 through July 30, 2026, in an amount not to exceed $60,000.00.",Agreement or Contract,Chief Academic Officer,008769,v-008769,Expanded Learning Opp Programs,"Pays GSix Consulting up to $60,000 to coordinate summer sports and physical activity programs","GSix Consulting will serve as the summer lead coordinating agency, supporting the district's Expanded Learning Office as it runs and improves physical activity and sports programs across the district. The agreement runs June 1, 2026 through July 30, 2026.",After-school & summer programs,new_agreement,"GSix Consulting, LLC",,,expense,not_to_exceed,60000,,,,,true,2026-06-01,2026-07-30,,,,Adopted on the General Consent Report,2026-04-22,true,auto_ok,sonnet-agent,enrich.v2.md,true,
2026-04-22:26-0710,2026-04-22,2026-04-22,regular,O.-51,104,general,Chief Academic Officer,26-0710,https://ousd.legistar.com/LegislationDetail.aspx?ID=68136&GUID=04275652-1D36-4474-ADB5-8D931855FEE3,Services Agreement - Museum of Children's Art - Community Schools and Student Services Department,"Approval by the Board of Education of a Services Agreement by and between the District and Museum of Children’s Art, Oakland, CA, for the latter to provide direct support of District’s Expanded Learning Court Program, ExLO Parts as the Competency Of the Agency, Conducting a Thorough Analysis of the Current Program Infrastructure, with a Focus on Identified Interim (“stop gap”) strategies while simultaneously developing sustainable virtual systems to support long-term program success, via the Community Schools and Student Services Department, for the period of June 1, 2026 through July 30, 2026, in an amount not to exceed $60,000.00",Agreement or Contract,Chief Academic Officer,002963,v-002963,Expanded Learning Opp Programs,"Pays Museum of Children's Art up to $60,000 to support the district's expanded learning program","The Museum of Children's Art will support the district's Expanded Learning program by analyzing the current program setup, putting short-term fixes in place, and developing longer-term virtual systems. The agreement runs June 1, 2026 through July 30, 2026.",After-school & summer programs,new_agreement,Museum of Children's Art,,,expense,not_to_exceed,60000,,,,,true,2026-06-01,2026-07-30,,,,Adopted on the General Consent Report,2026-04-22,true,auto_ok,sonnet-agent,enrich.v2.md,true,
2026-04-22:26-0733,2026-04-22,2026-04-22,regular,O.-52,105,general,Chief Academic Officer,26-0733,https://ousd.legistar.com/LegislationDetail.aspx?ID=68159&GUID=490BB3F9-7AFE-4016-AA66-EF6A7636EEFA,"Summer Programming Addendum No. 1, Expanded Learning Programs After School Program Master Contract 2025-2028 - Jewish Community Center - Joaquin Miller Elementary School - Community Schools and Student Services Department","Approval by the Board of Education of Summer Programming Addendum No. 1, Expanded Learning Programs After School Program Master Contract 2025-2028 (Master Contract) by and between the District and Jewish Community Center of the East Bay, Oakland, CA, for the latter to provide summer academic and enrichment services, as described in Exhibit A, incorporated herein by reference as though fully set forth, at Joaquin Miller Elementary School, via the Community Schools and Student Services Department, in an additional amount of $99,512.00, increasing the Master Contract not-to-exceed amount from $3,600,000.00 to $3,699,512.00, for the unchanged term of July 1, 2025 through July 31, 2028. All other terms and conditions of the Master Contract remain in full force and effect.",Agreement or Contract,Chief Academic Officer,007909,v-007909,Expanded Learning Opps Program,"Adds $99,512 for Jewish Community Center summer programming at Joaquin Miller Elementary","This addendum adds summer academic and enrichment services at Joaquin Miller Elementary School to the Jewish Community Center of the East Bay's existing after-school master contract. It adds $99,512, raising the not-to-exceed amount from $3,600,000 to $3,699,512. The contract term is unchanged: July 1, 2025 through July 31, 2028.",After-school & summer programs,amendment,Jewish Community Center of the East Bay,,Joaquin Miller Elementary School,expense,not_to_exceed,99512,,,3600000,3699512,true,2025-07-01,2028-07-31,raises_existing_contract; multi_year,,,Adopted on the General Consent Report,2026-04-22,true,auto_ok,sonnet-agent,enrich.v2.md,true,
2026-04-22:26-0734,2026-04-22,2026-04-22,regular,O.-53,106,general,Chief Academic Officer,26-0734,https://ousd.legistar.com/LegislationDetail.aspx?ID=68160&GUID=805DE70E-1D0F-4723-9443-A038F8B54C55,"Summer Programming Addendum No. 1, Expanded Learning Programs After School Program Master Contract 2025-2028 - East Bay Agency for Children - Allendale Elementary School - Community Schools and Student Services Department","Approval by the Board of Education of Summer Programming Addendum No. 1, Expanded Learning Programs After School Program Master Contract 2025-2028 (Master Contract) by and between the District and East Bay Agency for Children, Oakland, CA, for the latter to provide summer academic and enrichment services as described in Exhibit A, incorporated herein by reference as though fully set forth, at Allendale Elementary School, via the Community Schools and Student Services Department, in an additional amount of $128,334.94, increasing the Master Contract not-to-exceed amount from $10,231,345.56 to $10,359,680.50, for the unchanged term of July 1, 2025 through July 31, 2028. All other terms and conditions of the Master Contract remain in full force and effect.",Agreement or Contract,Chief Academic Officer,001473,v-001473,Expanded Learning Opportunities Program,"Adds $128,334.94 for East Bay Agency for Children summer programming at Allendale Elementary","This addendum adds summer academic and enrichment services at Allendale Elementary School to East Bay Agency for Children's existing after-school master contract. It adds $128,334.94, raising the not-to-exceed amount from $10,231,345.56 to $10,359,680.50. The contract term is unchanged: July 1, 2025 through July 31, 2028.",After-school & summer programs,amendment,East Bay Agency for Children,,Allendale Elementary School,expense,not_to_exceed,128334.94,,,10231345.56,10359680.5,true,2025-07-01,2028-07-31,raises_existing_contract; multi_year,,,Adopted on the General Consent Report,2026-04-22,true,auto_ok,sonnet-agent,enrich.v2.md,true,
2026-04-22:26-0736,2026-04-22,2026-04-22,regular,O.-54,107,general,Chief Academic Officer,26-0736,https://ousd.legistar.com/LegislationDetail.aspx?ID=68162&GUID=BEFE686A-58BC-4563-9F3A-D55668FF6D02,No Cost Services Agreement 2025-2026 - Oakland Symphony - Community Schools and Student Services Department,"Ratification by the Board of Education of a No Cost Services Agreement - 2025-2026 by and between the District and Oakland Symphony, Oakland, CA, for the latter to partner with the ExLO lead agency at Brookfield Elementary School to deliver music instruction as part of the expanded learning program, serving up to 20 students per class, offering instruction for up to two classes per week over a 13-week period, providing up to 520 hours of direct music instruction to participating students, via Community Schools and Student Services Department, for the period of February 7, 2026 through May 30, 2026, at no cost to the District.",Agreement or Contract,Chief Academic Officer,003146,v-003146,,Oakland Symphony to teach music at Brookfield Elementary's expanded learning program at no cost,"Oakland Symphony will partner with the expanded learning lead agency at Brookfield Elementary School to teach music, with up to 20 students per class and up to two classes a week over 13 weeks, for up to 520 hours of instruction. The district pays nothing. The Board is ratifying this agreement, which runs February 7, 2026 through May 30, 2026 and began before this vote.",After-school & summer programs,new_agreement,Oakland Symphony,organization,Brookfield Elementary School,no_cost,,,,,,,true,2026-02-07,2026-05-30,after_work_began,,,Adopted on the General Consent Report,2026-04-22,true,auto_ok,sonnet-agent,enrich.v2.md,true,
2026-04-22:26-0739,2026-04-22,2026-04-22,regular,O.-55,108,general,Chief Academic Officer,26-0739,https://ousd.legistar.com/LegislationDetail.aspx?ID=68165&GUID=A02E98E9-AB65-4636-8659-C82D36AB361C,Services Agreement 2025-2026 - Oakland Kids First - Castlemont High School,"Approval by the Board of Education of a Services Agreement 2025-2026 by and between the District and Oakland Kids First, Oakland, CA, for the latter to provide support for urban farm and sustainable garden learning activities for the Sustainable Urban Design Academy (SUDA), as described in the Scope of Work, incorporated herein by reference, in the Castlemont Farm & Garden at Castlemont High School, for the period of August 1, 2025, through June 30, 2026, in an amount not to exceed $5,000.00.",Agreement or Contract,Chief Academic Officer,003136,v-003136,Green Tech Partnership Acad,"Pays Oakland Kids First up to $5,000 for urban farm and garden learning at Castlemont High","Oakland Kids First will support urban farm and sustainable garden learning activities for Castlemont High School's Sustainable Urban Design Academy, in the Castlemont Farm & Garden. The agreement runs August 1, 2025 through June 30, 2026, so it began before this vote.",Classroom & academic programs,new_agreement,Oakland Kids First,organization,Castlemont High School,expense,not_to_exceed,5000,,,,,true,2025-08-01,2026-06-30,after_work_began,,,Adopted on the General Consent Report,2026-04-22,true,auto_ok,sonnet-agent,enrich.v2.md,true,
2026-04-22:26-0765,2026-04-22,2026-04-22,regular,O.-56,109,general,Chief Academic Officer,26-0765,https://ousd.legistar.com/LegislationDetail.aspx?ID=68191&GUID=F5BDA264-30DA-455B-BCFE-664BF2BF1331,"Amendment No. 1, Services Agreement 2025-2026 - Elevate Oakland - Elmhurst United Middle School","Approval by the Board of Education of Amendment No. 1, Services Agreement 2025-2026 by and between the District and Elevate Oakland, Oakland, CA, for the latter’s Teaching Artists  to increase the number of weekly classes they are visiting and to join the summer school program for 5 days a week for 4 weeks, for the unchanged term of October 06, 2025 through May 22, 2026, in the additional amount of $25,859.72, increasing the Agreement not to exceed amount from  $12,000.00 to $37,859.72.  All other terms and conditions of the Agreement remain in full force and effect.",Agreement or Contract,Chief Academic Officer,000196,v-000196,Measure G1 Parcel Tx,"Adds $25,859.72 to Elevate Oakland's arts teaching deal at Elmhurst United, now up to $37,859.72","Elevate Oakland's teaching artists will visit more classes each week at Elmhurst United Middle School and join the summer school program five days a week for four weeks. The amendment adds $25,859.72, raising the not-to-exceed amount from $12,000 to $37,859.72. The text says the term is unchanged: October 6, 2025 through May 22, 2026.",Classroom & academic programs,amendment,Elevate Oakland,organization,Elmhurst United Middle School,expense,not_to_exceed,25859.72,,,12000,37859.72,true,2025-10-06,2026-05-22,raises_existing_contract; large_increase,,,Adopted on the General Consent Report,2026-04-22,true,auto_ok,sonnet-agent,enrich.v2.md,true,
2026-04-22:26-0766,2026-04-22,2026-04-22,regular,O.-57,110,general,Chief Academic Officer,26-0766,https://ousd.legistar.com/LegislationDetail.aspx?ID=68192&GUID=22F69B10-ED1A-4121-A123-49355F8DF3E0,"Amendment No. 1, Services Agreement 2025-2026 - National Equity Project - Early Childhood Development Department","Approval by the Board of Education of Amendment No. 1, Services Agreement 2025-2026 by and between the District and National Equity Project, Oakland, CA, for the latter to provide training for leaders to explore what it means to lead, work and coach for equity with focus on shared leadership framework to navigate equity focused change, for the unchanged period of August 18, 2025 through June 30, 2026, in the additional amount of $12,640.00, increasing the Agreement not to exceed amount  from $55,000.00 to $67,640.00.  All other terms and conditions of the Agreement remain in full force and effect.",Agreement or Contract,Chief Academic Officer,003010,v-003010,ECE-Child Development Programs,"Adds $12,640 to National Equity Project's leadership training deal, now up to $67,640","National Equity Project will provide more training for leaders on leading, working and coaching for equity, with a focus on a shared leadership framework for equity-focused change. The training is for the Early Childhood Development Department. The amendment adds $12,640, raising the not-to-exceed amount from $55,000 to $67,640. The period is unchanged: August 18, 2025 through June 30, 2026.",Classroom & academic programs,amendment,National Equity Project,,,expense,not_to_exceed,12640,,,55000,67640,true,2025-08-18,2026-06-30,raises_existing_contract,,,Adopted on the General Consent Report,2026-04-22,true,auto_ok,sonnet-agent,enrich.v2.md,true,
2026-04-22:26-0767,2026-04-22,2026-04-22,regular,O.-58,111,general,Chief Academic Officer,26-0767,https://ousd.legistar.com/LegislationDetail.aspx?ID=68193&GUID=714EC277-1D94-445D-8534-273243B5E387,Services Agreement 2025-2026 - Maryam Abdi - Lockwood STEAM Academy,"Ratification by the Board of Education of a Services Agreement 2025-2026 by and between the District and Maryam Abdi, Emeryville, CA, for the latter to provide arabic translation for all parent meetings (Coffee with Admin, Literacy Night, Parent Conferences, phone interpreting, etc) and translation for family-facing documents for Lockwood STEAM Academy, for the period of November 3, 2025 through June 30, 2026, in an amount not to exceed $5,000.00.",Agreement or Contract,Chief Academic Officer,000216,v-000216,Title I-Basic Grant Low Income,"Pays an interpreter up to $5,000 for Arabic translation at Lockwood STEAM Academy","A translator from Emeryville will provide Arabic translation at parent meetings such as Coffee with Admin, Literacy Night and parent conferences, plus phone interpreting and translation of family-facing documents, for Lockwood STEAM Academy. The Board is ratifying this agreement, which runs November 3, 2025 through June 30, 2026 and began before this vote.","Student health, support & family services",new_agreement,Maryam Abdi,,Lockwood STEAM Academy,expense,not_to_exceed,5000,,,,,true,2025-11-03,2026-06-30,after_work_began,,,Adopted on the General Consent Report,2026-04-22,true,auto_ok,sonnet-agent,enrich.v2.md,true,
2026-04-22:26-0768,2026-04-22,2026-04-22,regular,O.-59,112,general,Chief Academic Officer,26-0768,https://ousd.legistar.com/LegislationDetail.aspx?ID=68194&GUID=C4745F72-A6D2-4314-A74C-8ACB6EDC48B6,No-Cost Services Agreement 2025-2026 - New Teacher Center - Academics and Instruction Department,"Ratification by the Board of Education of a No Cost Services Agreement - 2025-2026  by and between the District and New Teacher Center, Sacramento, CA, for the latter to provide professional learning, coaching, and systems-level support to the design, implementation, and continuous improvement of professional learning communities aligned to District instructional priorities, including collaborative planning, stakeholder engagement, professional development, individualized coaching, and ongoing consultation, more specifically described in Exhibit A of the Agreement, incorporated herein by reference as though fully set forth, via Academics and Instruction Department, for the period of August 11, 2025 through June 30, 2026, at no cost to the District.",Agreement or Contract,Chief Academic Officer,003063,v-003063,No Fiscal Impact,New Teacher Center to provide teacher professional learning support at no cost to the district,"New Teacher Center will provide professional learning, coaching and systems-level support to help the district design, run and improve professional learning communities, including collaborative planning, coaching and ongoing consultation. The district pays nothing. The Board is ratifying this agreement, which runs August 11, 2025 through June 30, 2026 and began before this vote.",Classroom & academic programs,new_agreement,New Teacher Center,,,no_cost,,,,,,,true,2025-08-11,2026-06-30,after_work_began,,,Adopted on the General Consent Report,2026-04-22,true,auto_ok,sonnet-agent,enrich.v2.md,true,
2026-04-22:26-0770,2026-04-22,2026-04-22,regular,O.-60,113,general,Chief Academic Officer,26-0770,https://ousd.legistar.com/LegislationDetail.aspx?ID=68196&GUID=AB43F13F-881E-4F24-BDE9-0EB71AA97EC7,"Amendment No. 1, Services Agreement 2025-2026 - Black Cultural Zone Community Development - Community Schools and Student Services Department","Approval by the Board of Education of Amendment No. 1, Services Agreement 2025-2026 by and between the District and Black Cultural Zone Community Development, Oakland, CA, for the latter to provide five (5) additional after-school assemblies for Transitional Kindergarten (TK) and Kindergarten (K) grade levels, including Bella Vista (March, date TBD), Brookfield (April, date TBD), Sankofa (April 17), Burbank (April 24), and Sequoia (May 6) Schools; and provide one (1) special event performance for Fruitvale School in celebration of Black History Month on February 27, 2026, for the unchanged period of August 04, 2025 through June 30, 2026, in the additional amount of $4,961.00, increasing the Agreement not to exceed amount from $28,450.00 to $33,411.00. All other terms and conditions of the Agreement remain in full force and effect.",Agreement or Contract,Chief Academic Officer,008577,v-008577,Expanded Learning Opp Programs,"Adds $4,961 to Black Cultural Zone's school assemblies deal, now up to $33,411","Black Cultural Zone Community Development will provide five more after-school assemblies for Transitional Kindergarten and Kindergarten students at Bella Vista, Brookfield, Sankofa, Burbank and Sequoia schools, plus a Black History Month performance at Fruitvale School on February 27, 2026. The amendment adds $4,961, raising the not-to-exceed amount from $28,450 to $33,411. The period is unchanged: August 4, 2025 through June 30, 2026.",After-school & summer programs,amendment,Black Cultural Zone Community Development,,Bella Vista; Brookfield; Sankofa; Burbank; Sequoia; Fruitvale,expense,not_to_exceed,4961,,,28450,33411,true,2025-08-04,2026-06-30,raises_existing_contract,,,Adopted on the General Consent Report,2026-04-22,true,auto_ok,sonnet-agent,enrich.v2.md,true,
2026-04-22:26-0771,2026-04-22,2026-04-22,regular,O.-61,114,general,Chief Academic Officer,26-0771,https://ousd.legistar.com/LegislationDetail.aspx?ID=68197&GUID=9D2234E7-B3EB-439C-B52F-B3642C5B5B08,"Amendment No. 1, Services Agreement 2025-2026 - Black Cultural Zone Community Development - Community Schools and Student Services Department","Approval by the Board of Education of Amendment No. 1, Services Agreement 2025-2026 by and between the District and Black Cultural Zone Community Development, Oakland, CA, for the latter to provide a second hour of visual arts programming 2 days a week and  implement a school site mural on campus with student engagement and participation at West Oakland Middle School, for the period of August 01, 2025 through June 30, 2026, in the additional amount of $30,470.00, increasing the Agreement not to exceed amount from $32,245.00 to $62,715.00. All other terms and conditions of the Agreement remain in full force and effect.",Agreement or Contract,Chief Academic Officer,008577,v-008577,Expanded Learning Opp Programs,"Adds $30,470 for Black Cultural Zone's extra arts hour and mural at West Oakland Middle School","This amendment adds $30,470 to the 2025-26 agreement with Black Cultural Zone Community Development. The group will teach a second hour of visual arts two days a week and lead a school mural project with students at West Oakland Middle School. The agreement's cap rises from $32,245 to $62,715, and the period stays August 1, 2025 to June 30, 2026.",After-school & summer programs,amendment,Black Cultural Zone Community Development,,West Oakland Middle School,expense,not_to_exceed,30470,,,32245,62715,true,2025-08-01,2026-06-30,raises_existing_contract; large_increase,,,Adopted on the General Consent Report,2026-04-22,true,auto_ok,sonnet-agent,enrich.v2.md,true,
2026-04-22:26-0772,2026-04-22,2026-04-22,regular,O.-62,115,general,Chief Academic Officer,26-0772,https://ousd.legistar.com/LegislationDetail.aspx?ID=68198&GUID=EF8B3469-E096-4827-B9D5-B8E66E8F8586,"Amendment No. 2, Services Agreement 2025-2026 - Oakland Symphony - Community Schools and Student Services Department","Ratification by the Board of Education of Amendment No. 2, Services Agreement 2025-2026  by and between the District and Oakland Symphony, Oakland, CA, for the latter to provide an additional 59 hours of after school music enrichment (violins) and increase the number of students served, an additional 43 students at each site, at Hoover Elementary, Dr. Martin Luther King Jr. Elementary and Manzanita SEED Elementary Schools, for the unchanged period of August 04, 2025 through June 30, 2026, in the additional amount of $5,016.00, increasing the Agreement not to exceed amount from $57,942.50 to $62,958.50. All other terms and conditions of the Agreement remain in full force and effect.",Agreement or Contract,Chief Academic Officer,003146,v-003146,Expanded Learning Opp Programs,"Adds $5,016 for 59 more hours of Oakland Symphony violin lessons at three elementary schools","The board is ratifying (approving) a second amendment that adds $5,016 to the 2025-26 agreement with the Oakland Symphony. It pays for 59 more hours of after-school violin lessons and for 43 more students at each of three schools. The agreement's cap rises from $57,942.50 to $62,958.50, and the period stays August 4, 2025 to June 30, 2026.",After-school & summer programs,amendment,Oakland Symphony,organization,Hoover Elementary; Dr. Martin Luther King Jr. Elementary; Manzanita SEED Elementary,expense,not_to_exceed,5016,,,57942.5,62958.5,true,2025-08-04,2026-06-30,after_work_began; raises_existing_contract,,,Adopted on the General Consent Report,2026-04-22,true,auto_ok,sonnet-agent,enrich.v2.md,true,
2026-04-22:26-0782,2026-04-22,2026-04-22,regular,O.-63,116,general,Chief Academic Officer,26-0782,https://ousd.legistar.com/LegislationDetail.aspx?ID=68208&GUID=D7FD1829-D694-4A18-9270-30AE7A9842F5,"Amendment No. 2, Services Agreement 2024-2025 - Oakland Public Education Fund - Oakland Adult & Career Education Department","Approval by the Board of Education of Amendment No. 2, Services Agreement 2024-2025 by and between the District and Oakland Public Education Fund, Oakland, CA, for the latter to maintain internet connectivity for Oakland Adult & Career Education van mobile classes, in the additional amount of $10,000.00, increasing the Agreement not to exceed amount from $70,000.00 to $80,000.00, and extending the term of the Agreement from March 4, 2025 through June 30, 2026 to June 30, 2027. All other terms and conditions of the Agreement remain the same and in full force and effect.",Agreement or Contract,Chief Academic Officer,,v-003143,Adult Education Fund,"Adds $10,000 and one year to keep internet running on adult education mobile classroom vans","This second amendment adds $10,000 to the agreement with the Oakland Public Education Fund, which keeps internet service running for Oakland Adult & Career Education van mobile classes. The agreement's cap rises from $70,000 to $80,000. The end date moves from June 30, 2026 to June 30, 2027.",Technology,amendment,Oakland Public Education Fund,,,expense,not_to_exceed,10000,,,70000,80000,true,2025-03-04,2027-06-30,raises_existing_contract; multi_year,,,Adopted on the General Consent Report,2026-04-22,true,auto_ok,sonnet-agent,enrich.v2.md,true,
2026-04-22:26-0784,2026-04-22,2026-04-22,regular,O.-64,117,general,Chief Academic Officer,26-0784,https://ousd.legistar.com/LegislationDetail.aspx?ID=68210&GUID=7D35227C-1C35-44E9-8401-D3408160D09F,Services Agreement - Alameda County Health Department - Community Schools and Student Services Department,"Approval by the Board of Education of a Services Agreement by and between the District and Alameda County Health Department, San Leandro, CA, provide a range of services. including case management and mental health counseling. physical exams/sports physicals. diagnosis and treatment of minor illness. injury and medical conditions. STD screening and treatment. health education for students and families (e.g., nutrition/physical fitness. adolescent development. sexual health. dental screening and treatment. youth development programs (e.g., peer health education. student research teams. youth advisory boards). professional development for school staff. outreach to youth and their families. communitywide health promotion events and activities. and referrals to health and social service providers on an off-site8 Alameda County Health will also contract with the OUSD Central Family Resource Center lead agency to coordinate health insurance enrollment and case management. and other support services available to all OUSD families (Exhibit A of Agreement), via the Community Schools and Student Services Department, for the period July 1, 2025, through June 30, 2026, in an amount not to exceed $535,000.00.",Agreement or Contract,Chief Academic Officer,000314,v-000314,Kaiser Health&wellness W/ebcf,"Pays Alameda County Health Department up to $535,000 for school-based health and counseling services","The district would pay up to $535,000 for a range of student health services from the Alameda County Health Department. These include mental health counseling, physical exams, treatment of minor illness and injury, health education, and referrals to health and social services. The county will also work with the district's Central Family Resource Center to help families enroll in health insurance. The period is July 1, 2025 to June 30, 2026.","Student health, support & family services",new_agreement,Alameda County Health Department,,,expense,not_to_exceed,535000,,,,,true,2025-07-01,2026-06-30,after_work_began,,,Adopted on the General Consent Report,2026-04-22,true,auto_ok,sonnet-agent,enrich.v2.md,true,
2026-04-22:26-0787,2026-04-22,2026-04-22,regular,O.-65,118,general,Chief Academic Officer,26-0787,https://ousd.legistar.com/LegislationDetail.aspx?ID=68213&GUID=75B6596A-08EC-4D9A-BA68-D785699CDE7B,"Summer Programming Addendum No. 1, Expanded Learning Programs After School Program Master Contract 2025-2028 - East Bay Asian Youth Center - Named Sites - Community Schools and Student Services Department","Approval by the Board of Education of Summer Programming Addendum No. 1, Expanded Learning Programs After School Program Master Contract 2025-2028 (Master Contract) by and between the District and East Bay Asian Youth Center, Oakland, CA, for the latter to provide summer academic and enrichment services as described in Exhibit A, incorporated herein by reference as though fully set forth, at Franklin Elementary School, Garfield Elementary School, Lincoln Elementary School, Manzanita Community School, Oakland High School and Roosevelt Middle School, via the Community Schools and Student Services Department, in an additional amount of $382,415.94, increasing the Master Contract not-to-exceed amount from $14,631,022.47 to $15,013,438.41, for the unchanged term of July 1, 2025 through July 31, 2028. All other terms and conditions of the Master Contract remain in full force and effect.",Agreement or Contract,Chief Academic Officer,001474,v-001474,After School Education and Safety Program; 21st Century Programs; Expanded Learning Opps Program,"Adds $382,415.94 for East Bay Asian Youth Center summer programs at six schools","This summer addendum adds $382,415.94 to the East Bay Asian Youth Center's after-school master contract. It pays for summer academic and enrichment services at six schools. The contract's cap rises from $14,631,022.47 to $15,013,438.41, and the term stays July 1, 2025 to July 31, 2028.",After-school & summer programs,amendment,East Bay Asian Youth Center,,Franklin Elementary School; Garfield Elementary School; Lincoln Elementary School; Manzanita Community School; Oakland High School; Roosevelt Middle School,expense,not_to_exceed,382415.94,,,14631022.47,15013438.41,true,2025-07-01,2028-07-31,raises_existing_contract; multi_year,,,Adopted on the General Consent Report,2026-04-22,true,auto_ok,sonnet-agent,enrich.v2.md,true,
2026-04-22:26-0789,2026-04-22,2026-04-22,regular,O.-66,119,general,Chief Academic Officer,26-0789,https://ousd.legistar.com/LegislationDetail.aspx?ID=68215&GUID=4C23A334-07D4-445F-9746-A692B3BCEBA8,No Cost Service Agreement and Data Sharing Agreement - Ignite Reading - Academics and Instruction Department,"Ratification by the Board of Education of a No Cost Services Agreement (SA) and Data Sharing Agreement (DSA) by and between the District and Ignite Reading, San Francisco, CA, for the latter, through the SA, to provide 1:1 High Dosage Literacy Tutoring at 23 schools, as described in Exhibit A, incorporated herein by reference as though fully set forth, for the period of July 1, 2026 through May 7, 2027, at no cost to the District, and through the DSA, defining the terms and conditions of the District’s transmission of or sharing of pupil data with Ignite Reading and the protection by Ignite Reading, of such data, for the same term as the SA, via the Academics and Instruction Department.",Agreement or Contract,Chief Academic Officer,,v-008703,,Accepts free reading tutoring from Ignite Reading at 23 schools and shares student data with it,"The board is ratifying (approving) a no-cost services agreement under which Ignite Reading provides one-on-one, high-dosage literacy tutoring at 23 schools. A separate Data Sharing Agreement sets the rules for how the district shares student data with Ignite Reading and how the company must protect it. Both run from July 1, 2026 to May 7, 2027.",Classroom & academic programs,mou_or_data_sharing,Ignite Reading,organization,,no_cost,,,,,,,true,2026-07-01,2027-05-07,,,,Adopted on the General Consent Report,2026-04-22,true,auto_ok,sonnet-agent,enrich.v2.md,true,
2026-04-22:26-0790,2026-04-22,2026-04-22,regular,O.-67,120,general,Chief Academic Officer,26-0790,https://ousd.legistar.com/LegislationDetail.aspx?ID=68216&GUID=A67ACECA-200A-4F97-884B-42CEFAF9A008,No Cost Service Agreement and Data Sharing Agreement - OpenLiteracy - Academics and Instruction Department,"Ratification by the Board of Education of a No Cost Services Agreement (SA) and Data Sharing Agreement (DSA) by and between the District and OpenLiteracy, Pittsburgh, PA, for the latter, through the SA, to provide 1:1 High Dosage Literacy Tutoring at 27 additional schools, as described in Exhibit A, as described, incorporated herein by reference as though fully set forth, for the period of July 1, 2026 through June 30, 2027, at no cost to the District, and through the DSA, defining the terms and conditions of the District’s transmission of or sharing of pupil data with OpenLiteracy and the protection by OpenLiteracy, of such data, for the same term as the SA, via the Academics and Instruction Department.",Agreement or Contract,Chief Academic Officer,,v-008989,No Fiscal Impact,Accepts free reading tutoring from OpenLiteracy at 27 more schools and shares student data with it,"The board is ratifying (approving) a no-cost services agreement under which OpenLiteracy provides one-on-one, high-dosage literacy tutoring at 27 additional schools. A separate Data Sharing Agreement sets the rules for how the district shares student data with OpenLiteracy and how the company must protect it. Both run from July 1, 2026 to June 30, 2027.",Classroom & academic programs,mou_or_data_sharing,OpenLiteracy,,,no_cost,,,,,,,true,2026-07-01,2027-06-30,,,,Adopted on the General Consent Report,2026-04-22,true,auto_ok,sonnet-agent,enrich.v2.md,true,
2026-04-22:26-0791,2026-04-22,2026-04-22,regular,O.-68,121,general,Chief Academic Officer,26-0791,https://ousd.legistar.com/LegislationDetail.aspx?ID=68217&GUID=EC4DA9E4-ED78-4144-BBC8-0240A8651E92,No Cost Service Agreement and Data Sharing Agreement - College Track - High School Network,"Ratification by the Board of Education of No Cost Services Agreement (SA) and Data Sharing Agreement (DSA) by and between the District and College Track, Oakland, CA, for the latter, through the SA, to equip students with the necessary skills required to succeed in high school, college, and into early career: at the high school level, programming is generally held Monday-Thursday from 4:30 pm-6:45pm and scholars are asked to attend a minimum of one day each week, providing a curriculum that touches on a variety of topics including college readiness, financial literacy, and social-emotional development; formally recruit incoming 9th graders each year in the Fall and admit 75 incoming scholars in December; facilitate aforementioned activities directly with District schools to coordinate presentations which may take place at events such as back-to-school nights, counselor events, and open houses; use and analyze student academic, financial, and social-emotional data - high school through college and early career - to tailor programming, supports, and interventions to student individual needs; at a macro level, use student data to identify trends in performance across groups of students to inform strategies, resource distribution, and services, for the period of December 1, 2026 to November 30, 2029, at no cost to the District and through the DSA, defining the terms and conditions of the District’s transmission of or sharing of pupil data with College Track and the protection by College Track, of such data, for the same term as the SA, via the High School Network Office.",Agreement or Contract,Chief Academic Officer,,n-college-track,,"Accepts College Track's free college-prep program for high schoolers through 2029, with data sharing","The board is ratifying (approving) a no-cost services agreement with College Track. The nonprofit offers after-school college readiness, financial literacy and social-emotional programming for high school students and plans to admit 75 incoming scholars each December. A separate Data Sharing Agreement lets the district share student data with College Track under set protections. Both run from December 1, 2026 to November 30, 2029.",Classroom & academic programs,mou_or_data_sharing,College Track,,,no_cost,,,,,,,true,2026-12-01,2029-11-30,multi_year,,,Adopted on the General Consent Report,2026-04-22,true,auto_ok,sonnet-agent,enrich.v2.md,true,
2026-04-22:26-0792,2026-04-22,2026-04-22,regular,O.-69,122,general,Chief Academic Officer,26-0792,https://ousd.legistar.com/LegislationDetail.aspx?ID=68218&GUID=EA5ABF74-69E3-40BA-BA47-760A81CB5885,"Services Agreement - The Regents of the University of California, on behalf of Cal Performances at its Berkley Campus - United for Success Academy","Approval by the Board of Education of a Services Agreement by and between the District and the Regents of the University of California, on behalf of Cal Performances at its Berkeley Campus, to provide Arts integration lessons in all 6th grade History classrooms, at United for Success Academy, for the period of March 1, 2026 through April 30, 2026, as described in Exhibit A, incorporated herein by reference as though fully set forth, at no cost to the District.",Agreement or Contract,Chief Academic Officer,,n-regents-of-university-of-california-on-behalf-of-cal-performances,No Fiscal Impact,Brings free Cal Performances arts lessons to 6th grade history classes at United for Success Academy,"Cal Performances, part of the University of California at Berkeley, will teach arts-integration lessons in all 6th grade history classrooms at United for Success Academy at no cost to the district. The period is March 1 to April 30, 2026, which begins before this vote.",Classroom & academic programs,new_agreement,"The Regents of the University of California, on behalf of Cal Performances",,United for Success Academy,no_cost,,,,,,,true,2026-03-01,2026-04-30,after_work_began,,,Adopted on the General Consent Report,2026-04-22,true,auto_ok,sonnet-agent,enrich.v2.md,true,
2026-04-22:26-0797,2026-04-22,2026-04-22,regular,O.-70,123,general,Chief Academic Officer,26-0797,https://ousd.legistar.com/LegislationDetail.aspx?ID=68223&GUID=D42F48C0-DEA5-4EAD-A34A-50FD10B20835,"Rental Agreement - Paramount Theatre of the Arts, Inc. - 2026 High School Network Senior Graduation Ceremonies – High School Network","Approval by the Board of Education of a Rental Agreement by and between the District
and Paramount Theatre of the Arts, Inc., Oakland, CA, for the latter to host, at times and dates specified,  the 2026 graduation ceremonies for Castlemont High School, Fremont High School, Madison Park Academy, McClymonds High School, Oakland High School, Oakland Technical High School, and Skyline High School, via the High School Network Office, for the period of January 27, 2026 through June 1, 2026, in an amount not to exceed $142,512.85..",Agreement or Contract,Chief Academic Officer,,n-paramount-theatre-of-arts,Central Supplemental Fund,"Pays up to $142,512.85 to rent the Paramount Theatre for seven high school graduations","The district would pay up to $142,512.85 to rent the Paramount Theatre of the Arts for the 2026 graduation ceremonies of seven high schools. The agreement period is January 27 to June 1, 2026. It is managed through the High School Network Office.","Food, transportation & operations",new_agreement,"Paramount Theatre of the Arts, Inc.",,Castlemont High School; Fremont High School; Madison Park Academy; McClymonds High School; Oakland High School; Oakland Technical High School; Skyline High School,expense,not_to_exceed,142512.85,,,,,true,2026-01-27,2026-06-01,after_work_began,,,Adopted on the General Consent Report,2026-04-22,true,auto_ok,sonnet-agent,enrich.v2.md,true,
2026-04-22:26-0798,2026-04-22,2026-04-22,regular,O.-71,124,general,Chief Academic Officer,26-0798,https://ousd.legistar.com/LegislationDetail.aspx?ID=68224&GUID=00D1F8A9-4FA1-4C09-93BE-F72F19420AD4,Grant Award - New Teacher Center - Salesforce Foundation - Academics and Instruction Department,"Acceptance by the Board of Education of a Grant Award from the New Teacher Center (NTC), Sacramento, CA, a Fiscal Agent of the Salesforce Foundation, in the amount of $9,000.00, to be used during the 2025-2026 academic year to support OUSD stipends for teachers participating in NTC’s programming, via the Academics and Instruction Department, for the period of July 1, 2025 through June 30, 2026, pursuant to terms and conditions thereof, if any.",Agreement or Contract,Chief Academic Officer,,v-003063,New Teacher Center,"Accepts a $9,000 grant from New Teacher Center for teacher stipends in 2025-26","The district accepts a $9,000 grant from the New Teacher Center, acting as fiscal agent for the Salesforce Foundation. The money supports stipends for Oakland teachers who take part in the New Teacher Center's programming during the 2025-26 school year. The grant period began July 1, 2025, before this vote, and ends June 30, 2026.",Classroom & academic programs,grant_or_funding_in,New Teacher Center,,,revenue,fixed,9000,,,,,true,2025-07-01,2026-06-30,after_work_began,,,Adopted on the General Consent Report,2026-04-22,true,auto_ok,sonnet-agent,enrich.v2.md,true,
2026-04-22:26-0800,2026-04-22,2026-04-22,regular,O.-72,125,general,Chief Academic Officer,26-0800,https://ousd.legistar.com/LegislationDetail.aspx?ID=68226&GUID=4848B995-9761-4128-913C-E7F4CD2F5B76,Combined Memorandum of Understanding and Fiscal Sponsorship Agreement - Mentoring in Medicine & Science Inc. (MIMS) - Oakland High School,"Ratification by the Board of Education of a Memorandum of Understanding and Fiscal Sponsorship Agreement - Mentoring in Medicine & Science Inc. (MIMS), Oakland, CA, for the latter to provide joint implementation of the 2026 Public Health Academy (PHA) student camp retreat, with MIMS accepting fiscal responsibility for deposits and fees and billing PHA for the balance at the retreat's conclusion; Stop the Bleed and Blended CPR/AED certifications to 76 PHA students facilitated by MIMS staff (38 students for each training); MIMS to provide targeted learning opportunities for PHA students; ensure programs are conducted in compliance with applicable nonprofit and tax-exempt regulations and maintain financial records and ensure fiscal oversight for project-related field trip activities for Oakland High School, for the period of February 20, 2026 through February 21, 2026, in an amount not to exceed $17,656.00.",Agreement or Contract,Chief Academic Officer,,v-002825,Career Technical Ed Initiative Grant,"Pays up to $17,656 to Mentoring in Medicine & Science for a Public Health Academy retreat and training","The board is ratifying (approving) a Memorandum of Understanding (MOU) and fiscal sponsorship agreement with Mentoring in Medicine & Science, Inc. (MIMS). MIMS will help run the 2026 Public Health Academy student retreat, handling deposits and fees, and provide Stop the Bleed and CPR/AED certification training to 76 Public Health Academy students at Oakland High School. The district would pay up to $17,656. The dates, February 20 to 21, 2026, come before this vote.",Classroom & academic programs,mou_or_data_sharing,Mentoring in Medicine & Science Inc. (MIMS),,Oakland High School,expense,not_to_exceed,17656,,,,,true,2026-02-20,2026-02-21,after_work_began,,,Adopted on the General Consent Report,2026-04-22,true,auto_ok,sonnet-agent,enrich.v2.md,true,
2026-04-22:26-0735,2026-04-22,2026-04-22,regular,O.-73,127,general,General Counsel,26-0735,https://ousd.legistar.com/LegislationDetail.aspx?ID=68161&GUID=5193D006-888B-46B0-8ED2-D77C79D5F6F3,"Services Agreement 2025-2026 - Diaz Hauling, Inc. - Risk Management Department","Ratification by the Board of Education of a Services Agreement 2025-2026 by and between the District and Diaz Hauling, Inc., Madera, CA, for the latter to remove and dispose of salvaged furniture and equipment groups with zero useful life such as, musical equipment, kitchen equipment, file cabinets, multi-functional copiers, kitchen supplies, and pallets from the school sites or departments, via Risk Management Department, for the period of July 1, 2025 through June 30, 2026, in an amount not to exceed $50,000.00.",Agreement or Contract,General Counsel,,v-009878,,"Pays Diaz Hauling up to $50,000 to remove and dispose of old school furniture and equipment","The board is ratifying (approving) a 2025-26 agreement with Diaz Hauling, Inc. to haul away and dispose of salvaged furniture and equipment that has no useful life left, such as musical and kitchen equipment, file cabinets and copiers, from school sites and departments. The district would pay up to $50,000 for July 1, 2025 to June 30, 2026, a period that began before this vote.","Food, transportation & operations",new_agreement,"Diaz Hauling, Inc.",,,expense,not_to_exceed,50000,,,,,true,2025-07-01,2026-06-30,after_work_began,,,Adopted on the General Consent Report,2026-04-22,true,auto_ok,sonnet-agent,enrich.v2.md,true,
2026-04-22:26-0803,2026-04-22,2026-04-22,regular,O.-74,128,general,General Counsel,26-0803,https://ousd.legistar.com/LegislationDetail.aspx?ID=68229&GUID=1B789AF1-5976-4F07-BDE2-C4F3B7272831,Investigation and Legal Services Agreement - A.W. Blan Workplace Legal Services - General Counsel,"Ratification by the Board of Education of an Investigation and Legal Services Agreement by and between the District and  A.W. Blan Workplace Legal Services, Sacramento, CA, for the latter to conduct impartial investigations or other investigation‐related work at the discretion of the General Counsel, on an as needed basis, for a period of February 27, 2026 through February 28, 2027, in an amount not to exceed $114,000.00 per fiscal year.",Agreement or Contract,General Counsel,,n-a-w-blan-workplace-legal-services,,"Pays A.W. Blan Workplace Legal Services up to $114,000 per year for workplace investigations","The board is ratifying (approving) an agreement with A.W. Blan Workplace Legal Services to conduct impartial investigations and related work as needed, at the General Counsel's discretion. The district would pay up to $114,000 per fiscal year. The period is February 27, 2026 to February 28, 2027, and began before this vote.","Legal, insurance & risk",new_agreement,A.W. Blan Workplace Legal Services,,,expense,per_year,114000,,,,,true,2026-02-27,2027-02-28,after_work_began; yearly_cap,,,Adopted on the General Consent Report,2026-04-22,true,auto_ok,sonnet-agent,enrich.v2.md,true,
2026-04-22:26-0924,2026-04-22,2026-04-22,regular,O.-75,129,general,General Counsel,26-0924,https://ousd.legistar.com/LegislationDetail.aspx?ID=68350&GUID=55FB053A-2B03-45D9-92B9-7AFED2DDC56C,Williams Uniform Complaints - Quarterly Report - April 2026 - General Counsel,"Approval by the Board of Education of Williams Uniform Complaints Quarterly Report for April 2026 Quarterly Submission Date, for the period January - March 2026, respectively.",Report,General Counsel,,,,Approves the quarterly report on Williams Uniform Complaints for January to March 2026,The board approves the Williams Uniform Complaints quarterly report for the April 2026 submission date. The report covers January through March 2026. No money is involved in this item.,Governance & board business,other,,,,no_cost,,,,,,,true,2026-01-01,2026-03-31,after_work_began,,,Adopted on the General Consent Report,2026-04-22,true,auto_ok,sonnet-agent,enrich.v2.md,true,
2026-04-22:26-0749,2026-04-22,2026-04-22,regular,O.-76,131,general,"Budget and Finance Committee - April 2, 2026 - Rachel Latta, Chairperson",26-0749,https://ousd.legistar.com/LegislationDetail.aspx?ID=68175&GUID=B87D44CC-F8FC-420D-87D4-0644FD0400D8,"Amendment, Board Policy 5113 - Absences and Excuses","Approval by the Board of Education, upon recommendation by the Budget and Finance Committee of an Amendment, Board Policy - 5113 Absence and Excuses, as delineated herein.",Board Policy,Budget and Finance Committee,,,,Amends Board Policy 5113 on absences and excuses,"On the recommendation of the Budget and Finance Committee, the board approves changes to Board Policy 5113, Absences and Excuses. The item text only says the changes are in an attached document, so the specific edits are not described here. No cost is stated.",Governance & board business,resolution_or_policy,,,,no_cost,,,,,,,true,,,pulled_from_consent,,"Adopted in its own vote at this meeting (6–1), instead of with the rest of the consent report.",Adopted,2026-04-22,true,auto_ok,sonnet-agent,enrich.v2.md,true,
2026-04-22:26-0750,2026-04-22,2026-04-22,regular,O.-77,132,general,"Budget and Finance Committee - April 2, 2026 - Rachel Latta, Chairperson",26-0750,https://ousd.legistar.com/LegislationDetail.aspx?ID=68176&GUID=EDBFFC42-00A8-4DA3-8E95-CD976005D4D0,"Renaming and Amendment, Board Policy 5113.1 - Truancy to Chronic Absence","Approval by the Board of Education, upon recommendation by the Budget and Finance Committee, of Renaming and Amendment, Board Policy 5113.1, Truancy to Chronic Absence, as delineated herein.",Board Policy,Budget and Finance Committee,,,,Renames Board Policy 5113.1 from Truancy to Chronic Absence and amends it,"On the recommendation of the Budget and Finance Committee, the board renames Board Policy 5113.1 from Truancy to Chronic Absence and approves changes to it. The item text only says the changes are in an attached document, so the specific edits are not described here. No cost is stated.",Governance & board business,resolution_or_policy,,,,no_cost,,,,,,,true,,,pulled_from_consent,,"Adopted in its own vote at this meeting (6–1), instead of with the rest of the consent report.",Adopted,2026-04-22,true,auto_ok,sonnet-agent,enrich.v2.md,true,
2026-04-22:26-0060,2026-04-22,2026-04-22,regular,O.-78,134,general,"Facilities Committee - April 16, 2026 - Valarie Bachelor, Chairperson",26-0060,https://ousd.legistar.com/LegislationDetail.aspx?ID=67487&GUID=1A8D7242-7ED3-44BE-9831-50808D710335,"Initiating the Establishment of a 7 11 Advisory Committee to Evaluate the Future Use of 1025 2nd Avenue, Lakeview, and Former Ralph J. Bunche Academy - Facilities Committee","Adoption by the Board of Education of Resolution No. 2526-0192 - Initiating the Establishment of a 7-11 Advisory Committee to Evaluate the Future Use of 1025 2nd Avenue, Lakeview, and Former Ralph J. Bunche Academy.",Resolution,Board of Education,,,,"Starts a 7-11 advisory committee on future use of 1025 2nd Avenue, Lakeview and former Bunche Academy","The board adopts Resolution No. 2526-0192 to begin setting up a 7-11 Advisory Committee. The committee would evaluate the future use of three district properties: 1025 2nd Avenue, Lakeview, and the former Ralph J. Bunche Academy. No cost is stated.",Governance & board business,resolution_or_policy,,,Lakeview; Former Ralph J. Bunche Academy,no_cost,,,,,,,true,,,pulled_from_consent; previously_delayed,,"Adopted in its own vote at this meeting (6–1), instead of with the rest of the consent report.",Adopted,2026-04-22,true,auto_ok,sonnet-agent,enrich.v2.md,true,
2026-04-22:26-0793,2026-04-22,2026-04-22,regular,O.-79,135,general,"Facilities Committee - April 16, 2026 - Valarie Bachelor, Chairperson",26-0793,https://ousd.legistar.com/LegislationDetail.aspx?ID=68219&GUID=D5E72FBE-C7BE-43D8-9241-CD9AE7D16378,Declaring the Futility of Public Bidding for Electricity Service and Approving an Electricity Service Agreement by and between Ava Community Energy and Oakland Unified School District - Facilities Planning and Management,"Approval by the Board of Education of Resolution No. 2526-0104 - Declaring the Futility of Public Bidding for Electricity Service and Approving an Electricity Service Agreement by and between Ava Community Energy, Oakland, CA and the District, for the former to provide favorable, fixed electricity rates discounted from Ava’s standard electricity rates for the District’s direct access-eligible electric energy services agreements as consideration for the District’s long-term commitment as an electricity customer of Ava’s with a new term beginning May 1, 2026 and ending on April 30, 2028, in a not to exceed amount of $3,000,000.00 for the term.",Resolution,Board of Education,009209,v-009209,General Fund 1,"Approves up to $3,000,000 for a two-year electricity deal with Ava Community Energy without public bidding","Through Resolution No. 2526-0104, the board declares that public bidding for electricity service would be futile and approves an agreement with Ava Community Energy. Ava would provide fixed electricity rates discounted from its standard rates, in return for the district's long-term commitment as a customer. The district would pay up to $3,000,000 over the term, May 1, 2026 to April 30, 2028.","Food, transportation & operations",new_agreement,Ava Community Energy,,,expense,not_to_exceed,3000000,,,,,true,2026-05-01,2028-04-30,no_competitive_bid; multi_year,,,Adopted on the General Consent Report,2026-04-22,true,auto_ok,sonnet-agent,enrich.v2.md,true,
2026-04-22:26-0903,2026-04-22,2026-04-22,regular,O.-80,136,general,"Facilities Committee - April 16, 2026 - Valarie Bachelor, Chairperson",26-0903,https://ousd.legistar.com/LegislationDetail.aspx?ID=68329&GUID=142338FE-8568-4C43-B682-F0EFC9A3E647,Support of AB 1822 (Muratsuchi) – Climate-Resilient School Facilities - Facilities Committee,Adoption by the Board of Education of Resolution No. 2526-0213 - Support of AB 1822 (Muratsuchi) - Climate-Resilient School Facilities.,Resolution,Board of Education,,,,"Backs AB 1822, a state bill on climate-resilient school facilities","The board adopts Resolution No. 2526-0213 in support of Assembly Bill (AB) 1822, authored by Assemblymember Muratsuchi, on climate-resilient school facilities. This is a statement of position and no cost is stated.",Governance & board business,resolution_or_policy,,,,no_cost,,,,,,,true,,,,,,Adopted on the General Consent Report,2026-04-22,true,auto_ok,sonnet-agent,enrich.v2.md,true,
2026-04-22:26-0907,2026-04-22,2026-04-22,regular,O.-81,137,general,"Facilities Committee - April 16, 2026 - Valarie Bachelor, Chairperson",26-0907,https://ousd.legistar.com/LegislationDetail.aspx?ID=68333&GUID=A453FF37-65F0-4523-AE76-523743FFC718,Supporting Measure E To Promote Stable City Partnerships That Benefit Oakland Students and Families - Facilities Committee,Adoption by the Board of Education Resolution No. 2526-2014 - Supporting Measure E to Promote Stable City Partnerships that Benefit Oakland Students and Families.,Resolution,Board of Education,,,,Supports Measure E to promote stable city partnerships that benefit Oakland students and families,"The board adopts a resolution in support of Measure E, described in the title as promoting stable city partnerships that benefit Oakland students and families. This is a statement of position and no cost is stated.",Governance & board business,resolution_or_policy,,,,no_cost,,,,,,,true,,,,,,Adopted on the General Consent Report,2026-04-22,true,auto_ok,sonnet-agent,enrich.v2.md,true,
2026-04-22:26-0920,2026-04-22,2026-04-22,regular,O.-82,138,general,"Facilities Committee - April 16, 2026 - Valarie Bachelor, Chairperson",26-0920,https://ousd.legistar.com/LegislationDetail.aspx?ID=68346&GUID=210BE94C-E3E3-4604-A5FD-FFE8E213F124,Protecting Student Health and Educational Equity Through Urgent Districtwide Heat Mitigation - Facilities Committee,Adoption by the Board of Education of Resolution No. 2526-0226 - Protecting Student Health and Educational Equity Through Urgent Districtwide Heat Mitigation.,Resolution,Board of Education,,,,Adopts a resolution on urgent districtwide heat mitigation to protect student health,"The board adopts Resolution No. 2526-0226, titled Protecting Student Health and Educational Equity Through Urgent Districtwide Heat Mitigation. The item text does not describe specific actions or costs.",Governance & board business,resolution_or_policy,,,,no_cost,,,,,,,true,,,pulled_from_consent,,"Adopted in its own vote at this meeting (7–0), instead of with the rest of the consent report.",Adopted,2026-04-22,true,auto_ok,sonnet-agent,enrich.v2.md,true,
2026-04-22:26-0964,2026-04-22,2026-04-22,regular,O.-83,140,general,"Measure G1 - Districtwide Teacher Retention and Middle School Improvement Act Oversight Commission - Terrence Riley, Chairperson - April 14, 2026",26-0964,https://ousd.legistar.com/LegislationDetail.aspx?ID=68390&GUID=6EEA6537-16DF-4002-8F31-835B50DC5E10,Measure G1 Districtwide Teacher Retention and Middle School Improvement Act Oversight Commission - Measure G1 Funding Allocation - Named Schools,"Adoption by the Board of Education, of Resolution No. 2526-0217 - Measure G1 - Districtwide Teacher Retention and Middle School Improvement Act Oversight Commission Recommendation Approving 2026-2027 Measure G1 Applications for Named Schools, 2025-2026 Amended G1 Applications for Named Schools and 2024 - 2025 Amended Measure G1 Carryover Funding Request for Edna Brewer Middle School.",Resolution,Board of Education,,,,Approves Measure G1 funding applications for named schools and a carryover request for Edna Brewer,"The board adopts Resolution No. 2526-0217, following the recommendation of the Measure G1 oversight commission. It approves 2026-27 Measure G1 applications and amended 2025-26 applications for named schools, plus a request to carry over 2024-25 Measure G1 funds at Edna Brewer Middle School. The item text does not state dollar amounts.",Governance & board business,resolution_or_policy,,,Edna Brewer Middle School,expense,,,,,,,true,,,pulled_from_consent; budget_allocation,,"Adopted in its own vote at this meeting (6–1), instead of with the rest of the consent report.",Adopted,2026-04-22,true,auto_ok,sonnet-agent,enrich.v2.md,true,
2026-04-22:26-0934,2026-04-22,2026-04-22,regular,O.-84,142,general,Board of Education,26-0934,https://ousd.legistar.com/LegislationDetail.aspx?ID=68360&GUID=932B6423-4742-4B42-B38C-5FE7B1A67791,"Minutes - Board of Education - Regular Meeting - March 25, 2026","Ratification by the Board of Education of its Regular Meeting Minutes of March 25, 2026, prepared by Staff shortly after said Meeting.","Minutes, Board of Education",Board of Education,,,,"Approves the minutes of the March 25, 2026 regular Board meeting","The board ratifies (approves) the minutes of its regular meeting of March 25, 2026, as prepared by staff shortly after the meeting. No cost is involved.",Governance & board business,other,,,,no_cost,,,,,,,true,,,after_work_began,,,Adopted on the General Consent Report,2026-04-22,true,auto_ok,sonnet-agent,enrich.v2.md,true,
2026-04-22:26-0935,2026-04-22,2026-04-22,regular,O.-85,143,general,Board of Education,26-0935,https://ousd.legistar.com/LegislationDetail.aspx?ID=68361&GUID=81D53064-09CC-4A98-B603-E34B35D6A5AD,"Minutes - Board of Education - Special Meeting – March 25, 2026","Ratification by the Board of Education of its Special Meeting Minutes of March 25, 2026, prepared by Staff shortly after said Meeting.","Minutes, Board of Education",Board of Education,,,,"Approves the minutes of the March 25, 2026 special Board meeting","The board ratifies (approves) the minutes of its special meeting of March 25, 2026, as prepared by staff shortly after the meeting. No cost is involved.",Governance & board business,other,,,,no_cost,,,,,,,true,,,after_work_began,,,Adopted on the General Consent Report,2026-04-22,true,auto_ok,sonnet-agent,enrich.v2.md,true,
2026-04-22:26-0936,2026-04-22,2026-04-22,regular,O.-86,144,general,Board of Education,26-0936,https://ousd.legistar.com/LegislationDetail.aspx?ID=68362&GUID=48B8A5A3-DC09-4C90-95EC-62D4AE130229,"Minutes - Board of Education - Special Meeting – April 2, 2026","Ratification by the Board of Education of its Special Meeting Minutes of April 2, 2026, prepared by Staff shortly after said Meeting.","Minutes, Board of Education",Board of Education,,,,"Approves the minutes of the April 2, 2026 special Board meeting","The board ratifies (approves) the minutes of its special meeting of April 2, 2026, as prepared by staff shortly after the meeting. No cost is involved.",Governance & board business,other,,,,no_cost,,,,,,,true,,,after_work_began,,,Adopted on the General Consent Report,2026-04-22,true,auto_ok,sonnet-agent,enrich.v2.md,true,
2026-04-22:26-0937,2026-04-22,2026-04-22,regular,O.-87,145,general,Board of Education,26-0937,https://ousd.legistar.com/LegislationDetail.aspx?ID=68363&GUID=7D0F7063-F6AE-4E71-B385-C5DDE8A49282,"Minutes - Board of Education - Education Partnership Committee - Special Meeting - April 13, 2026","Ratification by the Board of Education - Education Partnership Committee - of its Special Meeting Minutes of April 13, 2026, prepared by City Clerk’s Staff shortly after said Meeting.","Minutes, Board of Education",Board of Education,,,,"Approves the minutes of the April 13, 2026 special Education Partnership Committee meeting","The board ratifies (approves) the minutes of the Education Partnership Committee's special meeting of April 13, 2026, as prepared by the City Clerk's staff shortly after the meeting. No cost is involved.",Governance & board business,other,,,,no_cost,,,,,,,true,,,after_work_began,,,Adopted on the General Consent Report,2026-04-22,true,auto_ok,sonnet-agent,enrich.v2.md,true,
2026-04-22:26-1007,2026-04-22,2026-04-22,regular,O.-88,146,general,Board of Education,26-1007,https://ousd.legistar.com/LegislationDetail.aspx?ID=68433&GUID=57176C0E-798E-44D1-AD7E-5BC1DF33F545,California School Boards Association (CSBA) - Delegate Assembly Run-off Election - Subregion 7-B (Alameda County),"Adoption by Board of Resolution No. 2526-0246 - Determining and Instructing the Secretary of the Board to Cast Ballot As Instructed for One of Two Run-off Candidates for California School Boards Association (CSBA) 2026 Delegate Assembly Subregion 7-B (Alameda County) and Timely Return Ballot to CSBA with a postmark on or before April 30, 2026",Election,Board of Education,,,,Casts the Board's run-off ballot for California School Boards Association delegates in Alameda County,"The board adopts Resolution No. 2526-0246, instructing the Board Secretary to cast the district's ballot for one of two run-off candidates for the California School Boards Association (CSBA) 2026 Delegate Assembly, Subregion 7-B (Alameda County). The ballot must be returned to CSBA with a postmark on or before April 30, 2026. No cost is stated.",Governance & board business,resolution_or_policy,,,,no_cost,,,,,,,true,,,,,,Adopted on the General Consent Report,2026-04-22,true,auto_ok,sonnet-agent,enrich.v2.md,true,
2026-04-22:26-0698,2026-04-22,2026-04-22,regular,O1.-1,148,general,,26-0698,https://ousd.legistar.com/LegislationDetail.aspx?ID=68124&GUID=6D2CE4EE-8717-4730-8D80-DA3D191E4973,Services Agreement - Soccer Without Borders - Summer Learning Programs - International Community School - Community Schools and Student Services Department,"Approval by the Board of Education of a Services Agreement by and between the District and Soccer Without Borders, Oakland, CA, for the latter to provide nine hours of daily summer academic support and enrichment to District students who are in need of summer services to counter summer learning loss, and provide related services, perform tasks, as described in Exhibit A of the Agreement, incorporated herein by reference as though fully set forth, for the Summer Learning Program at International Community School, via the Community Schools and Student Services Department, for the period of July 13, 2026 through July 24, 2026, in an amount not to exceed $64,897.50.",Agreement or Contract,Chief Academic Officer,003978,v-003978,Expanded Learning Opportunities Program,"Pays Soccer Without Borders up to $64,897.50 for summer learning at International Community School","The district would pay up to $64,897.50 to Soccer Without Borders for nine hours a day of summer academic support and enrichment at International Community School. The program is for students who need summer services to counter summer learning loss. The period is July 13 to July 24, 2026.",After-school & summer programs,new_agreement,Soccer Without Borders,organization,International Community School,expense,not_to_exceed,64897.5,,,,,true,2026-07-13,2026-07-24,,,,Adopted on the General Consent Report,2026-04-22,true,auto_ok,sonnet-agent,enrich.v2.md,true,
2026-04-22:26-0701,2026-04-22,2026-04-22,regular,O1.-2,149,general,,26-0701,https://ousd.legistar.com/LegislationDetail.aspx?ID=68127&GUID=28811DB1-073F-4049-AB69-30F23F553D40,Services Agreement - Soccer Without Borders - Summer Learning Programs - Frick United Academy of Language - Community Schools and Student Services Department,"Approval by the Board of Education of a Services Agreement by and between the District and Soccer Without Borders, Oakland, CA, for the latter to provide nine hours of daily summer academic support and enrichment to District students who are in need of summer services to counter summer learning loss, and provide related services, perform tasks, as described in Exhibit A of the Agreement, incorporated herein by reference as though fully set forth, for the Summer Learning Program at Frick United Academy of Language, via the Community Schools and Student Services Department, for the period of June 8, 2026 through July 10, 2026, in an amount not to exceed $70,242.00.",Agreement or Contract,Chief Academic Officer,003978,v-003978,Expanded Learning Opportunities Program,"Pays Soccer Without Borders up to $70,242 for summer learning at Frick United Academy of Language","The district would pay up to $70,242 to Soccer Without Borders for nine hours a day of summer academic support and enrichment at Frick United Academy of Language. The program is for students who need summer services to counter summer learning loss. The period is June 8 to July 10, 2026.",After-school & summer programs,new_agreement,Soccer Without Borders,organization,Frick United Academy of Language,expense,not_to_exceed,70242,,,,,true,2026-06-08,2026-07-10,,,,Adopted on the General Consent Report,2026-04-22,true,auto_ok,sonnet-agent,enrich.v2.md,true,
2026-04-22:26-0645,2026-04-22,2026-04-22,regular,P.-1,151,bonds,,26-0645,https://ousd.legistar.com/LegislationDetail.aspx?ID=68071&GUID=2FC9B00D-3DD4-4E1E-AE3A-A94D7761F996,"Amendment No. 1, Services Agreement 2025-2026 – A-Tech Consulting – Risk Management Environmental Testing District-Wide Project – Division of Facilities Planning and Management","Approval by the Board of Education of Amendment No. 1, Services Agreement 2025-2026 by and between the District and A-Tech Consulting, Oakland, CA, for the latter to provide sequential sampling of all drinking fountains and filtered water stations, including water sampling, laboratory analysis, logistics, and reporting at each site, with services proper labeling and site-specific documentation, as outlined in the Proposal dated January 28, 2026, attached to this Amendment as Exhibit A, in the additional amount of $357,280.00, increasing the Agreement’s not-to-exceed amount from $50,000.00 to $407,280.00. All other terms and conditions of the Agreement remain in full force and effect.",Motion,"Deputy Chief, Facilities Planning and Management",009167,v-009167,Fund 21 Building Fund Measure J,"Adds $357,280 for A-Tech Consulting to test drinking fountains and water stations district-wide","This amendment adds money to an existing contract with A-Tech Consulting of Oakland. The company will take water samples from all drinking fountains and filtered water stations, run laboratory tests, and report the results for each site. The contract limit rises from $50,000 to $407,280.",School buildings & construction,amendment,A-Tech Consulting,,,expense,not_to_exceed,357280,,,50000,407280,true,,,raises_existing_contract; large_increase,,,Adopted on the General Consent Report,2026-04-22,true,auto_ok,sonnet-agent,enrich.v2.md,true,
2026-04-22:26-0687,2026-04-22,2026-04-22,regular,P.-2,152,bonds,,26-0687,https://ousd.legistar.com/LegislationDetail.aspx?ID=68113&GUID=F64DA565-3DFF-43FD-8072-2AF589E7418D,"General Services Agreement – Terraphase Engineering, Inc. – Skyline High School Lighting Replacement Project- Division of Facilities Planning and Management","Approval by the Board of Education of a General Services Agreement by and between the District and Terraphase Engineering, Inc., Oakland, CA, for the latter to provide geotechnical and geohazard consulting services, including preparation of a geotechnical design report compliant with the 2025 California Building Code (CBC) and California Geological Survey (CGS) Note 48 for the Skyline High School Lighting Replacement Project, in the amount of $49,989.00 which includes a contingency fee of $9,400.00, as the selected consultant, with work scheduled to commence on April 1, 2026, and shall be for the duration of the Project (“Term”),
except as otherwise stated in Section 4 [of Agreement], and Contractor shall complete the Services within the Term.",Agreement or Contract,"Deputy Chief, Facilities Planning and Management",004240,v-004240,Building Fund 21 Measure Y,"Hires Terraphase Engineering for $49,989 of soil and geohazard study for Skyline High lighting project","Terraphase Engineering of Oakland will provide geotechnical (soil and ground) and geohazard consulting, including a design report that meets the 2025 California Building Code. The work is for the Skyline High School Lighting Replacement Project. The $49,989 includes a $9,400 contingency fee, and work is set to begin April 1, 2026 and last for the duration of the project.",School buildings & construction,new_agreement,"Terraphase Engineering, Inc.",,Skyline High School,expense,fixed,49989,,,,,true,2026-04-01,,after_work_began,,,Adopted on the General Consent Report,2026-04-22,true,auto_ok,sonnet-agent,enrich.v2.md,true,
2026-04-22:26-0694,2026-04-22,2026-04-22,regular,P.-3,153,bonds,,26-0694,https://ousd.legistar.com/LegislationDetail.aspx?ID=68120&GUID=C17D2311-82A9-4170-AD8C-079A780AAD1D,"Amendment No. 2, Agreement for Inspector of Record Services for Construction – The KDI Group, Inc. – Fremont High School Modernization Project - Division of Facilities Planning and Management","Approval by the Board of Education of Amendment No. 2, Agreement for Inspector of Record Services for Construction by and between the District and The KDI Group, Inc., Oakland, CA, for the latter to provide additional Inspector of Record Services for Phases 1 and 2, as required by DSA, due to an expanded schedule and increased Scope of Work, as described in the Proposal dated February 23, 2026, attached to this Amendment as Exhibit A, for the Fremont High School Modernization Project, in the additional amount of $230,624.00, increasing the Agreement not-to-exceed amount from $230,009.00 to $460,633.00. All other terms and conditions of the Agreement remain in full force and effect.",Agreement or Contract,"Deputy Chief, Facilities Planning and Management",002377,v-002377,Fund 21 Building Fund Measure J,"Adds $230,624 for KDI Group's construction inspection at Fremont High modernization","This amendment adds money for The KDI Group of Oakland to provide extra Inspector of Record services for Phases 1 and 2 of the Fremont High School Modernization Project. The state's Division of the State Architect (DSA) requires these inspections, and more are needed because the schedule and scope grew. The contract limit rises from $230,009 to $460,633.",School buildings & construction,amendment,"The KDI Group, Inc.",,Fremont High School,expense,not_to_exceed,230624,,,230009,460633,true,,,raises_existing_contract; large_increase,,,Adopted on the General Consent Report,2026-04-22,true,auto_ok,sonnet-agent,enrich.v2.md,true,
2026-04-22:26-0695,2026-04-22,2026-04-22,regular,P.-4,154,bonds,,26-0695,https://ousd.legistar.com/LegislationDetail.aspx?ID=68121&GUID=DFCDC0D5-8D21-46F3-A2E5-B4DCCD779BBE,"Amendment No. 1, Agreement for Engineering Services – Atlas Technical Consultants, LLC - Fremont High School Modernization Project – Division of Facilities Planning and Management","Approval by the Board of Education of Amendment No. 1, Agreement for Engineering Services by and between the District and Atlas Technical Consultants, LLC, Oakland, CA, for the latter to provide additional geotechnical engineering services and added services required for unforeseen condition of soil pumping and additional compaction requirements, as outlined in the Proposal dated January 21, 2026, attached to this Amendment as Exhibit A, for the Fremont High School Modernization Project, in an additional amount of $96,948.50, increasing the Agreement not-to-exceed amount from $6,842.50 to $103,791.00, and extending the term of the Agreement from October 23, 2025 through June 30, 2026 to December 31, 2026, an additional 184 calendar days.  All other terms and conditions of the Agreement remain in full force and effect.",Agreement or Contract,"Deputy Chief, Facilities Planning and Management",007113,v-007113,Fund 21 Building Fund Measure J,"Adds $96,948.50 and six months for Atlas Technical's soil engineering at Fremont High","This amendment gives Atlas Technical Consultants more money and time for extra geotechnical (soil) engineering at the Fremont High School Modernization Project. The added work covers unforeseen soil pumping and extra compaction requirements. The contract limit rises from $6,842.50 to $103,791, and the end date moves from June 30, 2026 to December 31, 2026.",School buildings & construction,amendment,"Atlas Technical Consultants, LLC",,Fremont High School,expense,not_to_exceed,96948.5,,,6842.5,103791,true,2025-10-23,2026-12-31,raises_existing_contract; large_increase; multi_year,,,Adopted on the General Consent Report,2026-04-22,true,auto_ok,sonnet-agent,enrich.v2.md,true,
2026-04-22:26-0720,2026-04-22,2026-04-22,regular,P.-5,155,bonds,,26-0720,https://ousd.legistar.com/LegislationDetail.aspx?ID=68146&GUID=CBE86764-D256-4487-9840-D9267FD4510D,"Agreement Between Owner and Contractor – Deco Tech Systems, Inc. – Various Sites Door Entry Systems Upgrades Group 1 Project- Division of Facilities Planning and Management","Ratification by the Board of Education of the Agreement Between Owner and Contractor by and between the District and Deco Tech Systems, Inc., Walnut Creek, CA, for the latter’s installation of a replacement door entry system, replacing system not connected to the IP network, at Garfield Elementary School, in the amount of $7,897.94, with work commencing on February 17, 2026, and completed on March 17, 2026.",Motion,"Deputy Chief, Facilities Planning and Management",001325,v-001325,Building Fund 21 Measure Y & ELOP,"Ratifies $7,897.94 for Deco Tech to replace the door entry system at Garfield Elementary","The board is approving after the fact a contract with Deco Tech Systems of Walnut Creek to install a new door entry system at Garfield Elementary School. It replaces a system that was not connected to the IP network. The work started February 17, 2026 and was completed March 17, 2026, before this approval.",School buildings & construction,new_agreement,"Deco Tech Systems, Inc.",,Garfield Elementary School,expense,fixed,7897.94,,,,,true,2026-02-17,2026-03-17,after_work_began,,,Adopted on the General Consent Report,2026-04-22,true,auto_ok,sonnet-agent,enrich.v2.md,true,
2026-04-22:26-0722,2026-04-22,2026-04-22,regular,P.-6,156,bonds,,26-0722,https://ousd.legistar.com/LegislationDetail.aspx?ID=68148&GUID=D6CBF56D-2EC7-4A4D-9300-39993F550C85,"General Services Agreement – Sandis Civil Engineers, Surveyors and Planners – Skyline High School Lighting Replacement Project - Division of Facilities Planning and Management","Ratification by the Board of Education of a General Services Agreement by and between the District and Sandis Civil Engineers Surveyors and Planners, Oakland, CA, for the latter to provide professional land surveying and mechanical utility locating services for the Skyline High School Lighting Replacement Project in the not-to-exceed amount of $40,700.00, which includes a not-to-exceed amount for Additional Services of $3,700.00, with work to commence on March 24, 2026, and scheduled to last until December 31, 2026.",Agreement or Contract,"Deputy Chief, Facilities Planning and Management",003768,v-003768,Building 21 Measure Y,"Ratifies up to $40,700 for Sandis to survey land and locate utilities at Skyline High lighting project","The board is approving after the fact a contract with Sandis Civil Engineers Surveyors and Planners of Oakland for land surveying and underground utility locating for the Skyline High School Lighting Replacement Project. The limit is $40,700, which includes up to $3,700 for additional services. Work began March 24, 2026 and is scheduled to last until December 31, 2026.",School buildings & construction,new_agreement,Sandis Civil Engineers Surveyors and Planners,,Skyline High School,expense,not_to_exceed,40700,,,,,true,2026-03-24,2026-12-31,after_work_began,,,Adopted on the General Consent Report,2026-04-22,true,auto_ok,sonnet-agent,enrich.v2.md,true,
2026-04-22:26-0796,2026-04-22,2026-04-22,regular,P.-7,158,bonds,"Facilities Committee - April 16, 2026 - Valarie Bachelor, Chairperson",26-0796,https://ousd.legistar.com/LegislationDetail.aspx?ID=68222&GUID=ECF3953F-AD63-495D-BA4D-BCD8C5EBD153,"Amendment No. 1, Lease-Leaseback Contract – Cahill Contractors LLC– Melrose Leadership Academy at Maxwell Park Campus New Classroom Building and Modernization Project– Division of Facilities Planning and Management","Approval by the Board of Education of Amendment No. 1,  Lease-Leaseback Contract by and between the District and Cahill Contractors LLC, Oakland, CA, providing to the latter, the Guaranteed Maximum Price (GMP), for construction of new building and modernization of the existing building at Maxwell Park, which establishes the upper limit on construction costs that the contractor is contractually obligated not to exceed, as outlined in the schedule, which is attached to this Amendment as Exhibit A and incorporated herein by reference, for the Melrose Leadership Academy at Maxwell Park Campus New Classroom Building and Modernization Project, in an additional amount of $34,947,788.00, increasing the Agreement’ not-to-exceed amount from $100,000.00 to $35,047,788.00, and extending the term of the Agreement from December 12, 2024 through December 31, 2025 to August 31, 2028, an additional 974 days. All other terms and conditions of the Agreement remain in full force and effect.",Agreement or Contract,Board of Education,009054,v-009054,Fund 21 Building Fund Measure Y,Adds $34.9M and sets a price cap for Cahill to build new classrooms at Melrose Leadership Academy,"This amendment to a lease-leaseback contract (a construction arrangement the district uses for building projects) sets Cahill Contractors' Guaranteed Maximum Price, the most the contractor can charge, for a new classroom building and modernization at the Melrose Leadership Academy at Maxwell Park campus. The contract limit rises from $100,000 to $35,047,788. The end date also moves from December 31, 2025 to August 31, 2028.",School buildings & construction,amendment,Cahill Contractors LLC,,Melrose Leadership Academy at Maxwell Park Campus,expense,not_to_exceed,34947788,,,100000,35047788,true,2024-12-12,2028-08-31,after_work_began; raises_existing_contract; large_increase; multi_year,,,Adopted on the General Consent Report,2026-04-22,true,auto_ok,sonnet-agent,enrich.v2.md,true,
