item_id,meeting_key,meeting_date,meeting_kind,agenda_number,agenda_sequence,consent_section,group,file_number,legistar_url,title,official_text,matter_type,presenter,vendor_number,vendor_key,funding_source,headline,summary,category,subcategory,action_type,vendor_name,vendor_kind,schools,money_direction,amount_type,amount,amount_range_low,amount_range_high,prior_total,new_total,amount_verified,term_start,term_end,flags,source_issue,pulled_from_consent,outcome_action,outcome_date,adopted,review_status,model_id,prompt_version,counts_toward_totals,duplicate_of
2026-06-24:26-1329,2026-06-24,2026-06-24,regular,R.-1,57,general,Chief Systems and Services Officer,26-1329,https://ousd.legistar.com/gateway.aspx?M=L&ID=69749,"Graydon Exception to Public Bidding - Amendment No. 3, Services Agreement - Frontline Technologies Group LLC - Technology Services Department","Approval by the Board of Education of Resolution No. 2526-0156 - Authorizing Use Of Graydon Exception To Public Bidding For Amendment No. 3 To Master Services Agreement With Frontline Technologies Group DBA Frontline Education, [Wayne, PA], and Amendment No. 3, by and between District and Frontline Education, for the latter to provide licensing, hosting, upgrades and support for the absence and substitute management, employee evaluation, and professional growth platforms for the period July 1, 2026 to June 30, 2029 for an amount not to exceed $1,019,870.42 [consisting of a) $323,511.63 for 2026-27, b) $339,687.21 for 2027-28, and c) $356,671.58 for 2028-29], increasing the Agreement not to exceed amount from $3,175,729.23 to $4,195,599.65. All other terms and conditions of the Agreement remain in full force and effect.]",Agreement or Contract,Chief Systems and Services Officer,006530,v-006530,0000 - General Purpose,"Adds $1.02M to keep Frontline's staff absence, evaluation and training software through 2029","The district is adding $1,019,870.42 to its contract with Frontline Education for software that manages staff absences and substitutes, employee evaluations and professional growth, with hosting, upgrades and support from July 1, 2026 to June 30, 2029. The total contract limit rises from $3,175,729.23 to $4,195,599.65. The district is skipping public bidding under a legal exception to public bidding (called the Graydon exception).",Technology,,amendment,Frontline Education,organization,,expense,not_to_exceed,1019870.42,,,3175729.23,4195599.65,true,2026-07-01,2029-06-30,pulled_from_consent; no_competitive_bid; raises_existing_contract; multi_year,,"Adopted in its own vote on June 29 (5–1), instead of with the rest of the consent report.",Adopted,2026-06-29,true,auto_ok,sonnet-agent,enrich.v5.md,true,
2026-06-24:26-1036,2026-06-24,2026-06-24,regular,R.-2,58,general,Chief Systems and Services Officer,26-1036,https://ousd.legistar.com/gateway.aspx?M=L&ID=68462,"CMAS Purchase and Installation Agreement – Valley Precision Grading, Inc. – Hoover Elementary School Turf Replacement Project – Division of Facilities Planning and Management","Approval by the Board of Education of a CMAS Purchase and Installation Agreement by and between the District and Valley Precision Grading, Inc., for the latter to remove existing turf, supply and install the new PIVOT Performance Turf and maxFLO (shock pad) turf system with integrated stripping for the Hoover Elementary School Turf Replacement Project, in the not-to-exceed amount of $248,062.00, with work scheduled to commence upon District’s Notice to Proceed and shall terminate upon completion of the Work for the Project, within two hundred calendars days from the date of the Notice to Proceed.",Agreement or Contract,"Deputy Chief, Facilities Planning and Management",009906,v-009906,Fund 1 General Funds ELOP,"Buys turf replacement at Hoover Elementary from Valley Precision Grading for up to $248,062","Valley Precision Grading, Inc. will remove the existing turf at Hoover Elementary School and install a new turf and shock pad system for no more than $248,062.00. Work starts when the district gives notice to proceed and must finish within 200 calendar days. The district is buying through the California Multiple Award Schedules (CMAS), another agency's existing contract, instead of running its own bid.",School buildings & construction,,cooperative_purchase,"Valley Precision Grading, Inc.",organization,Hoover Elementary School,expense,not_to_exceed,248062,,,,,true,,,pulled_from_consent; no_competitive_bid; previously_delayed,,"Adopted in its own vote on June 29 (5–1), instead of with the rest of the consent report.",Adopted,2026-06-29,true,auto_ok,sonnet-agent,enrich.v5.md,true,
2026-06-24:26-1048,2026-06-24,2026-06-24,regular,R.-3,59,general,Chief Systems and Services Officer,26-1048,https://ousd.legistar.com/gateway.aspx?M=L&ID=68474,"Change Order No. 2, Lease-Leaseback Contract – Cahill Contractors LLC– Fremont High School Modernization Project– Division of Facilities Planning and Management","Approval by the Board of Education of Change Order No. 2, Lease-Leaseback Contract by and between the District and Cahill Contractors LLC, Oakland, CA, for the latter to provide additional construction services for the Phases I and  II Change Requests, delineated in Preliminary Change Orders (PCOs) Nos. 2 thru 12, incorporated herein by reference as though fully set forth, for the Fremont High School Modernization Project, in the not-to-exceed amount of $277,041.24, increasing the Agreement not to exceed amount from $10,922,885.00 to $11,757,368.71. All other terms and conditions of the Agreement remain in full force and effect.",Agreement or Contract,"Deputy Chief, Facilities Planning and Management",009054,v-009054,Fund 21 Building Funds Measure J,"Adds $277,041 to Cahill's Fremont High modernization contract for extra construction work","Cahill Contractors LLC will do additional construction work on the Fremont High School Modernization Project, covering Phases I and II change requests listed in preliminary change orders (PCOs) 2 through 12. The change order is up to $277,041.24 and the stated contract limit rises from $10,922,885.00 to $11,757,368.71. The contract is a lease-leaseback, a building contract the district pays for over time.",School buildings & construction,,change_order,Cahill Contractors LLC,organization,Fremont High School,expense,not_to_exceed,277041.24,,,10922885,11757368.71,true,,,raises_existing_contract; source_issue,"The official figures don't add up: $10,922,885.00 + $277,041.24 is $11,199,926.24, but the text gives a new total of $11,757,368.71.",,Adopted on the General Consent Report,2026-06-24,true,human_reviewed,sonnet-agent,enrich.v5.md,true,
2026-06-24:26-1153,2026-06-24,2026-06-24,regular,R.-4,60,general,Chief Systems and Services Officer,26-1153,https://ousd.legistar.com/gateway.aspx?M=L&ID=68579,General Services Agreement – A-Tech Consulting – Lead Abatement Group 1 - Division of Facilities Planning and Management,"Approval by the Board of Education of a General Services Agreement by and between the District and A-Tech Consulting, Oakland, CA, for the latter to provide water sampling coordination and certified laboratory testing services in support of the Oakland Unified School District (“District”) at various District school sites, and as further described in Exhibit of the Agreement, incorporated herein by reference as though fully set forth, in the amount of $430,320.00, which includes a contingency of $39,120.00 for performance of any Additional Services, for the duration of the project except as otherwise stated in Section 4 of the Agreement, and Contractor shall complete the Services within the Term.",Agreement or Contract,"Deputy Chief, Facilities Planning and Management",9167,v-009167,Building Fund 21 Measure J,"Pays A-Tech Consulting up to $430,320 for water sampling and lab testing at school sites","A-Tech Consulting will coordinate water sampling and provide certified laboratory testing at various district school sites as part of the lead abatement project. The $430,320.00 includes a $39,120.00 contingency for any additional services. The agreement runs for the duration of the project.",School buildings & construction,,new_agreement,A-Tech Consulting,organization,,expense,fixed,430320,,,,,true,,,previously_delayed,,,Adopted on the General Consent Report,2026-06-24,true,auto_ok,sonnet-agent,enrich.v5.md,true,
2026-06-24:26-1184,2026-06-24,2026-06-24,regular,R.-5,61,general,Chief Systems and Services Officer,26-1184,https://ousd.legistar.com/gateway.aspx?M=L&ID=68610,Construction Agreement Between Owner and Contractor – Emergency Rooter – Castlemont High School Sewer Lateral Repair Project – Buildings and Grounds Department,"Ratification by the Board of Education of a Construction Agreement Between Owner and Contractor by and between the District and Emergency Rooter, Oakland, CA, for the latter to provide sewer lateral repair beneath the main school building foundation, Castlemont High School, as described in the Proposal dated May 6, 2026, incorporated herein by reference as though fully set forth, for the Castlemont High School Sewer Lateral Repair Project, in the not to exceed amount of $74,260.00, with the work commencing May 9, 2026, and being completed by June 30, 2026.",Agreement or Contract,"Deputy Chief, Facilities Planning and Management",1567,v-001567,Deferred Fun 140,"Approves $74,260 for Emergency Rooter's sewer line repair under Castlemont High's main building","Emergency Rooter repaired a sewer lateral (the pipe connecting the building to the main sewer line) beneath the main building at Castlemont High School for up to $74,260.00. The work began May 9, 2026, before Board approval, and was to be finished by June 30, 2026. The Board is being asked to ratify, or formally approve after the fact, the agreement.",School buildings & construction,,new_agreement,Emergency Rooter,organization,Castlemont High School,expense,not_to_exceed,74260,,,,,true,2026-05-09,2026-06-30,after_work_began; previously_delayed,,,Adopted on the General Consent Report,2026-06-24,true,auto_ok,sonnet-agent,enrich.v5.md,true,
2026-06-24:26-1200,2026-06-24,2026-06-24,regular,R.-6,62,general,Chief Systems and Services Officer,26-1200,https://ousd.legistar.com/gateway.aspx?M=L&ID=68626,"Change Order No. 1, Agreement Between Owner and Contractor – Nicholas Guiterrez dba N G Builder Company – Harriet Tubman Child Development Center Play Yard Site Improvement Project – Division of Facilities Planning and Management","Approval by the Board of Education of Change Order No. 1, Agreement Between Owner and Contractor by and between the District and Nicholas Guiterrez doing Business as N G Builder Company, Santa Clara, CA, due to rainy and/or phase out to allow students access to the yard pursuant to Early Childhood Education (ECE) guidelines, extension of the term from February 16, 2026, through May 2, 2026 to June 30, 2026 (an additional 59 calendar days), as identified in PCO No. 1, for the Harriet Tubman Child Development Center Play Yard Site Improvement Project.  All other terms and conditions of the Agreement remain in full force and effect.",Agreement or Contract,"Deputy Chief, Facilities Planning and Management",009085,v-009085,OCI Oakland Children Initiative,"Extends N G Builder's Tubman play yard project to June 30, 2026 at no added cost","The Board is approving more time for the Harriet Tubman Child Development Center play yard project, moving the end date to June 30, 2026, an added 59 calendar days. The text says this is due to rain and a phased approach so students can use the yard under Early Childhood Education guidelines. The change is described in preliminary change order (PCO) No. 1 and adds no money.",School buildings & construction,,change_order,N G Builder Company,organization,Harriet Tubman Child Development Center,no_cost,,,,,,,true,2026-02-16,2026-06-30,after_work_began; previously_delayed; time_extension_only,,,Adopted on the General Consent Report,2026-06-24,true,auto_ok,sonnet-agent,enrich.v5.md,true,
2026-06-24:26-1202,2026-06-24,2026-06-24,regular,R.-7,63,general,Chief Systems and Services Officer,26-1202,https://ousd.legistar.com/gateway.aspx?M=L&ID=68627,"Amendment No. 2, Amendment for Project Assignment – Anthonio, Inc. - Bret Harte Middle School Asphalt Replacement Project –Division of Facilities Planning and Management","Approval by the Board of Education of Amendment No. 2, Amendment for Project Assignment, pursuant to the Oakland Unified School District Master Project Inspector of Record Services Agreement (MA), dated January 29, 2026 (Enactment No. 26-0118), except as may be provided otherwise by this Amendment, and as further described in Contractor’s April 24, 2026 proposal attached hereto as Exhibit 1, by and between the District and Anthonio, Inc., Oakland, CA, for the latter to provide Inspector of Record Services, for the newly reconstructed asphalt driveway, including preparing daily logs and overseeing the proper compaction process as required for Division of the State Architect (DSA) Projects, for the Bret Harte Middle School Asphalt Project, in the not-to-exceed amount of $10,560.00, increasing the Agreement’s not-to-exceed amount from  $575,826.00 to $586,386.00. All other terms and conditions of the Agreement remain in full force and effect.",Agreement or Contract,"Deputy Chief, Facilities Planning and Management",000453,v-000453,Fund 140 Deferred Maintenance,"Adds $10,560 for inspector oversight of the Bret Harte Middle School driveway repaving","Anthonio, Inc. will provide an inspector of record for the newly rebuilt asphalt driveway at Bret Harte Middle School, including daily logs and oversight of compaction, as required for projects reviewed by the Division of the State Architect. The added amount is up to $10,560.00, raising the contract limit from $575,826.00 to $586,386.00.",School buildings & construction,,amendment,"Anthonio, Inc.",organization,Bret Harte Middle School,expense,not_to_exceed,10560,,,575826,586386,true,,,raises_existing_contract; previously_delayed,,,Adopted on the General Consent Report,2026-06-24,true,auto_ok,sonnet-agent,enrich.v5.md,true,
2026-06-24:26-1203,2026-06-24,2026-06-24,regular,R.-8,64,general,Chief Systems and Services Officer,26-1203,https://ousd.legistar.com/gateway.aspx?M=L&ID=68628,"Amendment No. 2, Agreement for General Services – Ninyo & Moore Geotechnical & Environmental Sciences Consultants – Coliseum College Preparatory Academy Site Expansion Project – Division of Facilities Planning and Management","Approval by the Board of Education of Amendment No. 2, Agreement for General Services by and between the District and Ninyo & Moore Geotechnical & Environmental Sciences Consultants, Alameda, CA, for the later to provide additional environmental services which include preparing a Site Management Pan (SMP), Preliminary Endangerment Assessment (PEA) and work plan documentation for the Coliseum College Preparatory Academy Site Expansion Project,  as outlined in the Proposal dated April 8, 2026, attached to this Amendment as Exhibit A, in an additional amount of $65,374.65, increasing Agreement not-to-exceed amount from $306,888.12 to $372,262.77, and extending the term of the Agreement from April 24, 2025 through June 30, 2026 to June 30, 2027 (an additional 365 calendar days). All other terms and conditions of the Agreement remain in full force and effect.",Agreement or Contract,"Deputy Chief, Facilities Planning and Management",003087,v-003087,Fund 21 Building Fund Measure Y,"Adds $65,375 and a year for Ninyo & Moore's environmental work at Coliseum College Prep expansion","Ninyo & Moore will prepare a site management plan, a preliminary endangerment assessment and work plan documents for the Coliseum College Preparatory Academy Site Expansion Project. The added amount is up to $65,374.65, raising the contract limit from $306,888.12 to $372,262.77. The contract end date moves from June 30, 2026 to June 30, 2027.",School buildings & construction,,amendment,Ninyo & Moore Geotechnical & Environmental Sciences Consultants,organization,Coliseum College Preparatory Academy,expense,not_to_exceed,65374.65,,,306888.12,372262.77,true,2025-04-24,2027-06-30,raises_existing_contract; previously_delayed; multi_year,,,Adopted on the General Consent Report,2026-06-24,true,auto_ok,sonnet-agent,enrich.v5.md,true,
2026-06-24:26-1205,2026-06-24,2026-06-24,regular,R.-9,65,general,Chief Systems and Services Officer,26-1205,https://ousd.legistar.com/gateway.aspx?M=L&ID=68630,Agreement for Maintenance – Julian Tree Care Inc. – Named Sites - Vegetation Fire Management Weed Abatement Project - Buildings & Grounds Department,"Approval by the Board of Education of Agreement for Maintenance by and between the District and Julian Tree Care Inc., Richmond, CA, for the latter to provide vegetation fire weed abatement maintenance services which include cutting, removing, and properly disposing of vegetation, weeds and bushes; cut back ivy and any protruding branches along the fence lines, as well as low-hanging tree limbs; removal of all trash and debris, more specifically described in Exhibit A of the Agreement, incorporated herein by reference as though fully set forth, for the Named Sites- Kaiser Elementary School, Hillcrest Elementary School, Thornhill Elementary School, Montera Middle School, Joaquin Miller Elementary School, Skyline High School, Montclair Elementary School, and Carl Munck Elementary School - Vegetation Fire Management Weed Abatement Project, in the amount of $85,000.00, as the lowest responsive bidder, rejecting all other bids, with the work anticipated to commence on June 11, 2026, and required to be completed within forty-five (45) days, with an anticipated ending of July 27, 2026.",Agreement or Contract,"Deputy Chief, Facilities Planning and Management",006916,v-006916,Fund 010 General Fund Routine Restricted Maintenance Account,"Pays Julian Tree Care $85,000 for fire-risk weed and brush clearing at eight schools","Julian Tree Care Inc. will cut and remove weeds, bushes and vegetation, trim ivy and low branches along fences, and haul away debris at eight schools to reduce fire risk. The price is $85,000.00. The company was the lowest responsive bidder, and work is expected to run June 11 to July 27, 2026.","Food, transportation & operations",,bid_award,Julian Tree Care Inc.,organization,Kaiser Elementary School; Hillcrest Elementary School; Thornhill Elementary School; Montera Middle School; Joaquin Miller Elementary School; Skyline High School; Montclair Elementary School; Carl Munck Elementary School,expense,fixed,85000,,,,,true,2026-06-11,2026-07-27,pulled_from_consent; after_work_began; previously_delayed,,"Adopted in its own vote on June 29 (5–1), instead of with the rest of the consent report.",Adopted,2026-06-29,true,auto_ok,sonnet-agent,enrich.v5.md,true,
2026-06-24:26-1225,2026-06-24,2026-06-24,regular,R.-10,66,general,Chief Systems and Services Officer,26-1225,https://ousd.legistar.com/gateway.aspx?M=L&ID=68650,Agreement for Maintenance – Julian Tree Care Inc. – Named Sites - Vegetation Fire Management Weed Abatement Project - Buildings & Grounds Department,"Approval by the Board of Education of Agreement for Maintenance by and between the District and Julian Tree Care Inc., Richmond, CA, for the latter to provide vegetation fire weed abatement maintenance services which include cutting, removing, and properly disposing of vegetation, weeds and bushes; cut back ivy and any protruding branches along the fence lines, as well as low-hanging tree limbs; removal of all trash and debris, more specifically described in Exhibit A of the Agreement, incorporated herein by reference as though fully set forth, for the Named Sites - Burbank Elementary School, Grass Valley Elementary School, Community Day School, King Estates Middle School, Howard Elementary School, Marshall Elementary School, John Swett Elementary School and Westlake Middle School - Vegetation Fire Management Weed Abatement Project, in the amount of $60,000.00, as the lowest responsive bidder, rejecting all other bids, with the work anticipated to commence on June 11, 2026, and required to be completed within forty-five (45) days, with an anticipated ending of August 5, 2026.",Agreement or Contract,"Deputy Chief, Facilities Planning and Management",006916,v-006916,Fund 1 General Fund Routine Repair Maintenance,"Pays Julian Tree Care $60,000 for fire-risk weed and brush clearing at eight more schools","Julian Tree Care Inc. will cut and remove weeds, bushes and vegetation, trim ivy and low branches along fences, and haul away debris at eight schools to reduce fire risk. The price is $60,000.00. The company was the lowest responsive bidder, and work is expected to run June 11 to August 5, 2026.","Food, transportation & operations",,bid_award,Julian Tree Care Inc.,organization,Burbank Elementary School; Grass Valley Elementary School; Community Day School; King Estates Middle School; Howard Elementary School; Marshall Elementary School; John Swett Elementary School; Westlake Middle School,expense,fixed,60000,,,,,true,2026-06-11,2026-08-05,pulled_from_consent; after_work_began; previously_delayed,,"Adopted in its own vote on June 29 (5–1), instead of with the rest of the consent report.",Adopted,2026-06-29,true,auto_ok,sonnet-agent,enrich.v5.md,true,
2026-06-24:26-1226,2026-06-24,2026-06-24,regular,R.-11,67,general,Chief Systems and Services Officer,26-1226,https://ousd.legistar.com/gateway.aspx?M=L&ID=68651,"Agreement Between Owner and Contractor – Data Sync Communications, Inc. – Markham Elementary School Security Improvement Project – Division of Facilities Planning and Management","Approval by the Board of Education of Agreement Between Owner and Contractor by and between the District and Data Sync Communication, Inc., Berkeley, CA, for the latter provide construction services which involves installation of approximately 24 new security cameras and troubleshooting of approximately 1 existing security cameras; approximately 6 attic stock cameras; furnish and install a new recording server for cameras to replace existing; and be responsible for programming of all cameras in Milestone; coordinate with OUSD Tech Services as needed to complete programming for the Markham Elementary School Security Improvement Project, in the amount of $121,000.00, which includes a contingency allowance of $12,000.00, as the lowest responsive bidder, rejecting all other bids, with the work anticipated to commence on June 15, 2026, and required to be completed within ninety days (90), with an anticipated ending of September 13, 2026.",Agreement or Contract,"Deputy Chief, Facilities Planning and Management",009437,v-009437,Fund 21 Building Fund Measure Y,"Awards Data Sync Communications $121,000 for security cameras at Markham Elementary","Data Sync Communication, Inc. will install about 24 new security cameras, check one existing camera, handle about 6 spare cameras, and install a new recording server at Markham Elementary School. The $121,000.00 price includes a $12,000.00 contingency. The company was the lowest responsive bidder, and work is expected to run June 15 to September 13, 2026.",School buildings & construction,,bid_award,"Data Sync Communication, Inc.",organization,Markham Elementary School,expense,fixed,121000,,,,,true,2026-06-15,2026-09-13,after_work_began; previously_delayed,,,Adopted on the General Consent Report,2026-06-24,true,auto_ok,sonnet-agent,enrich.v5.md,true,
2026-06-24:26-1227,2026-06-24,2026-06-24,regular,R.-12,68,general,Chief Systems and Services Officer,26-1227,https://ousd.legistar.com/gateway.aspx?M=L&ID=68652,"Change Order No. 1, Design Build Contract – Gridscape Solutions, Inc. - Solar Photovoltaics Phase 2 at Various School Sites Project – Division of Facilities Planning and Management","Approval by the Board of Education of Change Order No. 1, Design Build Contract by and between the District and Gridscape Solutions, Inc., Fremont CA, for the latter to provide installation of fencing around the new solar equipment at four (4) sites: Horace Mann Elementary School, Oakland Academy of Knowledge, Madison Park Academy-Upper, and Stonehurst Elementary School, identified in PCOs No. 1, for the Solar Photovoltaics Phase 2 at Various School Sites Project, in the not-to-exceed amount of $74,722.00, increasing the Agreement not to exceed amount from $3,791,641.00 to $3,866,363.00, and extending the term of the Agreement from April 24, 2025 through December 31, 2025 to June 30, 2026 (an additional 181 calendar days).  All other terms and conditions of the Agreement remain in full force and effect.",Agreement or Contract,"Deputy Chief, Facilities Planning and Management",009558,v-009558,Fund 21 Building Fund Measure Y,"Adds $74,722 for Gridscape's fencing around new solar equipment at four schools","Gridscape Solutions, Inc. will install fencing around new solar equipment at four sites: Horace Mann Elementary School, Oakland Academy of Knowledge, Madison Park Academy-Upper and Stonehurst Elementary School. The added amount is up to $74,722.00, raising the contract limit from $3,791,641.00 to $3,866,363.00. The end date moves from December 31, 2025 to June 30, 2026, an added 181 days.",School buildings & construction,,change_order,"Gridscape Solutions, Inc.",organization,Horace Mann Elementary School; Oakland Academy of Knowledge; Madison Park Academy-Upper; Stonehurst Elementary School,expense,not_to_exceed,74722,,,3791641,3866363,true,2025-04-24,2026-06-30,after_work_began; raises_existing_contract; previously_delayed; multi_year,,,Adopted on the General Consent Report,2026-06-24,true,auto_ok,sonnet-agent,enrich.v5.md,true,
2026-06-24:26-1228,2026-06-24,2026-06-24,regular,R.-13,69,general,Chief Systems and Services Officer,26-1228,https://ousd.legistar.com/gateway.aspx?M=L&ID=68653,"Amendment No. 1, Master Agreement for Materials Testing and Special Inspection Services - ISI Inspection Services, Inc.- DSA Certified Project Inspectors at Various School Sites - Division of Facilities Planning and Management","Approval by the Board of Education of Amendment No. 1, Master Agreement for Material Testing and Special Inspection Services Agreement by and between the District and ISI Inspection Services, Inc., Berkeley, CA, for the latter to provide Special Inspection and Material Testing, as described in ISI Proposal (Estimate), P2026-1125 2024A-4/23/2026, for the Bret Harte Middle School Asphalt Project, in the additional not-to-exceed amount of $13,204.40, increasing the Agreement not-to-exceed amount from  $0.00 to $13,204.40. All other terms and conditions of the Agreement remain in full force and effect.",Agreement or Contract,"Deputy Chief, Facilities Planning and Management",002199,v-002199,Fund 140 Deferred Maintenance,"Adds $13,204 for ISI's special inspection and materials testing at Bret Harte asphalt project","ISI Inspection Services, Inc. will provide special inspection and material testing for the Bret Harte Middle School Asphalt Project. The amendment adds up to $13,204.40 to a master agreement that had a limit of $0.00.",School buildings & construction,,amendment,"ISI Inspection Services, Inc.",organization,Bret Harte Middle School,expense,not_to_exceed,13204.4,,,0,13204.4,true,,,raises_existing_contract; previously_delayed,,,Adopted on the General Consent Report,2026-06-24,true,auto_ok,sonnet-agent,enrich.v5.md,true,
2026-06-24:26-1296,2026-06-24,2026-06-24,regular,R.-14,70,general,Chief Systems and Services Officer,26-1296,https://ousd.legistar.com/gateway.aspx?M=L&ID=69716,"Amendment No. 3, General Services Agreement – Terraphase Engineering Inc. – Garfield Elementary School Modernization Project - Division of Facilities Planning and Management","Approval by the Board of Education of Amendment No. 3, General Services Agreement by and between the District and Terraphase Engineering Inc., Oakland, CA, providing an extension of the term to the Agreement from May 15, 2025 through June 30, 2026 to June 30, 2027 (an additional 365 calendar days), due to changes in project scope and schedule, as outlined in the Proposal dated May 1, 2026, attached to this Amendment as Exhibit A, at no additional cost to the District, for the Garfield Elementary School Modernization Project. All other terms and conditions of the Agreement remain in full force and effect.",Agreement or Contract,"Deputy Chief, Facilities Planning and Management",004240,v-004240,Fund 21 Building Fund Measure Y,Gives Terraphase another year on Garfield Elementary modernization at no added cost,"The Board is extending Terraphase Engineering's agreement for the Garfield Elementary School Modernization Project by 365 days, to June 30, 2027. The text says the change is due to changes in project scope and schedule. There is no added cost to the district.",School buildings & construction,,amendment,Terraphase Engineering Inc.,organization,Garfield Elementary School,no_cost,,,,,,,true,2025-05-15,2027-06-30,multi_year; time_extension_only,,,Adopted on the General Consent Report,2026-06-24,true,auto_ok,sonnet-agent,enrich.v5.md,true,
2026-06-24:26-1297,2026-06-24,2026-06-24,regular,R.-15,71,general,Chief Systems and Services Officer,26-1297,https://ousd.legistar.com/gateway.aspx?M=L&ID=69717,"Amendment No. 2, General Services Agreement– Lowe Consulting Group, Inc. – Facilities Planning & Management Project - Division of Facilities Planning and Management","Approval by the Board of Education of Amendment No. 2, General Services Agreement by and between the District and Lowe Consulting Group, Inc., Oakland, CA, for the latter to continue to provide Labor Compliance Services for the District, as described in the April 20, 2026, proposal attached to this Amendment as Exhibit A., in an additional not to exceed amount of $240,000.00, increasing Agreement not-to-exceed amount from $434,720.00 to $674,720.00, and extending the term of the Agreement from June 27, 2024 through June 30, 2026 to June 30, 2027 (an additional 365 days).  All other terms and conditions of the Agreement remain in full force and effect.",Agreement or Contract,"Deputy Chief, Facilities Planning and Management",006139,v-006139,Fund 21 Building Fund Measure Y,"Adds $240,000 and a year to Lowe Consulting's labor compliance services for facilities projects","Lowe Consulting Group, Inc. will keep providing labor compliance services for the district. The added amount is up to $240,000.00, raising the contract limit from $434,720.00 to $674,720.00. The end date moves from June 30, 2026 to June 30, 2027.","Legal, compliance & risk",,amendment,"Lowe Consulting Group, Inc.",organization,,expense,not_to_exceed,240000,,,434720,674720,true,2024-06-27,2027-06-30,raises_existing_contract; large_increase; multi_year,,,Adopted on the General Consent Report,2026-06-24,true,auto_ok,sonnet-agent,enrich.v5.md,true,
2026-06-24:26-1302,2026-06-24,2026-06-24,regular,R.-16,72,general,Chief Systems and Services Officer,26-1302,https://ousd.legistar.com/gateway.aspx?M=L&ID=69722,"Amendment No. 5, General Services Agreement – Terraphase Engineering Inc. – Garfield Elementary School Modernization Project - Division of Facilities Planning and Management","Approval by the Board of Education of Amendment No. 5, General Services Agreement by and between the District and Terraphase Engineering Inc., Oakland, CA, for the latter to provide additional environmental services, including the installation of three additional soil vapor probes and sampling of the new and existing probes, as recommended by the Department of Toxic Substances Control (DTSC), as outlined in the Proposal dated May 13, 2026, which is attached to this Amendment as Exhibit A, for the Garfield Elementary School Modernization Project, in an additional amount of $43,033.00, which includes a contingency fee of $3,707.00, increasing the Agreement not-to-exceed amount from $120,797.00 to $163,830.00, and extending the term of the Agreement from May 15, 2025, through December 31, 2026 to June 30, 2027 (an additional 184 days).  All other terms and conditions of the Agreement remain in full force and effect.",Agreement or Contract,"Deputy Chief, Facilities Planning and Management",004240,v-004240,Fund 21 Building Fund Measure Y,"Adds $43,033 for Terraphase's extra soil vapor testing at Garfield Elementary","Terraphase Engineering will install three more soil vapor probes and sample the new and existing probes at the Garfield Elementary School Modernization Project, as recommended by the Department of Toxic Substances Control. The added amount is up to $43,033.00, including a $3,707.00 contingency, raising the contract limit from $120,797.00 to $163,830.00. The end date moves from December 31, 2026 to June 30, 2027.",School buildings & construction,,amendment,Terraphase Engineering Inc.,organization,Garfield Elementary School,expense,not_to_exceed,43033,,,120797,163830,true,2025-05-15,2027-06-30,raises_existing_contract; multi_year,,,Adopted on the General Consent Report,2026-06-24,true,auto_ok,sonnet-agent,enrich.v5.md,true,
2026-06-24:26-1304,2026-06-24,2026-06-24,regular,R.-17,73,general,Chief Systems and Services Officer,26-1304,https://ousd.legistar.com/gateway.aspx?M=L&ID=69724,"Oakland Unified School District Master Agreement for General Services – Terraphase Engineering, Inc.-Environmental Site Assessment Consulting Services at Various School Sites Project – Division of Facilities Planning and Management","Approval by the Board of Education of an Oakland Unified School District Master Agreement for General Services by and between the District and Terraphase Engineering, Inc., Oakland, CA, for the latter to provide environmental site assessment consulting services, pursuant to the terms and conditions of this Master Agreement and of the written project assignments executed by the Parties substantially in the form attached hereto as Exhibit A, in the not-to-exceed amount of $0,  commencing on June 25, 2026, and ending on June 30, 2028, except as otherwise stated in Section 4 of this Master Agreement, and Contractor shall complete the Services within the term.",Agreement or Contract,"Deputy Chief, Facilities Planning and Management",4240,v-004240,All Funds: 01 General Fund; 14 Deferred Maintenance 21 Building Fund 25 Developer Fees 35 County Schools Facilities 40 Special Reserve for Capital Outlay Projects,Sets up a no-cost master agreement with Terraphase for environmental site assessments,"The district is setting up a master agreement with Terraphase Engineering, Inc. for environmental site assessment consulting, from June 25, 2026 to June 30, 2028. The agreement itself has a $0 limit; the district will approve individual projects and their costs through separate written project assignments that come back to the Board separately.",School buildings & construction,,new_agreement,"Terraphase Engineering, Inc.",organization,,no_cost,,,,,,,true,2026-06-25,2028-06-30,multi_year,,,Adopted on the General Consent Report,2026-06-24,true,auto_ok,sonnet-agent,enrich.v5.md,true,
2026-06-24:26-1305,2026-06-24,2026-06-24,regular,R.-18,74,general,Chief Systems and Services Officer,26-1305,https://ousd.legistar.com/gateway.aspx?M=L&ID=69725,"Oakland Unified School District Master Agreement for General Services – Terraphase Engineering, Inc.- Geotechnical and Geohazard Consulting Services – Division of Facilities Planning and Management","Approval by the Board of Education of a Oakland Unified School District Master Agreement for General Services by and between the District and Terraphase Engineering, Inc., Oakland, CA, for the latter to provide geotechnical and geohazard consulting services for the District from time to time pursuant to written project assignments executed by the Parties substantially in the form attached hereto as Exhibit A, not-to-exceed an in the amount of $0, commencing on June 25, 2026 and ending June 30, 2028, except as otherwise stated in Section 4 of this Master Agreement, and Contractor shall complete the Services within the term.",Agreement or Contract,"Deputy Chief, Facilities Planning and Management",4240,v-004240,All Funds: 01 General Fund 14 Deferred Maintenance 21 Building Fund 25 Developer Fee 35 County Schools Facilities 40 Special Reserve for Capital Outlay Projects,Sets up a no-cost master agreement with Terraphase for geotechnical and geohazard consulting,"The district is setting up a master agreement with Terraphase Engineering, Inc. for geotechnical and geohazard consulting, from June 25, 2026 to June 30, 2028. The agreement itself has a $0 limit; the district will approve individual projects and their costs through separate written project assignments that come back to the Board separately.",School buildings & construction,,new_agreement,"Terraphase Engineering, Inc.",organization,,no_cost,,,,,,,true,2026-06-25,2028-06-30,multi_year,,,Adopted on the General Consent Report,2026-06-24,true,auto_ok,sonnet-agent,enrich.v5.md,true,
2026-06-24:26-1309,2026-06-24,2026-06-24,regular,R.-19,75,general,Chief Systems and Services Officer,26-1309,https://ousd.legistar.com/gateway.aspx?M=L&ID=69729,"Oakland Unified School District Master Agreement for General Services – Terraphase Engineering, Inc.- Hazardous Material Abatement Consulting Services – Division of Facilities Planning and Management","Approval by the Board of Education of an Oakland Unified School District Master Agreement for General Services by and between the District and Terraphase Engineering, Inc., Oakland, CA, for the latter to provide hazardous material abatement consulting services, for the District from time to time, pursuant to the terms and conditions of this Master Agreement and of the  written project assignments executed by the Parties substantially in the form attached hereto as Exhibit A, in the not-to-exceed amount of $0, commencing on June 25, 2026, and ending on June 30, 2028, except as otherwise stated in Section 4 of this Master Agreement, and Contractor shall complete the services within the term.",Agreement or Contract,"Deputy Chief, Facilities Planning and Management",,v-004240,All Capitol Funds: 01 General Fund; 14 Deferred Maintenance 21 Building Fund 25 Developer Fees 35 County Schools Facilities 40 Special Reserve for Capital Outlay Projects,Sets up a no-cost master agreement with Terraphase for hazardous material abatement consulting,"The district is setting up a master agreement with Terraphase Engineering, Inc. for hazardous material abatement consulting, from June 25, 2026 to June 30, 2028. The agreement itself has a $0 limit; the district will approve individual projects and their costs through separate written project assignments that come back to the Board separately.",School buildings & construction,,new_agreement,"Terraphase Engineering, Inc.",organization,,no_cost,,,,,,,true,2026-06-25,2028-06-30,multi_year,,,Adopted on the General Consent Report,2026-06-24,true,auto_ok,sonnet-agent,enrich.v5.md,true,
2026-06-24:26-1310,2026-06-24,2026-06-24,regular,R.-20,76,general,Chief Systems and Services Officer,26-1310,https://ousd.legistar.com/gateway.aspx?M=L&ID=69730,"Oakland Unified School District Master Agreement for General Services - Langan CA, Inc. - Environmental Site Assessment Consulting Services at Various School Sites - Division of Facilities Planning and Management","Approval by the Board of Education of an Oakland Unified School District Master Agreement for General Services by and between the District and Langan CA, Inc., Oakland, CA, for the latter to provide environmental site assessment consulting services, for the District from time to time, pursuant to the terms and conditions of this Master Agreement and of the written project assignments executed by the Parties substantially in the form attached hereto as Exhibit A, in the not-to-exceed amount of $0, commencing on June 25, 2026, and ending on June 30, 2028, except as otherwise stated in Section 4 of the Master Agreement, and the Contractor shall complete the Services within the term.",Agreement or Contract,"Deputy Chief, Facilities Planning and Management",,v-009210,All Capitol Funds: 01 ESSER; 14 Deferred Maintenance 21 Building Fund 25 Capital Facilities 35 County Schools Facilities 40 Special Reserve for Capital Outlay Projects,Sets up a no-cost master agreement with Langan for environmental site assessments,"The district is setting up a master agreement with Langan CA, Inc. for environmental site assessment consulting, from June 25, 2026 to June 30, 2028. The agreement itself has a $0 limit; the district will approve individual projects and their costs through separate written project assignments that come back to the Board separately.",School buildings & construction,,new_agreement,"Langan CA, Inc.",organization,,no_cost,,,,,,,true,2026-06-25,2028-06-30,multi_year,,,Adopted on the General Consent Report,2026-06-24,true,auto_ok,sonnet-agent,enrich.v5.md,true,
2026-06-24:26-1311,2026-06-24,2026-06-24,regular,R.-21,77,general,Chief Systems and Services Officer,26-1311,https://ousd.legistar.com/gateway.aspx?M=L&ID=69731,"Oakland Unified School District Master Agreement for General Services - Langan CA, Inc. - Geotechnical and Geohazard Consulting Services – Division of Facilities Planning and Management","Approval by the Board of Education of an Oakland Unified School District Master Agreement for General Services by and between the District and Langan CA, Inc., Oakland, CA, for the latter to provide geotechnical and geohazard consulting services, for the District from time to time, pursuant to the terms and conditions of this Master Agreement and of the written project assignments executed by the Parties substantially in the form attached hereto as Exhibit A, in the not-to-exceed amount of $0, commencing on June 25, 2026, and ending on June 30, 2028, except as otherwise stated in Section 4 of the Master Agreement, and the Contractor shall complete the Services within the term.",Agreement or Contract,"Deputy Chief, Facilities Planning and Management",,v-009210,All Capitol Funds: 01 ESSER; 14 Deferred Maintenance 21 Building Fund 25 Capital Facilities 35 County Schools Facilities 40 Special Reserve for Capital Outlay Projects,Sets up a no-cost master agreement with Langan for geotechnical and geohazard consulting,"The district is setting up a master agreement with Langan CA, Inc. for geotechnical and geohazard consulting, from June 25, 2026 to June 30, 2028. The agreement itself has a $0 limit; the district will approve individual projects and their costs through separate written project assignments that come back to the Board separately.",School buildings & construction,,new_agreement,"Langan CA, Inc.",organization,,no_cost,,,,,,,true,2026-06-25,2028-06-30,multi_year,,,Adopted on the General Consent Report,2026-06-24,true,auto_ok,sonnet-agent,enrich.v5.md,true,
2026-06-24:26-1312,2026-06-24,2026-06-24,regular,R.-22,78,general,Chief Systems and Services Officer,26-1312,https://ousd.legistar.com/gateway.aspx?M=L&ID=69732,"Amendment No. 1, Lease-Leaseback Contract – Swinerton Builders, Inc. - Garfield Elementary School Modernization Project– Division of Facilities Planning and Management","Approval by the Board of Education of Amendment No. 1, Lease-Leaseback Contract by and between the District and Swinerton Builders, Inc, Oakland, CA, for the latter to provide ongoing preconstruction services, including the development of construction budgets, project schedules, and implementation plans to support the successful execution of new construction projects, as described in the Proposals dated, May 14, 2026, attached to this Amendment as Exhibit A, in an additional total amount of $250,000.00, increasing the Agreement not-to-exceed amount from $100,000.00 to $350,000.00, and extending the term of the Agreement from May 13, 2025 through December 31, 2028 to October 23, 2029 (an additional 296 calendar days).  All other terms and conditions of the Agreement remain in full force and effect.",Agreement or Contract,"Deputy Chief, Facilities Planning and Management",009458,v-009458,Fund 21 Building Fund Measure Y,"Adds $250,000 for Swinerton's preconstruction planning at Garfield Elementary, through 2029","Swinerton Builders, Inc. will keep providing preconstruction services at Garfield Elementary School, such as construction budgets, project schedules and implementation plans. The added amount is $250,000.00, raising the contract limit from $100,000.00 to $350,000.00. The end date moves from December 31, 2028 to October 23, 2029. The contract is a lease-leaseback, a building contract the district pays for over time.",School buildings & construction,,amendment,"Swinerton Builders, Inc.",organization,Garfield Elementary School,expense,not_to_exceed,250000,,,100000,350000,true,2025-05-13,2029-10-23,raises_existing_contract; large_increase; multi_year,,,Adopted on the General Consent Report,2026-06-24,true,auto_ok,sonnet-agent,enrich.v5.md,true,
2026-06-24:26-1314,2026-06-24,2026-06-24,regular,R.-23,79,general,Chief Systems and Services Officer,26-1314,https://ousd.legistar.com/gateway.aspx?M=L&ID=69734,"Oakland Unified School District Master Agreement for General Services - ACC Environmental Consultants, Inc. - Environmental Site Assessment Consulting Services at Various School Sites – Division of Facilities Planning and Management","Approval by the Board of Education of an Oakland Unified School District Master Agreement for General Services by and between the District and ACC Environmental Consultants, Inc., Oakland, CA, for the latter to provide environmental site assessment consulting services, for the District from time to time, pursuant to the terms and conditions of this Master Agreement and of the written project assignments executed by the Parties substantially in the form attached hereto as Exhibit A, in the not-to-exceed amount of $0, commencing on June 25, 2026, and ending on June 30, 2028, except as otherwise stated in Section 4 of the Master Agreement, and the Contractor shall complete the Services within the term.",Agreement or Contract,"Deputy Chief, Facilities Planning and Management",,v-000230,All Capital Funds: 01 ESSER; 14 Deferred Maintenance 21 Building Fund 25 Capital Facilities 35 County Schools Facilities 40 Special Reserve for Capital Outlay Projects,Sets up a no-cost master agreement with ACC Environmental for environmental site assessments,"The district is setting up a master agreement with ACC Environmental Consultants, Inc. for environmental site assessment consulting, from June 25, 2026 to June 30, 2028. The agreement itself has a $0 limit; the district will approve individual projects and their costs through separate written project assignments that come back to the Board separately.",School buildings & construction,,new_agreement,"ACC Environmental Consultants, Inc.",organization,,no_cost,,,,,,,true,2026-06-25,2028-06-30,multi_year,,,Adopted on the General Consent Report,2026-06-24,true,auto_ok,sonnet-agent,enrich.v5.md,true,
2026-06-24:26-1317,2026-06-24,2026-06-24,regular,R.-24,80,general,Chief Systems and Services Officer,26-1317,https://ousd.legistar.com/gateway.aspx?M=L&ID=69737,"Oakland Unified School District Master Agreement for General Services – ACC Environmental Consultants, Inc. - Hazardous Material Abatement Consulting Services – Division of Facilities Planning and Management","Approval by the Board of Education of an Oakland Unified School District Master Agreement for General Services by and between the District and Langan CA, Inc., Oakland, CA, for the latter to provide hazardous materials abatement consulting services, for the District from time to time, pursuant to the terms and conditions of this Master Agreement and of the written project assignments executed by the Parties substantially in the form attached hereto as Exhibit A, in the not-to-exceed amount of $0, commencing on June 25, 2026, and ending on June 30, 2028, except as otherwise stated in Section 4 of the Master Agreement, and the Contractor shall complete the Services within the term.",Agreement or Contract,"Deputy Chief, Facilities Planning and Management",,v-009210,All Capital Funds: 01 ESSER; 14 Deferred Maintenance 21 Building Fund 25 Capital Facilities 35 County Schools Facilities 40 Special Reserve for Capital Outlay Project,Sets up a no-cost master agreement with Langan for hazardous materials abatement consulting,"The district is setting up a master agreement with Langan CA, Inc. for hazardous materials abatement consulting, from June 25, 2026 to June 30, 2028. The agreement itself has a $0 limit; the district will approve individual projects and their costs through separate written project assignments that come back to the Board separately.",School buildings & construction,,new_agreement,"Langan CA, Inc.",organization,,no_cost,,,,,,,true,2026-06-25,2028-06-30,source_issue; multi_year,"The title names ACC Environmental Consultants, but the action text names Langan CA, Inc.",,Adopted on the General Consent Report,2026-06-24,true,human_reviewed,sonnet-agent,enrich.v5.md,true,
2026-06-24:26-1319,2026-06-24,2026-06-24,regular,R.-25,81,general,Chief Systems and Services Officer,26-1319,https://ousd.legistar.com/gateway.aspx?M=L&ID=69739,"Oakland Unifed School District Master Agreement for General Services – AGS, Inc. - Geotechnical and Geohazard Consulting Services – Division of Facilities Planning and Management","Approval by the Board of Education of an Oakland Unified School District Master Agreement for General Services by and between the District and AGS, Inc., Oakland, CA, for the latter to provide geotechnical and geohazard consulting services, for the District from time to time, pursuant to the terms and conditions of this Master Agreement and of the written project assignments executed by the Parties substantially in the form attached hereto as Exhibit A, in the not-to-exceed amount of $0, commencing on June 25, 2026, and ending on June 30, 2028, except as otherwise stated in Section 4 of the Master Agreement, and the Contractor shall complete the Services within the term.",Agreement or Contract,"Deputy Chief, Facilities Planning and Management",,v-006491,All Funds: • 01 General Fund; • 14 Deferred Maintenance • 21 Building Fund • 25 Developer Fees • 35 County Schools Facilities • 40 Special Reserve for Capital Outlay Project,Sets up a no-cost master agreement with AGS for geotechnical and geohazard consulting,"The district is setting up a master agreement with AGS, Inc. for geotechnical and geohazard consulting, from June 25, 2026 to June 30, 2028. The agreement itself has a $0 limit; the district will approve individual projects and their costs through separate written project assignments that come back to the Board separately.",School buildings & construction,,new_agreement,"AGS, Inc.",organization,,no_cost,,,,,,,true,2026-06-25,2028-06-30,multi_year,,,Adopted on the General Consent Report,2026-06-24,true,auto_ok,sonnet-agent,enrich.v5.md,true,
2026-06-24:26-1320,2026-06-24,2026-06-24,regular,R.-26,82,general,Chief Systems and Services Officer,26-1320,https://ousd.legistar.com/gateway.aspx?M=L&ID=69740,Oakland Unified School District Master Agreement for General Services – Aurora Environmental Services Inc – Division of Facilities Planning and Management,"Approval by the Board of Education of an Oakland Unified School District Master Agreement for General Services by and between the District and Aurora Environmental Services, Inc., Oakland, CA, for the latter to provide hazardous material abatement consulting services, for the District from time to time, pursuant to the terms and conditions of this Master Agreement and of the written project assignments executed by the Parties substantially in the form attached hereto as Exhibit A, in the not-to-exceed amount of $0, commencing on June 25, 2026, and ending on June 30, 2028, except as otherwise stated in Section 4 of the Master Agreement, and the Contractor shall complete the Services within the term.",Agreement or Contract,"Deputy Chief, Facilities Planning and Management",,v-000536,All Capital Funds: 01 ESSER; 14 Deferred Maintenance 21 Building Fund 25 Capital Facilities 35 County Schools Facilities 40 Special Reserve for Capital Outlay Projects,Sets up a no-cost master agreement with Aurora Environmental for hazardous material abatement,"The district is setting up a master agreement with Aurora Environmental Services, Inc. for hazardous material abatement consulting, from June 25, 2026 to June 30, 2028. The agreement itself has a $0 limit; the district will approve individual projects and their costs through separate written project assignments that come back to the Board separately.",School buildings & construction,,new_agreement,"Aurora Environmental Services, Inc.",organization,,no_cost,,,,,,,true,2026-06-25,2028-06-30,multi_year,,,Adopted on the General Consent Report,2026-06-24,true,auto_ok,sonnet-agent,enrich.v5.md,true,
2026-06-24:26-1323,2026-06-24,2026-06-24,regular,R.-27,83,general,Chief Systems and Services Officer,26-1323,https://ousd.legistar.com/gateway.aspx?M=L&ID=69743,"Amendment No. 4, Agreement for Maintenance – Johnson Controls Fire and Protection, LP – Fire and Life Safety System Testing & Inspection Services Maintenance Project – Buildings and Grounds Department","Approval by the Board of Education of Amendment No. 4, Agreement for Maintenance, by and between the District and Johnson Controls Fire and Protection, LP., Livermore, CA, for the latter to continued testing and inspections for the Johnson Controls fire alarm system, emergency and exit lights, fire sprinkler, standpipe, fire hose, and fire hydrant systems at the same sites with the addition of five more sites which will need 1-year inspections, as described in the Proposals dated, May 14,2026, attached to this Amendment as Exhibit A, for the Fire and Life Safety System Testing & Inspection Services Maintenance Project, in an additional amount of $1,359,160.00, increasing the Agreement not-to-exceed amount from $5,311,906.95 to $6,671,066.95, and extending the term of the Agreement from July 1, 2022 through June 30, 2026 to June 30, 2027 (an additional 365 calendar days).  All other terms and conditions of the Agreement remain in full force and effect.",Agreement or Contract,"Deputy Chief, Facilities Planning and Management",004981,v-004981,Fund 1 General Fund Routine Repair Maintenance Account,Adds $1.36M and a year to Johnson Controls' fire alarm and sprinkler testing at schools,"Johnson Controls Fire and Protection, LP will keep testing and inspecting fire alarms, emergency and exit lights, sprinklers, standpipes, fire hoses and hydrants, and will add five more sites that need 1-year inspections. The added amount is up to $1,359,160.00, raising the contract limit from $5,311,906.95 to $6,671,066.95. The end date moves from June 30, 2026 to June 30, 2027.","Food, transportation & operations",,amendment,"Johnson Controls Fire and Protection, LP",organization,,expense,not_to_exceed,1359160,,,5311906.95,6671066.95,true,2022-07-01,2027-06-30,pulled_from_consent; raises_existing_contract; multi_year,,"Adopted in its own vote on June 29 (5–1), instead of with the rest of the consent report.",Adopted,2026-06-29,true,auto_ok,sonnet-agent,enrich.v5.md,true,
2026-06-24:26-1324,2026-06-24,2026-06-24,regular,R.-28,84,general,Chief Systems and Services Officer,26-1324,https://ousd.legistar.com/gateway.aspx?M=L&ID=69744,"Amendment No. 1, General Services Agreement – Johnson Controls Fire and Protection, LP – Fire and Burglar Monitoring Project – Buildings and Grounds Department","Approval by the Board of Education of the Amendment No. 1, General  Services Agreement  by and between the District and Johnson Controls Fire and Protection, LP., Livermore, CA, for the latter to provide continuous surveillance of fire detection systems and burglar alarm monitoring district-wide services, as described in the Proposals dated, May 15, 2026, attached to this Amendment as Exhibit A, for the Fire and Burglar Monitoring Project, in an additional amount of $133,980.00, increasing the Agreement not-to-exceed amount from $137,560.00 to $271,540.00, and extending the term of the Agreement from July 1, 2025 through June 30, 2026 to June 30, 2027 (an additional 365 calendar days).  All other terms and conditions of the Agreement remain in full force and effect.",Agreement or Contract,"Deputy Chief, Facilities Planning and Management",004981,v-004981,Fund 1 General Fund Routine Repair Maintenance Account,"Adds $133,980 and a year to Johnson Controls' fire and burglar alarm monitoring","Johnson Controls Fire and Protection, LP will keep providing constant monitoring of fire detection systems and burglar alarms across the district. The added amount is up to $133,980.00, raising the contract limit from $137,560.00 to $271,540.00. The end date moves from June 30, 2026 to June 30, 2027.","Food, transportation & operations",,amendment,"Johnson Controls Fire and Protection, LP",organization,,expense,not_to_exceed,133980,,,137560,271540,true,2025-07-01,2027-06-30,pulled_from_consent; raises_existing_contract; large_increase; multi_year,,"Adopted in its own vote on June 29 (5–1), instead of with the rest of the consent report.",Adopted,2026-06-29,true,auto_ok,sonnet-agent,enrich.v5.md,true,
2026-06-24:26-1332,2026-06-24,2026-06-24,regular,R.-29,85,general,Chief Systems and Services Officer,26-1332,https://ousd.legistar.com/gateway.aspx?M=L&ID=69752,Agreement Between Owner and Contractor – Luna’s Grading & Paving – Bret Harte Middle School Asphalt Replacement Project – Department of Buildings & Grounds,"Approval by the Board of Education of Agreement Between Owner and Contractor by and between the District and Luna’s Grading and Paving, San Jose, CA, as the lowest responsive bidder, rejecting all other bids, for the latter to provide construction services which involves asphalt pavement removal and replacement at Bret Harte site, including reconstruction of approximately 12,000 SF of driveway pavement from the street to the loading dock fence, resurfacing of approximately 20,000 SF of existing pavement, and seal coat and restriping of approximately 10,000 SF of parking areas; saw cutting and demolition of existing asphalt and base, subgrade preparation, installation of new aggregate base and hot mix asphalt, utility adjustments, implementation of dust control measures, traffic control, and protection and repair of adjacent improvements including City sidewalk as required proper transportation and disposal of contaminated soil at the driveway, and coordination with applicable regulatory agencies for required approvals and documentation to ensure compliance with environmental regulations, for the Bret Harte Middle School Asphalt Replacement  Project, in the amount of $274,000.00, which includes a contingency allowance of $35,000.00, with the work anticipated to commence on June 25, 2026, and required to be completed within thirty-six days (36), with an anticipated ending of July 31, 2026.",Agreement or Contract,"Deputy Chief, Facilities Planning and Management",010031,v-010031,Fund 140 Deferred Maintenance,"Awards Luna's Grading and Paving $274,000 to replace asphalt at Bret Harte Middle School","Luna's Grading and Paving will replace and resurface asphalt, seal coat and restripe parking areas, and handle disposal of contaminated soil at the driveway at Bret Harte Middle School. The $274,000.00 price includes a $35,000.00 contingency. The company was the lowest responsive bidder, and work is expected to run June 25 to July 31, 2026.",School buildings & construction,,bid_award,Luna's Grading and Paving,organization,Bret Harte Middle School,expense,fixed,274000,,,,,true,2026-06-25,2026-07-31,,,,Adopted on the General Consent Report,2026-06-24,true,auto_ok,sonnet-agent,enrich.v5.md,true,
2026-06-24:26-1333,2026-06-24,2026-06-24,regular,R.-30,86,general,Chief Systems and Services Officer,26-1333,https://ousd.legistar.com/gateway.aspx?M=L&ID=69753,"Amendment No. 1, General Services Agreement – Atlas Technical Consultants, LLC – McClymonds High School Athletic Turf Field Replacement Project – Division of Facilities Planning and Management","Approval by the Board of Education to Amendment No. 1, General Services Agreement  by and between the District and Atlas Technical Consultants, LLC., San Ramon, CA, for the latter to provide continuous geotechnical consulting service and extension of the term of the Agreement from June 26, 2025, through June 30, 2026, to December 31, 2027 (an additional 549 calendar days), at no additional cost, for the McClymonds High School Athletic Turf Field Replacement Project. All other terms and conditions of the Agreement remain in full force and effect.",Agreement or Contract,"Deputy Chief, Facilities Planning and Management",007113,v-007113,Fund 21 Building Fund Measure Y,Extends Atlas Technical's McClymonds turf field geotechnical work to 2027 at no added cost,"The Board is extending Atlas Technical Consultants' geotechnical consulting agreement for the McClymonds High School Athletic Turf Field Replacement Project by 549 calendar days, to December 31, 2027. There is no added cost to the district.",School buildings & construction,,amendment,"Atlas Technical Consultants, LLC",organization,McClymonds High School,no_cost,,,,,,,true,2025-06-26,2027-12-31,multi_year; time_extension_only,,,Adopted on the General Consent Report,2026-06-24,true,auto_ok,sonnet-agent,enrich.v5.md,true,
2026-06-24:26-1337,2026-06-24,2026-06-24,regular,R.-31,87,general,Chief Systems and Services Officer,26-1337,https://ousd.legistar.com/gateway.aspx?M=L&ID=69757,Agreement Between Owner and Contractor – McGuire and Hester – Hoover Elementary School Turf Field Replacement Project – Division of the Facilities Planning and Management,"Approval by the Board of Education of Agreement Between Owner and Contractor by and between the District and McGuire and Hester, Oakland, CA to provide construction services which involves all necessary site preparation, including but not limited to site security, demolition, and coordination with District and site staff, grading/civil scope, and drainage improvements required to support the installation of a new synthetic turf and for the other Living Schoolyard items at the school site; responsible for coordinating closely with the turf vendor to align the project schedule across all phases of work for the Hoover Elementary School Turf Field Replacement Project, in the amount of $1,553,734.00, which includes a contingency allowance of $150,000.00, as the lowest responsive bidder, rejecting all other bids, with the work anticipated to commence on June 25, 2026, and required to be completed within one hundred nine (109) days, with an anticipated ending of October 12, 2026.",Agreement or Contract,"Deputy Chief, Facilities Planning and Management",002799,v-002799,Fund 21 Building Measure Y,Awards a $1.55M contract to McGuire and Hester for turf field replacement at Hoover Elementary,"McGuire and Hester will do the site preparation, demolition, grading and drainage work needed for a new synthetic turf field and other Living Schoolyard features at Hoover Elementary School. The $1,553,734 price includes a $150,000 contingency allowance. The company was the lowest responsive bidder, and work is expected to run from June 25 to October 12, 2026.",School buildings & construction,,bid_award,McGuire and Hester,organization,Hoover Elementary School,expense,fixed,1553734,,,,,true,2026-06-25,2026-10-12,,,,Adopted on the General Consent Report,2026-06-24,true,auto_ok,sonnet-agent,enrich.v5.md,true,
2026-06-24:26-1338,2026-06-24,2026-06-24,regular,R.-32,88,general,Chief Systems and Services Officer,26-1338,https://ousd.legistar.com/gateway.aspx?M=L&ID=69758,"Amendment No. 2, Amendment for Project Assignment, Agreement for Material Testing and Special Inspection Services – Skyline High School Field Lighting Replacement – Division of Facilities Planning and Management","Approval by the Board of Education of Amendment No. 2, Amendment for Project Assignment, pursuant to the Oakland Unified School District Master Agreement for Material Testing and Special Inspection Services (MA), effective June 25, 2026 (Enactment No. TBD), except as may be provided otherwise by this Amendment, and as further described in Contractor’s proposal dated May 18, 2026, attached hereto as Exhibit A, by and between the District and ISI Inspection Services, Inc., Berkeley, CA, for the latter to provide Material Testing and Special Inspection Services for the Skyline High School Field Lighting Replacement Project, as further described in Exhibit A of the Amendment, in the additional not-to-exceed amount of $22,693.55, increasing the Agreement’s not-to-exceed amount from $13,204.40 to $35,897.95. All other terms and conditions of the Agreement remain in full force and effect.",Agreement or Contract,"Deputy Chief, Facilities Planning and Management",002199,v-002199,Fund 21 Building Fund Measure Y,"Adds $22,694 for materials testing and inspection by ISI at Skyline High's field lighting project","This amendment adds $22,693.55 to ISI Inspection Services' agreement for material testing and special inspection on the Skyline High School Field Lighting Replacement Project. It raises the not-to-exceed amount from $13,204.40 to $35,897.95. The amendment takes effect June 25, 2026.",School buildings & construction,,amendment,"ISI Inspection Services, Inc.",organization,Skyline High School,expense,not_to_exceed,22693.55,,,13204.4,35897.95,true,2026-06-25,,raises_existing_contract; large_increase,,,Adopted on the General Consent Report,2026-06-24,true,auto_ok,sonnet-agent,enrich.v5.md,true,
2026-06-24:26-1339,2026-06-24,2026-06-24,regular,R.-33,89,general,Chief Systems and Services Officer,26-1339,https://ousd.legistar.com/gateway.aspx?M=L&ID=69759,"Amendment No. 1, CMAS Design and Purchase Agreement – Musco Sports Lighting, LLC – Skyline High School Lighting Replacement Project – Division of Facilities Planning and Management","Approval by the Board of Education of the Amendment No. 1, CMAS Design and Purchase Agreement by and between the District and Musco Sports Lighting, LLC, Oskaloosa, IA, for the latter to cover compensation for additional DSA plan review services, including responses to plan check comments and coordination for formal approval of the design documents in accordance with the guidelines of the California Division of the State Architect (DSA), as described in the Review Fee Calculator Proposal dated May 14, 2026, attached to this Amendment as Exhibit A, for the Skyline High School Lighting Replacement  Project, in an additional total amount of $5,860.00, increasing Agreement’s total not-to-exceed amount from $507,793.04 to $513,653.04. All other terms and conditions of the Agreement remain in full force and effect.",Agreement or Contract,"Deputy Chief, Facilities Planning and Management",008458,v-008458,Fund 21 Building Fund Measure Y,"Adds $5,860 to Musco's Skyline High lighting contract for state plan-review services","This amendment pays Musco Sports Lighting an additional $5,860 for extra plan review work with the California Division of the State Architect (DSA) on the Skyline High School lighting project, including answering plan check comments. It raises the not-to-exceed amount from $507,793.04 to $513,653.04. The original deal was bought through a state contract list, the California Multiple Award Schedules (CMAS), rather than through the district's own bid.",School buildings & construction,,amendment,"Musco Sports Lighting, LLC",organization,Skyline High School,expense,not_to_exceed,5860,,,507793.04,513653.04,true,,,no_competitive_bid; raises_existing_contract,,,Adopted on the General Consent Report,2026-06-24,true,auto_ok,sonnet-agent,enrich.v5.md,true,
2026-06-24:26-1341,2026-06-24,2026-06-24,regular,R.-34,90,general,Chief Systems and Services Officer,26-1341,https://ousd.legistar.com/gateway.aspx?M=L&ID=69761,"Amendment No. 1, Amendment for Project Assignment (Agreement for Architectural Services) – K2A Architecture + Interiors - Early Childhood Center at Washington Sankofa Project – Division of Facilities Planning and Management","Approval by the Board of Education of Amendment No. 1, Project Assignment (Agreement for Architectural Services), pursuant to the Oakland Unified School District Architect Services Master Agreement for Various School Projects, entered into June 26, 2026, incorporated herein by reference as if set forth in full (Enactment No. TBD), by and between the District and K2A , LLP dba K2A Architecture + Interiors, Oakland, CA, for the latter to provide design services and project description from schematic design through construction and closeout of the Early Childhood Center at Washington Sankofa Project, in the not-to-exceed amount of $898,296.00 which includes a not-to-exceed amount of $81,663.00 for additional services, with scope to include designing six TK/PreK classrooms with Timber Quest for DSA precheck and topographic survey and site utility location, cost estimation, stakeholder engagement, procurement, and construction administration services, which shall commence on June 25, 2026, and is scheduled to last until June 30, 2028. All other terms and conditions of the Agreement remain in full force and effect.",Agreement or Contract,"Deputy Chief, Facilities Planning and Management",,n-k2a-k2a-architecture-interiors,Fund 12 /OCI,"Approves up to $898,296 for K2A to design a new early childhood center at Washington Sankofa","K2A Architecture + Interiors will provide design services from schematic design through construction and closeout for the Early Childhood Center at Washington Sankofa, including six TK/PreK classrooms. The $898,296 limit includes $81,663 for additional services. Work runs from June 25, 2026 to June 30, 2028. The text says the master agreement was entered into June 26, 2026, one day after the work is to start.",School buildings & construction,,amendment,"K2A, LLP dba K2A Architecture + Interiors",organization,Early Childhood Center at Washington Sankofa,expense,not_to_exceed,898296,,,,,true,2026-06-25,2028-06-30,source_issue; multi_year,"The text gives a not-to-exceed amount of $898,296.00 for an amendment without stating whether it is the amount added by the amendment or a new total for the project assignment.",,Adopted on the General Consent Report,2026-06-24,true,needs_review,sonnet-agent,enrich.v5.md,true,
2026-06-24:26-1344,2026-06-24,2026-06-24,regular,R.-35,91,general,Chief Systems and Services Officer,26-1344,https://ousd.legistar.com/gateway.aspx?M=L&ID=69764,"Amendment No. 1, Amendment for Project Assignment, Master Agreement for General Services – Terraphase Engineering, Inc. – Division of Facilities Planning and Management","Approval by the Board of Education of Amendment No. 1, Amendment for Project Assignment, pursuant to the Oakland Unified School District Master Agreement (MA) for General Services, dated June 25, 2026, incorporated herein by reference as if set forth in full (Enactment No. TBA), except as may be provided otherwise by this Amendment, and as further described in Contractor’s proposal attached hereto as Exhibit 1,  by and between the District and Terraphase Engineering, Inc, Oakland, CA, for the latter to provide geotechnical and geohazard consulting services for the Washington Early Child Development Center at Sankofa Campus, in the not-to-exceed amount of $61,750.00, which shall commence on June 25, 2026, and shall end upon the completion of all assigned project pursuant to the MA. All other terms and conditions of the MA remain in full force and effect.",Agreement or Contract,"Deputy Chief, Facilities Planning and Management",4240,v-004240,Fund 12 Oakland Children's Initiative,"Approves $61,750 for Terraphase's soil and geohazard review at the Washington Sankofa campus","Terraphase Engineering will provide geotechnical and geohazard consulting for the Washington Early Child Development Center at the Sankofa Campus, for up to $61,750. Work starts June 25, 2026 and ends when all assigned project work under the master agreement is complete.",School buildings & construction,,amendment,"Terraphase Engineering, Inc.",organization,Washington Early Child Development Center at Sankofa Campus,expense,not_to_exceed,61750,,,,,true,2026-06-25,,,,,Adopted on the General Consent Report,2026-06-24,true,auto_ok,sonnet-agent,enrich.v5.md,true,
2026-06-24:26-1345,2026-06-24,2026-06-24,regular,R.-36,92,general,Chief Systems and Services Officer,26-1345,https://ousd.legistar.com/gateway.aspx?M=L&ID=69765,"Amendment No. 1, Amendment for Project Assignment - Langan CA, Inc.- Environmental Site Assessment Consulting Services at Various School Sites– Division of Facilities Planning and Management","Approval by the Board of Education of Amendment No. 1, Amendment for Project Assignment, pursuant to the Oakland Unified School District Master Agreement (MA) for General Services, dated June 25, 2026, incorporated herein by reference as if set forth in full (Enactment No. TBA), except as may be provided otherwise by this Amendment, and as further described in Contractor’s proposal attached hereto as Exhibit 1,  by and between the District and Langan CA, Inc, Oakland, CA, for latter to provide environmental site assessment consulting services for Washington Early Child Development Center at Sankofa Campus, in the not-to-exceed amount of $32,450.00, which shall commence on June 25, 2026, and shall end upon the completion of all assigned project pursuant to the MA. All other terms and conditions of the MA remain in full force and effect.",Agreement or Contract,"Deputy Chief, Facilities Planning and Management",9210,v-009210,Fund 12 Oakland Children's Initiative,"Approves $32,450 for Langan's environmental site assessment at the Washington Sankofa campus","Langan CA will provide environmental site assessment consulting for the Washington Early Child Development Center at the Sankofa Campus, for up to $32,450. Work starts June 25, 2026 and ends when all assigned project work under the master agreement is complete.",School buildings & construction,,amendment,"Langan CA, Inc.",organization,Washington Early Child Development Center at Sankofa Campus,expense,not_to_exceed,32450,,,,,true,2026-06-25,,,,,Adopted on the General Consent Report,2026-06-24,true,auto_ok,sonnet-agent,enrich.v5.md,true,
2026-06-24:26-1365,2026-06-24,2026-06-24,regular,R.-37,93,general,Chief Systems and Services Officer,26-1365,https://ousd.legistar.com/gateway.aspx?M=L&ID=69785,Agreement Between Owner and Contractor – Redgwick Construction Company – Crocker Highland Elementary School Site Improvements Project – Division of Facilities Planning and Management,"Approval by the Board of Education of Agreement Between Owner and Contractor by and between the District and Redgwick Construction Company, Oakland, CA, for the latter to provide construction services which include the modernization of an existing school playground to enhance outdoor learning and recreational spaces, removal of worn play structures, basketball hoops, and select asphalt areas, installation of new nature play areas, including soil excavation and the installation of irrigation and drainage systems, improvements to the existing garden space, prep work for new play structures with perimeter curbing and playground surfacing and site enhancements consisting of new tree planting with supporting irrigation systems, and seal coating of existing pavement, installation of new play structure, multi-sport courts, and turf field  by others; with work following strict safety standards and coordination with OUSD for the Crocker Highland Elementary School Site Improvements Project, in the amount of $719,100.00, which includes a contingency allowance of $65,700.00, as the lowest responsive bidder, rejecting all other bids, with the work anticipated to commence on June 25, 2026, and required to be completed within ninety-six days (96), with an anticipated ending of September 29, 2026.",Agreement or Contract,"Deputy Chief, Facilities Planning and Management",003557,v-003557,Fund 21 Building Fund Measure Y,"Awards a $719,100 contract to Redgwick for playground improvements at Crocker Highland Elementary","Redgwick Construction will modernize the playground at Crocker Highland Elementary School, adding nature play areas, irrigation and drainage, a new play structure, multi-sport courts, trees and sealed pavement. The $719,100 price includes a $65,700 contingency allowance. Redgwick was the lowest responsive bidder; work is expected to run from June 25 to September 29, 2026.",School buildings & construction,,bid_award,Redgwick Construction Company,organization,Crocker Highland Elementary School,expense,fixed,719100,,,,,true,2026-06-25,2026-09-29,,,,Adopted on the General Consent Report,2026-06-24,true,auto_ok,sonnet-agent,enrich.v5.md,true,
2026-06-24:26-1383,2026-06-24,2026-06-24,regular,R.-38,94,general,Chief Systems and Services Officer,26-1383,https://ousd.legistar.com/gateway.aspx?M=L&ID=69803,"Amendment No. 1, Amendment for Project Assignment - ACC Environmental Consultants, Inc. - Washington/Sankofa Early Childhood Center – Division of Facilities Planning and Management","Approval by the Board of Education of Amendment No. 1, Amendment for Project Assignment, pursuant to the Oakland Unified School District Master Agreement (MA) for General Services, dated June 25, 2026, incorporated herein by reference as if set forth in full (Enactment No. TBA), except as may be provided otherwise by this Amendment, and as further described in Contractor’s proposal attached hereto as Exhibit 1,  by and between the District and ACC Environmental Consultants, Inc., Oakland, CA, for the latter to provide hazardous material abatement consulting services for the Washington/Sankofa Early Childhood Center, in the not-to-exceed amount of $49,973.00, which shall commence on June 25, 2026, and shall end upon the completion of all assigned project pursuant to the MA. All other terms and conditions of the MA remain in full force and effect.",Agreement or Contract,"Deputy Chief, Facilities Planning and Management",,v-000230,Fund 12 Oakland Children's Initiative,"Approves $49,973 for ACC Environmental's hazardous-materials consulting at Washington Sankofa","ACC Environmental Consultants will provide hazardous material abatement consulting for the Washington/Sankofa Early Childhood Center, for up to $49,973. Work starts June 25, 2026 and ends when all assigned project work under the master agreement is complete.",School buildings & construction,,amendment,"ACC Environmental Consultants, Inc.",organization,Washington/Sankofa Early Childhood Center,expense,not_to_exceed,49973,,,,,true,2026-06-25,,,,,Adopted on the General Consent Report,2026-06-24,true,auto_ok,sonnet-agent,enrich.v5.md,true,
2026-06-24:26-1432,2026-06-24,2026-06-24,regular,R.-39,95,general,Chief Systems and Services Officer,26-1432,https://ousd.legistar.com/gateway.aspx?M=L&ID=69852,Oakland Unified School District Master Agreement for General Services - Sandis Civil Engineers Surveyors and Planners.- Land Surveying Services at Various Sites – Division of Facilities Planning and Management,"Approval by the Board of Education of a Oakland Unified School District Master Agreement for General Services by and between the District and Sandis Civil Engineers Surveyors and Planners, Oakland, CA, for the latter to provide land surveying services at various school sites, pursuant to the terms and conditions of this Master Agreement and of the written project assignments executed by the Parties substantially in the form attached hereto as Exhibit A, in the not-to-exceed amount of $0, commencing on June 25, 2026 and ending on June 30, 2028, except as otherwise stated in Section 4 of this Master Agreement, and Contractor shall complete the Services within the term.",Agreement or Contract,"Deputy Chief, Facilities Planning and Management",,v-003768,All Funds: Attachments 01 ; 14 Deferred Maintenance 21 Building Fund 25 Developer Fees 35 County Schools Facilities 40 Special Reserve for Capital Outlay Project,Sets up a $0 master agreement with Sandis for land surveying at school sites through 2028,"This master agreement lets Sandis Civil Engineers Surveyors and Planners provide land surveying at various school sites from June 25, 2026 to June 30, 2028. It has no dollar amount of its own; future project assignments will come back to the Board separately with their own costs.",School buildings & construction,,new_agreement,Sandis Civil Engineers Surveyors and Planners,organization,,no_cost,,,,,,,true,2026-06-25,2028-06-30,multi_year,,,Adopted on the General Consent Report,2026-06-24,true,auto_ok,sonnet-agent,enrich.v5.md,true,
2026-06-24:26-1442,2026-06-24,2026-06-24,regular,R.-40,96,general,Chief Systems and Services Officer,26-1442,https://ousd.legistar.com/gateway.aspx?M=L&ID=69862,"Amendment No. 1, Amendment for Project Assignment - Sandis Civil Engineers Surveyors and Planners - Skyline Portable Removal and Modernization Project - Division of Facilities Planning and Management","Approval by the Board of Education of Amendment No. 1, Amendment for Project Assignment, pursuant to the Oakland Unified School District Master Agreement (MA) for General Services, dated June 25, 2026, incorporated herein by reference as if set forth in full (Enactment No. TBA), except as may be provided otherwise by this Amendment, and as further described in Contractor’s proposal attached hereto as Exhibit 1, by and between the District and Sandis Civil Engineers Surveyors, and Planners, Oakland, CA, for latter to provide land surveying services for the Skyline Portable Removal and Modernization Project, in the not-to-exceed amount of $88,000.00, which shall commence on June 25, 2026, and shall end upon the completion of all assigned project pursuant to the MA. All other terms and conditions of the MA remain in full force and effect.",Agreement or Contract,"Deputy Chief, Facilities Planning and Management",,v-003768,Fund 12 Oakland Children's Initiative,"Approves $88,000 for Sandis land surveying on the Skyline portable removal project","Sandis Civil Engineers Surveyors and Planners will provide land surveying for the Skyline Portable Removal and Modernization Project, for up to $88,000. Work starts June 25, 2026 and ends when all assigned project work under the master agreement is complete.",School buildings & construction,,amendment,Sandis Civil Engineers Surveyors and Planners,organization,Skyline,expense,not_to_exceed,88000,,,,,true,2026-06-25,,,,,Adopted on the General Consent Report,2026-06-24,true,auto_ok,sonnet-agent,enrich.v5.md,true,
2026-06-24:26-1443,2026-06-24,2026-06-24,regular,R.-41,97,general,Chief Systems and Services Officer,26-1443,https://ousd.legistar.com/gateway.aspx?M=L&ID=69863,Amendment No. 2 for Project Assignment (Agreement for Architectural Services) - Sandis Civil Engineers Surveyors and Planners - Elmhurst Middle School Planning & Feasibility Study - Division of Facilities Planning and Management,"Approval by the Board of Education of Amendment No. 2, Amendment for Project Assignment, pursuant to the Oakland Unified School District Master Agreement (MA) for General Services, dated June 25, 2026, incorporated herein by reference as if set forth in full (Enactment No. TBA), except as may be provided otherwise by this Amendment, and as further described in Contractor’s proposal attached hereto as Exhibit 1,  by and between the District and Sandis Civil Engineers Surveyors and Planners, Oakland, CA, for latter to provide land surveying services for the Elmhurst Middle School Planning & Feasibility Study, in the not-to-exceed amount of $64,900.00, which shall commence on June 25, 2026, and shall end upon the completion of all assigned project pursuant to the MA. All other terms and conditions of the MA remain in full force and effect.",Agreement or Contract,"Deputy Chief, Facilities Planning and Management",3768,v-003768,Building Fund Measure J,"Approves $64,900 for Sandis land surveying for the Elmhurst Middle School feasibility study","Sandis Civil Engineers Surveyors and Planners will provide land surveying for the Elmhurst Middle School Planning & Feasibility Study, for up to $64,900. Work starts June 25, 2026 and ends when all assigned project work under the master agreement is complete.",School buildings & construction,,amendment,Sandis Civil Engineers Surveyors and Planners,organization,Elmhurst Middle School,expense,not_to_exceed,64900,,,,,true,2026-06-25,,source_issue,"The title describes an Agreement for Architectural Services, but the action text describes land surveying services under the Master Agreement for General Services.",,Adopted on the General Consent Report,2026-06-24,true,auto_ok,sonnet-agent,enrich.v5.md,true,
2026-06-24:26-1447,2026-06-24,2026-06-24,regular,R.-42,98,general,Chief Systems and Services Officer,26-1447,https://ousd.legistar.com/gateway.aspx?M=L&ID=69867,"Change Order No. 2, Agreement Between Owner and Contractor – Nicholas Guiterrez dba N G Builder Company – Harriet Tubman Child Development Center Play Yard Site Improvement Project – Division of Facilities Planning and Management","Approval by the Board of Education of Change Order No. 2, Agreement Between Owner and Contractor by and between the District and Nicholas Guiterrez doing Business as N G Builder Company, Santa Clara, CA, for the latter to provide additional construction services which consist of Phase 2, which included the prep work for the new play structure, new play structure, installation PIP play matting, requiring additional manpower and extended equipment rentals time, for the Harriet Tubman Child Development Center Play Yard Site Improvement Project, in the not to exceed amount of $34,075.59, increasing the Agreement  price from $259,702.00 to $293,777.59.  All other terms and conditions of the Agreement remain in full force and effect.",Agreement or Contract,"Deputy Chief, Facilities Planning and Management",0090085,v-0090085,OCI Oakland Children Initiative,"Adds $34,076 to N G Builder Company's contract for Harriet Tubman play yard work","This change order adds $34,075.59 for extra work on Phase 2 of the Harriet Tubman Child Development Center play yard, including prep for the new play structure, the structure itself and safety matting. The text cites added manpower and longer equipment rental. The contract price rises from $259,702.00 to $293,777.59.",School buildings & construction,,change_order,N G Builder Company,organization,Harriet Tubman Child Development Center,expense,not_to_exceed,34075.59,,,259702,293777.59,true,,,raises_existing_contract,,,Adopted on the General Consent Report,2026-06-24,true,auto_ok,sonnet-agent,enrich.v5.md,true,
2026-06-24:26-1469,2026-06-24,2026-06-24,regular,R.-43,99,general,Chief Systems and Services Officer,26-1469,https://ousd.legistar.com/gateway.aspx?M=L&ID=69889,"Change Order No. 2, Agreement Between Owner and Contractor - Tulum Innovative Engineering, Inc. – Joaquin Miller Elementary Site Improvements Project - Division of Facilities Planning and Management","Approval by the Board of Education of Change Order No. 2, Agreement Between Owner and Contractor by and between the District and Tulum Innovative Engineering, Inc., Oakland, CA, for the latter to provide additional construction services, including the application of additional baserock thickness beneath the safety surfacing and a reduction in the nature area scope, as identified in Preliminary Change Orders (PCO) Nos. 5 and 10, for the Joaquin Miller Elementary Site Improvements Project, in the not-to-exceed amount of $65,215.99, increasing Agreement  price from $802,199.90 to $867,415.89.  All other terms and conditions of the Agreement remain in full force and effect.",Agreement or Contract,"Deputy Chief, Facilities Planning and Management",,v-004387,Fund 01 General Fund ELOP,"Adds $65,216 to Tulum's contract for Joaquin Miller Elementary site improvements","This change order adds $65,215.99 for extra baserock under the safety surfacing and a smaller nature area at Joaquin Miller Elementary. The changes come from preliminary change orders (PCOs) 5 and 10. The contract price rises from $802,199.90 to $867,415.89.",School buildings & construction,,change_order,"Tulum Innovative Engineering, Inc.",organization,Joaquin Miller Elementary,expense,not_to_exceed,65215.99,,,802199.9,867415.89,true,,,raises_existing_contract,,,Adopted on the General Consent Report,2026-06-24,true,auto_ok,sonnet-agent,enrich.v5.md,true,
2026-06-24:26-1470,2026-06-24,2026-06-24,regular,R.-44,100,general,Chief Systems and Services Officer,26-1470,https://ousd.legistar.com/gateway.aspx?M=L&ID=69890,"Change Order No. 1, Agreement Between Owner and Contractor – Nicholas Guiterrez dba N G Builder Company – Emerson Elementary School Site Improvements Project – Division of Facilities Planning and Management","Approval by the Board of Education of Change Order No. 1, Agreement Between Owner and Contractor by and between the District and Nicholas Guiterrez doing business as N G Builder Company, Santa Clara, CA, for the latter to Furnish and install PIP safety surfacing (TK-K play structure area);  Asphalt demolition, DG installation, and garden fencing removal and Miscellaneous additional work, as identified in the PCOs No. 2-4, for the Emerson Elementary School Site Improvements Project, in the not to exceed amount of $109,916.02, increasing the Agreement  price from $397,666.00 to $507,582.02.  All other terms and conditions of the Agreement remain in full force and effect.",Agreement or Contract,"Deputy Chief, Facilities Planning and Management",,v-0090085,Fund 01 General Fund ELOP,"Adds $109,916 to N G Builder Company's contract for Emerson Elementary site improvements","This change order adds $109,916.02 for safety surfacing near the TK-K play structure, asphalt demolition, decomposed granite, garden fence removal and other extra work at Emerson Elementary School. The changes come from preliminary change orders (PCOs) 2 through 4. The contract price rises from $397,666.00 to $507,582.02.",School buildings & construction,,change_order,N G Builder Company,organization,Emerson Elementary School,expense,not_to_exceed,109916.02,,,397666,507582.02,true,,,raises_existing_contract,,,Adopted on the General Consent Report,2026-06-24,true,auto_ok,sonnet-agent,enrich.v5.md,true,
2026-06-24:26-1501,2026-06-24,2026-06-24,regular,R.-45,101,general,Chief Systems and Services Officer,26-1501,https://ousd.legistar.com/gateway.aspx?M=L&ID=69921,Oakland Unified School District General Services Agreement – School Facility Consultants – Facilities Planning and Management Project - Division of Facilities Planning and Management,"Approval by the Board of Education of an Oakland Unified School District General Services Agreement by and between the District and School Facility Consultants, Sacramento, CA, for the latter to provide and assist the Oakland Unified School District in maximizing the building program by pursuing both State and Federal funds, maximizing funding opportunities, actively pursuing funding applications on behalf of the District utilizing a variety of School Facility Programs, and updating and generating additional modernization and new construction eligibility (as further described in Exhibit A to this Agreement, in the not-to-exceed amount of $100,000.00, with work scheduled to commence on July 1, 2026, and scheduled to last until June 30, 2027, pursuant to the Agreement.",Agreement or Contract,"Deputy Chief, Facilities Planning and Management",3812,v-003812,Building Fund 21 Measure Y,"Pays School Facility Consultants up to $100,000 to pursue state and federal school building funds","School Facility Consultants of Sacramento will help the district pursue state and federal funding for its building program, prepare funding applications and update its eligibility for modernization and new construction. The agreement is for up to $100,000 from July 1, 2026 to June 30, 2027.",School buildings & construction,,new_agreement,School Facility Consultants,organization,,expense,not_to_exceed,100000,,,,,true,2026-07-01,2027-06-30,,,,Adopted on the General Consent Report,2026-06-24,true,auto_ok,sonnet-agent,enrich.v5.md,true,
2026-06-24:26-1331,2026-06-24,2026-06-24,regular,R.-46,102,general,Chief Systems and Services Officer,26-1331,https://ousd.legistar.com/gateway.aspx?M=L&ID=69751,"Oakland Unified School District Master Agreement for General Services - Langan CA, Inc.- Land Surveying Services at Various Sites at Various School Sites– Division of Facilities Planning and Management","Approval by the Board of Education of an Oakland Unified School District Master Agreement for General Services by and between the District and Langan CA, Inc., Oakland, CA, for the latter to provide land surveying services at various school sites, pursuant to the terms and conditions of this Master Agreement and of the written project assignments executed by the Parties substantially in the form attached hereto as Exhibit A, in the not-to-exceed amount of $0,  commencing on June 25, 2026, and ending on June 30, 2028, except as otherwise stated in Section 4 of this Master Agreement, and Contractor shall complete the Services within the term.",Agreement or Contract,"Deputy Chief, Facilities Planning and Management",9210,v-009210,All Capital Funds,Sets up a $0 master agreement with Langan for land surveying at school sites through 2028,"This master agreement lets Langan CA provide land surveying at various school sites from June 25, 2026 to June 30, 2028. It has no dollar amount of its own; future project assignments will come back to the Board separately with their own costs.",School buildings & construction,,new_agreement,"Langan CA, Inc.",organization,,no_cost,,,,,,,true,2026-06-25,2028-06-30,multi_year,,,Adopted on the General Consent Report,2026-06-24,true,auto_ok,sonnet-agent,enrich.v5.md,true,
2026-06-24:26-1574,2026-06-24,2026-06-24,regular,R.-47,103,general,Chief Systems and Services Officer,26-1574,https://ousd.legistar.com/gateway.aspx?M=L&ID=69994,"Amendment No. 2, General Services Agreement - 360 Total Concept Consulting, Inc. - Division of Facilities Planning and Management","Approval by the Board of Education of Amendment No. 2,  General Services Agreement by and between the District and 360 Total Concept Consulting, Inc., Oakland, CA, for the latter to provide  continued Local Business Utilization consulting services, including program analysis, compliance monitoring, procurement support, vendor outreach, stakeholder engagement, and reporting for the Facilities Planning and Management Department, in an additional amount of $450,000.00, increasing the Agreement’s not-to-exceed amount from $1,725,708.00 to $2,175,708.00, and extending the term of the Agreement from July 1, 2022 through June 30, 2026 to June 30, 2027. All other terms and conditions of the Agreement shall remain in full force and effect.",Agreement or Contract,General Counsel,000192,v-000192,Fund 21 Building Fund – Measure Y,"Adds $450,000 and a year to 360 Total Concept's local business program support","This amendment adds $450,000 to the agreement with 360 Total Concept Consulting, raising the not-to-exceed amount from $1,725,708 to $2,175,708, and extends it one year to June 30, 2027. The firm helps the facilities department with local business utilization, including program analysis, compliance monitoring, procurement support and vendor outreach.",School buildings & construction,,amendment,"360 Total Concept Consulting, Inc.",organization,,expense,not_to_exceed,450000,,,1725708,2175708,true,2022-07-01,2027-06-30,raises_existing_contract; multi_year,,,Adopted on the General Consent Report,2026-06-24,true,auto_ok,sonnet-agent,enrich.v5.md,true,
2026-06-24:26-1570,2026-06-24,2026-06-24,regular,R.-48,104,general,Chief Systems and Services Officer,26-1570,https://ousd.legistar.com/gateway.aspx?M=L&ID=69990,"Amendment No. 1, General Services Agreement – Waste Management of Alameda County, Inc. – Solid Waste Handling & Recycling Services Project – Custodial Services Department","Approval by the Board of Education of Amendment No. 1, General Services Agreement by and between the District and Waste Management of Alameda County, Inc., for the latter to provide solid waste handling, recycling, and composting services for the Solid Waste Handling & Recycling Services Project,
·	in the amount of $3,675,000.00, for the term August 13, 2025, through June 30, 2026;
·	with maintenance of the current rates, with no rate adjustment, for continuance of same services, from July 1, 2026, through June 30, 2027, for a not-to-exceed annual (one year) amount of $4,200,000.00 for said term, increasing the cumulative not-to-exceed amount of the Agreement to $7,875,000.00, for the term August 13, 2025, through June 30, 2027; and
·	with a capped 4% rate adjustment applicable July 1, 2027, through June 30, 2028, increasing the not-to-exceed annual (one year) amount to $4,368,000.00, 
with the cumulative not -to- exceed amount of this Agreement, from August 13, 2025, through June 30, 2028, being $12,243,000.00.",Agreement or Contract,"Deputy Chief, Facilities Planning and Management",4461,v-004561,General Fund 01,Extends Waste Management's trash and recycling contract to 2028 with $12.2M in total authority,"This amendment continues Waste Management's solid waste, recycling and composting service. It sets $3,675,000 for August 2025 to June 2026, $4,200,000 for 2026-27 at current rates, and $4,368,000 for 2027-28 with a capped 4% rate increase. The cumulative limit becomes $12,243,000 through June 30, 2028.","Food, transportation & operations",,amendment,"Waste Management of Alameda County, Inc.",organization,,expense,cumulative,,,,3675000,12243000,true,2025-08-13,2028-06-30,raises_existing_contract; multi_year,,,Adopted on the General Consent Report,2026-06-24,true,human_reviewed,sonnet-agent,enrich.v5.md,true,
2026-06-24:26-1534,2026-06-24,2026-06-24,regular,R.-49,105,general,Chief Systems and Services Officer,26-1534,https://ousd.legistar.com/gateway.aspx?M=L&ID=69954,Finding ... No Public Benefit ... Additional Competitive Bidding ... Certain Roofing ... Projects and Agreement Between Owner and Contractor – Western Roofing Service – Markham … School ... Project – Division of Facilities Planning and Management,"Adoption by the Board of Education of Resolution No. 2526-0109 - Finding That No Public Benefit Would Be Served By Requiring Additional Competitive Bidding For Certain Roofing Improvement Projects And Approving …  Agreement Between Owner and Contractor by and between the District and Roofing Constructors, Inc., dba Western Roofing Service,  San Leandro, CA, for the latter to provide Silicon Roof Restoration and Coating System services, which the contractor shall conduct roof restoration and install silicone coating on 300 squares of the main roof, with the Scope including roof preparation, repairs, seam and flashing reinforcement, installation of a silicone roof coating system and project closeout; work covered by a 10-year manufacturer warranty; details provided in the proposal dated June 3, 2026, attached to this Agreement as Exhibit A, for the Markham Elementary School Cool Roof Coating Project, in the amount of $140,078.00, which includes a contingency fee of $12,734.00, with the work anticipated to commence on June 25, 2026, and required to be completed within sixty-six (66) days, with an anticipated ending of August 30, 2026.",Agreement or Contract,"Deputy Chief, Facilities Planning and Management",,v-007598,"Fund 21 Building Fund, Measure Y","Awards $140,078 to Western Roofing for a cool roof at Markham Elementary, with no new bid","Western Roofing Service will restore and coat 300 squares of the main roof at Markham Elementary School with a silicone coating, backed by a 10-year manufacturer warranty. The price of $140,078 includes a $12,734 contingency. The Board is finding that more competitive bidding would serve no public benefit, so the roofing contract is awarded without a new bid. Work runs June 25 to August 30, 2026.",School buildings & construction,,new_agreement,"Roofing Constructors, Inc., dba Western Roofing Service",organization,Markham Elementary School,expense,fixed,140078,,,,,true,2026-06-25,2026-08-30,no_competitive_bid,,,Adopted on the General Consent Report,2026-06-24,true,auto_ok,sonnet-agent,enrich.v5.md,true,
2026-06-24:26-1535,2026-06-24,2026-06-24,regular,R.-50,106,general,Chief Systems and Services Officer,26-1535,https://ousd.legistar.com/gateway.aspx?M=L&ID=69955,Finding ... No Public Benefit ... Additional Competitive Bidding ... Certain Roofing ... Projects and Agreement Between Owner and Contractor – Western Roofing Service – Lockwood … School ... Project – Division of Facilities Planning and Management,"Adoption by the Board of Education of Resolution No. 2526-0109 - Finding That No Public Benefit Would Be Served By Requiring Additional Competitive Bidding For Certain Roofing Improvement Projects And Approving  … Agreement Between Owner and Contractor by and between the District and Roofing Constructors, Inc., dba Western Roofing Service,  San Leandro, CA, for the latter to provide Silicon Roof Restoration and Coating System services, which the contractor shall conduct roof restoration and install silicone coating on 115 squares of the main roof, with the Scope including roof preparation, repairs, seam and flashing reinforcement, installation of a silicone roof coating system and project closeout; work covered by a 10-year manufacturer warranty; details provided in the proposal dated June 9, 2026, attached to this Agreement as Exhibit A, for the Lockwood STEAM Elementary School Cool Roof Coating Project, in the amount of $190,155.90, which includes a contingency fee of $17,286.90, with the work anticipated to commence on June 25, 2026, and required to be completed within sixty-six (66) days, with an anticipated ending of August 30, 2026.",Agreement or Contract,"Deputy Chief, Facilities Planning and Management",,v-007598,"Fund 21 Building Fund, Measure Y","Awards $190,155.9 to Western Roofing for a cool roof at Lockwood STEAM Elementary, with no new bid","Western Roofing Service will restore and coat 115 squares of the main roof at Lockwood STEAM Elementary School with a silicone coating, backed by a 10-year manufacturer warranty. The price of $190,155.9 includes a $17,286.90 contingency. The Board is finding that more competitive bidding would serve no public benefit, so the roofing contract is awarded without a new bid. Work runs June 25 to August 30, 2026.",School buildings & construction,,new_agreement,"Roofing Constructors, Inc., dba Western Roofing Service",organization,Lockwood STEAM Elementary School,expense,fixed,190155.9,,,,,true,2026-06-25,2026-08-30,no_competitive_bid,,,Adopted on the General Consent Report,2026-06-24,true,auto_ok,sonnet-agent,enrich.v5.md,true,
2026-06-24:26-1536,2026-06-24,2026-06-24,regular,R.-51,107,general,Chief Systems and Services Officer,26-1536,https://ousd.legistar.com/gateway.aspx?M=L&ID=69956,Finding ... No Public Benefit ... Additional Competitive Bidding ... Certain Roofing ... Projects and Agreement Between Owner and Contractor –Western Roofing Service – Lincoln ... School ... Project – Division of Facilities Planning and Management,"Adoption by the Board of Education of Resolution No. 2526-0109 - Finding That No Public Benefit Would Be Served By Requiring Additional Competitive Bidding For Certain Roofing Improvement Projects And Approving  … Agreement Between Owner and Contractor by and between the District and Roofing Constructors, Inc., dba Western Roofing Service,  San Leandro, CA, for the latter to provide Silicon Roof Restoration and Coating System services, which the contractor shall conduct roof restoration and install silicone coating on 245 squares of the main roof, with the Scope including roof preparation, repairs, seam and flashing reinforcement, installation of a silicone roof coating system and project closeout; work covered by a 10-year manufacturer warranty; details provided in the proposal dated June 9, 2026, attached to this Agreement, for the Lincoln Elementary School Cool Roof Coating Project, in the amount of $156,154.90, which includes a contingency fee of $14,195.90, with the work anticipated to commence on June 25, 2026, and required to be completed within sixty-six (66) days, with an anticipated ending of August 30, 2026.",Agreement or Contract,"Deputy Chief, Facilities Planning and Management",,v-007598,"Fund 21 Building Fund, Measure Y","Awards $156,154.9 to Western Roofing for a cool roof at Lincoln Elementary, with no new bid","Western Roofing Service will restore and coat 245 squares of the main roof at Lincoln Elementary School with a silicone coating, backed by a 10-year manufacturer warranty. The price of $156,154.9 includes a $14,195.90 contingency. The Board is finding that more competitive bidding would serve no public benefit, so the roofing contract is awarded without a new bid. Work runs June 25 to August 30, 2026.",School buildings & construction,,new_agreement,"Roofing Constructors, Inc., dba Western Roofing Service",organization,Lincoln Elementary School,expense,fixed,156154.9,,,,,true,2026-06-25,2026-08-30,no_competitive_bid,,,Adopted on the General Consent Report,2026-06-24,true,auto_ok,sonnet-agent,enrich.v5.md,true,
2026-06-24:26-1537,2026-06-24,2026-06-24,regular,R.-52,108,general,Chief Systems and Services Officer,26-1537,https://ousd.legistar.com/gateway.aspx?M=L&ID=69957,Finding ... No Public Benefit ... Additional Competitive Bidding ... Certain Roofing ... Projects and Agreement Between Owner and Contractor – Western Roofing Service – REACH Academy ... Project – Division of Facilities Planning and Management,"Adoption by the Board of Education of Resolution No. 2526-0109 - Finding That No Public Benefit Would Be Served By Requiring Additional Competitive Bidding For Certain Roofing Improvement Projects And Approving  … Agreement Between Owner and Contractor by and between the District and Roofing Constructors, Inc., dba Western Roofing Service,  San Leandro, CA, for the latter to provide Silicon Roof Restoration and Coating System services, which the contractor shall conduct roof restoration and install silicone coating on 345 squares of the main roof, with the Scope including roof preparation, repairs, seam and flashing reinforcement, installation of a silicone roof coating system and project closeout; work covered by a 10-year manufacturer warranty; details provided in the proposal dated June 9, 2026, attached to this Agreement, for the REACH Academy Cool Roof Coating Project, in the amount of $156,332.00, which includes a contingency fee of $14,212.00, with the work anticipated to commence on June 25, 2026, and required to be completed within sixty-six (66) days, with an anticipated ending of August 30, 2026.",Agreement or Contract,"Deputy Chief, Facilities Planning and Management",,v-007598,"Fund 21 Building Fund, Measure Y","Awards $156,332 to Western Roofing for a cool roof at REACH Academy, with no new bid","Western Roofing Service will restore and coat 345 squares of the main roof at REACH Academy with a silicone coating, backed by a 10-year manufacturer warranty. The price of $156,332 includes a $14,212 contingency. The Board is finding that more competitive bidding would serve no public benefit, so the roofing contract is awarded without a new bid. Work runs June 25 to August 30, 2026.",School buildings & construction,,new_agreement,"Roofing Constructors, Inc., dba Western Roofing Service",organization,REACH Academy,expense,fixed,156332,,,,,true,2026-06-25,2026-08-30,no_competitive_bid,,,Adopted on the General Consent Report,2026-06-24,true,auto_ok,sonnet-agent,enrich.v5.md,true,
2026-06-24:26-1581,2026-06-24,2026-06-24,regular,R.-53,109,general,Chief Systems and Services Officer,26-1581,https://ousd.legistar.com/gateway.aspx?M=L&ID=70002,Award of Bid (IFB) #26-173NS GROCERY PRODUCTS K-12 Meal Program For Nutrition Services and Approval of Contract Agreement - SYSCO San Francisco - Nutrition Services Department,"Approval by the Board of Education of Award of Bid (IFB) #26-173NS  GROCERY PRODUCTS  K-12 Meal Program For Nutrition Services and Approval of Contract Agreement by and between the District and SYSCO San Francisco, Fremont, CA, for delivery of grocery items to the District’s Central Kitchen, as the lowest responsive and responsible bidder, rejecting all other bids, for the Central Kitchen delivery scope, in an amount not to exceed $2,500,000.00, effective July 1, 2026 through June 30, 2028, with two (2) one-year options to renew, upon further approval of the Board.",Agreement or Contract,Chief Academic Officer,,n-sysco-san-francisco,Child Nutrition School Program,Awards Sysco San Francisco up to $2.5M for grocery deliveries to the Central Kitchen through 2028,"Sysco San Francisco was the lowest responsive bidder to deliver grocery items to the district's Central Kitchen, for up to $2,500,000 from July 1, 2026 to June 30, 2028. The contract has two one-year renewal options, each needing further Board approval.","Food, transportation & operations",,bid_award,SYSCO San Francisco,organization,,expense,not_to_exceed,2500000,,,,,true,2026-07-01,2028-06-30,multi_year,,,Adopted on the General Consent Report,2026-06-24,true,auto_ok,sonnet-agent,enrich.v5.md,true,
2026-06-24:26-1582,2026-06-24,2026-06-24,regular,R.-54,110,general,Chief Systems and Services Officer,26-1582,https://ousd.legistar.com/gateway.aspx?M=L&ID=70003,Award of Bid (IFB) #26-173NS GROCERY PRODUCTS K-12 Meal Program For Nutrition Services and Approval of Contract Agreement – Gold Star Foods - Nutrition Services Department,"Approval by the Board of Education of Award to Bid (IFB No. 26-173NS: Grocery Items) and Contract Agreement by and between the District and Gold Star Foods, Ontario, CA for delivery of grocery items to all District school sites, as the lowest responsive and responsible bidder for the all-sites delivery scope in an amount not to exceed $4,500,000.00 for one year commencing on July 1, 2026 with two (2) one-year options to renew, upon further approval of the Board.",Agreement or Contract,Chief Academic Officer,,v-001859,Child Nutrition School Program,Awards Gold Star Foods up to $4.5M for grocery deliveries to all school sites,"Gold Star Foods was the lowest responsive bidder to deliver grocery items to all district school sites, for up to $4,500,000 for one year starting July 1, 2026. The contract has two one-year renewal options, each needing further Board approval.","Food, transportation & operations",,bid_award,Gold Star Foods,organization,,expense,not_to_exceed,4500000,,,,,true,2026-07-01,2027-06-30,,,,Adopted on the General Consent Report,2026-06-24,true,auto_ok,sonnet-agent,enrich.v5.md,true,
2026-06-24:26-1583,2026-06-24,2026-06-24,regular,R.-55,111,general,Chief Systems and Services Officer,26-1583,https://ousd.legistar.com/gateway.aspx?M=L&ID=70004,Award of Bid (IFB) #26-173NS GROCERY PRODUCTS K-12 Meal Program For Nutrition Services and Approval of Contract Agreement – Individual Food Service - Nutrition Services Department,"Approval by the Board of Education of Award of Bid (IFB) #26-173NS  GROCERY PRODUCTS  K-12 Meal Program For Nutrition Services and Approval of Contract Agreement by and between the District and Individual Food Service, Bell, CA, for delivery of food service disposable products and supplies, as the lowest responsive and responsible bidder, rejecting all other bids, for food service disposable products and supplies, in an amount not to exceed $900,000.00, effective July 1, 2026 through June 30, 2027, with two (2) one-year options to renew, upon further approval of the Board",Agreement or Contract,Chief Academic Officer,,n-individual-food-service,5310 Child Nutrition School Program,"Awards Individual Food Service up to $900,000 for disposable food service supplies","Individual Food Service was the lowest responsive bidder to supply disposable products and supplies for school meal service, for up to $900,000 from July 1, 2026 to June 30, 2027. The contract has two one-year renewal options, each needing further Board approval.","Food, transportation & operations",,bid_award,Individual Food Service,organization,,expense,not_to_exceed,900000,,,,,true,2026-07-01,2027-06-30,,,,Adopted on the General Consent Report,2026-06-24,true,auto_ok,sonnet-agent,enrich.v5.md,true,
2026-06-24:26-1584,2026-06-24,2026-06-24,regular,R.-56,112,general,Chief Systems and Services Officer,26-1584,https://ousd.legistar.com/gateway.aspx?M=L&ID=70005,Award of Bid (IFB) #26-173NS GROCERY PRODUCTS K-12 Meal Program For Nutrition Services and Approval of Contract Agreement – Crystal Creamery - Nutrition Services Department,"Approval by the Board of Education of Award of Bid (IFB) #26-173NS  GROCERY PRODUCTS  K-12 Meal Program For Nutrition Services and Approval of Contract Agreement by and between the District and Crystal Creamery, Modesto, CA, for delivery of milk and dairy products, as the lowest responsive and responsible bidder, rejecting all other bids, for milk and dairy products, in an amount not to exceed $650,000.00, effective July 1, 2026 through June 30, 2027, with two (2) one-year options to renew, upon further approval of the Board",Agreement or Contract,Chief Academic Officer,,v-001249,Child Nutrition School Program,"Awards Crystal Creamery up to $650,000 for milk and dairy products","Crystal Creamery was the lowest responsive bidder to deliver milk and dairy products for school meals, for up to $650,000 from July 1, 2026 to June 30, 2027. The contract has two one-year renewal options, each needing further Board approval.","Food, transportation & operations",,bid_award,Crystal Creamery,organization,,expense,not_to_exceed,650000,,,,,true,2026-07-01,2027-06-30,,,,Adopted on the General Consent Report,2026-06-24,true,auto_ok,sonnet-agent,enrich.v5.md,true,
2026-06-24:26-1585,2026-06-24,2026-06-24,regular,R.-57,113,general,Chief Systems and Services Officer,26-1585,https://ousd.legistar.com/gateway.aspx?M=L&ID=70006,"Amendment No. 2 - Education Technology Joint Powers Authority Purchase Agreement with EMS LINQ, LLC for the TITAN Nutrition Management System - Nutrition Services Department","Approval by the Board of Education of Amendment No. 2 to the Education Technology Joint Powers Authority (“EdTech JPA”) Purchase Agreement between the District and EMS LINQ, LLC, Wilmington, NC, for the continued provision of licensing, upgrades, and support for the TITAN Nutrition Management System for the period July 1, 2026 through June 30, 2027, in an amount not to exceed $164,797.50 The District previously determined that it is in the best interest of the District to piggyback on and enter into a contract with EMS LINQ, LLC properly entered into through the EdTech JPA (Resolution No. 2526-0155, File ID No. 25-3037, approved January 14, 2026).  All other terms and conditions of the agreement remain in full force and effect.",Agreement or Contract,Chief Academic Officer,,v-006458,Nutrition Services Cafeteria Fund 13,"Renews EMS LINQ's TITAN nutrition software for a year at up to $164,798, bought without a bid","This amendment keeps licensing, upgrades and support for the TITAN Nutrition Management System from EMS LINQ for July 1, 2026 to June 30, 2027, for up to $164,797.50. The district is buying through another agency's existing contract (the Education Technology Joint Powers Authority) instead of running its own bid, a choice the Board made earlier.",Technology,,amendment,"EMS LINQ, LLC",organization,,expense,not_to_exceed,164797.5,,,,,true,2026-07-01,2027-06-30,no_competitive_bid,,,Adopted on the General Consent Report,2026-06-24,true,auto_ok,sonnet-agent,enrich.v5.md,true,
2026-06-24:26-1234,2026-06-24,2026-06-24,regular,R.-58,115,general,"Chief, Talent",26-1234,https://ousd.legistar.com/gateway.aspx?M=L&ID=68659,Grant Award - California Opportunity Youth Apprenticeship - Talent/Human Resources Department,"Acceptance by the Board of Education of California Opportunity Youth Apprenticeship (COYA) Grant from the California Department of Industrial Relations (Division of Apprenticeship Standards) in the amount of $600,000.00 to sustain and expand the Early Educator Apprenticeship Pathway, for eligible 16-24 year old youth, by strengthening a clearly articulated youth-to-career continuum that connects high school students to a registered apprenticeship in Early Childhood Education, pursuant to the terms and conditions thereof, for the period July 1, 2026 through December 31, 2028.",Agreement or Contract,"Deputy Chief, Talent",,n-california-department-of-industrial-relations-division-of-apprenticeship-standards,,"Accepts a $600,000 state grant to expand an early educator apprenticeship for youth","The district accepts $600,000 from the California Department of Industrial Relations to sustain and expand its Early Educator Apprenticeship Pathway. The program links high school students and other youth ages 16 to 24 to a registered apprenticeship in early childhood education. The grant covers July 1, 2026 to December 31, 2028.",Staff & hiring,,grant_or_funding_in,California Department of Industrial Relations (Division of Apprenticeship Standards),organization,,revenue,fixed,600000,,,,,true,2026-07-01,2028-12-31,previously_delayed; multi_year,,,Adopted on the General Consent Report,2026-06-24,true,auto_ok,sonnet-agent,enrich.v5.md,true,
2026-06-24:26-1247,2026-06-24,2026-06-24,regular,R.-59,116,general,"Chief, Talent",26-1247,https://ousd.legistar.com/gateway.aspx?M=L&ID=68672,Memorandum of Understanding – AC Transit – Restoration of Line 31 Service - Skyline High School – Talent/Human Resources Department,"Approval by the Board of Education of a Memorandum of Understanding by and between the District and the Alameda-Contra Costa Transit District (AC Transit) for AC Transit Bus Operator Support and Access To Bathrooms Onsite At Skyline High School To Support Bus Service Serving Skyline High School, for AC Bus Line 31, as delineated in Section 1 of the Agreement, for the term presently through August 31, 2027, at no other costs to the Parties, other than the existing General Maintenance and Custodial Costs of the District at the Skyline site.",Agreement or Contract,"Deputy Chief, Talent",,n-alameda-contra-costa-transit-district-ac-transit,No Additional Fiscal Impact,Agrees with AC Transit to support Line 31 bus service at Skyline High at no added cost,"This memorandum of understanding (MOU) with AC Transit sets out support for bus operators and their access to bathrooms on site at Skyline High School, to help keep Line 31 bus service running to the school. It runs through August 31, 2027. The only costs are the district's existing maintenance and custodial costs at Skyline.",Partnerships & data sharing,,mou_or_data_sharing,Alameda-Contra Costa Transit District (AC Transit),organization,Skyline High School,no_cost,,,,,,,true,,2027-08-31,previously_delayed; multi_year,,,Adopted on the General Consent Report,2026-06-24,true,human_reviewed,sonnet-agent,enrich.v5.md,true,
2026-06-24:26-1274,2026-06-24,2026-06-24,regular,R.-60,117,general,"Chief, Talent",26-1274,https://ousd.legistar.com/gateway.aspx?M=L&ID=69694,"Memorandum of Understanding and Interagency Agreement - District and Trustees of the California State University, on behalf of California State Polytechnic University, Humboldt - Talent/Human Resources Department","Approval by the Board of Education of a Memorandum of Understanding and Interagency Agreement (MOU or Agreement) for an Intern Partnership Program and Practica Program applying to credentials in TK-12 Teaching, including Multiple Subjects, Single Subjects, Designated Subjects, and Special Education Categories, including Added or Supplementary Authorizations; including Pupil Personnel Services in Communicative Sciences & Disorders, Mental Health & Wellness, Counseling & Guidance, Education Intervention or Educational Therapy, Social Work, Administration, and other Pupil Personnel Services credentials and certifications, as may be specified; including Fieldwork Experience for Master of Arts or Science and other Graduate-Level Degrees or Certifications with Emphasis in Pupil Personnel Services; including Fieldwork Experience for Pre-Credential Candidate Undergraduate Students-is entered into by and between Oakland Unified School District (District or OUSD), a public school district in the State of California, County of Alameda, and the Trustees of California State University, on behalf of the California State Polytechnic University, Humboldt (University or CSPUH), a California State University-for the term July 1, 2026 through June 30, 2031 at no cost to the District other than for certain Non-Teaching Interns in PPS categories (Article 6/#6), who are not employees of the District but may be allocated stipends (Article 6/#6) drawn from non-profit organizational grants to the District (e.g. Ed Fund), administered by the relevant departments of the District. [See Fiscal Impact]",Agreement or Contract,"Deputy Chief, Talent",,n-trustees-of-california-state-university-on-behalf-of-california-state-polytechnic-university-humboldt,,Renews a no-cost five-year teacher and counselor intern partnership with Cal Poly Humboldt,"This memorandum of understanding (MOU) with Cal Poly Humboldt sets up intern and fieldwork programs for teaching, school counseling, social work and other pupil services credentials from July 1, 2026 to June 30, 2031. It costs the district nothing, except that some non-teaching interns may get stipends paid from nonprofit grants such as the Ed Fund.",Staff & hiring,,mou_or_data_sharing,"Trustees of the California State University, on behalf of California State Polytechnic University, Humboldt",organization,,no_cost,,,,,,,true,2026-07-01,2031-06-30,previously_delayed; multi_year,,,Adopted on the General Consent Report,2026-06-24,true,auto_ok,sonnet-agent,enrich.v5.md,true,
2026-06-24:26-1283,2026-06-24,2026-06-24,regular,R.-61,118,general,"Chief, Talent",26-1283,https://ousd.legistar.com/gateway.aspx?M=L&ID=69703,Agreement for Transportation Services - School Pupil Activity Bus (SPAB) - Black Tie Transportation LLC - Talent/Human Resources Department,"Approval by the Board of Education of an Agreement for Transportation Services -  School Pupil Activity Bus (SPAB) by and between the Oakland Unified School District and Black Tie Transportation LLC - School Pupil Activity Bus (“SPAB”), Pleasanton, CA, pursuant to a Request for Proposals (RFP), 26-170TW, rejecting all other proposals, for the latter to provide transportation vehicles for District school sites and programs, as specified, pursuant to terms and conditions specified in Agreement, for the term July 1, 2026 through June 30, 2029, at a cost not to exceed $150,000.00 per contract year, with an option for renewal of Agreement for two (2) additional one (1) year terms upon mutual agreement of the Parties.",Agreement or Contract,"Deputy Chief, Talent",,v-000709,Multiple funding resources across the District,"Hires Black Tie Transportation for school activity bus service, up to $150,000 a year through 2029","The district hires Black Tie Transportation of Pleasanton, CA to provide activity buses and other transportation vehicles for school sites and programs from July 1, 2026 to June 30, 2029. The cost may not exceed $150,000 per contract year. The company was chosen through a request for proposals (RFP) in which the district rejected all other proposals, and the district can renew for two more one-year terms if both sides agree.","Food, transportation & operations",,new_agreement,Black Tie Transportation LLC,organization,,expense,per_year,150000,,,,,true,2026-07-01,2029-06-30,previously_delayed; yearly_cap; no_total_stated; multi_year,,,Adopted on the General Consent Report,2026-06-24,true,auto_ok,sonnet-agent,enrich.v5.md,true,
2026-06-24:26-1284,2026-06-24,2026-06-24,regular,R.-62,119,general,"Chief, Talent",26-1284,https://ousd.legistar.com/gateway.aspx?M=L&ID=69704,"Amendment No. 2, Agreement for Special Education Transportation Services - Zum LLC - Talent/Human Resources Department","Approval by the Board of Education of Amendment No. 2, Agreement for Special Education Transportation Services by and between the Oakland Unified School District, Oakland, CA and Zum LLC., Redwood City, CA, for the latter to continue providing Special Education (“SPED”) transportation services for students with disabilities as designated in their respective Individualized Education Programs (“IEPs”), extending the term of the Agreement from August 1, 2020 through June 30, 2026 through June 30, 2041 (AB 579), at an annual (contract year) cost between $13,083,445.00 (up from current)  to $17,608,594.00 over the term of the extended Agreement.",Agreement or Contract,"Deputy Chief, Talent",,v-005351,Multiple funding resources across the District.,"Extends Zum's special-education busing contract to 2041, up to $17.6M a year","This amendment extends the district's agreement with Zum LLC to keep providing transportation for students with disabilities, as set out in their Individualized Education Programs (IEPs), from the current end date of June 30, 2026 to June 30, 2041. The annual cost is stated as between $13,083,445 (described as up from the current amount) and $17,608,594 over the extended term. The text does not say how the yearly amount will be set within that range.",Special education,Transportation,amendment,Zum LLC,organization,,expense,per_year,17608594,13083445,17608594,,,true,2020-08-01,2041-06-30,pulled_from_consent; previously_delayed; yearly_cap; no_total_stated; multi_year,,"Adopted in its own vote on June 29 (5–1), instead of with the rest of the consent report.",Adopted,2026-06-29,true,human_reviewed,sonnet-agent,enrich.v5.md,true,
2026-06-24:26-1285,2026-06-24,2026-06-24,regular,R.-63,120,general,"Chief, Talent",26-1285,https://ousd.legistar.com/gateway.aspx?M=L&ID=69705,Agreement for Special Education Transportation Services – Bay Area Transport Services – Talent/Human Resources Department,"Approval by the Board of Education of an Agreement for Transportation Services - School Pupil Activity Bus (SPAB) by and between the Oakland Unified School District and Bay Area Transport Services - School Pupil Activity Bus (“SPAB”), Oakland, CA, pursuant to a Request for Proposals (RFP), 26-170TW, rejecting all other proposals, for the latter to provide transportation vehicles for District school sites and programs, as specified, pursuant to terms and conditions specified in Agreement, for the term July 1, 2026 through June 30, 2029, at a cost not to exceed $900,000.00 per contract year, with an option for renewal of Agreement for two (2) additional one (1) year terms upon mutual agreement of the Parties.",Agreement or Contract,"Deputy Chief, Talent",,n-bay-area-transport-services,Multiple funding resources across the District.,"Hires Bay Area Transport Services for school activity bus service, up to $900,000 a year through 2029","The district hires Bay Area Transport Services of Oakland, CA to provide activity buses and other transportation vehicles for school sites and programs from July 1, 2026 to June 30, 2029. The cost may not exceed $900,000 per contract year. The company was chosen through a request for proposals (RFP) in which the district rejected all other proposals, and the district can renew for two more one-year terms if both sides agree.","Food, transportation & operations",,new_agreement,Bay Area Transport Services,organization,,expense,per_year,900000,,,,,true,2026-07-01,2029-06-30,source_issue; previously_delayed; yearly_cap; no_total_stated; multi_year,The title says special education transportation; the action text describes activity bus service.,,Adopted on the General Consent Report,2026-06-24,true,human_reviewed,sonnet-agent,enrich.v5.md,true,
2026-06-24:26-1286,2026-06-24,2026-06-24,regular,R.-64,121,general,"Chief, Talent",26-1286,https://ousd.legistar.com/gateway.aspx?M=L&ID=69706,Agreement for Special Education Transportation Services – BusLoop – Talent/Human Resources Department,"Approval by the Board of Education of an Agreement for Transportation Services - School Pupil Activity Bus (SPAB)  by and between the Oakland Unified School District and Bay BusLoop - School Pupil Activity Bus (“SPAB”), Ceres, CA, pursuant to a Request for Proposals (RFP), 26-170TW, rejecting all other proposals, for the latter to provide transportation vehicles for District school sites and programs, as specified, pursuant to terms and conditions specified in Agreement, for the term July 1, 2026 through June 30, 2029, at a cost not to exceed $900,000.00 per contract year, with an option for renewal of Agreement for two (2) additional one (1) year terms upon mutual agreement of the Parties.",Agreement or Contract,"Deputy Chief, Talent",,n-bay-busloop,Multiple funding resources across the District.,"Hires BusLoop for school activity bus service, up to $900,000 a year through 2029","The district hires BusLoop of Ceres, CA to provide activity buses and other transportation vehicles for school sites and programs from July 1, 2026 to June 30, 2029. The cost may not exceed $900,000 per contract year. The company was chosen through a request for proposals (RFP) in which the district rejected all other proposals, and the district can renew for two more one-year terms if both sides agree.","Food, transportation & operations",,new_agreement,Bay BusLoop,organization,,expense,per_year,900000,,,,,true,2026-07-01,2029-06-30,source_issue; previously_delayed; yearly_cap; no_total_stated; multi_year,The title says special education transportation; the action text describes activity bus service.,,Adopted on the General Consent Report,2026-06-24,true,human_reviewed,sonnet-agent,enrich.v5.md,true,
2026-06-24:26-1484,2026-06-24,2026-06-24,regular,R.-65,122,general,"Chief, Talent",26-1484,https://ousd.legistar.com/gateway.aspx?M=L&ID=69904,Agreement for Transportation Services - School Pupil Activity Bus (SPAB) -– Corinthian Transportation & Parking – Talent/Human Resources Department,"Approval by the Board of Education of an Agreement for Transportation Services -  School Pupil Activity Bus (SPAB) by and between the Oakland Unified School District and and Corinthian Transportation & Parking - School Pupil Activity Bus (“SPAB”), Campbell, CA, pursuant to a Request for Proposals (RFP), 26-170TW, rejecting all other proposals, for the latter to provide transportation vehicles for District school sites and programs, as specified, pursuant to terms and conditions specified in Agreement, for the term July 1, 2026 through June 30, 2029, at a cost not to exceed $150,000.00 per contract year, with an option for renewal of Agreement for two (2) additional one (1) year terms upon mutual agreement of the Parties.",Agreement or Contract,"Deputy Chief, Talent",,n-corinthian-transportation-and-parking,Multiple funding resources across the District.,"Hires Corinthian Transportation & Parking for school activity bus service, up to $150,000 a year through 2029","The district hires Corinthian Transportation & Parking of Campbell, CA to provide activity buses and other transportation vehicles for school sites and programs from July 1, 2026 to June 30, 2029. The cost may not exceed $150,000 per contract year. The company was chosen through a request for proposals (RFP) in which the district rejected all other proposals, and the district can renew for two more one-year terms if both sides agree.","Food, transportation & operations",,new_agreement,Corinthian Transportation & Parking,organization,,expense,per_year,150000,,,,,true,2026-07-01,2029-06-30,yearly_cap; no_total_stated; multi_year,,,Adopted on the General Consent Report,2026-06-24,true,auto_ok,sonnet-agent,enrich.v5.md,true,
2026-06-24:26-1488,2026-06-24,2026-06-24,regular,R.-66,123,general,"Chief, Talent",26-1488,https://ousd.legistar.com/gateway.aspx?M=L&ID=69908,Agreement for Transportation Services - School Pupil Activity Bus (SPAB) – Vol-Ten Corporation Dba Delta Charter Service – Talent/Human Resources Department,"Approval by the Board of Education of an Agreement for Transportation Services -  School Pupil Activity Bus (SPAB) by and between the Oakland Unified School District and Vol-Ten Corporation Dba Delta Charter Service - School Pupil Activity Bus (“SPAB”), Stockston, CA, pursuant to a Request for Proposals (RFP), 26-170TW, rejecting all other proposals, for the latter to provide transportation vehicles for District school sites and programs, as specified, pursuant to terms and conditions specified in Agreement, for the term July 1, 2026 through June 30, 2029, at a cost not to exceed $150,000.00 per contract year, with an option for renewal of Agreement for two (2) additional one (1) year terms upon mutual agreement of the Parties.",Agreement or Contract,"Deputy Chief, Talent",,n-vol-ten-delta-charter-service,Multiple funding resources across the District.,"Hires Delta Charter Service for school activity bus service, up to $150,000 a year through 2029","The district hires Delta Charter Service of Stockton, CA to provide activity buses and other transportation vehicles for school sites and programs from July 1, 2026 to June 30, 2029. The cost may not exceed $150,000 per contract year. The company was chosen through a request for proposals (RFP) in which the district rejected all other proposals, and the district can renew for two more one-year terms if both sides agree.","Food, transportation & operations",,new_agreement,Vol-Ten Corporation dba Delta Charter Service,organization,,expense,per_year,150000,,,,,true,2026-07-01,2029-06-30,yearly_cap; no_total_stated; multi_year,,,Adopted on the General Consent Report,2026-06-24,true,auto_ok,sonnet-agent,enrich.v5.md,true,
2026-06-24:26-1491,2026-06-24,2026-06-24,regular,R.-67,124,general,"Chief, Talent",26-1491,https://ousd.legistar.com/gateway.aspx?M=L&ID=69911,Grant Award – Oakland Children’s Initiative for Early Educator Apprenticeship Pathways Staffing Support - Talent/Human Resources Department,"Acceptance by the Board of Education of a Grant Award from the Oakland Children’s Initiative (OIC) to the District, subject to OIC’s final approval and completion of all required contracting and funding processes, in the amount of $542,876.00, for support staffing for the Early Educator Apprenticeship Pathways Program, including 3.0 Full-Time Equivalent (“FTE”) positions, for the period July 1, 2026 through June 30, 2027.",Agreement or Contract,"Deputy Chief, Talent",,n-oakland-childrens-initiative,,"Accepts $542,876 from Oakland Children's Initiative for early educator apprenticeship staff","The district accepts a grant of $542,876 from the Oakland Children's Initiative to pay for support staff for the Early Educator Apprenticeship Pathways Program, including 3.0 full-time-equivalent positions. The grant covers July 1, 2026 through June 30, 2027. It depends on the funder's final approval and on finishing all required contracting and funding steps.",Staff & hiring,,grant_or_funding_in,Oakland Children's Initiative,organization,,revenue,fixed,542876,,,,,true,2026-07-01,2027-06-30,,,,Adopted on the General Consent Report,2026-06-24,true,auto_ok,sonnet-agent,enrich.v5.md,true,
2026-06-24:26-1494,2026-06-24,2026-06-24,regular,R.-68,125,general,"Chief, Talent",26-1494,https://ousd.legistar.com/gateway.aspx?M=L&ID=69914,Agreement for Transportation Services - School Pupil Activity Bus (SPAB) – American Stage Tours LLC dba American Stage Tours – Talent/Human Resources Department,"Approval by the Board of Education of an Agreement for Transportation Services -  School Pupil Activity Bus (SPAB) by and between the Oakland Unified School District and American Stage Tours LLC dba American Stage Tours - School Pupil Activity Bus (“SPAB”), Concord, CA, pursuant to a Request for Proposals (RFP), 26-170TW, rejecting all other proposals, for the latter to provide transportation vehicles for District school sites and programs, as specified, pursuant to terms and conditions specified in Agreement, for the term July 1, 2026 through June 30, 2029, at a cost not to exceed $150,000.00 per contract year, with an option for renewal of Agreement for two (2) additional one (1) year terms upon mutual agreement of the Parties.",Agreement or Contract,"Deputy Chief, Talent",,n-american-stage-tours-american-stage-tours,Multiple funding resources across the District.,"Hires American Stage Tours for school activity bus service, up to $150,000 a year through 2029","The district hires American Stage Tours of Concord, CA to provide activity buses and other transportation vehicles for school sites and programs from July 1, 2026 to June 30, 2029. The cost may not exceed $150,000 per contract year. The company was chosen through a request for proposals (RFP) in which the district rejected all other proposals, and the district can renew for two more one-year terms if both sides agree.","Food, transportation & operations",,new_agreement,American Stage Tours LLC dba American Stage Tours,organization,,expense,per_year,150000,,,,,true,2026-07-01,2029-06-30,yearly_cap; no_total_stated; multi_year,,,Adopted on the General Consent Report,2026-06-24,true,auto_ok,sonnet-agent,enrich.v5.md,true,
2026-06-24:26-1495,2026-06-24,2026-06-24,regular,R.-69,126,general,"Chief, Talent",26-1495,https://ousd.legistar.com/gateway.aspx?M=L&ID=69915,"Agreement for Transportation Services - School Pupil Activity Bus (SPAB) – Accelar, Inc. dba Pronto Corporation / Pronto Journeys – Talent/Human Resources Department","Approval by the Board of Education of an Agreement for Transportation Services -  School Pupil Activity Bus (SPAB) by and between the Oakland Unified School District and Accelar, Inc. dba Pronto Corporation / Pronto Journeys - School Pupil Activity Bus (“SPAB”), San Jose, CA, pursuant to a Request for Proposals (RFP), 26-170TW, rejecting all other proposals, for the latter to provide transportation vehicles for District school sites and programs, as specified, pursuant to terms and conditions specified in Agreement, for the term July 1, 2026 through June 30, 2029, at a cost not to exceed $150,000.00 per contract year, with an option for renewal of Agreement for two (2) additional one (1) year terms upon mutual agreement of the Parties.",Agreement or Contract,"Deputy Chief, Talent",,n-accelar-pronto-pronto-journeys,Multiple funding resources across the District.,"Hires Pronto Journeys for school activity bus service, up to $150,000 a year through 2029","The district hires Pronto Journeys of San Jose, CA to provide activity buses and other transportation vehicles for school sites and programs from July 1, 2026 to June 30, 2029. The cost may not exceed $150,000 per contract year. The company was chosen through a request for proposals (RFP) in which the district rejected all other proposals, and the district can renew for two more one-year terms if both sides agree.","Food, transportation & operations",,new_agreement,"Accelar, Inc. dba Pronto Corporation / Pronto Journeys",organization,,expense,per_year,150000,,,,,true,2026-07-01,2029-06-30,yearly_cap; no_total_stated; multi_year,,,Adopted on the General Consent Report,2026-06-24,true,auto_ok,sonnet-agent,enrich.v5.md,true,
2026-06-24:26-1496,2026-06-24,2026-06-24,regular,R.-70,127,general,"Chief, Talent",26-1496,https://ousd.legistar.com/gateway.aspx?M=L&ID=69916,Agreement for Transportation Services - School Pupil Activity Bus (SPAB) - Professional Charter Services - Talent/Human Resources Department,"Approval by the Board of Education of an Agreement for Transportation Services -  School Pupil Activity Bus (SPAB) by and between the Oakland Unified School District and Professional Charter Services - School Pupil Activity Bus (“SPAB”), San Francisco, CA, pursuant to a Request for Proposals (RFP), 26-170TW, rejecting all other proposals, for the latter to provide transportation vehicles for District school sites and programs, as specified, pursuant to terms and conditions specified in Agreement, for the term July 1, 2026 through June 30, 2029, at a cost not to exceed $150,000.00 per contract year, with an option for renewal of Agreement for two (2) additional one (1) year terms upon mutual agreement of the Parties.",Agreement or Contract,"Deputy Chief, Talent",,n-professional-charter-services,Multiple funding resources across the district,"Hires Professional Charter Services for school activity bus service, up to $150,000 a year through 2029","The district hires Professional Charter Services of San Francisco, CA to provide activity buses and other transportation vehicles for school sites and programs from July 1, 2026 to June 30, 2029. The cost may not exceed $150,000 per contract year. The company was chosen through a request for proposals (RFP) in which the district rejected all other proposals, and the district can renew for two more one-year terms if both sides agree.","Food, transportation & operations",,new_agreement,Professional Charter Services,organization,,expense,per_year,150000,,,,,true,2026-07-01,2029-06-30,yearly_cap; no_total_stated; multi_year,,,Adopted on the General Consent Report,2026-06-24,true,auto_ok,sonnet-agent,enrich.v5.md,true,
2026-06-24:26-1497,2026-06-24,2026-06-24,regular,R.-71,128,general,"Chief, Talent",26-1497,https://ousd.legistar.com/gateway.aspx?M=L&ID=69917,"Agreement for Transportation Services - School Pupil Activity Bus (SPAB) Services Agreement – D. Harris Tours, Inc. – Talent/Human Resources Department","Approval by the Board of Education of an Agreement for Transportation Services -  School Pupil Activity Bus (SPAB) by and between the Oakland Unified School District and D. Harris Tours, Inc. - School Pupil Activity Bus (“SPAB”), Vallejo, CA, pursuant to a Request for Proposals (RFP), 26-170TW, rejecting all other proposals, for the latter to provide transportation vehicles for District school sites and programs, as specified, pursuant to terms and conditions specified in Agreement, for the term July 1, 2026 through June 30, 2029, at a cost not to exceed $300,000.00 per contract year, with an option for renewal of Agreement for two (2) additional one (1) year terms upon mutual agreement of the Parties.",Agreement or Contract,"Deputy Chief, Talent",,n-d-harris-tours,Multiple funding resources across the district,"Hires D. Harris Tours for school activity bus service, up to $300,000 a year through 2029","The district hires D. Harris Tours of Vallejo, CA to provide activity buses and other transportation vehicles for school sites and programs from July 1, 2026 to June 30, 2029. The cost may not exceed $300,000 per contract year. The company was chosen through a request for proposals (RFP) in which the district rejected all other proposals, and the district can renew for two more one-year terms if both sides agree.","Food, transportation & operations",,new_agreement,"D. Harris Tours, Inc.",organization,,expense,per_year,300000,,,,,true,2026-07-01,2029-06-30,yearly_cap; no_total_stated; multi_year,,,Adopted on the General Consent Report,2026-06-24,true,auto_ok,sonnet-agent,enrich.v5.md,true,
2026-06-24:26-1498,2026-06-24,2026-06-24,regular,R.-72,129,general,"Chief, Talent",26-1498,https://ousd.legistar.com/gateway.aspx?M=L&ID=69918,"Agreement for Transportation Services - School Pupil Activity Bus (SPAB) – Michael's Transportation Service, Inc. - Talent/Human Resources Department","Approval by the Board of Education of an Agreement for Transportation Services -  School Pupil Activity Bus (SPAB) by and between the Oakland Unified School District and Michael's Transportation Service, Inc - School Pupil Activity Bus (“SPAB”), Vallejo, CA, pursuant to a Request for Proposals (RFP), 26-170TW, rejecting all other proposals, for the latter to provide transportation vehicles for District school sites and programs, as specified, pursuant to terms and conditions specified in Agreement, for the term July 1, 2026 through June 30, 2029, at a cost not to exceed $150,000.00 per contract year, with an option for renewal of Agreement for two (2) additional one (1) year terms upon mutual agreement of the Parties.",Agreement or Contract,"Deputy Chief, Talent",,n-michaels-transportation-service,Multiple funding resources across the district,"Hires Michael's Transportation Service for school activity bus service, up to $150,000 a year through 2029","The district hires Michael's Transportation Service of Vallejo, CA to provide activity buses and other transportation vehicles for school sites and programs from July 1, 2026 to June 30, 2029. The cost may not exceed $150,000 per contract year. The company was chosen through a request for proposals (RFP) in which the district rejected all other proposals, and the district can renew for two more one-year terms if both sides agree.","Food, transportation & operations",,new_agreement,"Michael's Transportation Service, Inc.",organization,,expense,per_year,150000,,,,,true,2026-07-01,2029-06-30,yearly_cap; no_total_stated; multi_year,,,Adopted on the General Consent Report,2026-06-24,true,auto_ok,sonnet-agent,enrich.v5.md,true,
2026-06-24:26-0418,2026-06-24,2026-06-24,regular,R.-73,130,general,"Chief, Talent",26-0418,https://ousd.legistar.com/gateway.aspx?M=L&ID=67844,"Declaration It Is In Best Interest of the District and Piggyback Agreement – ODP Business Solutions, LLC – Education School Supplies, Instructional Solutions, and Related Products -Talent/Human Resources Department","Adoption by the Board of Education of Resolution No. 2526-0075 - Declaring It Is In The Best Interest Of The District To Piggyback On And Enter Into A Contract With ODP Business Solutions, LLC (Boca Raton, FL) Properly Entered Into Through Region 4 Education Service Center (ESC)-TX, for Education School Supplies, Instructional Solutions, and Related Products, in an amount not to exceed $2,500,000.00 each fiscal Year through December 31, 2026.",Resolution,"Deputy Chief, Talent",,n-odp-business-solutions,Various District-wide accounts,"Buys school and instructional supplies from ODP Business Solutions, up to $2.5M a year","The Board finds it is in the district's best interest to buy education school supplies, instructional solutions and related products from ODP Business Solutions, through a contract held by the Region 4 Education Service Center in Texas. The district is buying through another agency's existing contract instead of running its own bid. Spending may not exceed $2,500,000 each fiscal year, through December 31, 2026.","Food, transportation & operations",,cooperative_purchase,"ODP Business Solutions, LLC",organization,,expense,per_year,2500000,,,,,true,,2026-12-31,no_competitive_bid; previously_delayed; yearly_cap,,,Adopted on the General Consent Report,2026-06-24,true,auto_ok,sonnet-agent,enrich.v5.md,true,
2026-06-24:26-0419,2026-06-24,2026-06-24,regular,R.-74,131,general,"Chief, Talent",26-0419,https://ousd.legistar.com/gateway.aspx?M=L&ID=67845,"Declaring It Is In Best Interest of the District and Piggyback Agreement – ODP Business Solutions, LLC – For Furniture, Installation and Related Services - Talent/Human Resources Department","Adoption by the Board of Education of Resolution No. 2526-0076 - Declaring It Is In The Best Interest Of The District To Piggyback On And Enter Into A Contract With ODP Business Solutions, LLC (Boca Raton, FL) Properly Entered Into Through Region 4 Education Service Center (ESC)-TX, for Furniture, Installation and Related Services, in an amount not to exceed $500,000.00 each fiscal year through December 31, 2027.",Resolution,"Deputy Chief, Talent",,n-odp-business-solutions,Various District-wide accounts,"Buys furniture and installation from ODP Business Solutions, up to $500,000 a year","The Board finds it is in the district's best interest to buy furniture, installation and related services from ODP Business Solutions, through a contract held by the Region 4 Education Service Center in Texas. The district is buying through another agency's existing contract instead of running its own bid. Spending may not exceed $500,000 each fiscal year, through December 31, 2027.","Food, transportation & operations",,cooperative_purchase,"ODP Business Solutions, LLC",organization,,expense,per_year,500000,,,,,true,,2027-12-31,no_competitive_bid; previously_delayed; yearly_cap; multi_year,,,Adopted on the General Consent Report,2026-06-24,true,auto_ok,sonnet-agent,enrich.v5.md,true,
2026-06-24:26-0420,2026-06-24,2026-06-24,regular,R.-75,132,general,"Chief, Talent",26-0420,https://ousd.legistar.com/gateway.aspx?M=L&ID=67846,"Declaration It Is In Best Interest of the District and Piggyback Agreement – Lakeshore Learning Materials, LLC – For Furniture, Installation and Related Services -Talent/Human Resources Department","Adoption by the Board of Education of Resolution No. 2526-0077 - Declaring It Is In The Best Interest Of The District To Piggyback On And Enter Into A Contract With Lakeshore Learning Materials LLC (Carson, CA) Properly Entered Into Through The San Bernardino City Unified School District (“SBCUSD”), for Furniture, Installation and Related Services, in an amount not to exceed $600,000.00 each fiscal year through December 8, 2026.",Resolution,"Deputy Chief, Talent",,v-002477,Various District-wide accounts,"Buys furniture and installation from Lakeshore Learning Materials, up to $600,000 a year","The Board finds it is in the district's best interest to buy furniture, installation and related services from Lakeshore Learning Materials, through a contract held by the San Bernardino City Unified School District. The district is buying through another agency's existing contract instead of running its own bid. Spending may not exceed $600,000 each fiscal year, through December 8, 2026.","Food, transportation & operations",,cooperative_purchase,Lakeshore Learning Materials LLC,organization,,expense,per_year,600000,,,,,true,,2026-12-08,no_competitive_bid; previously_delayed; yearly_cap,,,Adopted on the General Consent Report,2026-06-24,true,auto_ok,sonnet-agent,enrich.v5.md,true,
2026-06-24:26-0421,2026-06-24,2026-06-24,regular,R.-76,133,general,"Chief, Talent",26-0421,https://ousd.legistar.com/gateway.aspx?M=L&ID=67847,"Declaration It Is In Best Interest of the District and Piggyback Agreement – Lakeshore Learning Materials, LLC– Education School Supplies, Instructional Solutions, and Related Products -Talent/Human Resources Department","Adoption by the Board of Education of Resolution No. 2526-0078 - Declaring It Is In The Best Of The District To Piggyback On And Enter Into A Contract With Lakeshore Learning Materials LLC (Carson, CA) Properly Entered Into Through Region 4 Education Service Center(ESC)-TX, for Education School Supplies, Instructional Solutions, and Related Products, in an amount not to exceed $800,000.00 each fiscal year through December 31, 2026.",Resolution,"Deputy Chief, Talent",,v-002477,Various District-wide accounts,"Buys school and instructional supplies from Lakeshore Learning Materials, up to $800,000 a year","The Board finds it is in the district's best interest to buy education school supplies, instructional solutions and related products from Lakeshore Learning Materials, through a contract held by the Region 4 Education Service Center in Texas. The district is buying through another agency's existing contract instead of running its own bid. Spending may not exceed $800,000 each fiscal year, through December 31, 2026.","Food, transportation & operations",,cooperative_purchase,Lakeshore Learning Materials LLC,organization,,expense,per_year,800000,,,,,true,,2026-12-31,no_competitive_bid; previously_delayed; yearly_cap,,,Adopted on the General Consent Report,2026-06-24,true,auto_ok,sonnet-agent,enrich.v5.md,true,
2026-06-24:26-0422,2026-06-24,2026-06-24,regular,R.-77,134,general,"Chief, Talent",26-0422,https://ousd.legistar.com/gateway.aspx?M=L&ID=67848,"Declaration It Is In Best Interest of the District and Piggyback Agreement – School Specialty, LLC – Furniture, Installation and Related Services - Talent/Human Resources Department","Adoption by the Board of Education of Resolution No. 2526-0080 - Declaring It Is In The Best Of The District To Piggyback On And Enter Into A Contract With School Specialty, LLC (Greenville, WI) Properly Entered Into Through OMNIA Partners, Public Sector  - Region 4 Education Service Center (ESC)-TX - For Furniture, Installation and Related Services, in an amount not to exceed $800,000 each fiscal year through December 31, 2027.",Resolution,"Deputy Chief, Talent",,n-school-specialty,Various District-wide accounts,"Buys furniture and installation from School Specialty, up to $800,000 a year through 2027","The Board finds it is in the district's best interest to buy furniture, installation and related services from School Specialty, through a contract held by OMNIA Partners and the Region 4 Education Service Center in Texas. The district is buying through another agency's existing contract instead of running its own bid. Spending may not exceed $800,000 each fiscal year, through December 31, 2027.","Food, transportation & operations",,cooperative_purchase,"School Specialty, LLC",organization,,expense,per_year,800000,,,,,true,,2027-12-31,no_competitive_bid; yearly_cap; multi_year,,,Adopted on the General Consent Report,2026-06-24,true,auto_ok,sonnet-agent,enrich.v5.md,true,
2026-06-24:26-0423,2026-06-24,2026-06-24,regular,R.-78,135,general,"Chief, Talent",26-0423,https://ousd.legistar.com/gateway.aspx?M=L&ID=67849,"Declaring It Is In Best Interest of the District and Piggyback Agreement – School Specialty, LLC – Educational Supplies, Instructional Solutions and Related Products - Talent/Human Resources Department","Adoption by the Board of Education of Resolution No. 2526-0081 - Declaring It Is In The Best Of The District To Piggyback On And Enter Into A Contract With School Specialty, LLC (Greenville, WI) Properly Entered Into With Region 4 Education Service Center-TX - For Educational Supplies, Instructional Solutions and Related Products, in an amount not to exceed $800,000.00 each fiscal year through December 31, 2026.",Resolution,"Deputy Chief, Talent",,n-school-specialty,Various District-wide accounts,"Buys school and instructional supplies from School Specialty, up to $800,000 a year","The Board finds it is in the district's best interest to buy educational supplies, instructional solutions and related products from School Specialty, through a contract held by the Region 4 Education Service Center in Texas. The district is buying through another agency's existing contract instead of running its own bid. Spending may not exceed $800,000 each fiscal year, through December 31, 2026.","Food, transportation & operations",,cooperative_purchase,"School Specialty, LLC",organization,,expense,per_year,800000,,,,,true,,2026-12-31,no_competitive_bid; yearly_cap,,,Adopted on the General Consent Report,2026-06-24,true,auto_ok,sonnet-agent,enrich.v5.md,true,
2026-06-24:26-1238,2026-06-24,2026-06-24,regular,R.-79,136,general,"Chief, Talent",26-1238,https://ousd.legistar.com/gateway.aspx?M=L&ID=68663,Transfer of Funds - Unclaimed Property From Respective Fund(s) to General Fund - Fiscal Year 2025- 2026,"Approval by the Board of Education of Resolution No.2526-0099 - Transfer of Unclaimed Property Funds From Their Respective Fund(s) To the General Fund pursuant to California Government Code Section 50053 as reflected in Exhibit A, for Fiscal Year 2025-2026 [in the amount of $232,436.51].                 ].",Resolution,"Deputy Chief, Talent",,,,"Moves $232,436.51 of unclaimed property from other funds to the General Fund for 2025-26","The Board adopts a resolution moving $232,436.51 of unclaimed property from the funds that hold it into the district's General Fund for fiscal year 2025-26, as state law allows (Government Code Section 50053). The specific funds are listed in Exhibit A, which is not part of the item text.","Budget, finance & payments",,resolution_or_policy,,,,revenue,fixed,232436.51,,,,,true,2025-07-01,2026-06-30,after_work_began; previously_delayed,,,Adopted on the General Consent Report,2026-06-24,true,auto_ok,sonnet-agent,enrich.v5.md,true,
2026-06-24:26-1282,2026-06-24,2026-06-24,regular,R.-80,137,general,"Chief, Talent",26-1282,https://ousd.legistar.com/gateway.aspx?M=L&ID=69702,Services Agreement – VidCruiter Inc. – Talent/Human Resources Department,"Ratification by the Board of Education of a Services Agreement by and  between the District and VidCruiter Inc., NB Canada, for the latter to provide OUSD a virtual interview platform which includes: 1) Up to 600 hires per year; 2) optional single sign in (SSO); 3) unlimited users, unlimited applicants, and unlimited interviews, for the period of January 13, 2026 through January 14, 2027, in an amount not to exceed $14,400.00.",Resolution,"Deputy Chief, Talent",,v-004508,General Purpose – Unrestricted Funds,"Approves $14,400 for VidCruiter virtual interview software already in use since January","The Board is ratifying, which means approving after the fact, an agreement with VidCruiter Inc. for a virtual interview platform for hiring. It covers up to 600 hires per year, optional single sign-in, and unlimited users, applicants and interviews. The term runs January 13, 2026 to January 14, 2027 and costs up to $14,400, paid from unrestricted General Purpose funds.",Technology,,new_agreement,VidCruiter Inc.,organization,,expense,not_to_exceed,14400,,,,,true,2026-01-13,2027-01-14,after_work_began; previously_delayed,,,Adopted on the General Consent Report,2026-06-24,true,auto_ok,sonnet-agent,enrich.v5.md,true,
2026-06-24:26-1464,2026-06-24,2026-06-24,regular,R.-81,138,general,"Chief, Talent",26-1464,https://ousd.legistar.com/gateway.aspx?M=L&ID=69884,Declaring It Is In Best Interest of the District and Piggyback Agreement – Toshiba America Business Solutions for Digital Workspace Solutions - Talent/Human Resources Department,"Adoption by the Board of Education of Resolution No. 2526-0221 - Declaring It Is In The Best Of The District To Piggyback On And Enter Into A Contract With Toshiba America Business Solutions for Digital Workspace Solutions Properly Entered Into With Region 4 Education Service Center-TX. - For Educational Supplies, Instructional Solutions and Related Products, in an amount not to exceed $500,000.00 each fiscal year through May 31, 2030.",Resolution,"Deputy Chief, Talent",,n-toshiba-america-business-solutions,Various District-wide accounts,"Buys digital workspace solutions from Toshiba, up to $500,000 a year through 2030","The Board finds it is in the district's best interest to buy digital workspace solutions from Toshiba America Business Solutions, through a contract held by the Region 4 Education Service Center in Texas. The district is buying through another agency's existing contract instead of running its own bid. Spending may not exceed $500,000 each fiscal year, through May 31, 2030.",Technology,,cooperative_purchase,Toshiba America Business Solutions,organization,,expense,per_year,500000,,,,,true,,2030-05-31,no_competitive_bid; yearly_cap; multi_year,,,Adopted on the General Consent Report,2026-06-24,true,auto_ok,sonnet-agent,enrich.v5.md,true,
2026-06-24:26-1465,2026-06-24,2026-06-24,regular,R.-82,139,general,"Chief, Talent",26-1465,https://ousd.legistar.com/gateway.aspx?M=L&ID=69885,Declaring It Is In Best Interest of the District and Piggyback Agreement – Liquidity Services Operations LLC aka GovDeals Inc - For Auctioneer Services and Related Products and Services - Talent/Human Resources Department,"Adoption by the Board of Education of Resolution No. 2526-0222 - Declaring It Is In The Best Of The District To Piggyback On And Enter Into A Contract With Liquidity Services Operations LLC aka GovDeals (Bethesda, MD) and OMNIA, Partners, Public Sector, Region 4 Education Service Center, for Auctioneer Services and Related Products and Services, pursuant to the same terms and conditions found in the Agreement up to a fiscal year not-to-exceed amount of $1,000,000,00 in sales through December 31, 2027.",Resolution,"Deputy Chief, Talent",,n-liquidity-services-operations-govdeals,Percentage of Sales Proceeds To Liquidator,"Lets the district use GovDeals to auction surplus items, with sales up to $1M a year","The Board finds it is in the district's best interest to use GovDeals for auction services, through a contract held by OMNIA Partners and the Region 4 Education Service Center in Texas. The district is buying through another agency's existing contract instead of running its own bid. The cap applies to the amount of sales in a fiscal year, through December 31, 2027, and the company is paid a percentage of the sales proceeds.","Food, transportation & operations",,cooperative_purchase,Liquidity Services Operations LLC (GovDeals),organization,,no_cost,sales_cap,,,,,,true,,2027-12-31,no_competitive_bid; source_issue; multi_year,"The sales cap is printed as ""$1,000,000,00"".",,Adopted on the General Consent Report,2026-06-24,true,human_reviewed,sonnet-agent,enrich.v5.md,true,
2026-06-24:26-1492,2026-06-24,2026-06-24,regular,R.-83,140,general,"Chief, Talent",26-1492,https://ousd.legistar.com/gateway.aspx?M=L&ID=69912,Personnel Report No. 2526-0011 - Talent/Human Resources Department,Approval by the Board of Education of Personnel Report No. 2526-0011 - Talent/Human Resources Department.,Personnel Report,"Deputy Chief, Talent",,,,Approves Talent Department Personnel Report No. 2526-0011,The Board approves a personnel report from the Talent/Human Resources Department. The item text gives no details of the individual personnel actions in the report.,Staff & hiring,,personnel,,,,no_cost,,,,,,,true,,,,,,Adopted on the General Consent Report,2026-06-24,true,auto_ok,sonnet-agent,enrich.v5.md,true,
2026-06-24:26-1543,2026-06-24,2026-06-24,regular,R.-84,141,general,"Chief, Talent",26-1543,https://ousd.legistar.com/gateway.aspx?M=L&ID=69963,"Revision of Job Description – Staff Attorney, Legal; Director Payroll and Creation of Job Description - Executive Director, Technology and Learning Systems; IT Solutions & Cybersecurity Architect - Talent/Human Resources","Adoption by the Board of Education of Resolution No. 2526-0225 - Revision of Job Description - Staff Attorney, Legal; Director, Payroll and Creation of Job Description - Executive Director, Technology and Learning Systems; IT Solutions & Cybersecurity Architect
Revision:
1.	Staff Attorney, Legal Services
2.	Director, Payroll Services
Creation:
1.	Executive Director, Technology and Learning Systems
2.	IT Solutions & Cybersecurity Architect",Resolution,"Deputy Chief, Talent",,,,Revises two job descriptions and creates two new technology and cybersecurity jobs,"The Board adopts a resolution revising the job descriptions for Staff Attorney, Legal Services and Director, Payroll Services. It also creates new job descriptions for Executive Director, Technology and Learning Systems and for IT Solutions & Cybersecurity Architect. The item text states no costs.",Staff & hiring,,resolution_or_policy,,,,no_cost,,,,,,,true,,,pulled_from_consent,,"Adopted in its own vote on June 29 (5–1), instead of with the rest of the consent report.",Adopted,2026-06-29,true,auto_ok,sonnet-agent,enrich.v5.md,true,
2026-06-24:26-0384,2026-06-24,2026-06-24,regular,R.-85,143,general,Chief Academic Officer,26-0384,https://ousd.legistar.com/gateway.aspx?M=L&ID=67810,"Amendment No. 1, Services Agreement 2025-2026 - Medical Billing Technologies, Inc - Community Schools and Student Services Department","Approval by the Board of Education of Amendment No. 1, Services Agreement 2025-2026 by and between the District and Medical Billing Technologies, Inc., Visalia, CA, for the latter to track and capture Medi-Cal services provided, assist the District with properly documenting services, and submit the information for reimbursement in a manner compliant with complex state and federal requirements, in the additional amount of $400,000.00, increasing the Agreement not to exceed amount from $200,000.00 to $600,000.00, and extending the Agreement term from July 1, 2025 through June 30, 2026 to June 30, 2028. All other terms and conditions of the Agreement remain in full force and effect.",Agreement or Contract,Chief Academic Officer,008517,v-008517,LEA Medi-Cal Former 5640,"Adds $400,000 and two years to Medical Billing Technologies' Medi-Cal billing contract","This amendment adds $400,000 to the agreement with Medical Billing Technologies, raising the limit from $200,000 to $600,000, and extends it from June 30, 2026 to June 30, 2028. The company tracks and documents Medi-Cal services the district provides and submits them for reimbursement under complex state and federal rules. All other terms stay the same.","Student health, support & family services",,amendment,"Medical Billing Technologies, Inc.",organization,,expense,not_to_exceed,400000,,,200000,600000,true,2025-07-01,2028-06-30,raises_existing_contract; large_increase; previously_delayed; multi_year,,,Adopted on the General Consent Report,2026-06-24,true,auto_ok,sonnet-agent,enrich.v5.md,true,
2026-06-24:26-0401,2026-06-24,2026-06-24,regular,R.-86,144,general,Chief Academic Officer,26-0401,https://ousd.legistar.com/gateway.aspx?M=L&ID=67827,Memorandum of Understanding - California Association for Leading Innovation in Education (CALIE) - California State Parks - Oakland Goes Outdoors - Middle School Network Office,"Approval by the Board of Education of a Memorandum of Understanding by and between the District and the California Association for Leading Innovation in Education (CAFIE), Walnut Creek, CA, for the latter to fund field trips for the 2025-2026 school year through Oakland Goes Outdoors (OGO), as specified in the Scope of Work, in the amount of $50,399.61, via the Middle School Network Office, for the period of November 1, 2025 through July 30, 2026.",Agreement or Contract,Chief Academic Officer,,n-california-association-for-leading-innovation-in-education,California Association for Leading Innovation in Education,"Accepts $50,399.61 from a nonprofit to fund Oakland Goes Outdoors field trips","The district signs a memorandum of understanding (MOU) with the California Association for Leading Innovation in Education, which will fund field trips for the 2025-2026 school year through Oakland Goes Outdoors. The $50,399.61 comes through the Middle School Network Office, and the agreement runs November 1, 2025 to July 30, 2026.",Classroom & academic programs,,grant_or_funding_in,California Association for Leading Innovation in Education,organization,,revenue,fixed,50399.61,,,,,true,2025-11-01,2026-07-30,after_work_began,,,Adopted on the General Consent Report,2026-06-24,true,auto_ok,sonnet-agent,enrich.v5.md,true,
2026-06-24:26-1118,2026-06-24,2026-06-24,regular,R.-87,145,general,Chief Academic Officer,26-1118,https://ousd.legistar.com/gateway.aspx?M=L&ID=68544,"No Cost Services Agreement - Regents of the University of California on behalf of UC Berkeley, Public Service Center - Community Schools and Student Services Department","Ratification by the Board of Education of a No Cost Services Agreement by and between the District and the Regents of the University of California, on behalf of the UC Berkeley Public Service Center (UCBPSC), Berkeley, CA (Vendor), a subcontractor of Bay Area Community Resources (""BACR""), to provides after school literacy-based tutoring and reading support (i.e., BUILD) to students in BACR afterschool programs operating in Oakland Unified School District (OUSD), with such literary-based tutoring and reading support subject to the terms and conditions: of the 02/06/2026 dated Services Agreement between BACR and Vendor; of the  June 29, 2022 Services Agreement between  OUSD and BACR and of this No Cost Agreement, all as specified in Exhibit A of this Agreement, for the term April 17, 2026 through June 30, 2029, via the Community Schools and Student Services Department, at no cost to the District.",Agreement or Contract,Chief Academic Officer,005763,v-005763,No Fiscal Impact,Approves a no-cost UC Berkeley after-school reading tutoring program through 2029,"The Board is ratifying, which means approving after the fact, a no-cost agreement with the UC Berkeley Public Service Center to provide after-school literacy tutoring and reading support (BUILD) to students in Bay Area Community Resources (BACR) afterschool programs in Oakland schools. The term is April 17, 2026 to June 30, 2029, at no cost to the district.",After-school & summer programs,,new_agreement,Regents of the University of California on behalf of UC Berkeley Public Service Center,organization,,no_cost,,,,,,,true,2026-04-17,2029-06-30,after_work_began; multi_year,,,Adopted on the General Consent Report,2026-06-24,true,auto_ok,sonnet-agent,enrich.v5.md,true,
2026-06-24:26-1137,2026-06-24,2026-06-24,regular,R.-88,146,general,Chief Academic Officer,26-1137,https://ousd.legistar.com/gateway.aspx?M=L&ID=68563,Service Agreement - Rachel Hart - Special Education Department,"Approval by the Board of Education of a Services Agreement by and between the District and Rachel Hart, San Leandro, CA, for the latter to provide speech and language services to students with Individualized Education Programs (IEPs), IEP meetings, Progress Reports, Medi-Cal billing; assessments for Special Education, general case management duties, communication with school staff, parents, students, outside providers, professional development and all duties associated with the role of a school based Speech and Language Pathologist (SLP), with services delivered legally binding and specified on individual IEPs, via the Special Education Department, for the period of July 1, 2026 through June 30, 2027, in an amount not to exceed $114,000.00.",Agreement or Contract,Chief Academic Officer,007264,v-007264,Special Education Funding,"Pays a speech-language pathologist up to $114,000 for special-education services in 2026-27","The district contracts with an individual speech-language pathologist to provide speech and language services to students with Individualized Education Programs (IEPs). The work includes IEP meetings, progress reports, Medi-Cal billing, assessments and case management. The term is July 1, 2026 to June 30, 2027, for up to $114,000.",Special education,Services & contract staff,new_agreement,Rachel Hart,individual,,expense,not_to_exceed,114000,,,,,true,2026-07-01,2027-06-30,previously_delayed,,,Adopted on the General Consent Report,2026-06-24,true,auto_ok,sonnet-agent,enrich.v5.md,true,
2026-06-24:26-1139,2026-06-24,2026-06-24,regular,R.-89,147,general,Chief Academic Officer,26-1139,https://ousd.legistar.com/gateway.aspx?M=L&ID=68565,Service Agreement 2025-2026 - Jacobson Education Law - Special Education Department,"Approval by the Board of Education of a Services Agreement 2025-2026 by and between the District and Jacobson Education Law, Berkeley, CA, for the latter to serve as a mediator for Alternative Dispute Resolution (ADR) to proactively generate creative solutions to ongoing Special Education disputes or disagreements that were not successfully resolved through the standard Individualized Education Program (IEP) process; actively respond to requests for ADR, liaising with participating families and district personnel; and generate agreements and coordinate next steps for execution with legal administrative support personnel, via the Special Education Department, for the period of July 1, 2026 through June 30, 2027, in an amount not to exceed $98,000.00.",Agreement or Contract,Chief Academic Officer,007618,v-007618,Special Education Funding,"Hires Jacobson Education Law to mediate special-education disputes, up to $98,000","The district contracts with Jacobson Education Law to act as a mediator in alternative dispute resolution for special-education disputes that were not resolved through the regular Individualized Education Program (IEP) process. The mediator works with families and district staff and helps draft agreements. The term is July 1, 2026 to June 30, 2027, for up to $98,000.",Special education,"Legal, compliance & policy",new_agreement,Jacobson Education Law,organization,,expense,not_to_exceed,98000,,,,,true,2026-07-01,2027-06-30,previously_delayed,,,Adopted on the General Consent Report,2026-06-24,true,auto_ok,sonnet-agent,enrich.v5.md,true,
2026-06-24:26-1140,2026-06-24,2026-06-24,regular,R.-90,148,general,Chief Academic Officer,26-1140,https://ousd.legistar.com/gateway.aspx?M=L&ID=68566,Service Agreement - Michelle Falise - Special Education Department,"Ratification by the Board of Education of a Service Agreement by and between the District and Michelle Falise, Berkeley, CA, for the latter to provide design services for core department documents for print and digital use, to include Program Guide, What is a Free Appropriate Public Education (FAPE), Department Fast Facts one-pagers for Individual Education Program (IEP) team use, welcome guide for families, and a reusable letterhead template and a second phase of the work that will include routine edits to these core documents as changes occur before the onset of each new school year and documents will be delivered in a format appropriate for future department use, via the Special Education Department, for the period of July 1, 2026 through June 30, 2029, in an amount not to exceed $30,000.00.",Agreement or Contract,Chief Academic Officer,007856,v-007856,Special Education Funding,"Approves up to $30,000 for design of special-education guides and documents through 2029","The Board is ratifying, which means approving after the fact, a contract with an individual designer for the Special Education Department's core documents, including its Program Guide, a Free Appropriate Public Education (FAPE) explainer, one-page fact sheets for Individualized Education Program (IEP) teams, a welcome guide for families and a letterhead template. A second phase covers routine edits before each school year. The term is July 1, 2026 to June 30, 2029, for up to $30,000.",Special education,Programs & support,new_agreement,Michelle Falise,individual,,expense,not_to_exceed,30000,,,,,true,2026-07-01,2029-06-30,previously_delayed; multi_year,,,Adopted on the General Consent Report,2026-06-24,true,auto_ok,sonnet-agent,enrich.v5.md,true,
2026-06-24:26-1171,2026-06-24,2026-06-24,regular,R.-91,149,general,Chief Academic Officer,26-1171,https://ousd.legistar.com/gateway.aspx?M=L&ID=68597,Service Agreement - Karen Buelter - Special Education Department,"Ratification by the Board of Education of a Service Agreement by and between the District and Karen Buelter, Hamilton, OH, for the latter to provide transcribe printed books to Braille and produce tactile graphics appropriate for future department use, via the Special Education Department, for the period of July 1, 2026 through June 30, 2027, in an amount not to exceed $119,000.00.",Agreement or Contract,Chief Academic Officer,010086,v-010086,Special Education Funding,"Pays a Braille transcription contractor up to $119,000 for special education materials, 2026-27","The district is hiring a contractor in Ohio to turn printed books into Braille and make tactile (raised-line) graphics for the Special Education Department. The agreement runs from July 1, 2026 to June 30, 2027, with a cap of $119,000.",Special education,Services & contract staff,new_agreement,Karen Buelter,individual,,expense,not_to_exceed,119000,,,,,true,2026-07-01,2027-06-30,previously_delayed,,,Adopted on the General Consent Report,2026-06-24,true,auto_ok,sonnet-agent,enrich.v5.md,true,
2026-06-24:26-1172,2026-06-24,2026-06-24,regular,R.-92,150,general,Chief Academic Officer,26-1172,https://ousd.legistar.com/gateway.aspx?M=L&ID=68598,Services Agreement - Rinse - Special Education Department,"Ratification by the Board of Education of a Service Agreement by and between the District and Rinse, Inc, San Francisco, CA, for the latter to provide laundry services to the school site, California Children’s Services of Alameda County, via Special Education Department, for the period of July 1, 2026 through June 30, 2027, in an amount not to exceed $3,000.00",Agreement or Contract,Chief Academic Officer,,v-007678,Special Education Funding,"Pays Rinse up to $3,000 for laundry service at a Children's Services school site in 2026-27","Rinse, Inc. will provide laundry services to the school site run by California Children's Services of Alameda County, through the Special Education Department. The agreement runs from July 1, 2026 to June 30, 2027, with a cap of $3,000.",Special education,Programs & support,new_agreement,"Rinse, Inc",organization,California Children's Services of Alameda County,expense,not_to_exceed,3000,,,,,true,2026-07-01,2027-06-30,previously_delayed,,,Adopted on the General Consent Report,2026-06-24,true,auto_ok,sonnet-agent,enrich.v5.md,true,
2026-06-24:26-1197,2026-06-24,2026-06-24,regular,R.-93,151,general,Chief Academic Officer,26-1197,https://ousd.legistar.com/gateway.aspx?M=L&ID=68623,"Service Agreement - Cascade Healthcare Services, LLC dba Cascade Training Center - Health Services and Special Education Departments","Ratification by the Board of Education of a Service Agreement by and between the District and Cascade Healthcare Services, LLC dba Cascade Training Center, Roseville, CA, for the latter to provide a secure licensed and trained professional to facilitate up to 40 BLS CPR training sessions throughout the 2026-2027 school year and a minimum of one session per month during the school year, with dates of services to be arranged in partnership with the vendor and Director of Health Services for the Oakland Unified School District; with the outcome from the training leading to all paraeducators performing non-licensed medical procedures and school nurses having certified and active/compliant CPR, via the Health Services and Special Education Departments for the period of July 1, 2026 through June 30, 2027, in an amount not to exceed $45,480.00.",Agreement or Contract,Chief Academic Officer,008540,v-008540,Health Services Funding,"Pays Cascade Training Center up to $45,480 for CPR training for nurses and aides in 2026-27","A licensed trainer from Cascade Training Center will lead up to 40 basic life support CPR sessions during the 2026-27 school year, at least one a month. The training is meant to give school nurses and paraeducators who perform non-licensed medical procedures current CPR certification. Dates will be set with the district's Director of Health Services.","Student health, support & family services",,new_agreement,"Cascade Healthcare Services, LLC dba Cascade Training Center",organization,,expense,not_to_exceed,45480,,,,,true,2026-07-01,2027-06-30,,,,Adopted on the General Consent Report,2026-06-24,true,auto_ok,sonnet-agent,enrich.v5.md,true,
2026-06-24:26-1198,2026-06-24,2026-06-24,regular,R.-94,152,general,Chief Academic Officer,26-1198,https://ousd.legistar.com/gateway.aspx?M=L&ID=68624,"Amendment No. 2, Services Agreement (Award of RFP No. 22-139OE Translation and Interpretation Services) and Data Sharing Agreement – Hanna Interpreting Services, LLC - Office of Equity","Approval by the Board of Education of Amendment No. 1, Services Agreement (SA) (Award of RFP No. 22-139OE Translation and Interpretation Services) by and between District and Hanna Interpreting Services, LLC, Spring Valley, CA (Parties), for the latter to continue to provide Translation and Interpretation Services to the District through a variety of means and platforms including but not limited to in-person/pre-scheduled interpretation, video or web-based (VRI), over-the-phone interpretation (OPI) and/or document translations, all services on an as needed basis, in the amount of $1,200,000.00, increasing the Agreement not to exceed amount from $1,450,000.00 to $2,650,000.00, and extending the term of the Agreement from August 7, 2023 through June 30, 2026 to June 30, 2028. All other terms and conditions of the SA remain in full force and effect. And a Data Sharing Agreement, by and between Parties, for the term July 1, 2026 through June 30, 2028, pertaining to the District’s transmission of data to the second Party (Hanna Interpreting Services, LLC) and the protection by the second Party of such data, pursuant to the terms and conditions of the latter Agreement; each, via the Office of Equity.",Agreement or Contract,Chief Academic Officer,,v-006861,"Schools and Central Departments with confirmed resources, included but not limited to General Purpose, Supplemental & Concentration Funding.",Adds $1.2M to Hanna Interpreting's translation contract and extends it to 2028,"This amendment adds $1,200,000 to the district's contract with Hanna Interpreting Services for in-person, video, phone and document translation, raising the cap from $1,450,000 to $2,650,000. It also extends the contract from June 30, 2026 to June 30, 2028 and approves a related Data Sharing Agreement covering the district's data shared with the vendor. The contract came from an earlier request for proposals.","Student health, support & family services",,amendment,"Hanna Interpreting Services, LLC",organization,,expense,not_to_exceed,1200000,,,1450000,2650000,true,2023-08-07,2028-06-30,pulled_from_consent; raises_existing_contract; large_increase; source_issue; previously_delayed; multi_year,The title says Amendment No. 2; the action text says Amendment No. 1.,"Adopted in its own vote on June 29 (5–1), instead of with the rest of the consent report.",Adopted,2026-06-29,true,human_reviewed,sonnet-agent,enrich.v5.md,true,
2026-06-24:26-1199,2026-06-24,2026-06-24,regular,R.-95,153,general,Chief Academic Officer,26-1199,https://ousd.legistar.com/gateway.aspx?M=L&ID=68625,"Amendment No. 1, Service Agreement - Sonja Biggs Education Services, Inc - Special Education Department","Ratification by the Board of Education of Amendment No.1, Service Agreement by and between the District and Sonja Biggs Education Services, Inc, Gilroy, CA, for the latter to continue to provide a Teacher of the Visually Impaired (TVI) to complete legally mandated assessments and deliver services for students who have documented or suspected visual impairments; participate in IEP meetings, complete progress reports, maintain service logs, serve students; communicate with families, staff, and students, with direct services as described in Exhibit A of Agreement, incorporated herein by reference as though fully set forth, via Special Education Department, extending the term of the Agreement from the period of August 14, 2025 through June 30, 2026 to June 30, 2027 in an unchanged amount not to exceed $49,500.00.",Agreement or Contract,Chief Academic Officer,007411,v-007411,Special Education Funding,Extends Sonja Biggs Education Services' visual-impairment teacher contract to June 2027,"This amendment keeps a Teacher of the Visually Impaired working for the Special Education Department for another year. The teacher completes legally required assessments, serves students with documented or suspected visual impairments, and joins Individualized Education Program meetings. The term now runs to June 30, 2027, and the cap stays at $49,500, so no money is added.",Special education,Services & contract staff,amendment,"Sonja Biggs Education Services, Inc",organization,,no_cost,,,,,,,true,2025-08-14,2027-06-30,multi_year; time_extension_only,,,Adopted on the General Consent Report,2026-06-24,true,auto_ok,sonnet-agent,enrich.v5.md,true,
2026-06-24:26-1204,2026-06-24,2026-06-24,regular,R.-96,154,general,Chief Academic Officer,26-1204,https://ousd.legistar.com/gateway.aspx?M=L&ID=68629,Services Agreement - Kim Woolley - Community Schools and Student Services Department,"Approval by the Board of Education of a Services Agreement by and between the District and Kim Woolley, Oakland, CA, for the latter to support the design and implementation of the 4-day Expanded Learning 2026 Summer Institute by providing up to 240 hours of services to design and execute the event in line with the goals; provide service to implement the plan, develop tools, communicate, with stakeholders and document the action plans progress; provide technology support, facilitation, project coordination, and implementation of communication strategies, via the Community Schools and Student Services Department, for the period of July 1, 2026 through October 31, 2026, in an amount not to exceed $23,000.00.",Agreement or Contract,Chief Academic Officer,008219,v-008219,Expanded Learning Opps Program,"Pays a contractor up to $23,000 to plan the 2026 Expanded Learning Summer Institute","The district is hiring a contractor in Oakland for up to 240 hours to design and run the 4-day Expanded Learning 2026 Summer Institute. The work includes building tools, technology support, facilitation, project coordination and communications. The agreement runs July 1 to October 31, 2026, with a cap of $23,000.",After-school & summer programs,,new_agreement,Kim Woolley,individual,,expense,not_to_exceed,23000,,,,,true,2026-07-01,2026-10-31,previously_delayed,,,Adopted on the General Consent Report,2026-06-24,true,auto_ok,sonnet-agent,enrich.v5.md,true,
2026-06-24:26-1221,2026-06-24,2026-06-24,regular,R.-97,155,general,Chief Academic Officer,26-1221,https://ousd.legistar.com/gateway.aspx?M=L&ID=68646,Services Agreement - Michelle Falise - Community Schools and Student Services Department,"Ratification by the Board of Education of a Services Agreement by and between the District and Michelle Falise, Berkeley, CA, for the latter to provide up to 35 hours of graphic design and layout services to support the development of the updated Oakland Unified School District (OUSD) Crisis Response Manual (CRM), reflecting current district practices and protocols, including police-free responses to student mental health crisis, revisit crisis response procedures, templates, tools, and school-based resources for arranging student and school emergencies, via the Community Schools and Student Services Department, for the period of June 1, 2026 through July 10, 2026, in an amount not to exceed $4,500.00.",Agreement or Contract,Chief Academic Officer,007856,v-007856,Prop 47 - LCSSP,"Pays a graphic designer up to $4,500 to lay out the updated Crisis Response Manual","A graphic designer will spend up to 35 hours on the layout of the district's updated Crisis Response Manual, which reflects police-free responses to student mental health crises. The agreement runs June 1 to July 10, 2026, so it began before this Board vote, and the cap is $4,500.","Student health, support & family services",,new_agreement,Michelle Falise,individual,,expense,not_to_exceed,4500,,,,,true,2026-06-01,2026-07-10,after_work_began; previously_delayed,,,Adopted on the General Consent Report,2026-06-24,true,auto_ok,sonnet-agent,enrich.v5.md,true,
2026-06-24:26-1230,2026-06-24,2026-06-24,regular,R.-98,156,general,Chief Academic Officer,26-1230,https://ousd.legistar.com/gateway.aspx?M=L&ID=68655,Grant Award - California Department of Education - CCTR-5011 General Child & Development Program - Early Childhood Education,"Adoption by the Board of Education of Resolution No. 2526-0046 - Approving Contract No. CCTR-5011, General Child Care & Development Programs, accepting grant award, in the amount of $4,561,238.00, for the Childhood Education Department, for the period of July 1, 2025 to June 30, 2026, pursuant to term and condition thereof, if any.",Agreement or Contract,Chief Academic Officer,,n-california-department-of-education,California Department of Education,"Accepts $4.56M state grant for general child care and development, 2025-26","The Board is adopting a resolution to approve Contract CCTR-5011 with the California Department of Education and accept a $4,561,238 grant for the district's early childhood education programs. The grant period is July 1, 2025 to June 30, 2026.",Classroom & academic programs,,grant_or_funding_in,California Department of Education,organization,,revenue,fixed,4561238,,,,,true,2025-07-01,2026-06-30,after_work_began; previously_delayed,,,Adopted on the General Consent Report,2026-06-24,true,auto_ok,sonnet-agent,enrich.v5.md,true,
2026-06-24:26-1233,2026-06-24,2026-06-24,regular,R.-99,157,general,Chief Academic Officer,26-1233,https://ousd.legistar.com/gateway.aspx?M=L&ID=68658,"Amendment No. 1, Services Agreement (Award of RFP No. 22-139OE Translation and Interpretation Services) and Data Sharing Agreement – Linguabee LLC - Office of Equity","Approval by the Board of Education of Amendment No. 1, Services Agreement (SA) (Award of RFP No. 22-139OE Translation and Interpretation Services) by and between District and Linguabee, LLC, Arvada, CO (Parties), for the latter to continue to provide Translation and Interpretation Services to the District through a variety of means and platforms including but not limited to in-person/pre-scheduled interpretation, video or web-based (VRI), over-the-phone interpretation (OPI) and/or document translations, all services on an as needed basis, decreasing the amount of the Agreement by $98,340.00, reducing the not to exceed amount of Agreement from $100,000.00 to $1,221.00, and extending the term of the Agreement from August 7, 2023 through June 30, 2026 to June 30, 2028.  All other terms and conditions of the SA remain in full force and effect; and of a Data Sharing Agreement, by and between Parties, for the term July 1, 2026 through June 30, 2028, pertaining to the District’s transmission of data to the second Party (Linguabee, LLC) and the protection by the second Party of such data, pursuant to the terms and conditions of the latter Agreement; each, via the Office of Equity.",Agreement or Contract,Chief Academic Officer,,n-linguabee,"Schools and Central Departments with confirmed resources, included but not limited to General Purpose, Supplemental & Concentration Funding.","Cuts Linguabee's translation contract cap by $98,340 and extends it to 2028","This amendment lowers the not-to-exceed amount of the district's translation and interpretation contract with Linguabee from $100,000 to $1,221 and extends it from June 30, 2026 to June 30, 2028. It also approves a Data Sharing Agreement covering the district's data shared with the vendor.","Student health, support & family services",,amendment,"Linguabee, LLC",organization,,decrease,not_to_exceed,98340,,,100000,1221,true,2023-08-07,2028-06-30,source_issue; previously_delayed; multi_year,"The official figures don't add up: $100,000 minus the $98,340 cut is $1,660, but the text gives a new cap of $1,221. The cut also matches R.-101 exactly.",,Adopted on the General Consent Report,2026-06-24,true,human_reviewed,sonnet-agent,enrich.v5.md,true,
2026-06-24:26-1252,2026-06-24,2026-06-24,regular,R.-100,158,general,Chief Academic Officer,26-1252,https://ousd.legistar.com/gateway.aspx?M=L&ID=68677,"Amendment No. 1, Services Agreement (Award of RFP No. 22-139OE Translation and Interpretation Services) and Data Sharing Agreement –Excel Interpreting, LLC - Office of Equity","Approval by the Board of Education of Amendment No. 1, Services Agreement (Award of RFP No. 22-139OE Translation and Interpretation Services) by and between District and Excel Interpreting, LLC, Sacramento, CA (Parties), for the latter to continue to provide Translation and Interpretation Services to the District through a variety of means and platforms including but not limited to in-person/pre-scheduled interpretation, video or web-based (VRI), over-the-phone interpretation (OPI) and/or document translations, all services on an as needed basis, decreasing the amount of the Agreement by $66,764.00, reducing the not to exceed amount of $100,000.00 to $33,236.00, and extending the term of the Agreement from August 7, 2023 through June 30, 2026 to June 30, 2028. All other terms and conditions of the Agreement remain in full force and effect; and of a Data Sharing Agreement, by and between Parties, for the term July 1, 2026 through June 30, 2028, pertaining to the District’s transmission of data to the second Party (Excel Interpreting, LLC)) and the protection by the second Party of such data, pursuant to the terms and conditions of the latter Agreement; each, via the Office of Equity.
.",Agreement or Contract,Chief Academic Officer,,n-excel-interpreting,"Schools and Central Departments with confirmed resources, included but not limited to General Purpose, Supplemental & Concentration Funding.","Cuts Excel Interpreting's translation contract cap by $66,764 and extends it to 2028","This amendment lowers the not-to-exceed amount of the district's translation and interpretation contract with Excel Interpreting from $100,000 to $33,236 and extends it from June 30, 2026 to June 30, 2028. It also approves a Data Sharing Agreement covering the district's data shared with the vendor.","Student health, support & family services",,amendment,"Excel Interpreting, LLC",organization,,decrease,not_to_exceed,66764,,,100000,33236,true,2023-08-07,2028-06-30,previously_delayed; multi_year,,,Adopted on the General Consent Report,2026-06-24,true,auto_ok,sonnet-agent,enrich.v5.md,true,
2026-06-24:26-1253,2026-06-24,2026-06-24,regular,R.-101,159,general,Chief Academic Officer,26-1253,https://ousd.legistar.com/gateway.aspx?M=L&ID=68678,"Amendment No. 1, Services Agreement (Award of RFP #22-139OE) - Translation and Interpretation Services and Data Sharing Agreement - Maryam Abdi – Office of Equity","Approval by the Board of Education of Amendment No. 1, Services Agreement (SA) (Award of RFP No. 22-139OE Translation and Interpretation Services) by and between District and Maryam Abdi, Emeryville, CA (Parties), for the latter to continue to provide Translation and Interpretation Services to the District through a variety of means and platforms including but not limited to in-person/pre-scheduled interpretation, video or web-based (VRI), over-the-phone interpretation (OPI) and/or document translations, all services on an as needed basis, decreasing the amount of the Agreement by $98,340.00, reducing the not to exceed amount of $150,000.00 to $51,660.00, and extending the term of the Agreement from August 7, 2023 through June 30, 2026 to June 30, 2028. All other terms and conditions of the SA remain in full force and effect; and of a Data Sharing Agreement, by and between Parties, for the term July 1, 2026 through June 30, 2028, pertaining to the District’s transmission of data to the second Party (Abdi) and the protection by the second Party of such data, pursuant to the terms and conditions of the latter Agreement; each, via the Office of Equity.",Agreement or Contract,Chief Academic Officer,,v-000216,"Schools and Central Departments with confirmed resources, included but not limited to General Purpose, Supplemental & Concentration Funding.","Cuts an interpreter's contract cap by $98,340 and extends it to 2028","This amendment lowers the not-to-exceed amount of the district's translation and interpretation contract with an independent interpreter from $150,000 to $51,660 and extends it from June 30, 2026 to June 30, 2028. It also approves a Data Sharing Agreement covering the district's data shared with the contractor.","Student health, support & family services",,amendment,Maryam Abdi,individual,,decrease,not_to_exceed,98340,,,150000,51660,true,2023-08-07,2028-06-30,previously_delayed; multi_year,,,Adopted on the General Consent Report,2026-06-24,true,auto_ok,sonnet-agent,enrich.v5.md,true,
2026-06-24:26-1254,2026-06-24,2026-06-24,regular,R.-102,160,general,Chief Academic Officer,26-1254,https://ousd.legistar.com/gateway.aspx?M=L&ID=68679,"Amendment No. 1, Services Agreement (Award of RFP #22-139OE) - Translation and Interpretation Services and Data Sharing Agreement - Purple Communications – Office of Equity","Approval by the Board of Education of Amendment No. 1, Services Agreement (SA) (Award of RFP No. 22-139OE Translation and Interpretation Services) by and between District and Purple Communications, Austin, TX (Parties), for the latter to continue to provide Translation and Interpretation Services to the District through a variety of means and platforms including but not limited to in-person/pre-scheduled interpretation, video or web-based (VRI), over-the-phone interpretation (OPI) and/or document translations, all services on an as needed basis, decreasing the amount of the Agreement by $164,385.00, reducing the not to exceed amount of $276,000.00 to $111,615.00, and extending the term of the Agreement from August 7, 2023 through June 30, 2026 to June 30, 2028. All other terms and conditions of the SA remain in full force and effect; and of a Data Sharing Agreement, by and between Parties, for the term July 1, 2026 through June 30, 2028, pertaining to the District’s transmission of data to the second Party (Purple Communications) and the protection by the second Party of such data, pursuant to the terms and conditions of the latter Agreement; each, via the Office of Equity.",Agreement or Contract,Chief Academic Officer,,v-003488,"Schools and Central Departments with confirmed resources, included but not limited to General Purpose, Supplemental & Concentration Funding.","Cuts Purple Communications' translation contract cap by $164,385 and extends it to 2028","This amendment lowers the not-to-exceed amount of the district's translation and interpretation contract with Purple Communications from $276,000 to $111,615 and extends it from June 30, 2026 to June 30, 2028. It also approves a Data Sharing Agreement covering the district's data shared with the vendor.","Student health, support & family services",,amendment,Purple Communications,organization,,decrease,not_to_exceed,164385,,,276000,111615,true,2023-08-07,2028-06-30,previously_delayed; multi_year,,,Adopted on the General Consent Report,2026-06-24,true,auto_ok,sonnet-agent,enrich.v5.md,true,
2026-06-24:26-1255,2026-06-24,2026-06-24,regular,R.-103,161,general,Chief Academic Officer,26-1255,https://ousd.legistar.com/gateway.aspx?M=L&ID=68680,"Amendment No. 1, Services Agreement (Award of RFP #22-139OE) - Translation and Interpretation Services and Data Sharing Agreement - Syntex Global – Office of Equity","Approval by the Board of Education of Amendment No. 1, Services Agreement (SA) (Award of RFP No. 22-139OE Translation and Interpretation Services) by and between District and Syntex Global, Berkeley, CA (Parties), for the latter to continue to provide Translation and Interpretation Services to the District through a variety of means and platforms including but not limited to in-person/pre-scheduled interpretation, video or web-based (VRI), over-the-phone interpretation (OPI) and/or document translations, all services on an as needed basis, in the amount of $51,522.00, increasing the Agreement not to exceed amount $100,000.00 to $151,522.00, and extending the term of the Agreement from August 7, 2023 through June 30, 2026 to June 30, 2028. All other terms and conditions of the SA remain in full force and effect; and of a Data Sharing Agreement, by and between Parties, for the term July 1, 2026 through June 30, 2028, pertaining to the District’s transmission of data to the second Party (Syntex Global) and the protection by the second Party of such data, pursuant to the terms and conditions of the latter Agreement; each, via the Office of Equity.",Agreement or Contract,Chief Academic Officer,,v-004164,"Schools and Central Departments with confirmed resources, included but not limited to General Purpose, Supplemental & Concentration Funding.","Adds $51,522 to Syntex Global's translation contract and extends it to 2028","This amendment adds $51,522 to the district's translation and interpretation contract with Syntex Global, raising the cap from $100,000 to $151,522. It also extends the contract from June 30, 2026 to June 30, 2028 and approves a Data Sharing Agreement covering the district's data shared with the vendor.","Student health, support & family services",,amendment,Syntex Global,organization,,expense,not_to_exceed,51522,,,100000,151522,true,2023-08-07,2028-06-30,raises_existing_contract; large_increase; previously_delayed; multi_year,,,Adopted on the General Consent Report,2026-06-24,true,auto_ok,sonnet-agent,enrich.v5.md,true,
2026-06-24:26-1259,2026-06-24,2026-06-24,regular,R.-104,162,general,Chief Academic Officer,26-1259,https://ousd.legistar.com/gateway.aspx?M=L&ID=69679,K-12 Strong Workforce Program Data Sharing Memorandum of Understanding - California Community Colleges Chancellor's Office - High School Linked Learning Office,"Approval by the Board of Education of a K-12 Strong Workforce Program Data Sharing Memorandum of Understanding by and between California Community Colleges Chancellor's Office (CCCCO) and the District, pursuant to the terms and conditions under which District agrees to release confidential student data to the Chancellor's Office to fulfill data reporting obligations set forth in the Strong Workforce Program (SWP) Program and the Chancellor’s Offices responsibilities to protect such data pursuant to terms and conditions enumerated in said Agreement, effective when signed by all Parties and remains in effect while the District remains a grantee under the K12 SWP, unless terminated by either party pursuant to Section VIII of the MOU.",Agreement or Contract,Chief Academic Officer,,n-california-community-colleges-chancellors-office,No Fiscal Impact,Approves data sharing with the state community colleges office for Strong Workforce reporting,"The district will share confidential student data with the California Community Colleges Chancellor's Office so it can meet reporting rules for the K-12 Strong Workforce Program, a career-education grant. The Chancellor's Office must protect the data. The agreement starts when all parties sign and lasts as long as the district stays a grantee, and no cost is listed.",Partnerships & data sharing,,mou_or_data_sharing,California Community Colleges Chancellor's Office,organization,,no_cost,,,,,,,true,,,previously_delayed,,,Adopted on the General Consent Report,2026-06-24,true,auto_ok,sonnet-agent,enrich.v5.md,true,
2026-06-24:26-1261,2026-06-24,2026-06-24,regular,R.-105,163,general,Chief Academic Officer,26-1261,https://ousd.legistar.com/gateway.aspx?M=L&ID=69681,Services Agreement - Creative Change Collaborative Consulting LLC - Community Schools and Student Services Department,"Approval by the Board of Education of a Services Agreement by and between the District and Creative Change Collaborative Consulting LLC, Sebastopol, CA, for the latter to assist YES! Sports in the development of an integration plan that meets the unique developmental needs of TK/K students, supports their families, and equips YES! Sports staff and sports providers with the skills to do so effectively, impacting a program impacting 10,000 students at 51 sites across Oakland, via the Community Schools and Student Services Department, for the period of July 1, 2026 through May 31, 2027, in an amount not to exceed $80,000.00.",Agreement or Contract,Chief Academic Officer,008765,v-008765,Expanded Learning Opps Program,"Pays Creative Change Collaborative up to $80,000 to plan YES! Sports for young kindergartners","A consulting firm will help YES! Sports build a plan that fits the developmental needs of transitional kindergarten and kindergarten students, supports their families, and trains sports staff and providers. The program reaches about 10,000 students at 51 sites across Oakland. The agreement runs July 1, 2026 to May 31, 2027, with a cap of $80,000.",Classroom & academic programs,,new_agreement,Creative Change Collaborative Consulting LLC,organization,,expense,not_to_exceed,80000,,,,,true,2026-07-01,2027-05-31,previously_delayed,,,Adopted on the General Consent Report,2026-06-24,true,auto_ok,sonnet-agent,enrich.v5.md,true,
2026-06-24:26-1262,2026-06-24,2026-06-24,regular,R.-106,164,general,Chief Academic Officer,26-1262,https://ousd.legistar.com/gateway.aspx?M=L&ID=69682,"Amendment No. 1, Data Sharing Agreement - The Regents of the University of California, Destination College Advising Corps (DCAC) – High School Linked Learning Office","Ratification by the Board of Education of Amendment No. 1, Data Sharing Agreement by and between the District and The Regents of the University of California, on behalf of its Destination College Advising Corps (DCAC), San Francisco, CA, delineating the terms and conditions of the District's transmission of or sharing of pupil data with the University of California and the protection by the Regents of the University of California of such data, extending the term of the Agreement from August 1, 2023 through June 30, 2026 to June 30, 2029, via the High School Linked Learning Office.",Agreement or Contract,Chief Academic Officer,,n-regents-of-university-of-california-destination-college-advising-corps,No Fiscal Impact,Extends UC Regents' data sharing for Destination College Advising Corps to June 2029,"This amendment extends the district's data sharing agreement with the University of California's Destination College Advising Corps by three years, from June 30, 2026 to June 30, 2029. The agreement covers how student data is shared and how the University protects it. No money is listed, and the Board is ratifying it after the fact.",Partnerships & data sharing,,amendment,The Regents of the University of California (Destination College Advising Corps),organization,,no_cost,,,,,,,true,2023-08-01,2029-06-30,previously_delayed; multi_year; time_extension_only,,,Adopted on the General Consent Report,2026-06-24,true,auto_ok,sonnet-agent,enrich.v5.md,true,
2026-06-24:26-1265,2026-06-24,2026-06-24,regular,R.-107,165,general,Chief Academic Officer,26-1265,https://ousd.legistar.com/gateway.aspx?M=L&ID=69685,No-Cost Service Agreement - Kode With Klossy – High School Linked Learning Office,"Ratification by the Board of Education of a No-Cost Service Agreement by and between the District and Kode With Klossy, New York, NY, for the latter to open registration for its in-person and virtual coding programs to students which will run independent of OUSD and will also be made available to other eligible youth in the community; provide promotional materials for its programs and collaborate with faculty and staff to recruit eligible students and educators for vendor’s opportunities; in-person or virtual information sessions or learning events to faculty, staff, students, and/or parents, for the period between April 1, 2026 to June 30, 2027, at no cost to the District.",Agreement or Contract,Chief Academic Officer,,n-kode-with-klossy,No Fiscal Impact,Ratifies free Kode With Klossy coding program access for Oakland students,"Kode With Klossy will open registration for its in-person and virtual coding programs to district students, run independently of the district. It will also share promotional materials and hold information sessions for staff, students and parents. The agreement runs April 1, 2026 to June 30, 2027 at no cost to the district, and it began before this Board vote.",Classroom & academic programs,,new_agreement,Kode With Klossy,organization,,no_cost,,,,,,,true,2026-04-01,2027-06-30,after_work_began; previously_delayed; multi_year,,,Adopted on the General Consent Report,2026-06-24,true,auto_ok,sonnet-agent,enrich.v5.md,true,
2026-06-24:26-1266,2026-06-24,2026-06-24,regular,R.-108,166,general,Chief Academic Officer,26-1266,https://ousd.legistar.com/gateway.aspx?M=L&ID=69686,Services Agreement - Museum of Children's Art - Community Schools and Student Services Department,"Approval by the Board of Education of a Services Agreement by and between the District and Museum of Children's Art, Oakland, CA, for the latter to serve as the comprehensive lead agency directly supporting OUSD’s Expanded Learning Core Program (ExLO) Arts, responsible for coordinating enrichment programming focused on reinforcing artistic literacy during after school programs which include experiencing art as a means to wellbeing, community engagement and career path across 60 participating school sites through partnerships with 20 qualified community-based organizations, via the Community Schools and Student Services Department, for the period of July 1, 2026 through July 30, 2027, in an amount not to exceed $552,000.00.",Agreement or Contract,Chief Academic Officer,002963,v-002963,Expanded Learning Opps Program,"Pays Museum of Children's Art up to $552,000 to lead after-school arts programs at 60 sites","The Museum of Children's Art will be the lead agency for the district's Expanded Learning arts program, coordinating after-school art enrichment at 60 school sites with 20 community-based organizations. The agreement runs July 1, 2026 to July 30, 2027, with a cap of $552,000.",After-school & summer programs,,new_agreement,Museum of Children's Art,organization,,expense,not_to_exceed,552000,,,,,true,2026-07-01,2027-07-30,previously_delayed,,,Adopted on the General Consent Report,2026-06-24,true,auto_ok,sonnet-agent,enrich.v5.md,true,
2026-06-24:26-1268,2026-06-24,2026-06-24,regular,R.-109,167,general,Chief Academic Officer,26-1268,https://ousd.legistar.com/gateway.aspx?M=L&ID=69688,"Amendment No. 1, Services Agreement 2025-2026 - Kids 1st Foundation - McClymonds High School","Ratification by the Board of Education of Amendment No. 1, Services Agreement 2025-2026 by and between the District and Kids 1st Foundation, Oakland, CA, for the latter to provide additional financial coverage of an airfare cost adjustment incurred for the arrangements for the travel and lodging for added students from McClymonds High School that visited historically Black colleges and universities, for the unchanged period of February 6, 2026 through April 15, 2026, in the amount of $7,550.00, increasing the Agreement not to exceed amount  from $69,000.00 to an amount not to exceed $76,550.00. All other terms and conditions of the Agreement remain in full force and effect.",Agreement or Contract,Chief Academic Officer,009823,v-009823,CCSPP Implementation Grant,"Adds $7,550 to Kids 1st Foundation's McClymonds college-tour agreement","Kids 1st Foundation is covering extra airfare costs for added McClymonds High School students who visited historically Black colleges and universities. This amendment adds $7,550 and raises the cap from $69,000 to $76,550. The trip period, February 6 to April 15, 2026, is unchanged and already past, so the Board is ratifying after the fact.",Classroom & academic programs,,amendment,Kids 1st Foundation,organization,McClymonds High School,expense,not_to_exceed,7550,,,69000,76550,true,2026-02-06,2026-04-15,after_work_began; raises_existing_contract; previously_delayed,,,Adopted on the General Consent Report,2026-06-24,true,auto_ok,sonnet-agent,enrich.v5.md,true,
2026-06-24:26-1269,2026-06-24,2026-06-24,regular,R.-110,168,general,Chief Academic Officer,26-1269,https://ousd.legistar.com/gateway.aspx?M=L&ID=69689,"Amendment No. 1, No-Cost Services Agreement - Oakland Promise – High School Linked Learning Office","Ratification by the Board of Education of Amendment No. 1, No Cost Services Agreement by and between the Oakland Promise, Oakland, CA, for the latter to continue providing four programs: 1) Brilliant Baby for infants and their parents, 2) Kindergarten to College for elementary students in Kinder through 5th grade, 3) College Access supporting middle school and high school students throughout the city, and 4) College Completion for scholarships and persistence services to public school graduates while in career technical education programs, two or four-year college, to District students, via the High School Linked Learning Office, extending the term of the Agreement from August 1, 2024 through October 31, 2026 to October 31, 2029, at no cost to the District.  All other terms and conditions of the Agreement remain in full force and effect.",Agreement or Contract,Chief Academic Officer,,v-001477,No Fiscal Impact,Extends Oakland Promise's free college-access programs for district students to 2029,"This amendment extends the no-cost agreement with Oakland Promise by three years, from October 31, 2026 to October 31, 2029. Oakland Promise runs four programs: Brilliant Baby, Kindergarten to College, College Access, and College Completion scholarships and support. The district pays nothing.",Classroom & academic programs,,amendment,Oakland Promise,organization,,no_cost,,,,,,,true,2024-08-01,2029-10-31,source_issue; previously_delayed; multi_year; time_extension_only,Appears to duplicate R.-130 (same Oakland Promise extension).,,Adopted on the General Consent Report,2026-06-24,true,human_reviewed,sonnet-agent,enrich.v5.md,true,
2026-06-24:26-1300,2026-06-24,2026-06-24,regular,R.-111,169,general,Chief Academic Officer,26-1300,https://ousd.legistar.com/gateway.aspx?M=L&ID=69720,Services Agreement - Safe Passages - Community Schools and Student Services Department,"Approval by the Board of Education of a Services Agreement by and between Safe Passages, Oakland, CA, for the latter to provide three Professional Learning Community Sessions of learning and orientation services for TK/K Expanded Learning staff across 51 OUSD elementary schools delivered by a multidisciplinary team of early childhood developmental and behavioral health experts specializing in culturally responsive practice, neurodiversity and inclusion, with topics to be finalized in collaboration with named staff with translation provided at each session, 
via the Community Schools and Student Services Department, for the period of July 1, 2026 through June 30, 2027, in an amount not to exceed $74,452.00.",Agreement or Contract,Chief Academic Officer,003729,v-003729,Expanded Learning Opps Program,"Pays Safe Passages up to $74,452 to train kindergarten-year after-school staff","Safe Passages will deliver three learning sessions for Expanded Learning staff serving transitional kindergarten and kindergarten students at 51 elementary schools. A team of early childhood and behavioral health experts will cover culturally responsive practice and inclusion, with translation at each session. The agreement runs July 1, 2026 to June 30, 2027, with a cap of $74,452.",After-school & summer programs,,new_agreement,Safe Passages,organization,,expense,not_to_exceed,74452,,,,,true,2026-07-01,2027-06-30,,,,Adopted on the General Consent Report,2026-06-24,true,auto_ok,sonnet-agent,enrich.v5.md,true,
2026-06-24:26-1301,2026-06-24,2026-06-24,regular,R.-112,170,general,Chief Academic Officer,26-1301,https://ousd.legistar.com/gateway.aspx?M=L&ID=69721,Services Agreement - Safe Passages - Community Schools and Student Services Department,"Approval by the Board of Education of a Services Agreement by and between the District and Safe Passages, Oakland, CA, for the latter to collaborate to conduct outreach and identify sites interested in participating in the coaching program, with recruitment occurring through multiple channels and relying heavily on targeted recommendations from District staff based on program needs, with recruitment including announcements and presentations at Professional Learning Communities and direct email communication with afterschool coordinators and site leaders with this outreach approach intending to ensure that sites that would most benefit from coaching are supported and informed about the opportunities and able to participate, via the Community Schools and Student Services Department, for the period of July 1, 2026 through June 30, 2027, in an amount not to exceed $71,300.00.",Agreement or Contract,Chief Academic Officer,003729,v-003729,Expanded Learning Opps Program,"Pays Safe Passages up to $71,300 to recruit sites for an after-school coaching program","Safe Passages will reach out to schools and find sites that want to join a coaching program, using presentations, announcements and direct emails to afterschool coordinators and site leaders. District staff will recommend sites based on program needs. The agreement runs July 1, 2026 to June 30, 2027, with a cap of $71,300.",After-school & summer programs,,new_agreement,Safe Passages,organization,,expense,not_to_exceed,71300,,,,,true,2026-07-01,2027-06-30,,,,Adopted on the General Consent Report,2026-06-24,true,auto_ok,sonnet-agent,enrich.v5.md,true,
2026-06-24:26-1315,2026-06-24,2026-06-24,regular,R.-113,171,general,Chief Academic Officer,26-1315,https://ousd.legistar.com/gateway.aspx?M=L&ID=69735,"Nonpublic, Nonsectarian School/Agency Services Master Contracts 2026-27 - Special Education Department","Approval by the Board of Education of Resolution Number 2526-0250 - New Master Agreements or Contracts and Individual Service Agreements with Nonpublic, Nonsectarian School/Agency Services for Students of Special Education Program - School Year 2026-2027 in a cumulative amount not to exceed $67,657,000.00.",Agreement or Contract,Chief Academic Officer,,,"Special Education Resource 0000, 0006, 3312, 3327, 6500, 6501, 9186","Authorizes up to $67.66M for nonpublic school and agency services for special education, 2026-27","The Board is approving new master contracts and individual service agreements with nonpublic, nonsectarian schools and agencies that serve students in special education. The total across all of them cannot exceed $67,657,000 for the 2026-27 school year. Individual placements are covered under this cap.",Special education,Nonpublic schools & agencies,new_agreement,,,,expense,cumulative,67657000,,,,,true,2026-07-01,2027-06-30,pulled_from_consent,,"Adopted in its own vote on June 29 (5–1), instead of with the rest of the consent report.",Adopted,2026-06-29,true,auto_ok,sonnet-agent,enrich.v5.md,true,
2026-06-24:26-1316,2026-06-24,2026-06-24,regular,R.-114,172,general,Chief Academic Officer,26-1316,https://ousd.legistar.com/gateway.aspx?M=L&ID=69736,"Termination for Convenience, Services Agreement 2024-2025 – LCS-Training – Special Education Department","Adoption by the Board of Education of Resolution No. 2526-0207 - Termination for Convenience - Services Agreement 2024-2025 - LCS-Training - Special Education Department  (Legislative File No. 24-1675. Enactment No. 24-1390, Enactment Date 08/14/2024).",Agreement or Contract,Chief Academic Officer,008836,v-008836,Special Education Funding,Terminates the 2024-25 LCS-Training special education services agreement,"The Board is ending a Special Education Department services agreement with LCS-Training that it approved on August 14, 2024. It is a termination for convenience, meaning the district ends the contract without a claim of fault. The text gives no dollar amount.",Special education,Programs & support,termination,LCS-Training,organization,,no_cost,,,,,,,true,,,,,,Adopted on the General Consent Report,2026-06-24,true,auto_ok,sonnet-agent,enrich.v5.md,true,
2026-06-24:26-1318,2026-06-24,2026-06-24,regular,R.-115,173,general,Chief Academic Officer,26-1318,https://ousd.legistar.com/gateway.aspx?M=L&ID=69738,"Service Agreement - Ro Health, LLC - Special Education Department","Approval by the Board of Education of a Service Agreement by and between the District and Ro Health, LLC, Seattle, WA, for the latter to supply the District with nursing, behavioral, and therapy staffing solutions to support care delivery, for the period of July 1, 2026 through June 30, 2027, in an amount not to exceed $6,500,000.00.",Agreement or Contract,Chief Academic Officer,003636,v-003636,Special Education Funding,"Pays Ro Health up to $6.5M for nursing, behavioral and therapy staff in 2026-27","Ro Health, based in Seattle, will supply the Special Education Department with nursing, behavioral and therapy staffing to support care for students. The agreement runs July 1, 2026 to June 30, 2027, with a cap of $6,500,000.",Special education,Services & contract staff,new_agreement,"Ro Health, LLC",organization,,expense,not_to_exceed,6500000,,,,,true,2026-07-01,2027-06-30,pulled_from_consent,,"Adopted in its own vote on June 29 (5–1), instead of with the rest of the consent report.",Adopted,2026-06-29,true,auto_ok,sonnet-agent,enrich.v5.md,true,
2026-06-24:26-1325,2026-06-24,2026-06-24,regular,R.-116,174,general,Chief Academic Officer,26-1325,https://ousd.legistar.com/gateway.aspx?M=L&ID=69745,"OUSD School Psychology Intern Agreement and Expectations - Kyla Kemble, School Psychology Intern – Special Education Department","Ratification by the Board of Education of an OUSD School Psychology Intern Agreement and Expectations by and between the District and Kyla Kemble, Oakland, CA, for the latter to provide special education assessment, counseling services, consultation work, and other tasks requested by the University and school site(s), assigned to Think College Now and Edna Brewer Schools, via the Special Education Department, for the period of August 3, 2026 through June 4, 2027, in an amount not to exceed $30,000.00.",Agreement or Contract,Chief Academic Officer,,n-kyla-kemble,LEA Medi-Cal Funding,"Pays a school psychology intern up to $30,000 to serve Think College Now and Edna Brewer","A school psychology intern will provide special education assessments, counseling and consultation, and other tasks requested by the university and school sites, at Think College Now and Edna Brewer. The agreement runs August 3, 2026 to June 4, 2027, with a cap of $30,000.",Special education,Programs & support,new_agreement,Kyla Kemble,individual,Think College Now; Edna Brewer,expense,not_to_exceed,30000,,,,,true,2026-08-03,2027-06-04,,,,Adopted on the General Consent Report,2026-06-24,true,auto_ok,sonnet-agent,enrich.v5.md,true,
2026-06-24:26-1326,2026-06-24,2026-06-24,regular,R.-117,175,general,Chief Academic Officer,26-1326,https://ousd.legistar.com/gateway.aspx?M=L&ID=69746,"OUSD School Psychology Intern Agreement and Expectations - Eric Camarillo, School Psychology Intern – Special Education Department","Ratification by the Board of Education of an OUSD School Psychology Intern Agreement and Expectations by and between the District and Eric Camarillo, Oakland, CA, for the latter to provide special education assessment, counseling services, consultation work, and other tasks requested by the University and school site(s), assigned to Montclair and Greenleaf Schools, via the Special Education Department, for the period of August 3, 2026 through June 4, 2027, in an amount not to exceed $30,000.00.",Agreement or Contract,Chief Academic Officer,,n-eric-camarillo,LEA Medi-Cal Funding,"Pays a school psychology intern up to $30,000 to serve Montclair and Greenleaf","A school psychology intern will provide special education assessments, counseling and consultation, and other tasks requested by the university and school sites, at Montclair and Greenleaf. The agreement runs August 3, 2026 to June 4, 2027, with a cap of $30,000.",Special education,Programs & support,new_agreement,Eric Camarillo,individual,Montclair; Greenleaf,expense,not_to_exceed,30000,,,,,true,2026-08-03,2027-06-04,,,,Adopted on the General Consent Report,2026-06-24,true,auto_ok,sonnet-agent,enrich.v5.md,true,
2026-06-24:26-1327,2026-06-24,2026-06-24,regular,R.-118,176,general,Chief Academic Officer,26-1327,https://ousd.legistar.com/gateway.aspx?M=L&ID=69747,"OUSD School Psychology Intern Agreement and Expectations - Divina Rivas, School Psychology Intern – Special Education Department","Ratification by the Board of Education of an OUSD School Psychology Intern Agreement and Expectations by and between the District and Divina Rivas, Oakland, CA, for the latter to provide special education assessment, counseling services, consultation work, and other tasks requested by the University and school site(s), Westlake Middle School and Urban Promise Academy, via the Special Education Department, for the period of August 3, 2026 through June 4, 2027, in an amount not to exceed $30,000.00.",Agreement or Contract,Chief Academic Officer,,n-divina-rivas,LEA Medi-Cal,"Pays a school psychology intern up to $30,000 to serve Westlake Middle School and Urban Promise Academy","A school psychology intern will provide special education assessments, counseling and consultation, and other tasks requested by the university and school sites, at Westlake Middle School and Urban Promise Academy. The agreement runs August 3, 2026 to June 4, 2027, with a cap of $30,000.",Special education,Programs & support,new_agreement,Divina Rivas,individual,Westlake Middle School; Urban Promise Academy,expense,not_to_exceed,30000,,,,,true,2026-08-03,2027-06-04,,,,Adopted on the General Consent Report,2026-06-24,true,auto_ok,sonnet-agent,enrich.v5.md,true,
2026-06-24:26-1328,2026-06-24,2026-06-24,regular,R.-119,177,general,Chief Academic Officer,26-1328,https://ousd.legistar.com/gateway.aspx?M=L&ID=69748,"OUSD School Psychology Intern Agreement and Expectations - Jaqueline Lopez Santiago, School Psychology Intern – Special Education Department","Ratification by the Board of Education of an OUSD School Psychology Intern Agreement and Expectations by and between the District and Jaqueline “Jacke” Lopez Santiago, Oakland, CA, for the latter to provide special education assessment, counseling services, consultation work, and other tasks requested by the University and school site(s), Think College Now and Santa Fe/Early Childhood Evaluation Center, via the Special Education Department, for the period of August 3, 2026 through June 4, 2027, in an amount not to exceed $30,000.00.",Agreement or Contract,Chief Academic Officer,,n-jaqueline-lopez-santiago,LEA Medi-Cal Funding,"Pays a school psychology intern up to $30,000 for special education work at two sites","A school psychology intern will provide special education assessments, counseling and consultation, and other tasks requested by the university and school sites, at Think College Now and Santa Fe/Early Childhood Evaluation Center. The agreement runs August 3, 2026 to June 4, 2027, with a cap of $30,000.",Special education,Programs & support,new_agreement,Jaqueline Lopez Santiago,individual,Think College Now; Santa Fe/Early Childhood Evaluation Center,expense,not_to_exceed,30000,,,,,true,2026-08-03,2027-06-04,,,,Adopted on the General Consent Report,2026-06-24,true,auto_ok,sonnet-agent,enrich.v5.md,true,
2026-06-24:26-1330,2026-06-24,2026-06-24,regular,R.-120,178,general,Chief Academic Officer,26-1330,https://ousd.legistar.com/gateway.aspx?M=L&ID=69750,"OUSD School Psychology Intern Agreement and Expectations - Kayla Thomas, School Psychology Intern – Special Education Department","Ratification by the Board of Education of an OUSD School Psychology Intern Agreement and Expectations by and between the District and Kayla Thomas, Oakland, CA, for the latter to provide special education assessment, counseling services, consultation work, and other tasks requested by the University and school site(s), Think College Now and Santa Fe/Early Childhood Evaluation Center, via the Special Education Department, for the period of August 3, 2026 through June 4, 2027, in an amount not to exceed $30,000.00.",Agreement or Contract,Chief Academic Officer,,n-kayla-thomas,LEA Medi-Cal Funding,"Pays a school psychology intern up to $30,000 for special education work at two sites","A school psychology intern will provide special education assessments, counseling and consultation, and other tasks requested by the university and school sites, at Think College Now and Santa Fe/Early Childhood Evaluation Center. The agreement runs August 3, 2026 to June 4, 2027, with a cap of $30,000.",Special education,Programs & support,new_agreement,Kayla Thomas,individual,Think College Now; Santa Fe/Early Childhood Evaluation Center,expense,not_to_exceed,30000,,,,,true,2026-08-03,2027-06-04,,,,Adopted on the General Consent Report,2026-06-24,true,auto_ok,sonnet-agent,enrich.v5.md,true,
2026-06-24:26-1334,2026-06-24,2026-06-24,regular,R.-121,179,general,Chief Academic Officer,26-1334,https://ousd.legistar.com/gateway.aspx?M=L&ID=69754,Services Agreement - East Bay Agency for Children - Community Schools and Student Services Department,"Approval by the Board of Education of a Services Agreement by and between the District and East Bay Agency for Children, Oakland, CA, for the latter to provide coordination of the daily operations and ongoing development of the Central Family Resource Center at Lakeview;  provide oversight of the Health Insurance Enrollment Initiative, conducts family trainings, purchase of outreach materials, oversight of the Family Health Advocate Program, and provision of outreach and linkage of services to families through a Family Resource Specialist, as needed, via the Community Schools and Student Services Department, for the period July 1, 2026 through June 30, 2027, in an amount not to exceed $67,562.00.",Agreement or Contract,Chief Academic Officer,001473,v-001473,Kaiser Health&wellness W/ebcf,"Pays East Bay Agency for Children up to $67,562 to run Lakeview's family resource center","East Bay Agency for Children would run the day-to-day work of the Central Family Resource Center at Lakeview. It would also oversee a health insurance enrollment effort, family trainings and a Family Health Advocate program, and connect families to services. The agreement runs July 1, 2026 through June 30, 2027 and is capped at $67,562.","Student health, support & family services",,new_agreement,East Bay Agency for Children,organization,Lakeview,expense,not_to_exceed,67562,,,,,true,2026-07-01,2027-06-30,,,,Adopted on the General Consent Report,2026-06-24,true,auto_ok,sonnet-agent,enrich.v5.md,true,
2026-06-24:26-1407,2026-06-24,2026-06-24,regular,R.-122,180,general,Chief Academic Officer,26-1407,https://ousd.legistar.com/gateway.aspx?M=L&ID=69827,"Services Agreement 2026-2029 and A Data Sharing Agreement – Essential School Solutions, LLC (ESS) – Special Education Department","Approval by the Board of Education of a Services Agreement (SA) and a Data Sharing Agreement (DSA), each, by and between the District and Essential School Solutions, LLC, for the latter to provide one full-time mental health clinician and one full-time mental/behavioral health technician to provide federally and state mandated IEP services to the students enrolled in the Counseling enriched self-contained program at Oakland Academy of Knowledge and Fruitvale Elementary School, for a total of 2 each, to provide the services, as described in Exhibit A of the Agreement, incorporated herein by reference as though fully set forth, for the period of July 13, 2026 through June 30, 2029, in an amount not to exceed $3,134,100.00 30, 2028 and under the DSA, defining the terms and conditions of the District’s transmission of or sharing of data with Essential School Solutions, LLC, and the protection by Essential School Solutions, LLC, of such data, for the same term as the SA, each, via the Special Education Department.",Agreement or Contract,Chief Academic Officer,008481,v-008481,Special Education Funding,"Pays Essential School Solutions up to $3,134,100 for mental health staff at two schools through 2029","Essential School Solutions, LLC would provide one full-time mental health clinician and one full-time mental and behavioral health technician for each of two special education counseling classes, at Oakland Academy of Knowledge and Fruitvale Elementary. The staff deliver services required under students' Individualized Education Programs (IEPs). The agreement runs July 13, 2026 through June 30, 2029 and is capped at $3,134,100. A separate data-sharing agreement covers how student data is shared and protected.",Special education,Services & contract staff,new_agreement,"Essential School Solutions, LLC",organization,Oakland Academy of Knowledge; Fruitvale Elementary School,expense,not_to_exceed,3134100,,,,,true,2026-07-13,2029-06-30,pulled_from_consent; source_issue; multi_year,"The text gives a term ending June 30, 2029, but the garbled phrase after the amount ('30, 2028') suggests a different end date, leaving the term unclear.","Adopted in its own vote on June 29 (5–1), instead of with the rest of the consent report.",Adopted,2026-06-29,true,auto_ok,sonnet-agent,enrich.v5.md,true,
2026-06-24:26-1423,2026-06-24,2026-06-24,regular,R.-123,181,general,Chief Academic Officer,26-1423,https://ousd.legistar.com/gateway.aspx?M=L&ID=69843,Services Agreement – The Crucible – The Young Adult Program,"Ratification by the Board of Education of a Services Agreement by and between the District and The Crucible, Oakland, CA, for the latter to host a class codesigned by Crucible and Young Adult Program staff that teaches trade skills relating to bike repair and shop organization, as described in Clause 1 of the Agreement, incorporated herein by reference as though fully set forth, via the Young Adult Program, for the period of August 1, 2026 through June 30, 2028, in an amount not to exceed $30,000.00.",Agreement or Contract,Chief Academic Officer,,v-004252,Title I - Basic Grant Low Income Funding,"Ratifies up to $30,000 for The Crucible to host a bike repair trade-skills class for the Young Adult Program","The Crucible would host a class, designed together with Young Adult Program staff, that teaches trade skills such as bike repair and shop organization. The agreement runs August 1, 2026 through June 30, 2028 and is capped at $30,000, paid from Title I funds.",Classroom & academic programs,,new_agreement,The Crucible,organization,,expense,not_to_exceed,30000,,,,,true,2026-08-01,2028-06-30,multi_year,,,Adopted on the General Consent Report,2026-06-24,true,auto_ok,sonnet-agent,enrich.v5.md,true,
2026-06-24:26-1439,2026-06-24,2026-06-24,regular,R.-124,182,general,Chief Academic Officer,26-1439,https://ousd.legistar.com/gateway.aspx?M=L&ID=69859,"No Cost Services Agreement and Data Sharing Agreement - MISSSEY, Inc. (Motivating, Inspiring, Supporting, and Serving Sexually Exploited Youth) - High School Linked Learning Office","Ratification by the Board of Education of a No Cost Services Agreement (SA) and a Data Sharing Agreement (DSA), both, by and between the District and MISSSEY Inc. (Motivating, Inspiring, Supporting, and Serving Sexually Exploited Youth), Oakland, CA, for the latter, under the SA, to provide prevention and support programs for youth attending OUSD schools, with this initiative centering youth voices, strengthen protective factors, and providing culturally responsive education and supportive services for young people who may be vulnerable to sexual exploitation, trafficking, and other forms of sexual violence and programs and/or services as further described in Exhibit A of the SA,  for the term commencing August 3, 2026 through July 30, 2029, and under the DSA, defining the terms and conditions of the District’s transmission of or sharing of pupil data with MISSSEY, Inc. and the protection by MISSSEY, Inc., of such data pursuant to the terms and conditions stated in the DSA, for the same term as specified in the SA; each Agreement, at no cost to the District.",Agreement or Contract,Chief Academic Officer,,v-006860,No Fiscal Impact,Ratifies a no-cost MISSSEY agreement for prevention and support programs for vulnerable youth,"MISSSEY, Inc. would offer prevention and support programs for students who may be vulnerable to sexual exploitation, trafficking and other sexual violence, centered on youth voices. A second agreement sets rules for sharing student data with MISSSEY and protecting it. Both run August 3, 2026 through July 30, 2029 at no cost to the district.","Student health, support & family services",,mou_or_data_sharing,"MISSSEY, Inc.",organization,,no_cost,,,,,,,true,2026-08-03,2029-07-30,multi_year,,,Adopted on the General Consent Report,2026-06-24,true,auto_ok,sonnet-agent,enrich.v5.md,true,
2026-06-24:26-1440,2026-06-24,2026-06-24,regular,R.-125,183,general,Chief Academic Officer,26-1440,https://ousd.legistar.com/gateway.aspx?M=L&ID=69860,"Amendment No. 1, Services Agreement and Data Use Agreement - Care Solace, Inc - Community Schools and Student Services Department","Approval by the Board of Education of Amendment No. 1, Services Agreement (SA) and a Data Use Agreement (DUA), each, by and between the District and Care Solace, Inc., Los Angeles, CA, for the latter, under the SA, to continue to provide a) Software-As-A-Service (""SaaS"") platform through which Oakland Unified School District (""OUSD"") and its authorized users may access Student Services Information Management Services, Care Coordination Services, and b) Care Companion Services; c) ""All-in-One EMR"" Billing Services, each as defined in Exhibit A of the SA, in the additional amount of $86,000.00, increasing the not-to-exceed amount for the SA from $86,000.00 to $172,000.00 and extending the term of the SA from July 1, 2025 through June 30, 2026 to June 30, 2027 and the DUA, defining the terms and conditions of the District’s transmission of or sharing of pupil data with Care Solace, Inc., and the protection by Care Solace, Inc., of such data, for the same term as the Amended, SA, each, via the Community Schools and Student Services Department",Agreement or Contract,Chief Academic Officer,007294,v-007294,Alameda Alliance for Health; Alameda County Office of Education,"Adds $86,000 and one year to Care Solace's student care-coordination platform, now up to $172,000","This amendment lets Care Solace, Inc. keep providing its online platform for student services information and care coordination, plus care companion and billing services. It adds $86,000, raising the cap from $86,000 to $172,000, and extends the term from June 30, 2026 to June 30, 2027. A data use agreement covering how student data is shared and protected is extended to match.","Student health, support & family services",,amendment,"Care Solace, Inc.",organization,,expense,not_to_exceed,86000,,,86000,172000,true,2025-07-01,2027-06-30,raises_existing_contract; large_increase; multi_year,,,Adopted on the General Consent Report,2026-06-24,true,auto_ok,sonnet-agent,enrich.v5.md,true,
2026-06-24:26-1460,2026-06-24,2026-06-24,regular,R.-126,184,general,Chief Academic Officer,26-1460,https://ousd.legistar.com/gateway.aspx?M=L&ID=69880,"[No Cost] Services Agreement 2025-2026 - The Regents of the University of California, on behalf Cal Performances at its Berkeley Campus - United for Success Academy","Approval by the Board of Education of a [No Cost] Services Agreement by and between the District and the Regents of the University of California, on behalf Cal Performances at its Berkeley Campus, for the latter to provide to the District at its United for Success Academy during the 2025-2026 School Year Arts integration lessons in all 6th grade History classrooms, more specifically described in Exhibit A of the Agreement, incorporated herein by reference as though fully set forth, for the period of March 1, 2026 through April 30, 2026, at no cost to the District.",Agreement or Contract,Chief Academic Officer,009823,v-009823,No Fiscal Impact,Approves no-cost arts lessons from Cal Performances for United for Success Academy 6th graders,"Cal Performances at UC Berkeley would teach arts integration lessons in all 6th grade History classrooms at United for Success Academy during the 2025-2026 school year. The service period is March 1 through April 30, 2026, which falls before this June 24, 2026 meeting. It is at no cost to the district.",Classroom & academic programs,,new_agreement,"The Regents of the University of California, on behalf of Cal Performances",organization,United for Success Academy,no_cost,,,,,,,true,2026-03-01,2026-04-30,after_work_began,,,Adopted on the General Consent Report,2026-06-24,true,auto_ok,sonnet-agent,enrich.v5.md,true,
2026-06-24:26-1475,2026-06-24,2026-06-24,regular,R.-127,185,general,Chief Academic Officer,26-1475,https://ousd.legistar.com/gateway.aspx?M=L&ID=69895,Grant Award - Eat.Learn.Play. Foundation - Academics and Instruction Department,"Acceptance by the Board of Education of a Grant Award (Reference #4-2026) from  the Eat.Learn.Play Foundation (ELPF), Oakland, CA, and the District, in the amount of  $630,000.00 from ELPF, for Literacy Coaches, described in Annex A, and a Tiered Literacy Supports Administrative Assistant described in Annex B, of the Award, incorporated herein by reference as though fully set forth, pursuant to the terms and conditions thereof, via the Academics and Instruction Department, for the period July 1,  2026 through June 30, 2027.",Agreement or Contract,Chief Academic Officer,,n-eat-learn-play-foundation,Eat.Learn.Play,"Accepts a $630,000 Eat.Learn.Play Foundation grant for literacy coaches and a support assistant","The Eat.Learn.Play Foundation would give the district $630,000 to pay for literacy coaches and a Tiered Literacy Supports Administrative Assistant, run through the Academics and Instruction Department. The grant covers July 1, 2026 through June 30, 2027.",Classroom & academic programs,,grant_or_funding_in,Eat.Learn.Play Foundation,organization,,revenue,fixed,630000,,,,,true,2026-07-01,2027-06-30,,,,Adopted on the General Consent Report,2026-06-24,true,auto_ok,sonnet-agent,enrich.v5.md,true,
2026-06-24:26-1481,2026-06-24,2026-06-24,regular,R.-128,186,general,Chief Academic Officer,26-1481,https://ousd.legistar.com/gateway.aspx?M=L&ID=69901,"Amendment No. 1, College and Career Access Pathways (CCAP) Partnership Agreement - Peralta Community College District and District - High School Linked Learning Office","Approval by the Board of Education of Amendment No. 1,  College and Career Access Pathways (CCAP) Partnership Agreement by and between the District and the Peralta Community College District (PCCD), Oakland, CA, for the latter to provide the College and Career Access Pathway (CCAP), complying with the requirements outlined under AB 288, memorializing the collaboration for the CCAP Program, and setting forth the mutual rights and responsibilities and the terms of the relationship of the Parties and the Courses, for District students enrolled in the CCAP at PCCD, extending the term of the Agreement from July 1, 2023 through June 30, 2026 to June 30, 2027. All other terms and condition of the Agreement remain in full force and effect.",Agreement or Contract,Chief Academic Officer,,v-003322,"College and Career Access Pathways (CCAP), Measure H, Strong Workforce Grant, and Golden State Pathways Program funding.","Extends Peralta college-course partnership for OUSD students one year to June 2027, no added cost","This amendment extends the College and Career Access Pathways (CCAP) agreement with Peralta Community College District, which lets OUSD students take college courses, by one year to June 30, 2027. The agreement follows state law AB 288. No money is added and all other terms stay the same.",Classroom & academic programs,,amendment,Peralta Community College District,organization,,no_cost,,,,,,,true,2023-07-01,2027-06-30,multi_year; time_extension_only,,,Adopted on the General Consent Report,2026-06-24,true,auto_ok,sonnet-agent,enrich.v5.md,true,
2026-06-24:26-1486,2026-06-24,2026-06-24,regular,R.-129,187,general,Chief Academic Officer,26-1486,https://ousd.legistar.com/gateway.aspx?M=L&ID=69906,No Cost Services Agreement (SA) and a Data Sharing Agreement (DSA) - 3Ls The Academy - Chief Academic Officer,"Ratification by the Board of Education of a No Cost Services Agreement (SA) and a Data Sharing Agreement (DSA), both, by and between the District and the 3Ls The Academy, Oakland, CA, for the latter, under the SA, to provide  (1) family literacy workshops, offered on evenings or weekends, (2) student tutoring, delivered by trained and fingerprinted tutors; and (3) principal leadership coaching, focused on building site capacity for literacy improvement, each, at Acorn Woodland, Fred T Korematsu Discovery Academy, La Escuelita Elementary, Oakland Academy of Knowledge, Laurel Elementary, and Horace Mann Elementary Schools, for the term commencing July 1, 2026 through June 30, 2030, and under the DSA defining the terms and conditions of the District’s transmission of or sharing of pupil data with 3Ls The Academy and the protection by 3Ls The Academy of such data, pursuant to the terms and conditions stated in the DSA, for the same term as specified in the SA, each Agreement, at no cost to the District.",Agreement or Contract,Chief Academic Officer,,n-3ls-academy,,"Ratifies no-cost literacy workshops, tutoring and coaching from 3Ls The Academy at six schools through 2030","3Ls The Academy would offer family literacy workshops on evenings or weekends, student tutoring by trained and fingerprinted tutors, and principal leadership coaching on building literacy at six elementary schools. A second agreement sets rules for sharing student data and protecting it. Both run July 1, 2026 through June 30, 2030 at no cost to the district.",Classroom & academic programs,,mou_or_data_sharing,3Ls The Academy,organization,Acorn Woodland; Fred T Korematsu Discovery Academy; La Escuelita Elementary; Oakland Academy of Knowledge; Laurel Elementary; Horace Mann Elementary,no_cost,,,,,,,true,2026-07-01,2030-06-30,multi_year,,,Adopted on the General Consent Report,2026-06-24,true,auto_ok,sonnet-agent,enrich.v5.md,true,
2026-06-24:26-1489,2026-06-24,2026-06-24,regular,R.-130,188,general,Chief Academic Officer,26-1489,https://ousd.legistar.com/gateway.aspx?M=L&ID=69909,"Amendment No. 1, No-Cost Services Agreement - Oakland Promise – High School Linked Learning Office","Ratification by the Board of Education of Amendment No. 1,  No-Cost Services Agreement by and between the District and the Oakland Promise, Oakland, CA, for the latter to provide four programs: 1) Brilliant Baby for infants and their parents; 2) Kindergarten to College for elementary students in Kinder through 5th grade; 3) College Access supporting middle school and high school students throughout the city; and 4) College Completion for scholarships and persistence services to public school graduates while in career technical education programs, two or four-year college, to District students, as described in Exhibits A & B of Agreement, at named schools, incorporated herein as though fully set forth, via the Linked Learning Office, extending the term of the Agreement from August 1, 2024, through October 31, 2026 to October 31, 2029, at no cost to the District.",Agreement or Contract,Chief Academic Officer,,v-001477,No Fiscal Impact,Extends Oakland Promise's no-cost college-access programs from October 2026 to October 2029,"This amendment extends Oakland Promise's no-cost agreement by three years, to October 31, 2029. The programs are Brilliant Baby, Kindergarten to College, College Access and College Completion, which serve children from infancy through college. No money is involved.",Classroom & academic programs,,amendment,Oakland Promise,organization,,no_cost,,,,,,,true,2024-08-01,2029-10-31,source_issue; multi_year; time_extension_only,Appears to duplicate R.-110 (same Oakland Promise extension).,,Adopted on the General Consent Report,2026-06-24,true,human_reviewed,sonnet-agent,enrich.v5.md,true,
2026-06-24:26-1493,2026-06-24,2026-06-24,regular,R.-131,189,general,Chief Academic Officer,26-1493,https://ousd.legistar.com/gateway.aspx?M=L&ID=69913,Services Agreement 2025-2026 - Marzano Resources - MetWest High School,"Ratification by the Board of Education of a Services Agreement 2025-2026 by and between the District and Marzano Resources, Bloomington, IN, for the latter to conduct four guided work sessions where teachers will be introduced to the concept of proficiency scales as the basis for PLC (Professional Learning Community) conversations and actions; dive into the ""why"" of mastery based learning and teaching approach, identify priority standards, and build proficiency scales that will support the work they will be doing for the remainder of the semester, with  training divided into specific focuses based on the learning focused questions of the PLC process; materials provided, for the period of February 2, 2026 through May 29, 2026, via MetWest High School, in an amount not to exceed $7,917.00.",Agreement or Contract,Chief Academic Officer,009438,v-009438,Educator Effectiveness,"Ratifies up to $7,917 for Marzano Resources to train MetWest High School teachers on proficiency scales","Marzano Resources would lead four guided work sessions for MetWest High School teachers on proficiency scales, which are used to plan Professional Learning Community (PLC) discussions about mastery-based learning, and on choosing priority standards. Materials are included. The work ran February 2 through May 29, 2026, before this Board vote, and is capped at $7,917.",Classroom & academic programs,,new_agreement,Marzano Resources,organization,MetWest High School,expense,not_to_exceed,7917,,,,,true,2026-02-02,2026-05-29,after_work_began,,,Adopted on the General Consent Report,2026-06-24,true,auto_ok,sonnet-agent,enrich.v5.md,true,
2026-06-24:26-1538,2026-06-24,2026-06-24,regular,R.-132,190,general,Chief Academic Officer,26-1538,https://ousd.legistar.com/gateway.aspx?M=L&ID=69958,Alameda County Office of Education Services Agreement - Immigrant and Newcomer Support - English Language Learner and Multilingual Achievement (ELLMA),"Approval by the Board of Education of an Alameda County Office of Education Service Agreement by and between the Alameda County Office of Education (ACOE), Hayward, CA, and the District, for latter to provide training, capacity-building, and continuous coaching to staff of the Alameda County Office of Education (ACOE) and school districts in Alameda County serving immigrant and newcomer students and families, more specifically … outlined in more detail in the Exhibit A, which is attached and incorporated herein by this reference, for the term of July 1, 2026 through June 30, 2027, in an amount not to exceed $300,000.00.",Agreement or Contract,Chief Academic Officer,,v-000318,Alameda County Office of Education,"Provides immigrant and newcomer support training to county staff under a deal worth up to $300,000","The district would provide training, capacity-building and ongoing coaching to Alameda County Office of Education staff and to other Alameda County school districts on serving immigrant and newcomer students and families. The agreement runs July 1, 2026 through June 30, 2027 with an amount not to exceed $300,000. The funding source is listed as the county office, so this appears to be money coming in to the district.","Student health, support & family services",,new_agreement,Alameda County Office of Education,organization,,revenue,not_to_exceed,300000,,,,,true,2026-07-01,2027-06-30,previously_delayed,,,Adopted on the General Consent Report,2026-06-24,true,auto_ok,sonnet-agent,enrich.v5.md,true,
2026-06-24:26-1256,2026-06-24,2026-06-24,regular,R.-133,191,general,Chief Academic Officer,26-1256,https://ousd.legistar.com/gateway.aspx?M=L&ID=68681,Consolidated Application and Reporting System (CARS) - Application for Funding - Fiscal Year 2026-2027 - Chief Academic Officer,"Approval by the Board of Education of the Consolidated Application and Reporting System (CARS) 2026-2027 Application for Funding, seeking  Preliminary (or More) 2026-27 Federal Title Allocations for School Sites and authorizing the Superintendent of Schools, or designee, to submit said Application to the California Department of Education (CDE).",Application,Chief Academic Officer,,n-california-department-of-education,,Approves the district's 2026-27 application for federal Title funding for school sites,"The Board would approve the district's Consolidated Application and Reporting System (CARS) application for 2026-27. The application asks for preliminary federal Title funding for school sites, and it authorizes the Superintendent to submit it to the California Department of Education. No dollar amount is stated.","Budget, finance & payments",,grant_or_funding_in,California Department of Education,organization,,revenue,,,,,,,true,2026-07-01,2027-06-30,grant_application; previously_delayed,,,Adopted on the General Consent Report,2026-06-24,true,auto_ok,sonnet-agent,enrich.v5.md,true,
2026-06-24:26-1340,2026-06-24,2026-06-24,regular,R.-134,192,general,Chief Academic Officer,26-1340,https://ousd.legistar.com/gateway.aspx?M=L&ID=69760,2026-2027 School Plan for Student Achievement (SPSA) - Claremont Middle School,Approval by the Board of Education of the 2026-2027 School Plan for Student Achievement (SPSA) for Claremont Middle School.,School Plan for Student Achievement,Chief Academic Officer,,,,Approves Claremont Middle School's 2026-27 School Plan for Student Achievement,The Board would approve the 2026-27 School Plan for Student Achievement (SPSA) for Claremont Middle School. The plan lays out the school's goals for student learning and how it will use its funding. The text states no dollar amount.,School plans,,school_plan,,,Claremont Middle School,no_cost,,,,,,,true,2026-07-01,2027-06-30,,,,Adopted on the General Consent Report,2026-06-24,true,auto_ok,sonnet-agent,enrich.v5.md,true,
2026-06-24:26-1342,2026-06-24,2026-06-24,regular,R.-135,193,general,Chief Academic Officer,26-1342,https://ousd.legistar.com/gateway.aspx?M=L&ID=69762,2026-2027 School Plan for Student Achievement (SPSA) - West Oakland Middle School,Approval by the Board of Education of the 2026-2027 School Plan for Student Achievement (SPSA) for West Oakland Middle School.,School Plan for Student Achievement,Chief Academic Officer,,,,Approves West Oakland Middle School's 2026-27 School Plan for Student Achievement,The Board would approve the 2026-27 School Plan for Student Achievement (SPSA) for West Oakland Middle School. The plan lays out the school's goals for student learning and how it will use its funding. The text states no dollar amount.,School plans,,school_plan,,,West Oakland Middle School,no_cost,,,,,,,true,2026-07-01,2027-06-30,,,,Adopted on the General Consent Report,2026-06-24,true,auto_ok,sonnet-agent,enrich.v5.md,true,
2026-06-24:26-1346,2026-06-24,2026-06-24,regular,R.-136,194,general,Chief Academic Officer,26-1346,https://ousd.legistar.com/gateway.aspx?M=L&ID=69766,2026-2027 School Plan for Student Achievement (SPSA) - Bret Harte Middle School,Approval by the Board of Education of the 2026-2027 School Plan for Student Achievement (SPSA) for Bret Harte Middle School.,School Plan for Student Achievement,Chief Academic Officer,,,,Approves Bret Harte Middle School's 2026-27 School Plan for Student Achievement,The Board would approve the 2026-27 School Plan for Student Achievement (SPSA) for Bret Harte Middle School. The plan lays out the school's goals for student learning and how it will use its funding. The text states no dollar amount.,School plans,,school_plan,,,Bret Harte Middle School,no_cost,,,,,,,true,2026-07-01,2027-06-30,,,,Adopted on the General Consent Report,2026-06-24,true,auto_ok,sonnet-agent,enrich.v5.md,true,
2026-06-24:26-1347,2026-06-24,2026-06-24,regular,R.-137,195,general,Chief Academic Officer,26-1347,https://ousd.legistar.com/gateway.aspx?M=L&ID=69767,2026-2027 School Plan for Student Achievement (SPSA) - Edna Brewer Middle School,Approval by the Board of Education of the 2026-2027 School Plan for Student Achievement (SPSA) for Edna Brewer Middle School.,School Plan for Student Achievement,Chief Academic Officer,,,,Approves Edna Brewer Middle School's 2026-27 School Plan for Student Achievement,The Board would approve the 2026-27 School Plan for Student Achievement (SPSA) for Edna Brewer Middle School. The plan lays out the school's goals for student learning and how it will use its funding. The text states no dollar amount.,School plans,,school_plan,,,Edna Brewer Middle School,no_cost,,,,,,,true,2026-07-01,2027-06-30,,,,Adopted on the General Consent Report,2026-06-24,true,auto_ok,sonnet-agent,enrich.v5.md,true,
2026-06-24:26-1348,2026-06-24,2026-06-24,regular,R.-138,196,general,Chief Academic Officer,26-1348,https://ousd.legistar.com/gateway.aspx?M=L&ID=69768,2026-2027 School Plan for Student Achievement (SPSA) - Montera Middle School,Approval by the Board of Education of the 2026-2027 School Plan for Student Achievement (SPSA) for Montera Middle School.,School Plan for Student Achievement,Chief Academic Officer,,,,Approves Montera Middle School's 2026-27 School Plan for Student Achievement,The Board would approve the 2026-27 School Plan for Student Achievement (SPSA) for Montera Middle School. The plan lays out the school's goals for student learning and how it will use its funding. The text states no dollar amount.,School plans,,school_plan,,,Montera Middle School,no_cost,,,,,,,true,2026-07-01,2027-06-30,,,,Adopted on the General Consent Report,2026-06-24,true,auto_ok,sonnet-agent,enrich.v5.md,true,
2026-06-24:26-1349,2026-06-24,2026-06-24,regular,R.-139,197,general,Chief Academic Officer,26-1349,https://ousd.legistar.com/gateway.aspx?M=L&ID=69769,2026-2027 School Plan for Student Achievement (SPSA) - Roosevelt Middle School,Approval by the Board of Education of the 2026-2027 School Plan for Student Achievement (SPSA) for Roosevelt Middle School.,School Plan for Student Achievement,Chief Academic Officer,,,,Approves Roosevelt Middle School's 2026-27 School Plan for Student Achievement,The Board would approve the 2026-27 School Plan for Student Achievement (SPSA) for Roosevelt Middle School. The plan lays out the school's goals for student learning and how it will use its funding. The text states no dollar amount.,School plans,,school_plan,,,Roosevelt Middle School,no_cost,,,,,,,true,2026-07-01,2027-06-30,,,,Adopted on the General Consent Report,2026-06-24,true,auto_ok,sonnet-agent,enrich.v5.md,true,
2026-06-24:26-1350,2026-06-24,2026-06-24,regular,R.-140,198,general,Chief Academic Officer,26-1350,https://ousd.legistar.com/gateway.aspx?M=L&ID=69770,2026-2027 School Plan for Student Achievement (SPSA) - Westlake Middle School,Approval by the Board of Education of the 2026-2027 School Plan for Student Achievement (SPSA) for Westlake Middle School.,School Plan for Student Achievement,Chief Academic Officer,,,,Approves Westlake Middle School's 2026-27 School Plan for Student Achievement,The Board would approve the 2026-27 School Plan for Student Achievement (SPSA) for Westlake Middle School. The plan lays out the school's goals for student learning and how it will use its funding. The text states no dollar amount.,School plans,,school_plan,,,Westlake Middle School,no_cost,,,,,,,true,2026-07-01,2027-06-30,,,,Adopted on the General Consent Report,2026-06-24,true,auto_ok,sonnet-agent,enrich.v5.md,true,
2026-06-24:26-1351,2026-06-24,2026-06-24,regular,R.-141,199,general,Chief Academic Officer,26-1351,https://ousd.legistar.com/gateway.aspx?M=L&ID=69771,2026-2027 School Plan for Student Achievement (SPSA) - Madison Park Academy Upper Campus,Approval by the Board of Education of the 2026-2027 School Plan for Student Achievement (SPSA) for Madison Park Academy Upper Campus.,School Plan for Student Achievement,Chief Academic Officer,,,,Approves Madison Park Academy Upper Campus's 2026-27 School Plan for Student Achievement,The Board would approve the 2026-27 School Plan for Student Achievement (SPSA) for Madison Park Academy Upper Campus. The plan lays out the school's goals for student learning and how it will use its funding. The text states no dollar amount.,School plans,,school_plan,,,Madison Park Academy Upper Campus,no_cost,,,,,,,true,2026-07-01,2027-06-30,,,,Adopted on the General Consent Report,2026-06-24,true,auto_ok,sonnet-agent,enrich.v5.md,true,
2026-06-24:26-1352,2026-06-24,2026-06-24,regular,R.-142,200,general,Chief Academic Officer,26-1352,https://ousd.legistar.com/gateway.aspx?M=L&ID=69772,2026-2027 School Plan for Student Achievement (SPSA) - Frick United Academy of Language,Approval by the Board of Education of the 2026-2027 School Plan for Student Achievement (SPSA) for Frick United Academy of Language.,School Plan for Student Achievement,Chief Academic Officer,,,,Approves Frick United Academy of Language's 2026-27 School Plan for Student Achievement,The Board would approve the 2026-27 School Plan for Student Achievement (SPSA) for Frick United Academy of Language. The plan lays out the school's goals for student learning and how it will use its funding. The text states no dollar amount.,School plans,,school_plan,,,Frick United Academy of Language,no_cost,,,,,,,true,2026-07-01,2027-06-30,,,,Adopted on the General Consent Report,2026-06-24,true,auto_ok,sonnet-agent,enrich.v5.md,true,
2026-06-24:26-1353,2026-06-24,2026-06-24,regular,R.-143,201,general,Chief Academic Officer,26-1353,https://ousd.legistar.com/gateway.aspx?M=L&ID=69773,2026-2027 School Plan for Student Achievement (SPSA) - United for Success Academy,Approval by the Board of Education of the 2026-2027 School Plan for Student Achievement (SPSA) for United for Success Academy.,School Plan for Student Achievement,Chief Academic Officer,,,,Approves United for Success Academy's 2026-27 School Plan for Student Achievement,The Board would approve the 2026-27 School Plan for Student Achievement (SPSA) for United for Success Academy. The plan lays out the school's goals for student learning and how it will use its funding. The text states no dollar amount.,School plans,,school_plan,,,United for Success Academy,no_cost,,,,,,,true,2026-07-01,2027-06-30,,,,Adopted on the General Consent Report,2026-06-24,true,auto_ok,sonnet-agent,enrich.v5.md,true,
2026-06-24:26-1354,2026-06-24,2026-06-24,regular,R.-144,202,general,Chief Academic Officer,26-1354,https://ousd.legistar.com/gateway.aspx?M=L&ID=69774,2026-2027 School Plan for Student Achievement (SPSA) - Elmhurst United Middle School,Approval by the Board of Education of the 2026-2027 School Plan for Student Achievement (SPSA) for Elmhurst United Middle School.,School Plan for Student Achievement,Chief Academic Officer,,,,Approves Elmhurst United Middle School's 2026-27 School Plan for Student Achievement,The Board would approve the 2026-27 School Plan for Student Achievement (SPSA) for Elmhurst United Middle School. The plan lays out the school's goals for student learning and how it will use its funding. The text states no dollar amount.,School plans,,school_plan,,,Elmhurst United Middle School,no_cost,,,,,,,true,2026-07-01,2027-06-30,,,,Adopted on the General Consent Report,2026-06-24,true,auto_ok,sonnet-agent,enrich.v5.md,true,
2026-06-24:26-1355,2026-06-24,2026-06-24,regular,R.-145,203,general,Chief Academic Officer,26-1355,https://ousd.legistar.com/gateway.aspx?M=L&ID=69775,2026-2027 School Plan for Student Achievement (SPSA) - Coliseum College Preparatory Academy,Approval by the Board of Education of the 2026-2027 School Plan for Student Achievement (SPSA) for Coliseum College Preparatory Academy.,School Plan for Student Achievement,Chief Academic Officer,,,,Approves Coliseum College Preparatory Academy's 2026-27 School Plan for Student Achievement,The Board would approve the 2026-27 School Plan for Student Achievement (SPSA) for Coliseum College Preparatory Academy. The plan lays out the school's goals for student learning and how it will use its funding. The text states no dollar amount.,School plans,,school_plan,,,Coliseum College Preparatory Academy,no_cost,,,,,,,true,2026-07-01,2027-06-30,,,,Adopted on the General Consent Report,2026-06-24,true,auto_ok,sonnet-agent,enrich.v5.md,true,
2026-06-24:26-1356,2026-06-24,2026-06-24,regular,R.-146,204,general,Chief Academic Officer,26-1356,https://ousd.legistar.com/gateway.aspx?M=L&ID=69776,2026-2027 School Plan for Student Achievement (SPSA) - Melrose Leadership Academy,Approval by the Board of Education of the 2026-2027 School Plan for Student Achievement (SPSA) for Melrose Leadership Academy.,School Plan for Student Achievement,Chief Academic Officer,,,,Approves Melrose Leadership Academy's 2026-27 School Plan for Student Achievement,The Board would approve the 2026-27 School Plan for Student Achievement (SPSA) for Melrose Leadership Academy. The plan lays out the school's goals for student learning and how it will use its funding. The text states no dollar amount.,School plans,,school_plan,,,Melrose Leadership Academy,no_cost,,,,,,,true,2026-07-01,2027-06-30,,,,Adopted on the General Consent Report,2026-06-24,true,auto_ok,sonnet-agent,enrich.v5.md,true,
2026-06-24:26-1357,2026-06-24,2026-06-24,regular,R.-147,205,general,Chief Academic Officer,26-1357,https://ousd.legistar.com/gateway.aspx?M=L&ID=69777,2026-2027 School Plan for Student Achievement (SPSA) - Urban Promise Academy,Approval by the Board of Education of the 2026-2027 School Plan for Student Achievement (SPSA) for Urban Promise Academy.,School Plan for Student Achievement,Chief Academic Officer,,,,Approves Urban Promise Academy's 2026-27 School Plan for Student Achievement,The Board would approve the 2026-27 School Plan for Student Achievement (SPSA) for Urban Promise Academy. The plan lays out the school's goals for student learning and how it will use its funding. The text states no dollar amount.,School plans,,school_plan,,,Urban Promise Academy,no_cost,,,,,,,true,2026-07-01,2027-06-30,,,,Adopted on the General Consent Report,2026-06-24,true,auto_ok,sonnet-agent,enrich.v5.md,true,
2026-06-24:26-1358,2026-06-24,2026-06-24,regular,R.-148,206,general,Chief Academic Officer,26-1358,https://ousd.legistar.com/gateway.aspx?M=L&ID=69778,2026-2027 School Plan for Student Achievement (SPSA) - Castlemont High School,Approval by the Board of Education of the 2026-2027 School Plan for Student Achievement (SPSA) for Castlemont High School.,School Plan for Student Achievement,Chief Academic Officer,,,,Approves Castlemont High School's 2026-27 School Plan for Student Achievement,The Board would approve the 2026-27 School Plan for Student Achievement (SPSA) for Castlemont High School. The plan lays out the school's goals for student learning and how it will use its funding. The text states no dollar amount.,School plans,,school_plan,,,Castlemont High School,no_cost,,,,,,,true,2026-07-01,2027-06-30,,,,Adopted on the General Consent Report,2026-06-24,true,auto_ok,sonnet-agent,enrich.v5.md,true,
2026-06-24:26-1360,2026-06-24,2026-06-24,regular,R.-149,207,general,Chief Academic Officer,26-1360,https://ousd.legistar.com/gateway.aspx?M=L&ID=69780,2026-2027 School Plan for Student Achievement (SPSA) - Fremont High School,Approval by the Board of Education of the 2026-2027 School Plan for Student Achievement (SPSA) for Fremont High School.,School Plan for Student Achievement,Chief Academic Officer,,,,Approves Fremont High School's 2026-27 School Plan for Student Achievement,The Board would approve the 2026-27 School Plan for Student Achievement (SPSA) for Fremont High School. The plan lays out the school's goals for student learning and how it will use its funding. The text states no dollar amount.,School plans,,school_plan,,,Fremont High School,no_cost,,,,,,,true,2026-07-01,2027-06-30,,,,Adopted on the General Consent Report,2026-06-24,true,auto_ok,sonnet-agent,enrich.v5.md,true,
2026-06-24:26-1361,2026-06-24,2026-06-24,regular,R.-150,208,general,Chief Academic Officer,26-1361,https://ousd.legistar.com/gateway.aspx?M=L&ID=69781,2026-2027 School Plan for Student Achievement (SPSA) - McClymonds High School,Approval by the Board of Education of the 2026-2027 School Plan for Student Achievement (SPSA) for McClymonds High School.,School Plan for Student Achievement,Chief Academic Officer,,,,Approves McClymonds High School's 2026-27 School Plan for Student Achievement,The Board would approve the 2026-27 School Plan for Student Achievement (SPSA) for McClymonds High School. The plan lays out the school's goals for student learning and how it will use its funding. The text states no dollar amount.,School plans,,school_plan,,,McClymonds High School,no_cost,,,,,,,true,2026-07-01,2027-06-30,,,,Adopted on the General Consent Report,2026-06-24,true,auto_ok,sonnet-agent,enrich.v5.md,true,
2026-06-24:26-1368,2026-06-24,2026-06-24,regular,R.-151,209,general,Chief Academic Officer,26-1368,https://ousd.legistar.com/gateway.aspx?M=L&ID=69788,2026-2027 School Plan for Student Achievement (SPSA) - Oakland High School,Approval by the Board of Education of the 2026-2027 School Plan for Student Achievement (SPSA) for Oakland High School.,School Plan for Student Achievement,Chief Academic Officer,,,,Approves Oakland High School's 2026-27 School Plan for Student Achievement,The Board is asked to approve the 2026-2027 School Plan for Student Achievement (SPSA) for Oakland High School. This is the school's yearly plan for its goals and how it will use its resources. The item states no dollar amount.,School plans,,school_plan,,,Oakland High School,no_cost,,,,,,,true,2026-07-01,2027-06-30,,,,Adopted on the General Consent Report,2026-06-24,true,auto_ok,sonnet-agent,enrich.v5.md,true,
2026-06-24:26-1369,2026-06-24,2026-06-24,regular,R.-152,210,general,Chief Academic Officer,26-1369,https://ousd.legistar.com/gateway.aspx?M=L&ID=69789,2026-2027 School Plan for Student Achievement (SPSA) - Oakland Technical High School,Approval by the Board of Education of the 2026-2027 School Plan for Student Achievement (SPSA) for Oakland Technical High School.,School Plan for Student Achievement,Chief Academic Officer,,,,Approves Oakland Technical High School's 2026-27 School Plan for Student Achievement,The Board is asked to approve the 2026-2027 School Plan for Student Achievement (SPSA) for Oakland Technical High School. This is the school's yearly plan for its goals and how it will use its resources. The item states no dollar amount.,School plans,,school_plan,,,Oakland Technical High School,no_cost,,,,,,,true,2026-07-01,2027-06-30,,,,Adopted on the General Consent Report,2026-06-24,true,auto_ok,sonnet-agent,enrich.v5.md,true,
2026-06-24:26-1370,2026-06-24,2026-06-24,regular,R.-153,211,general,Chief Academic Officer,26-1370,https://ousd.legistar.com/gateway.aspx?M=L&ID=69790,2026-2027 School Plan for Student Achievement (SPSA) - Skyline High School,Approval by the Board of Education of the 2026-2027 School Plan for Student Achievement (SPSA) for Skyline High School.,School Plan for Student Achievement,Chief Academic Officer,,,,Approves Skyline High School's 2026-27 School Plan for Student Achievement,The Board is asked to approve the 2026-2027 School Plan for Student Achievement (SPSA) for Skyline High School. This is the school's yearly plan for its goals and how it will use its resources. The item states no dollar amount.,School plans,,school_plan,,,Skyline High School,no_cost,,,,,,,true,2026-07-01,2027-06-30,,,,Adopted on the General Consent Report,2026-06-24,true,auto_ok,sonnet-agent,enrich.v5.md,true,
2026-06-24:26-1371,2026-06-24,2026-06-24,regular,R.-154,212,general,Chief Academic Officer,26-1371,https://ousd.legistar.com/gateway.aspx?M=L&ID=69791,2026-2027 School Plan for Student Achievement (SPSA) - Young Adult Program,Approval by the Board of Education of the 2026-2027 School Plan for Student Achievement (SPSA) for Young Adult Program.,School Plan for Student Achievement,Chief Academic Officer,,,,Approves Young Adult Program's 2026-27 School Plan for Student Achievement,The Board is asked to approve the 2026-2027 School Plan for Student Achievement (SPSA) for Young Adult Program. This is the school's yearly plan for its goals and how it will use its resources. The item states no dollar amount.,School plans,,school_plan,,,Young Adult Program,no_cost,,,,,,,true,2026-07-01,2027-06-30,,,,Adopted on the General Consent Report,2026-06-24,true,auto_ok,sonnet-agent,enrich.v5.md,true,
2026-06-24:26-1372,2026-06-24,2026-06-24,regular,R.-155,213,general,Chief Academic Officer,26-1372,https://ousd.legistar.com/gateway.aspx?M=L&ID=69792,2026-2027 School Plan for Student Achievement (SPSA) - Ralph J. Bunche Academy,Approval by the Board of Education of the 2026-2027 School Plan for Student Achievement (SPSA) for Ralph J. Bunche Academy.,School Plan for Student Achievement,Chief Academic Officer,,,,Approves Ralph J. Bunche Academy's 2026-27 School Plan for Student Achievement,The Board is asked to approve the 2026-2027 School Plan for Student Achievement (SPSA) for Ralph J. Bunche Academy. This is the school's yearly plan for its goals and how it will use its resources. The item states no dollar amount.,School plans,,school_plan,,,Ralph J. Bunche Academy,no_cost,,,,,,,true,2026-07-01,2027-06-30,,,,Adopted on the General Consent Report,2026-06-24,true,auto_ok,sonnet-agent,enrich.v5.md,true,
2026-06-24:26-1373,2026-06-24,2026-06-24,regular,R.-156,214,general,Chief Academic Officer,26-1373,https://ousd.legistar.com/gateway.aspx?M=L&ID=69793,2026-2027 School Plan for Student Achievement (SPSA) - Gateway to College at Laney College,Approval by the Board of Education of the 2026-2027 School Plan for Student Achievement (SPSA) for Gateway to College at Laney College.,School Plan for Student Achievement,Chief Academic Officer,,,,Approves Gateway to College at Laney College's 2026-27 School Plan for Student Achievement,The Board is asked to approve the 2026-2027 School Plan for Student Achievement (SPSA) for Gateway to College at Laney College. This is the school's yearly plan for its goals and how it will use its resources. The item states no dollar amount.,School plans,,school_plan,,,Gateway to College at Laney College,no_cost,,,,,,,true,2026-07-01,2027-06-30,,,,Adopted on the General Consent Report,2026-06-24,true,auto_ok,sonnet-agent,enrich.v5.md,true,
2026-06-24:26-1374,2026-06-24,2026-06-24,regular,R.-157,215,general,Chief Academic Officer,26-1374,https://ousd.legistar.com/gateway.aspx?M=L&ID=69794,2026-2027 School Plan for Student Achievement (SPSA) - Emiliano Zapata Street Academy,Approval by the Board of Education of the 2026-2027 School Plan for Student Achievement (SPSA) for 2026-2027 School Plan for Student Achievement (SPSA) - Emiliano Zapata Street Academy.,School Plan for Student Achievement,Chief Academic Officer,,,,Approves Emiliano Zapata Street Academy's 2026-27 School Plan for Student Achievement,The Board is asked to approve the 2026-2027 School Plan for Student Achievement (SPSA) for Emiliano Zapata Street Academy. This is the school's yearly plan for its goals and how it will use its resources. The item states no dollar amount.,School plans,,school_plan,,,Emiliano Zapata Street Academy,no_cost,,,,,,,true,2026-07-01,2027-06-30,source_issue,The official action text only repeats the title.,,Adopted on the General Consent Report,2026-06-24,true,human_reviewed,sonnet-agent,enrich.v5.md,true,
2026-06-24:26-1375,2026-06-24,2026-06-24,regular,R.-158,216,general,Chief Academic Officer,26-1375,https://ousd.legistar.com/gateway.aspx?M=L&ID=69795,2026-2027 School Plan for Student Achievement (SPSA) - Sojourner Truth Independent Study,2026-2027 School Plan for Student Achievement (SPSA) for Sojourner Truth Independent Study,School Plan for Student Achievement,Chief Academic Officer,,,,Approves Sojourner Truth Independent Study's 2026-27 School Plan for Student Achievement,The Board is asked to approve the 2026-2027 School Plan for Student Achievement (SPSA) for Sojourner Truth Independent Study. This is the school's yearly plan for its goals and how it will use its resources. The item states no dollar amount.,School plans,,school_plan,,,Sojourner Truth Independent Study,no_cost,,,,,,,true,2026-07-01,2027-06-30,,,,Adopted on the General Consent Report,2026-06-24,true,auto_ok,sonnet-agent,enrich.v5.md,true,
2026-06-24:26-1376,2026-06-24,2026-06-24,regular,R.-159,217,general,Chief Academic Officer,26-1376,https://ousd.legistar.com/gateway.aspx?M=L&ID=69796,2026-2027 School Plan for Student Achievement (SPSA) - Life Academy,Approval by the Board of Education of the 2026-2027 School Plan for Student Achievement (SPSA) for Life Academy.,School Plan for Student Achievement,Chief Academic Officer,,,,Approves Life Academy's 2026-27 School Plan for Student Achievement,The Board is asked to approve the 2026-2027 School Plan for Student Achievement (SPSA) for Life Academy. This is the school's yearly plan for its goals and how it will use its resources. The item states no dollar amount.,School plans,,school_plan,,,Life Academy,no_cost,,,,,,,true,2026-07-01,2027-06-30,,,,Adopted on the General Consent Report,2026-06-24,true,auto_ok,sonnet-agent,enrich.v5.md,true,
2026-06-24:26-1377,2026-06-24,2026-06-24,regular,R.-160,218,general,Chief Academic Officer,26-1377,https://ousd.legistar.com/gateway.aspx?M=L&ID=69797,2026-2027 School Plan for Student Achievement (SPSA) - MetWest High School,Approval by the Board of Education of the 2026-2027 School Plan for Student Achievement (SPSA) for MetWest High School.,School Plan for Student Achievement,Chief Academic Officer,,,,Approves MetWest High School's 2026-27 School Plan for Student Achievement,The Board is asked to approve the 2026-2027 School Plan for Student Achievement (SPSA) for MetWest High School. This is the school's yearly plan for its goals and how it will use its resources. The item states no dollar amount.,School plans,,school_plan,,,MetWest High School,no_cost,,,,,,,true,2026-07-01,2027-06-30,,,,Adopted on the General Consent Report,2026-06-24,true,auto_ok,sonnet-agent,enrich.v5.md,true,
2026-06-24:26-1378,2026-06-24,2026-06-24,regular,R.-161,219,general,Chief Academic Officer,26-1378,https://ousd.legistar.com/gateway.aspx?M=L&ID=69798,2026-2027 School Plan for Student Achievement (SPSA) - Rudsdale Continuation High School,Approval by the Board of Education of the 2026-2027 School Plan for Student Achievement (SPSA) for Rudsdale Continuation High School.,School Plan for Student Achievement,Chief Academic Officer,,,,Approves Rudsdale Continuation High School's 2026-27 School Plan for Student Achievement,The Board is asked to approve the 2026-2027 School Plan for Student Achievement (SPSA) for Rudsdale Continuation High School. This is the school's yearly plan for its goals and how it will use its resources. The item states no dollar amount.,School plans,,school_plan,,,Rudsdale Continuation High School,no_cost,,,,,,,true,2026-07-01,2027-06-30,,,,Adopted on the General Consent Report,2026-06-24,true,auto_ok,sonnet-agent,enrich.v5.md,true,
2026-06-24:26-1379,2026-06-24,2026-06-24,regular,R.-162,220,general,Chief Academic Officer,26-1379,https://ousd.legistar.com/gateway.aspx?M=L&ID=69799,2026-2027 School Plan for Student Achievement (SPSA) - Oakland International High School,Approval by the Board of Education of the 2026-2027 School Plan for Student Achievement (SPSA) for Oakland International High School.,School Plan for Student Achievement,Chief Academic Officer,,,,Approves Oakland International High School's 2026-27 School Plan for Student Achievement,The Board is asked to approve the 2026-2027 School Plan for Student Achievement (SPSA) for Oakland International High School. This is the school's yearly plan for its goals and how it will use its resources. The item states no dollar amount.,School plans,,school_plan,,,Oakland International High School,no_cost,,,,,,,true,2026-07-01,2027-06-30,,,,Adopted on the General Consent Report,2026-06-24,true,auto_ok,sonnet-agent,enrich.v5.md,true,
2026-06-24:26-1380,2026-06-24,2026-06-24,regular,R.-163,221,general,Chief Academic Officer,26-1380,https://ousd.legistar.com/gateway.aspx?M=L&ID=69800,2026-2027 School Plan for Student Achievement (SPSA) - Allendale Elementary School,Approval by the Board of Education of the 2026-2027 School Plan for Student Achievement (SPSA) for Allendale Elementary School.,School Plan for Student Achievement,Chief Academic Officer,,,,Approves Allendale Elementary School's 2026-27 School Plan for Student Achievement,The Board is asked to approve the 2026-2027 School Plan for Student Achievement (SPSA) for Allendale Elementary School. This is the school's yearly plan for its goals and how it will use its resources. The item states no dollar amount.,School plans,,school_plan,,,Allendale Elementary School,no_cost,,,,,,,true,2026-07-01,2027-06-30,,,,Adopted on the General Consent Report,2026-06-24,true,auto_ok,sonnet-agent,enrich.v5.md,true,
2026-06-24:26-1381,2026-06-24,2026-06-24,regular,R.-164,222,general,Chief Academic Officer,26-1381,https://ousd.legistar.com/gateway.aspx?M=L&ID=69801,2026-2027 School Plan for Student Achievement (SPSA) - Bella Vista Elementary School,Approval by the Board of Education of the 2026-2027 School Plan for Student Achievement (SPSA) for Bella Vista Elementary School.,School Plan for Student Achievement,Chief Academic Officer,,,,Approves Bella Vista Elementary School's 2026-27 School Plan for Student Achievement,The Board is asked to approve the 2026-2027 School Plan for Student Achievement (SPSA) for Bella Vista Elementary School. This is the school's yearly plan for its goals and how it will use its resources. The item states no dollar amount.,School plans,,school_plan,,,Bella Vista Elementary School,no_cost,,,,,,,true,2026-07-01,2027-06-30,,,,Adopted on the General Consent Report,2026-06-24,true,auto_ok,sonnet-agent,enrich.v5.md,true,
2026-06-24:26-1382,2026-06-24,2026-06-24,regular,R.-165,223,general,Chief Academic Officer,26-1382,https://ousd.legistar.com/gateway.aspx?M=L&ID=69802,2026-2027 School Plan for Student Achievement (SPSA) - Brookfield Elementary School,Approval by the Board of Education of the 2026-2027 School Plan for Student Achievement (SPSA) for Brookfield Elementary School.,School Plan for Student Achievement,Chief Academic Officer,,,,Approves Brookfield Elementary School's 2026-27 School Plan for Student Achievement,The Board is asked to approve the 2026-2027 School Plan for Student Achievement (SPSA) for Brookfield Elementary School. This is the school's yearly plan for its goals and how it will use its resources. The item states no dollar amount.,School plans,,school_plan,,,Brookfield Elementary School,no_cost,,,,,,,true,2026-07-01,2027-06-30,,,,Adopted on the General Consent Report,2026-06-24,true,auto_ok,sonnet-agent,enrich.v5.md,true,
2026-06-24:26-1384,2026-06-24,2026-06-24,regular,R.-166,224,general,Chief Academic Officer,26-1384,https://ousd.legistar.com/gateway.aspx?M=L&ID=69804,2026-2027 School Plan for Student Achievement (SPSA) - Burbank Child Development Center,Approval by the Board of Education of the 2026-2027 School Plan for Student Achievement (SPSA) for Burbank Child Development Center.,School Plan for Student Achievement,Chief Academic Officer,,,,Approves Burbank Child Development Center's 2026-27 School Plan for Student Achievement,The Board is asked to approve the 2026-2027 School Plan for Student Achievement (SPSA) for Burbank Child Development Center. This is the school's yearly plan for its goals and how it will use its resources. The item states no dollar amount.,School plans,,school_plan,,,Burbank Child Development Center,no_cost,,,,,,,true,2026-07-01,2027-06-30,,,,Adopted on the General Consent Report,2026-06-24,true,auto_ok,sonnet-agent,enrich.v5.md,true,
2026-06-24:26-1385,2026-06-24,2026-06-24,regular,R.-167,225,general,Chief Academic Officer,26-1385,https://ousd.legistar.com/gateway.aspx?M=L&ID=69805,2026-2027 School Plan for Student Achievement (SPSA) - Burckhalter Elementary School,Approval by the Board of Education of the 2026-2027 School Plan for Student Achievement (SPSA) for Burckhalter Elementary School.,School Plan for Student Achievement,Chief Academic Officer,,,,Approves Burckhalter Elementary School's 2026-27 School Plan for Student Achievement,The Board is asked to approve the 2026-2027 School Plan for Student Achievement (SPSA) for Burckhalter Elementary School. This is the school's yearly plan for its goals and how it will use its resources. The item states no dollar amount.,School plans,,school_plan,,,Burckhalter Elementary School,no_cost,,,,,,,true,2026-07-01,2027-06-30,,,,Adopted on the General Consent Report,2026-06-24,true,auto_ok,sonnet-agent,enrich.v5.md,true,
2026-06-24:26-1386,2026-06-24,2026-06-24,regular,R.-168,226,general,Chief Academic Officer,26-1386,https://ousd.legistar.com/gateway.aspx?M=L&ID=69806,2026-2027 School Plan for Student Achievement (SPSA) - Chabot Elementary School,Approval by the Board of Education of the 2026-2027 School Plan for Student Achievement (SPSA) for Chabot Elementary School.,School Plan for Student Achievement,Chief Academic Officer,,,,Approves Chabot Elementary School's 2026-27 School Plan for Student Achievement,The Board is asked to approve the 2026-2027 School Plan for Student Achievement (SPSA) for Chabot Elementary School. This is the school's yearly plan for its goals and how it will use its resources. The item states no dollar amount.,School plans,,school_plan,,,Chabot Elementary School,no_cost,,,,,,,true,2026-07-01,2027-06-30,,,,Adopted on the General Consent Report,2026-06-24,true,auto_ok,sonnet-agent,enrich.v5.md,true,
2026-06-24:26-1387,2026-06-24,2026-06-24,regular,R.-169,227,general,Chief Academic Officer,26-1387,https://ousd.legistar.com/gateway.aspx?M=L&ID=69807,2026-2027 School Plan for Student Achievement (SPSA) - East Oakland PRIDE Elementary School,Approval by the Board of Education of the 2026-2027 School Plan for Student Achievement (SPSA) for East Oakland PRIDE Elementary School.,School Plan for Student Achievement,Chief Academic Officer,,,,Approves East Oakland PRIDE Elementary School's 2026-27 School Plan for Student Achievement,The Board is asked to approve the 2026-2027 School Plan for Student Achievement (SPSA) for East Oakland PRIDE Elementary School. This is the school's yearly plan for its goals and how it will use its resources. The item states no dollar amount.,School plans,,school_plan,,,East Oakland PRIDE Elementary School,no_cost,,,,,,,true,2026-07-01,2027-06-30,,,,Adopted on the General Consent Report,2026-06-24,true,auto_ok,sonnet-agent,enrich.v5.md,true,
2026-06-24:26-1388,2026-06-24,2026-06-24,regular,R.-170,228,general,Chief Academic Officer,26-1388,https://ousd.legistar.com/gateway.aspx?M=L&ID=69808,2026-2027 School Plan for Student Achievement (SPSA) - Cleveland Elementary School,Approval by the Board of Education of the 2026-2027 School Plan for Student Achievement (SPSA) for Cleveland Elementary School.,School Plan for Student Achievement,Chief Academic Officer,,,,Approves Cleveland Elementary School's 2026-27 School Plan for Student Achievement,The Board is asked to approve the 2026-2027 School Plan for Student Achievement (SPSA) for Cleveland Elementary School. This is the school's yearly plan for its goals and how it will use its resources. The item states no dollar amount.,School plans,,school_plan,,,Cleveland Elementary School,no_cost,,,,,,,true,2026-07-01,2027-06-30,,,,Adopted on the General Consent Report,2026-06-24,true,auto_ok,sonnet-agent,enrich.v5.md,true,
2026-06-24:26-1389,2026-06-24,2026-06-24,regular,R.-171,229,general,Chief Academic Officer,26-1389,https://ousd.legistar.com/gateway.aspx?M=L&ID=69809,2026-2027 School Plan for Student Achievement (SPSA) - Crocker Highlands Elementary School,Approval by the Board of Education of the 2026-2027 School Plan for Student Achievement (SPSA) for Crocker Highlands Elementary School.,School Plan for Student Achievement,Chief Academic Officer,,,,Approves Crocker Highlands Elementary School's 2026-27 School Plan for Student Achievement,The Board is asked to approve the 2026-2027 School Plan for Student Achievement (SPSA) for Crocker Highlands Elementary School. This is the school's yearly plan for its goals and how it will use its resources. The item states no dollar amount.,School plans,,school_plan,,,Crocker Highlands Elementary School,no_cost,,,,,,,true,2026-07-01,2027-06-30,,,,Adopted on the General Consent Report,2026-06-24,true,auto_ok,sonnet-agent,enrich.v5.md,true,
2026-06-24:26-1390,2026-06-24,2026-06-24,regular,R.-172,230,general,Chief Academic Officer,26-1390,https://ousd.legistar.com/gateway.aspx?M=L&ID=69810,2026-2027 School Plan for Student Achievement (SPSA) - Greenleaf Elementary School,Approval by the Board of Education of the 2026-2027 School Plan for Student Achievement (SPSA) for Greenleaf Elementary School.,School Plan for Student Achievement,Chief Academic Officer,,,,Approves Greenleaf Elementary School's 2026-27 School Plan for Student Achievement,The Board is asked to approve the 2026-2027 School Plan for Student Achievement (SPSA) for Greenleaf Elementary School. This is the school's yearly plan for its goals and how it will use its resources. The item states no dollar amount.,School plans,,school_plan,,,Greenleaf Elementary School,no_cost,,,,,,,true,2026-07-01,2027-06-30,,,,Adopted on the General Consent Report,2026-06-24,true,auto_ok,sonnet-agent,enrich.v5.md,true,
2026-06-24:26-1391,2026-06-24,2026-06-24,regular,R.-173,231,general,Chief Academic Officer,26-1391,https://ousd.legistar.com/gateway.aspx?M=L&ID=69811,2026-2027 School Plan for Student Achievement (SPSA) - Global Family Elementary School,Approval by the Board of Education of the 2026-2027 School Plan for Student Achievement (SPSA) for Global Family Elementary School.,School Plan for Student Achievement,Chief Academic Officer,,,,Approves Global Family Elementary School's 2026-27 School Plan for Student Achievement,The Board is asked to approve the 2026-2027 School Plan for Student Achievement (SPSA) for Global Family Elementary School. This is the school's yearly plan for its goals and how it will use its resources. The item states no dollar amount.,School plans,,school_plan,,,Global Family Elementary School,no_cost,,,,,,,true,2026-07-01,2027-06-30,,,,Adopted on the General Consent Report,2026-06-24,true,auto_ok,sonnet-agent,enrich.v5.md,true,
2026-06-24:26-1392,2026-06-24,2026-06-24,regular,R.-174,232,general,Chief Academic Officer,26-1392,https://ousd.legistar.com/gateway.aspx?M=L&ID=69812,2026-2027 School Plan for Student Achievement (SPSA) - Emerson Elementary School,Approval by the Board of Education of the 2026-2027 School Plan for Student Achievement (SPSA) for Emerson Elementary School.,School Plan for Student Achievement,Chief Academic Officer,,,,Approves Emerson Elementary School's 2026-27 School Plan for Student Achievement,The Board is asked to approve the 2026-2027 School Plan for Student Achievement (SPSA) for Emerson Elementary School. This is the school's yearly plan for its goals and how it will use its resources. The item states no dollar amount.,School plans,,school_plan,,,Emerson Elementary School,no_cost,,,,,,,true,2026-07-01,2027-06-30,,,,Adopted on the General Consent Report,2026-06-24,true,auto_ok,sonnet-agent,enrich.v5.md,true,
2026-06-24:26-1393,2026-06-24,2026-06-24,regular,R.-175,233,general,Chief Academic Officer,26-1393,https://ousd.legistar.com/gateway.aspx?M=L&ID=69813,2026-2027 School Plan for Student Achievement (SPSA) - Franklin Elementary School,Approval by the Board of Education of the 2026-2027 School Plan for Student Achievement (SPSA) for Franklin Elementary School.,School Plan for Student Achievement,Chief Academic Officer,,,,Approves Franklin Elementary School's 2026-27 School Plan for Student Achievement,The Board is asked to approve the 2026-2027 School Plan for Student Achievement (SPSA) for Franklin Elementary School. This is the school's yearly plan for its goals and how it will use its resources. The item states no dollar amount.,School plans,,school_plan,,,Franklin Elementary School,no_cost,,,,,,,true,2026-07-01,2027-06-30,,,,Adopted on the General Consent Report,2026-06-24,true,auto_ok,sonnet-agent,enrich.v5.md,true,
2026-06-24:26-1394,2026-06-24,2026-06-24,regular,R.-176,234,general,Chief Academic Officer,26-1394,https://ousd.legistar.com/gateway.aspx?M=L&ID=69814,2026-2027 School Plan for Student Achievement (SPSA) - Fruitvale Elementary School,Approval by the Board of Education of the 2026-2027 School Plan for Student Achievement (SPSA) for Fruitvale Elementary School.,School Plan for Student Achievement,Chief Academic Officer,,,,Approves Fruitvale Elementary School's 2026-27 School Plan for Student Achievement,The Board is asked to approve the 2026-2027 School Plan for Student Achievement (SPSA) for Fruitvale Elementary School. This is the school's yearly plan for its goals and how it will use its resources. The item states no dollar amount.,School plans,,school_plan,,,Fruitvale Elementary School,no_cost,,,,,,,true,2026-07-01,2027-06-30,,,,Adopted on the General Consent Report,2026-06-24,true,auto_ok,sonnet-agent,enrich.v5.md,true,
2026-06-24:26-1395,2026-06-24,2026-06-24,regular,R.-177,235,general,Chief Academic Officer,26-1395,https://ousd.legistar.com/gateway.aspx?M=L&ID=69815,2026-2027 School Plan for Student Achievement (SPSA) - Garfield Elementary School,Approval by the Board of Education of the 2026-2027 School Plan for Student Achievement (SPSA) for Garfield Elementary School.,School Plan for Student Achievement,Chief Academic Officer,,,,Approves Garfield Elementary School's 2026-27 School Plan for Student Achievement,The Board is asked to approve the 2026-2027 School Plan for Student Achievement (SPSA) for Garfield Elementary School. This is the school's yearly plan for its goals and how it will use its resources. The item states no dollar amount.,School plans,,school_plan,,,Garfield Elementary School,no_cost,,,,,,,true,2026-07-01,2027-06-30,,,,Adopted on the General Consent Report,2026-06-24,true,auto_ok,sonnet-agent,enrich.v5.md,true,
2026-06-24:26-1396,2026-06-24,2026-06-24,regular,R.-178,236,general,Chief Academic Officer,26-1396,https://ousd.legistar.com/gateway.aspx?M=L&ID=69816,2026-2027 School Plan for Student Achievement (SPSA) - Glenview Elementary School,Approval by the Board of Education of the 2026-2027 School Plan for Student Achievement (SPSA) for Glenview Elementary School.,School Plan for Student Achievement,Chief Academic Officer,,,,Approves Glenview Elementary School's 2026-27 School Plan for Student Achievement,The Board is asked to approve the 2026-2027 School Plan for Student Achievement (SPSA) for Glenview Elementary School. This is the school's yearly plan for its goals and how it will use its resources. The item states no dollar amount.,School plans,,school_plan,,,Glenview Elementary School,no_cost,,,,,,,true,2026-07-01,2027-06-30,,,,Adopted on the General Consent Report,2026-06-24,true,auto_ok,sonnet-agent,enrich.v5.md,true,
2026-06-24:26-1397,2026-06-24,2026-06-24,regular,R.-179,237,general,Chief Academic Officer,26-1397,https://ousd.legistar.com/gateway.aspx?M=L&ID=69817,2026-2027 School Plan for Student Achievement (SPSA) - La Escuelita Elementary School,Approval by the Board of Education of the 2026-2027 School Plan for Student Achievement (SPSA) for La Escuelita Elementary School.,School Plan for Student Achievement,Chief Academic Officer,,,,Approves La Escuelita Elementary School's 2026-27 School Plan for Student Achievement,The Board is asked to approve the 2026-2027 School Plan for Student Achievement (SPSA) for La Escuelita Elementary School. This is the school's yearly plan for its goals and how it will use its resources. The item states no dollar amount.,School plans,,school_plan,,,La Escuelita Elementary School,no_cost,,,,,,,true,2026-07-01,2027-06-30,,,,Adopted on the General Consent Report,2026-06-24,true,auto_ok,sonnet-agent,enrich.v5.md,true,
2026-06-24:26-1398,2026-06-24,2026-06-24,regular,R.-180,238,general,Chief Academic Officer,26-1398,https://ousd.legistar.com/gateway.aspx?M=L&ID=69818,2026-2027 School Plan for Student Achievement (SPSA) - Grass Valley Elementary School,Approval by the Board of Education of the 2026-2027 School Plan for Student Achievement (SPSA) for Grass Valley Elementary School.,School Plan for Student Achievement,Chief Academic Officer,,,,Approves Grass Valley Elementary School's 2026-27 School Plan for Student Achievement,The Board is asked to approve the 2026-2027 School Plan for Student Achievement (SPSA) for Grass Valley Elementary School. This is the school's yearly plan for its goals and how it will use its resources. The item states no dollar amount.,School plans,,school_plan,,,Grass Valley Elementary School,no_cost,,,,,,,true,2026-07-01,2027-06-30,,,,Adopted on the General Consent Report,2026-06-24,true,auto_ok,sonnet-agent,enrich.v5.md,true,
2026-06-24:26-1399,2026-06-24,2026-06-24,regular,R.-181,239,general,Chief Academic Officer,26-1399,https://ousd.legistar.com/gateway.aspx?M=L&ID=69819,2026-2027 School Plan for Student Achievement (SPSA) - Highland Community School,Approval by the Board of Education of the 2026-2027 School Plan for Student Achievement (SPSA) for Highland Community School.,School Plan for Student Achievement,Chief Academic Officer,,,,Approves Highland Community School's 2026-27 School Plan for Student Achievement,"The Board is approving the 2026-2027 School Plan for Student Achievement (SPSA) for Highland Community School. This is the school's yearly plan, and the text lists no dollar amount for this vote. It covers the 2026-27 school year.",School plans,,school_plan,,,Highland Community School,no_cost,,,,,,,true,2026-07-01,2027-06-30,,,,Adopted on the General Consent Report,2026-06-24,true,auto_ok,sonnet-agent,enrich.v5.md,true,
2026-06-24:26-1400,2026-06-24,2026-06-24,regular,R.-182,240,general,Chief Academic Officer,26-1400,https://ousd.legistar.com/gateway.aspx?M=L&ID=69820,2026-2027 School Plan for Student Achievement (SPSA) - Hillcrest School,Approval by the Board of Education of the 2026-2027 School Plan for Student Achievement (SPSA) for Hillcrest School.,School Plan for Student Achievement,Chief Academic Officer,,,,Approves Hillcrest School's 2026-27 School Plan for Student Achievement,"The Board is approving the 2026-2027 School Plan for Student Achievement (SPSA) for Hillcrest School. This is the school's yearly plan, and the text lists no dollar amount for this vote. It covers the 2026-27 school year.",School plans,,school_plan,,,Hillcrest School,no_cost,,,,,,,true,2026-07-01,2027-06-30,,,,Adopted on the General Consent Report,2026-06-24,true,auto_ok,sonnet-agent,enrich.v5.md,true,
2026-06-24:26-1401,2026-06-24,2026-06-24,regular,R.-183,241,general,Chief Academic Officer,26-1401,https://ousd.legistar.com/gateway.aspx?M=L&ID=69821,2026-2027 School Plan for Student Achievement (SPSA) - Laurel Elementary School,Approval by the Board of Education of the 2026-2027 School Plan for Student Achievement (SPSA) for Laurel Elementary School.,School Plan for Student Achievement,Chief Academic Officer,,,,Approves Laurel Elementary School's 2026-27 School Plan for Student Achievement,"The Board is approving the 2026-2027 School Plan for Student Achievement (SPSA) for Laurel Elementary School. This is the school's yearly plan, and the text lists no dollar amount for this vote. It covers the 2026-27 school year.",School plans,,school_plan,,,Laurel Elementary School,no_cost,,,,,,,true,2026-07-01,2027-06-30,,,,Adopted on the General Consent Report,2026-06-24,true,auto_ok,sonnet-agent,enrich.v5.md,true,
2026-06-24:26-1402,2026-06-24,2026-06-24,regular,R.-184,242,general,Chief Academic Officer,26-1402,https://ousd.legistar.com/gateway.aspx?M=L&ID=69822,2026-2027 School Plan for Student Achievement (SPSA) - Lincoln Elementary School,Approval by the Board of Education of the 2026-2027 School Plan for Student Achievement (SPSA) for Lincoln Elementary School.,School Plan for Student Achievement,Chief Academic Officer,,,,Approves Lincoln Elementary School's 2026-27 School Plan for Student Achievement,"The Board is approving the 2026-2027 School Plan for Student Achievement (SPSA) for Lincoln Elementary School. This is the school's yearly plan, and the text lists no dollar amount for this vote. It covers the 2026-27 school year.",School plans,,school_plan,,,Lincoln Elementary School,no_cost,,,,,,,true,2026-07-01,2027-06-30,,,,Adopted on the General Consent Report,2026-06-24,true,auto_ok,sonnet-agent,enrich.v5.md,true,
2026-06-24:26-1403,2026-06-24,2026-06-24,regular,R.-185,243,general,Chief Academic Officer,26-1403,https://ousd.legistar.com/gateway.aspx?M=L&ID=69823,2026-2027 School Plan for Student Achievement (SPSA) - Horace Mann Elementary School,Approval by the Board of Education of the 2026-2027 School Plan for Student Achievement (SPSA) for Horace Mann Elementary School.,School Plan for Student Achievement,Chief Academic Officer,,,,Approves Horace Mann Elementary School's 2026-27 School Plan for Student Achievement,"The Board is approving the 2026-2027 School Plan for Student Achievement (SPSA) for Horace Mann Elementary School. This is the school's yearly plan, and the text lists no dollar amount for this vote. It covers the 2026-27 school year.",School plans,,school_plan,,,Horace Mann Elementary School,no_cost,,,,,,,true,2026-07-01,2027-06-30,,,,Adopted on the General Consent Report,2026-06-24,true,auto_ok,sonnet-agent,enrich.v5.md,true,
2026-06-24:26-1404,2026-06-24,2026-06-24,regular,R.-186,244,general,Chief Academic Officer,26-1404,https://ousd.legistar.com/gateway.aspx?M=L&ID=69824,2026-2027 School Plan for Student Achievement (SPSA) - Markham Elementary School,Approval by the Board of Education of the 2026-2027 School Plan for Student Achievement (SPSA) for Markham Elementary School.,School Plan for Student Achievement,Chief Academic Officer,,,,Approves Markham Elementary School's 2026-27 School Plan for Student Achievement,"The Board is approving the 2026-2027 School Plan for Student Achievement (SPSA) for Markham Elementary School. This is the school's yearly plan, and the text lists no dollar amount for this vote. It covers the 2026-27 school year.",School plans,,school_plan,,,Markham Elementary School,no_cost,,,,,,,true,2026-07-01,2027-06-30,,,,Adopted on the General Consent Report,2026-06-24,true,auto_ok,sonnet-agent,enrich.v5.md,true,
2026-06-24:26-1405,2026-06-24,2026-06-24,regular,R.-187,245,general,Chief Academic Officer,26-1405,https://ousd.legistar.com/gateway.aspx?M=L&ID=69825,2026-2027 School Plan for Student Achievement (SPSA) - Joaquin Miller Elementary School,Approval by the Board of Education of the 2026-2027 School Plan for Student Achievement (SPSA) for Joaquin Miller Elementary School.,School Plan for Student Achievement,Chief Academic Officer,,,,Approves Joaquin Miller Elementary School's 2026-27 School Plan for Student Achievement,"The Board is approving the 2026-2027 School Plan for Student Achievement (SPSA) for Joaquin Miller Elementary School. This is the school's yearly plan, and the text lists no dollar amount for this vote. It covers the 2026-27 school year.",School plans,,school_plan,,,Joaquin Miller Elementary School,no_cost,,,,,,,true,2026-07-01,2027-06-30,,,,Adopted on the General Consent Report,2026-06-24,true,auto_ok,sonnet-agent,enrich.v5.md,true,
2026-06-24:26-1408,2026-06-24,2026-06-24,regular,R.-188,246,general,Chief Academic Officer,26-1408,https://ousd.legistar.com/gateway.aspx?M=L&ID=69828,2026-2027 School Plan for Student Achievement (SPSA) - Montclair Elementary School,Approval by the Board of Education of the 2026-2027 School Plan for Student Achievement (SPSA) for Montclair Elementary School.,School Plan for Student Achievement,Chief Academic Officer,,,,Approves Montclair Elementary School's 2026-27 School Plan for Student Achievement,"The Board is approving the 2026-2027 School Plan for Student Achievement (SPSA) for Montclair Elementary School. This is the school's yearly plan, and the text lists no dollar amount for this vote. It covers the 2026-27 school year.",School plans,,school_plan,,,Montclair Elementary School,no_cost,,,,,,,true,2026-07-01,2027-06-30,,,,Adopted on the General Consent Report,2026-06-24,true,auto_ok,sonnet-agent,enrich.v5.md,true,
2026-06-24:26-1410,2026-06-24,2026-06-24,regular,R.-189,247,general,Chief Academic Officer,26-1410,https://ousd.legistar.com/gateway.aspx?M=L&ID=69830,2026-2027 School Plan for Student Achievement (SPSA) - Peralta Elementary School,Approval by the Board of Education of the 2026-2027 School Plan for Student Achievement (SPSA) for Peralta Elementary School.,School Plan for Student Achievement,Chief Academic Officer,,,,Approves Peralta Elementary School's 2026-27 School Plan for Student Achievement,"The Board is approving the 2026-2027 School Plan for Student Achievement (SPSA) for Peralta Elementary School. This is the school's yearly plan, and the text lists no dollar amount for this vote. It covers the 2026-27 school year.",School plans,,school_plan,,,Peralta Elementary School,no_cost,,,,,,,true,2026-07-01,2027-06-30,,,,Adopted on the General Consent Report,2026-06-24,true,auto_ok,sonnet-agent,enrich.v5.md,true,
2026-06-24:26-1411,2026-06-24,2026-06-24,regular,R.-190,248,general,Chief Academic Officer,26-1411,https://ousd.legistar.com/gateway.aspx?M=L&ID=69831,2026-2027 School Plan for Student Achievement (SPSA) - Piedmont Avenue Elementary School,Approval by the Board of Education of the 2026-2027 School Plan for Student Achievement (SPSA) for Piedmont Avenue Elementary School.,School Plan for Student Achievement,Chief Academic Officer,,,,Approves Piedmont Avenue Elementary School's 2026-27 School Plan for Student Achievement,"The Board is approving the 2026-2027 School Plan for Student Achievement (SPSA) for Piedmont Avenue Elementary School. This is the school's yearly plan, and the text lists no dollar amount for this vote. It covers the 2026-27 school year.",School plans,,school_plan,,,Piedmont Avenue Elementary School,no_cost,,,,,,,true,2026-07-01,2027-06-30,,,,Adopted on the General Consent Report,2026-06-24,true,auto_ok,sonnet-agent,enrich.v5.md,true,
2026-06-24:26-1412,2026-06-24,2026-06-24,regular,R.-191,249,general,Chief Academic Officer,26-1412,https://ousd.legistar.com/gateway.aspx?M=L&ID=69832,2026-2027 School Plan for Student Achievement (SPSA) - Redwood Heights Elementary School,Approval by the Board of Education of the 2026-2027 School Plan for Student Achievement (SPSA) for Redwood Heights Elementary School.,School Plan for Student Achievement,Chief Academic Officer,,,,Approves Redwood Heights Elementary School's 2026-27 School Plan for Student Achievement,"The Board is approving the 2026-2027 School Plan for Student Achievement (SPSA) for Redwood Heights Elementary School. This is the school's yearly plan, and the text lists no dollar amount for this vote. It covers the 2026-27 school year.",School plans,,school_plan,,,Redwood Heights Elementary School,no_cost,,,,,,,true,2026-07-01,2027-06-30,,,,Adopted on the General Consent Report,2026-06-24,true,auto_ok,sonnet-agent,enrich.v5.md,true,
2026-06-24:26-1413,2026-06-24,2026-06-24,regular,R.-192,250,general,Chief Academic Officer,26-1413,https://ousd.legistar.com/gateway.aspx?M=L&ID=69833,2026-2027 School Plan for Student Achievement (SPSA) - Sequoia Elementary School,Approval by the Board of Education of the 2026-2027 School Plan for Student Achievement (SPSA) for Sequoia Elementary School.,School Plan for Student Achievement,Chief Academic Officer,,,,Approves Sequoia Elementary School's 2026-27 School Plan for Student Achievement,"The Board is approving the 2026-2027 School Plan for Student Achievement (SPSA) for Sequoia Elementary School. This is the school's yearly plan, and the text lists no dollar amount for this vote. It covers the 2026-27 school year.",School plans,,school_plan,,,Sequoia Elementary School,no_cost,,,,,,,true,2026-07-01,2027-06-30,,,,Adopted on the General Consent Report,2026-06-24,true,auto_ok,sonnet-agent,enrich.v5.md,true,
2026-06-24:26-1414,2026-06-24,2026-06-24,regular,R.-193,251,general,Chief Academic Officer,26-1414,https://ousd.legistar.com/gateway.aspx?M=L&ID=69834,2026-2027 School Plan for Student Achievement (SPSA) - Madison Park Academy Primary,Approval by the Board of Education of the 2026-2027 School Plan for Student Achievement (SPSA) for Madison Park Academy Primary.,School Plan for Student Achievement,Chief Academic Officer,,,,Approves Madison Park Academy Primary's 2026-27 School Plan for Student Achievement,"The Board is approving the 2026-2027 School Plan for Student Achievement (SPSA) for Madison Park Academy Primary. This is the school's yearly plan, and the text lists no dollar amount for this vote. It covers the 2026-27 school year.",School plans,,school_plan,,,Madison Park Academy Primary,no_cost,,,,,,,true,2026-07-01,2027-06-30,,,,Adopted on the General Consent Report,2026-06-24,true,auto_ok,sonnet-agent,enrich.v5.md,true,
2026-06-24:26-1416,2026-06-24,2026-06-24,regular,R.-194,252,general,Chief Academic Officer,26-1416,https://ousd.legistar.com/gateway.aspx?M=L&ID=69836,2026-2027 School Plan for Student Achievement (SPSA) - Thornhill Elementary School,Approval by the Board of Education of the 2026-2027 School Plan for Student Achievement (SPSA) for Thornhill Elementary School.,School Plan for Student Achievement,Chief Academic Officer,,,,Approves Thornhill Elementary School's 2026-27 School Plan for Student Achievement,"The Board is approving the 2026-2027 School Plan for Student Achievement (SPSA) for Thornhill Elementary School. This is the school's yearly plan, and the text lists no dollar amount for this vote. It covers the 2026-27 school year.",School plans,,school_plan,,,Thornhill Elementary School,no_cost,,,,,,,true,2026-07-01,2027-06-30,,,,Adopted on the General Consent Report,2026-06-24,true,auto_ok,sonnet-agent,enrich.v5.md,true,
2026-06-24:26-1417,2026-06-24,2026-06-24,regular,R.-195,253,general,Chief Academic Officer,26-1417,https://ousd.legistar.com/gateway.aspx?M=L&ID=69837,2026-2027 School Plan for Student Achievement (SPSA) - Lockwood STEAM Academy,Approval by the Board of Education of the 2026-2027 School Plan for Student Achievement (SPSA) for Lockwood STEAM Academy.,School Plan for Student Achievement,Chief Academic Officer,,,,Approves Lockwood STEAM Academy's 2026-27 School Plan for Student Achievement,"The Board is approving the 2026-2027 School Plan for Student Achievement (SPSA) for Lockwood STEAM Academy. This is the school's yearly plan, and the text lists no dollar amount for this vote. It covers the 2026-27 school year.",School plans,,school_plan,,,Lockwood STEAM Academy,no_cost,,,,,,,true,2026-07-01,2027-06-30,,,,Adopted on the General Consent Report,2026-06-24,true,auto_ok,sonnet-agent,enrich.v5.md,true,
2026-06-24:26-1418,2026-06-24,2026-06-24,regular,R.-196,254,general,Chief Academic Officer,26-1418,https://ousd.legistar.com/gateway.aspx?M=L&ID=69838,2026-2027 School Plan for Student Achievement (SPSA) - ACORN Woodland Elementary School,Approval by the Board of Education of the 2026-2027 School Plan for Student Achievement (SPSA) for ACORN Woodland Elementary School.,School Plan for Student Achievement,Chief Academic Officer,,,,Approves ACORN Woodland Elementary School's 2026-27 School Plan for Student Achievement,"The Board is approving the 2026-2027 School Plan for Student Achievement (SPSA) for ACORN Woodland Elementary School. This is the school's yearly plan, and the text lists no dollar amount for this vote. It covers the 2026-27 school year.",School plans,,school_plan,,,ACORN Woodland Elementary School,no_cost,,,,,,,true,2026-07-01,2027-06-30,,,,Adopted on the General Consent Report,2026-06-24,true,auto_ok,sonnet-agent,enrich.v5.md,true,
2026-06-24:26-1419,2026-06-24,2026-06-24,regular,R.-197,255,general,Chief Academic Officer,26-1419,https://ousd.legistar.com/gateway.aspx?M=L&ID=69839,2026-2027 School Plan for Student Achievement (SPSA) - Carl B. Munck Elementary School,Approval by the Board of Education of the 2026-2027 School Plan for Student Achievement (SPSA) for Carl B. Munck Elementary School.,School Plan for Student Achievement,Chief Academic Officer,,,,Approves Carl B. Munck Elementary School's 2026-27 School Plan for Student Achievement,"The Board is approving the 2026-2027 School Plan for Student Achievement (SPSA) for Carl B. Munck Elementary School. This is the school's yearly plan, and the text lists no dollar amount for this vote. It covers the 2026-27 school year.",School plans,,school_plan,,,Carl B. Munck Elementary School,no_cost,,,,,,,true,2026-07-01,2027-06-30,,,,Adopted on the General Consent Report,2026-06-24,true,auto_ok,sonnet-agent,enrich.v5.md,true,
2026-06-24:26-1420,2026-06-24,2026-06-24,regular,R.-198,256,general,Chief Academic Officer,26-1420,https://ousd.legistar.com/gateway.aspx?M=L&ID=69840,2026-2027 School Plan for Student Achievement (SPSA) - Oakland Academy of Knowledge,Approval by the Board of Education of the 2026-2027 School Plan for Student Achievement (SPSA) for Oakland Academy of Knowledge.,School Plan for Student Achievement,Chief Academic Officer,,,,Approves Oakland Academy of Knowledge's 2026-27 School Plan for Student Achievement,"The Board is approving the 2026-2027 School Plan for Student Achievement (SPSA) for Oakland Academy of Knowledge. This is the school's yearly plan, and the text lists no dollar amount for this vote. It covers the 2026-27 school year.",School plans,,school_plan,,,Oakland Academy of Knowledge,no_cost,,,,,,,true,2026-07-01,2027-06-30,,,,Adopted on the General Consent Report,2026-06-24,true,auto_ok,sonnet-agent,enrich.v5.md,true,
2026-06-24:26-1421,2026-06-24,2026-06-24,regular,R.-199,257,general,Chief Academic Officer,26-1421,https://ousd.legistar.com/gateway.aspx?M=L&ID=69841,2026-2027 School Plan for Student Achievement (SPSA) - Hoover Elementary School,Approval by the Board of Education of the 2026-2027 School Plan for Student Achievement (SPSA) for Hoover Elementary School.,School Plan for Student Achievement,Chief Academic Officer,,,,Approves Hoover Elementary School's 2026-27 School Plan for Student Achievement,"The Board is approving the 2026-2027 School Plan for Student Achievement (SPSA) for Hoover Elementary School. This is the school's yearly plan, and the text lists no dollar amount for this vote. It covers the 2026-27 school year.",School plans,,school_plan,,,Hoover Elementary School,no_cost,,,,,,,true,2026-07-01,2027-06-30,,,,Adopted on the General Consent Report,2026-06-24,true,auto_ok,sonnet-agent,enrich.v5.md,true,
2026-06-24:26-1422,2026-06-24,2026-06-24,regular,R.-200,258,general,Chief Academic Officer,26-1422,https://ousd.legistar.com/gateway.aspx?M=L&ID=69842,2026-2027 School Plan for Student Achievement (SPSA) - Fred T. Korematsu Discovery Academy,Approval by the Board of Education of the 2026-2027 School Plan for Student Achievement (SPSA) for Fred T. Korematsu Discovery Academy.,School Plan for Student Achievement,Chief Academic Officer,,,,Approves Fred T. Korematsu Discovery Academy's 2026-27 School Plan for Student Achievement,"The Board is approving the 2026-2027 School Plan for Student Achievement (SPSA) for Fred T. Korematsu Discovery Academy. This is the school's yearly plan, and the text lists no dollar amount for this vote. It covers the 2026-27 school year.",School plans,,school_plan,,,Fred T. Korematsu Discovery Academy,no_cost,,,,,,,true,2026-07-01,2027-06-30,,,,Adopted on the General Consent Report,2026-06-24,true,auto_ok,sonnet-agent,enrich.v5.md,true,
2026-06-24:26-1424,2026-06-24,2026-06-24,regular,R.-201,259,general,Chief Academic Officer,26-1424,https://ousd.legistar.com/gateway.aspx?M=L&ID=69844,2026-2027 School Plan for Student Achievement (SPSA) - Manzanita SEED Elementary School,Approval by the Board of Education of the 2026-2027 School Plan for Student Achievement (SPSA) for Manzanita SEED Elementary School.,School Plan for Student Achievement,Chief Academic Officer,,,,Approves Manzanita SEED Elementary School's 2026-27 School Plan for Student Achievement,"The Board is approving the 2026-2027 School Plan for Student Achievement (SPSA) for Manzanita SEED Elementary School. This is the school's yearly plan, and the text lists no dollar amount for this vote. It covers the 2026-27 school year.",School plans,,school_plan,,,Manzanita SEED Elementary School,no_cost,,,,,,,true,2026-07-01,2027-06-30,,,,Adopted on the General Consent Report,2026-06-24,true,auto_ok,sonnet-agent,enrich.v5.md,true,
2026-06-24:26-1425,2026-06-24,2026-06-24,regular,R.-202,260,general,Chief Academic Officer,26-1425,https://ousd.legistar.com/gateway.aspx?M=L&ID=69845,2026-2027 School Plan for Student Achievement (SPSA) - Esperanza Elementary School,Approval by the Board of Education of the 2026-2027 School Plan for Student Achievement (SPSA) for Esperanza Elementary School.,School Plan for Student Achievement,Chief Academic Officer,,,,Approves Esperanza Elementary School's 2026-27 School Plan for Student Achievement,"The Board is approving the 2026-2027 School Plan for Student Achievement (SPSA) for Esperanza Elementary School. This is the school's yearly plan, and the text lists no dollar amount for this vote. It covers the 2026-27 school year.",School plans,,school_plan,,,Esperanza Elementary School,no_cost,,,,,,,true,2026-07-01,2027-06-30,,,,Adopted on the General Consent Report,2026-06-24,true,auto_ok,sonnet-agent,enrich.v5.md,true,
2026-06-24:26-1426,2026-06-24,2026-06-24,regular,R.-203,261,general,Chief Academic Officer,26-1426,https://ousd.legistar.com/gateway.aspx?M=L&ID=69846,2026-2027 School Plan for Student Achievement (SPSA) - Bridges Academy at Melrose,Approval by the Board of Education of the 2026-2027 School Plan for Student Achievement (SPSA) for Bridges Academy at Melrose.,School Plan for Student Achievement,Chief Academic Officer,,,,Approves Bridges Academy at Melrose's 2026-27 School Plan for Student Achievement,"The Board is approving the 2026-2027 School Plan for Student Achievement (SPSA) for Bridges Academy at Melrose. This is the school's yearly plan, and the text lists no dollar amount for this vote. It covers the 2026-27 school year.",School plans,,school_plan,,,Bridges Academy at Melrose,no_cost,,,,,,,true,2026-07-01,2027-06-30,,,,Adopted on the General Consent Report,2026-06-24,true,auto_ok,sonnet-agent,enrich.v5.md,true,
2026-06-24:26-1428,2026-06-24,2026-06-24,regular,R.-204,262,general,Chief Academic Officer,26-1428,https://ousd.legistar.com/gateway.aspx?M=L&ID=69848,2026-2027 School Plan for Student Achievement (SPSA) - Manzanita Community School,Approval by the Board of Education of the 2026-2027 School Plan for Student Achievement (SPSA) for Manzanita Community School.,School Plan for Student Achievement,Chief Academic Officer,,,,Approves Manzanita Community School's 2026-27 School Plan for Student Achievement,"The Board is approving the 2026-2027 School Plan for Student Achievement (SPSA) for Manzanita Community School. This is the school's yearly plan, and the text lists no dollar amount for this vote. It covers the 2026-27 school year.",School plans,,school_plan,,,Manzanita Community School,no_cost,,,,,,,true,2026-07-01,2027-06-30,,,,Adopted on the General Consent Report,2026-06-24,true,auto_ok,sonnet-agent,enrich.v5.md,true,
2026-06-24:26-1429,2026-06-24,2026-06-24,regular,R.-205,263,general,Chief Academic Officer,26-1429,https://ousd.legistar.com/gateway.aspx?M=L&ID=69849,2026-2027 School Plan for Student Achievement (SPSA) - EnCompass Academy,Approval by the Board of Education of the 2026-2027 School Plan for Student Achievement (SPSA) for EnCompass Academy.,School Plan for Student Achievement,Chief Academic Officer,,,,Approves EnCompass Academy's 2026-27 School Plan for Student Achievement,"The Board is approving the 2026-2027 School Plan for Student Achievement (SPSA) for EnCompass Academy. This is the school's yearly plan, and the text lists no dollar amount for this vote. It covers the 2026-27 school year.",School plans,,school_plan,,,EnCompass Academy,no_cost,,,,,,,true,2026-07-01,2027-06-30,,,,Adopted on the General Consent Report,2026-06-24,true,auto_ok,sonnet-agent,enrich.v5.md,true,
2026-06-24:26-1430,2026-06-24,2026-06-24,regular,R.-206,264,general,Chief Academic Officer,26-1430,https://ousd.legistar.com/gateway.aspx?M=L&ID=69850,2026-2027 School Plan for Student Achievement (SPSA) - Martin Luther King Jr. Elementary School,Approval by the Board of Education of the 2026-2027 School Plan for Student Achievement (SPSA) for Martin Luther King Jr. Elementary School.,School Plan for Student Achievement,Chief Academic Officer,,,,Approves Martin Luther King Jr. Elementary School's 2026-27 School Plan for Student Achievement,"The Board is approving the 2026-2027 School Plan for Student Achievement (SPSA) for Martin Luther King Jr. Elementary School. This is the school's yearly plan, and the text lists no dollar amount for this vote. It covers the 2026-27 school year.",School plans,,school_plan,,,Martin Luther King Jr. Elementary School,no_cost,,,,,,,true,2026-07-01,2027-06-30,,,,Adopted on the General Consent Report,2026-06-24,true,auto_ok,sonnet-agent,enrich.v5.md,true,
2026-06-24:26-1431,2026-06-24,2026-06-24,regular,R.-207,265,general,Chief Academic Officer,26-1431,https://ousd.legistar.com/gateway.aspx?M=L&ID=69851,2026-2027 School Plan for Student Achievement (SPSA) - Prescott School,Approval by the Board of Education of the 2026-2027 School Plan for Student Achievement (SPSA) for Prescott School.,School Plan for Student Achievement,Chief Academic Officer,,,,Approves Prescott School's 2026-27 School Plan for Student Achievement,"The Board is approving the 2026-2027 School Plan for Student Achievement (SPSA) for Prescott School. This is the school's yearly plan, and the text lists no dollar amount for this vote. It covers the 2026-27 school year.",School plans,,school_plan,,,Prescott School,no_cost,,,,,,,true,2026-07-01,2027-06-30,,,,Adopted on the General Consent Report,2026-06-24,true,auto_ok,sonnet-agent,enrich.v5.md,true,
2026-06-24:26-1433,2026-06-24,2026-06-24,regular,R.-208,266,general,Chief Academic Officer,26-1433,https://ousd.legistar.com/gateway.aspx?M=L&ID=69853,2026-2027 School Plan for Student Achievement (SPSA) - International Community School,Approval by the Board of Education of the 2026-2027 School Plan for Student Achievement (SPSA) for International Community School.,School Plan for Student Achievement,Chief Academic Officer,,,,Approves International Community School's 2026-27 School Plan for Student Achievement,"The Board is approving the 2026-2027 School Plan for Student Achievement (SPSA) for International Community School. This is the school's yearly plan, and the text lists no dollar amount for this vote. It covers the 2026-27 school year.",School plans,,school_plan,,,International Community School,no_cost,,,,,,,true,2026-07-01,2027-06-30,,,,Adopted on the General Consent Report,2026-06-24,true,auto_ok,sonnet-agent,enrich.v5.md,true,
2026-06-24:26-1434,2026-06-24,2026-06-24,regular,R.-209,267,general,Chief Academic Officer,26-1434,https://ousd.legistar.com/gateway.aspx?M=L&ID=69854,2026-2027 School Plan for Student Achievement (SPSA) - Think College Now Elementary School,Approval by the Board of Education of the 2026-2027 School Plan for Student Achievement (SPSA) for Think College Now Elementary School.,School Plan for Student Achievement,Chief Academic Officer,,,,Approves Think College Now Elementary School's 2026-27 School Plan for Student Achievement,"The Board is approving the 2026-2027 School Plan for Student Achievement (SPSA) for Think College Now Elementary School. This is the school's yearly plan, and the text lists no dollar amount for this vote. It covers the 2026-27 school year.",School plans,,school_plan,,,Think College Now Elementary School,no_cost,,,,,,,true,2026-07-01,2027-06-30,,,,Adopted on the General Consent Report,2026-06-24,true,auto_ok,sonnet-agent,enrich.v5.md,true,
2026-06-24:26-1435,2026-06-24,2026-06-24,regular,R.-210,268,general,Chief Academic Officer,26-1435,https://ousd.legistar.com/gateway.aspx?M=L&ID=69855,2026-2027 School Plan for Student Achievement (SPSA) - REACH Academy,Approval by the Board of Education of the 2026-2027 School Plan for Student Achievement (SPSA) for REACH Academy.,School Plan for Student Achievement,Chief Academic Officer,,,,Approves REACH Academy's 2026-27 School Plan for Student Achievement,"The Board is approving the 2026-2027 School Plan for Student Achievement (SPSA) for REACH Academy. This is the school's yearly plan, and the text lists no dollar amount for this vote. It covers the 2026-27 school year.",School plans,,school_plan,,,REACH Academy,no_cost,,,,,,,true,2026-07-01,2027-06-30,,,,Adopted on the General Consent Report,2026-06-24,true,auto_ok,sonnet-agent,enrich.v5.md,true,
2026-06-24:26-1436,2026-06-24,2026-06-24,regular,R.-211,269,general,Chief Academic Officer,26-1436,https://ousd.legistar.com/gateway.aspx?M=L&ID=69856,2026-2027 School Plan for Student Achievement (SPSA) - Sankofa United Elementary School,Approval by the Board of Education of the 2026-2027 School Plan for Student Achievement (SPSA) for Sankofa United Elementary School.,School Plan for Student Achievement,Chief Academic Officer,,,,Approves Sankofa United Elementary's 2026-27 School Plan for Student Achievement,The Board is approving the 2026-2027 School Plan for Student Achievement for Sankofa United Elementary School. This is the school's yearly plan for how it will work to improve student learning. The item lists no dollar amount.,School plans,,school_plan,,,Sankofa United Elementary School,no_cost,,,,,,,true,2026-07-01,2027-06-30,,,,Adopted on the General Consent Report,2026-06-24,true,auto_ok,sonnet-agent,enrich.v5.md,true,
2026-06-24:26-1437,2026-06-24,2026-06-24,regular,R.-212,270,general,Chief Academic Officer,26-1437,https://ousd.legistar.com/gateway.aspx?M=L&ID=69857,2026-2027 School Plan for Student Achievement (SPSA) - Kaiser Early Childhood Center,Approval by the Board of Education of the 2026-2027 School Plan for Student Achievement (SPSA) for Kaiser Early Childhood Center.,School Plan for Student Achievement,Chief Academic Officer,,,,Approves Kaiser Early Childhood Center's 2026-27 School Plan for Student Achievement,The Board is approving the 2026-2027 School Plan for Student Achievement for Kaiser Early Childhood Center. This is the school's yearly plan for how it will work to improve student learning. The item lists no dollar amount.,School plans,,school_plan,,,Kaiser Early Childhood Center,no_cost,,,,,,,true,2026-07-01,2027-06-30,,,,Adopted on the General Consent Report,2026-06-24,true,auto_ok,sonnet-agent,enrich.v5.md,true,
2026-06-24:26-1438,2026-06-24,2026-06-24,regular,R.-213,271,general,Chief Academic Officer,26-1438,https://ousd.legistar.com/gateway.aspx?M=L&ID=69858,2026-2027 School Plan for Student Achievement (SPSA) - Dewey Academy,Approval by the Board of Education of the 2026-2027 School Plan for Student Achievement (SPSA) for Dewey Academy.,School Plan for Student Achievement,Chief Academic Officer,,,,Approves Dewey Academy's 2026-27 School Plan for Student Achievement,The Board is approving the 2026-2027 School Plan for Student Achievement for Dewey Academy. This is the school's yearly plan for how it will work to improve student learning. The item lists no dollar amount.,School plans,,school_plan,,,Dewey Academy,no_cost,,,,,,,true,2026-07-01,2027-06-30,,,,Adopted on the General Consent Report,2026-06-24,true,auto_ok,sonnet-agent,enrich.v5.md,true,
2026-06-24:26-1105,2026-06-24,2026-06-24,regular,R.-214,272,general,Chief Academic Officer,26-1105,https://ousd.legistar.com/gateway.aspx?M=L&ID=68531,Services Agreement 2025-2026 - Oakland Public Education Fund - McClymonds High School,"Approval by the Board of Education of a Services Agreement 2025-2026 by and between the District and Oakland Public Education Fund, Oakland, CA, for the latter to manage the stipend process for student interns involved with the pathway-based summer Work-Based Learning program, Exploring College, Career, and Community Options (ECCCO), including setting up the intern stipend process and timeline, issuing stipend payments as directed by OUSD's Work-Based Learning Coordinator on the agreed-upon timeline, resolving stipend issues in a professional manner, invoicing OUSD for the amount of processed stipends, and issuing year-end tax documents to stipend recipients at McClymonds High School, for the period of June 1, 2026 through June 30, 2026, in an amount not to exceed $13,800.00.",Agreement or Contract,Chief Academic Officer,003143,v-003143,Measure H,"Pays Oakland Public Education Fund up to $13,800 to run McClymonds summer intern stipends","The district is paying Oakland Public Education Fund to manage stipend payments for student interns in the summer Work-Based Learning program at McClymonds High School. The nonprofit sets up the payment process, issues stipends as directed by the district's coordinator, invoices the district and sends year-end tax documents. The period is June 1 through June 30, 2026.",After-school & summer programs,,new_agreement,Oakland Public Education Fund,organization,McClymonds High School,expense,not_to_exceed,13800,,,,,true,2026-06-01,2026-06-30,after_work_began,,,Adopted on the General Consent Report,2026-06-24,true,auto_ok,sonnet-agent,enrich.v5.md,true,
2026-06-24:26-1106,2026-06-24,2026-06-24,regular,R.-215,273,general,Chief Academic Officer,26-1106,https://ousd.legistar.com/gateway.aspx?M=L&ID=68532,Services Agreement 2025-2026 - Ball for Life Oakland LLC - Sequoia Elementary School,"Approval by the Board of Education of a Services Agreement 2025-2026 by and between the District and Ball for Life Oakland LLC, Oakland, CA, for the latter to provide 20 hours of professional development for certificated and classified staff delivered through workshops and co-designed sessions, with a focus on strengthening school culture and climate through relationships, trauma-informed/healing-centered practices, systems, and play, resulting in equipping staff with the skills, tools and practices needed to create an inclusive, pro-social, and emotionally safe playground environment where all students can thrive at Sequoia Elementary School, for the period of September 1, 2025 through May 28, 2026, in an amount not to exceed $5,000.00.",Agreement or Contract,Chief Academic Officer,006975,v-006975,Educator Effectiveness,"Pays Ball for Life Oakland up to $5,000 for staff culture and climate training at Sequoia Elementary","The district is paying Ball for Life Oakland LLC for 20 hours of professional development for teachers and other staff at Sequoia Elementary School. The workshops focus on school culture, relationships and trauma-informed practices to make the playground safe and welcoming. The period is September 1, 2025 through May 28, 2026.",Classroom & academic programs,,new_agreement,Ball for Life Oakland LLC,organization,Sequoia Elementary School,expense,not_to_exceed,5000,,,,,true,2025-09-01,2026-05-28,after_work_began,,,Adopted on the General Consent Report,2026-06-24,true,auto_ok,sonnet-agent,enrich.v5.md,true,
2026-06-24:26-1231,2026-06-24,2026-06-24,regular,R.-216,274,general,Chief Academic Officer,26-1231,https://ousd.legistar.com/gateway.aspx?M=L&ID=68656,"Services Agreement 2025-2026 - BAMA Institute, LLC - Adult and Career Education Department","Ratification by the Board of Education of a Services Agreement 2025-2026 by and between the District and BAMA Institute, LLC, San Francisco, CA, for the latter to provide a Cardiopulmonary resuscitation (CPR) course and a phlebotomy course for 28 students for through the Oakland Highway to Work program. The CPR course includes CPR and BLS (Basic Life Support) training and certification. BAMA will provide classroom didactic instruction for a phlebotomy course as well as the licensing exam and support to obtain the CPT 1 License from the California Department of Public Health via Adult and Career Education Department, for the period of June 2, 2026 through June 30, 2026 in an amount not to exceed $14,500.00.",Agreement or Contract,Chief Academic Officer,008425,v-008425,DOL-EDD YA Career Pathway,"Ratifies $14,500 for CPR and phlebotomy courses for 28 students from BAMA Institute","BAMA Institute will teach a CPR and Basic Life Support course and a phlebotomy (blood-draw) course, including help with the state license exam, for 28 students in the Oakland Highway to Work program run by Adult and Career Education. The period is June 2 through June 30, 2026. The Board is ratifying the agreement, meaning it is confirming an agreement already made.",Classroom & academic programs,,new_agreement,"BAMA Institute, LLC",organization,,expense,not_to_exceed,14500,,,,,true,2026-06-02,2026-06-30,after_work_began,,,Adopted on the General Consent Report,2026-06-24,true,auto_ok,sonnet-agent,enrich.v5.md,true,
2026-06-24:26-1232,2026-06-24,2026-06-24,regular,R.-217,275,general,Chief Academic Officer,26-1232,https://ousd.legistar.com/gateway.aspx?M=L&ID=68657,Services Agreement 2025-2026 - YouthBeat - MetWest High School,"Approval by the Board of Education of a Services Agreement 2025-2026 by and between the District and YouthBeat, Oakland, CA, for the latter to provide two biweekly media elective classes - Multimedia Video Production for MetWest Live and Art Yearbook. Vendor costs include a Teaching Artist for each class, plus 37 hours for a Program Coordinator and 40 hours for curriculum development, logistics, and planning at MetWest High School, for the period of August 11, 2025 through May 29, 2026, in an amount not to exceed $23,973.00.",Agreement or Contract,Chief Academic Officer,009572,v-009572,CCSPP Implementation Grant,"Pays YouthBeat up to $23,973 for two media elective classes at MetWest High School","YouthBeat will teach two media elective classes at MetWest High School, Multimedia Video Production and Art Yearbook. The cost covers a teaching artist for each class, 37 hours of a program coordinator and 40 hours of planning and curriculum work. The period is August 11, 2025 through May 29, 2026.",Classroom & academic programs,,new_agreement,YouthBeat,organization,MetWest High School,expense,not_to_exceed,23973,,,,,true,2025-08-11,2026-05-29,after_work_began,,,Adopted on the General Consent Report,2026-06-24,true,auto_ok,sonnet-agent,enrich.v5.md,true,
2026-06-24:26-1448,2026-06-24,2026-06-24,regular,R.-218,276,general,Chief Academic Officer,26-1448,https://ousd.legistar.com/gateway.aspx?M=L&ID=69868,"Amendment No. 1, Services Agreement - Blenderbox Inc. - Early Childhood Development Department","Approval by the Board of Education of Amendment No. 1,  Services Agreement by and between the District and Blenderbox, Inc., New York, NY, for the latter to provide updates to enhance preschool enrollment workflows for the Early Childhood Education Office by improving efficiency, usability, and operational visibility;  support document samples and physician exam uploads, while Seat Management will include a new indicator for students who have received offers from other schools and streamlined actions requiring fewer clicks; allow staff to directly updated registration status and related fields within the interface, making preschool application management more efficient and user-friendly, for the period of November 1, 2025 through May 05, 2026, in the additional amount of $108,000.00, increasing the Agreement not to exceed amount from $790,200.00 $898,200.00.  All other terms and conditions of the Agreement remain in full force and effect.",Agreement or Contract,Chief Academic Officer,007853,v-007853,First 5 - Measure AA,"Adds $108,000 to Blenderbox's preschool enrollment software work, raising the cap to $898,200","This amendment adds $108,000 to the contract with Blenderbox for updates to the preschool enrollment system used by the Early Childhood Education Office. The updates include support for uploading documents and physician exams, a new seat-management indicator and easier staff editing of registration status. The contract limit rises from $790,200 to $898,200. The work period, November 1, 2025 through May 5, 2026, ended before this vote.",Technology,,amendment,"Blenderbox, Inc.",organization,,expense,not_to_exceed,108000,,,790200,898200,true,2025-11-01,2026-05-05,raises_existing_contract; source_issue,"The text reads ""from $790,200.00 $898,200.00"" (missing ""to"").",,Adopted on the General Consent Report,2026-06-24,true,human_reviewed,sonnet-agent,enrich.v5.md,true,
2026-06-24:26-1454,2026-06-24,2026-06-24,regular,R.-219,277,general,Chief Academic Officer,26-1454,https://ousd.legistar.com/gateway.aspx?M=L&ID=69874,"Amendment No. 1, Services Agreement - Alameda County Health Department - Community Schools and Student Services Department","Approval by the Board of Education of Amendment No. 1, Services Agreement by and between the District and County of Alameda, on behalf of its Health Department, San Leandro, CA, to continue to provide a range of services, including case management and mental health counseling; physical exams/sports physicals; diagnosis and treatment of minor illness. injury and medical conditions; STD screening and treatment. health education for students and families (e.g., nutrition/physical fitness; adolescent development; sexual health; dental screening and treatment youth development programs (e.g., peer health education. student research teams. youth advisory boards); professional development for school staff; outreach to youth and their families; communitywide health promotion events and activities; and referrals to health and social service providers on an off-site; 8 Alameda County Health will also contract with the OUSD Central Family Resource Center lead agency to coordinate health insurance enrollment and case management. and other support services available to all OUSD families (Exhibit A of Agreement), via the Community Schools and Student Services Department, in an additional amount of $535,000.00, increasing the not to exceed amount of Agreement, from $535,000.00 to $1,070,000.00, and extending the term of the Agreement from July 1, 2025 through June 30, 2026 to June 30, 2027. All other terms and conditions of the Agreement remain in full force and effect.",Agreement or Contract,Chief Academic Officer,000314,v-000314,Kaiser Health&wellness W/ebcf,"Adds $535,000 for Alameda County Health Department's student health services through June 2027","This amendment adds $535,000 and extends the agreement with the Alameda County Health Department by one year, to June 30, 2027. The county provides services such as counseling and case management, physical exams, treatment of minor illness, health education and referrals. The contract limit rises from $535,000 to $1,070,000.","Student health, support & family services",,amendment,"County of Alameda, Health Department",organization,,expense,not_to_exceed,535000,,,535000,1070000,true,2025-07-01,2027-06-30,raises_existing_contract; large_increase; multi_year,,,Adopted on the General Consent Report,2026-06-24,true,auto_ok,sonnet-agent,enrich.v5.md,true,
2026-06-24:26-1458,2026-06-24,2026-06-24,regular,R.-220,278,general,Chief Academic Officer,26-1458,https://ousd.legistar.com/gateway.aspx?M=L&ID=69878,Services Agreement 2025-2026 - Freedom Community Clinic - Community Schools and Student Services Department,"Ratification by the Board of Education of a Services Agreement 2025-2026 by and between the District and Freedom Community Clinic, Oakland, CA, for the latter to provide holistic healing services for OUSD staff during the OUSD Staff Health Fair in April to promote relaxation, stress relief, and overall well-being, via Community Schools and Student Services Department, for the period of April 15, 2026 through June 30, 2026, in an amount not to exceed $2,000.00.",Agreement or Contract,Chief Academic Officer,008351,v-008351,Kaiser Health&wellness W/ebcf,"Ratifies up to $2,000 for Freedom Community Clinic's healing services at the staff health fair","Freedom Community Clinic provided holistic healing services for district staff at the April Staff Health Fair, aimed at relaxation and stress relief. The period is April 15 through June 30, 2026. The Board is ratifying the agreement, meaning it is confirming an agreement already made.","Student health, support & family services",,new_agreement,Freedom Community Clinic,organization,,expense,not_to_exceed,2000,,,,,true,2026-04-15,2026-06-30,after_work_began,,,Adopted on the General Consent Report,2026-06-24,true,auto_ok,sonnet-agent,enrich.v5.md,true,
2026-06-24:26-1518,2026-06-24,2026-06-24,regular,R.-221,279,general,Chief Academic Officer,26-1518,https://ousd.legistar.com/gateway.aspx?M=L&ID=69938,"Services Agreement 2025-2026 - Quest Education Center, LLC dba Quest Nursing Education Center - Oakland Adult and Career Education Department","Ratification by the Board of Education of a Services Agreement 2025-2026 by and between the District and Quest Education Center, LLC dba Quest Nursing Education Center, Oakland, CA, for the latter to provide accelerated career training for 35 OUSD Alumni through the OUSD Alumni Highway to Work programs: classroom instruction and placements and instruction in designated Skilled Nursing Facilities; classroom didactic instruction for three weeks based on a collaborative calendar set by Quest and OUSD; then facilitate clinical rotations at a Skilled Nursing Facility (SNF) for three weeks; students CNA exam at Quest when they have completed the SNF rotations, via Oakland Adult and Career Education Department, for the period of May 30, 2026 through April 30, 2027, in an amount not to exceed $87,500.00.",Agreement or Contract,Chief Academic Officer,009390,v-009390,DOL-EDD YA Career Pathway,"Ratifies up to $87,500 for Quest Nursing Education Center's nursing assistant training for 35 alumni","Quest Nursing Education Center will give 35 OUSD alumni accelerated career training in the Highway to Work program: three weeks of classroom instruction, then three weeks of clinical rotations at a skilled nursing facility, followed by the nursing assistant exam. The period is May 30, 2026 through April 30, 2027. The Board is ratifying the agreement, meaning it is confirming an agreement already made.",Classroom & academic programs,,new_agreement,"Quest Education Center, LLC dba Quest Nursing Education Center",organization,,expense,not_to_exceed,87500,,,,,true,2026-05-30,2027-04-30,after_work_began,,,Adopted on the General Consent Report,2026-06-24,true,auto_ok,sonnet-agent,enrich.v5.md,true,
2026-06-24:26-1545,2026-06-24,2026-06-24,regular,R.-222,280,general,Chief Academic Officer,26-1545,https://ousd.legistar.com/gateway.aspx?M=L&ID=69965,Services Agreement 2025-2026 - Big Picture Learning - Met West High School,"Ratification by the Board of Education of a Services Agreement 2025-2026 by and between the District and Big Picture Learning (BPL), Providence, RI, for the latter to school staff with guided learning experiences that explore BPL's explicit design principles for Met West High School, for the period of January 1, 2026 through June 26, 2026, in an amount not to exceed $8,400.00.",Agreement or Contract,Chief Academic Officer,000693,v-000693,Measure H,"Ratifies up to $8,400 for Big Picture Learning's staff training at Met West High School","Big Picture Learning will give staff at Met West High School guided learning experiences that explore the organization's design principles. The period is January 1 through June 26, 2026. The Board is ratifying the agreement, meaning it is confirming an agreement already made.",Classroom & academic programs,,new_agreement,Big Picture Learning,organization,Met West High School,expense,not_to_exceed,8400,,,,,true,2026-01-01,2026-06-26,after_work_began,,,Adopted on the General Consent Report,2026-06-24,true,auto_ok,sonnet-agent,enrich.v5.md,true,
2026-06-24:26-1459,2026-06-24,2026-06-24,regular,R.-223,281,general,Chief Academic Officer,26-1459,https://ousd.legistar.com/gateway.aspx?M=L&ID=69879,"Services Agreement - Little Hands Occupational Therapy, Inc. - Special Education Department","Approval by the Board of Education of Award of RFP #26-1459 and of a Services Agreement by and between the District and Little Hands Occupational Inc., Corte Madera, CA, for the latter to provide Supplemental Intervention Services, as described in Exhibit A of the Services Agreement, incorporated herein by reference as though fully set forth, via the Special Education Department, for the period of July 1, 2026 through June 30, 2028, in an amount not to exceed $48,000.00.",Agreement or Contract,General Counsel,008330,v-008330,Special Education,"Awards Little Hands Occupational Therapy up to $48,000 for special education services through 2028","Following a request for proposals, the district is awarding Little Hands Occupational Therapy a contract to provide supplemental intervention services through the Special Education Department. The contract runs July 1, 2026 through June 30, 2028. The text refers to Exhibit A for the services but does not describe them further.",Special education,Services & contract staff,bid_award,"Little Hands Occupational Therapy, Inc.",organization,,expense,not_to_exceed,48000,,,,,true,2026-07-01,2028-06-30,multi_year,,,Adopted on the General Consent Report,2026-06-24,true,auto_ok,sonnet-agent,enrich.v5.md,true,
2026-06-24:26-0263A,2026-06-24,2026-06-24,regular,R.-224,283,general,General Counsel,26-0263A,https://ousd.legistar.com/gateway.aspx?M=L&ID=68675,"Amendment No. 1, Services Agreement 2025-2026 - Restoration Management Company - Risk Management Department","Approval by the Board of Education of Amendment No. 1, Services Agreement 2025-2026 by and between the District and Jon K Takata Corporation dba Restoration Management Company, Livermore, CA, for the latter to continue to provide environmental clean-up related services to reduce risk at OUSD school sites, in an additional amount of $71,000, increasing the Agreement not to exceed amount from $99,000.00 to $170,000.00, and extending the term of the Agreement  from July 1, 2025 through June 30, 2026, to June 30, 2027, via the Risk Management Department. All other terms and conditions of the Services Agreement remain in full force and effect.",Agreement or Contract,General Counsel,003592,v-003592,Fund 67 Self Insurance,"Adds $71,000 to Restoration Management Company's school-site cleanup work and extends it to June 2027","This amendment adds $71,000 and extends the contract by one year, to June 30, 2027, for Restoration Management Company to keep providing environmental cleanup services that reduce risk at school sites. The contract limit rises from $99,000 to $170,000.",School buildings & construction,,amendment,Restoration Management Company (Jon K Takata Corporation),organization,,expense,not_to_exceed,71000,,,99000,170000,true,2025-07-01,2027-06-30,raises_existing_contract; large_increase; previously_delayed; multi_year,,,Adopted on the General Consent Report,2026-06-24,true,auto_ok,sonnet-agent,enrich.v5.md,true,
2026-06-24:26-1260,2026-06-24,2026-06-24,regular,R.-225,284,general,General Counsel,26-1260,https://ousd.legistar.com/gateway.aspx?M=L&ID=69680,"Amendment No. 1, Services Agreement - Claremont Partners, Inc. - Risk Management Department","Approval by the Board of Education of Amendment No. 1, Services Agreement 2025-2026 by and between the District and Claremont Partners, Inc., Fresno, CA, for the latter to continue to provide the unchanged services, including employee health benefits communications and secretarial services, to the labor-management Health Benefits Governance Board (""HBGB""), by extending the term of the agreement from July 1, 2025 through June 30, 2026 to June 30, 2027, at the unchanged cost of $36,000.00 annually, via the Risk Management Department.  All other terms and conditions of the Agreement remain in full force and effect.",Agreement or Contract,General Counsel,001097,v-001097,,Extends Claremont Partners' health benefits support for the labor-management board to June 2027,"This amendment extends the agreement with Claremont Partners by one year, to June 30, 2027. Claremont keeps providing employee health benefits communications and secretarial services to the Health Benefits Governance Board, which includes labor and management. The cost stays at $36,000 per year, and the text lists no added money.",Staff & hiring,,amendment,"Claremont Partners, Inc.",organization,,expense,per_year,36000,,,,,true,2025-07-01,2027-06-30,previously_delayed; yearly_cap; no_total_stated; multi_year,,,Adopted on the General Consent Report,2026-06-24,true,human_reviewed,sonnet-agent,enrich.v5.md,true,
2026-06-24:26-1263,2026-06-24,2026-06-24,regular,R.-226,285,general,General Counsel,26-1263,https://ousd.legistar.com/gateway.aspx?M=L&ID=69683,Excess Workers’ Compensation Coverage and Excess Property and Liability Coverage - Premium Payment - Fiscal Year 2026-2027 - Risk Management Department,"Approval by the Board of Education of payment of membership contributions (premium) to Public Risk Innovation, Solutions, and Management (PRISM), a Joint Powers Authority (“JPA”), for Excess Workers’ Compensation Coverage, for Fiscal Year 2026-2027, in the amount of $888,000.00 and payment of premium to Northern California ReLiEF (“NCR”) JPA, administered by Keenan & Associates, Torrance, CA (Broker), for Excess Property and Liability Coverage. for July 1, 2026 through July 1, 2027, in the amount of $4,318,365.00, respectively.",Agreement or Contract,General Counsel,005123,v-005123,,"Pays $4,318,365 for excess property and liability insurance and $888,000 for excess workers' comp","The district is paying two public risk-pooling groups for insurance for 2026-27. It pays $888,000 to PRISM for excess workers' compensation coverage and $4,318,365 to Northern California ReLiEF for excess property and liability coverage. The text does not state a combined total.","Legal, compliance & risk",,other,PRISM and Northern California ReLiEF (JPAs),organization,,expense,fixed,4318365,,,,,true,2026-07-01,2027-06-30,pulled_from_consent; previously_delayed,,"Adopted in its own vote on June 29 (5–1), instead of with the rest of the consent report.",Adopted,2026-06-29,true,auto_ok,sonnet-agent,enrich.v5.md,true,
2026-06-24:26-1267,2026-06-24,2026-06-24,regular,R.-227,286,general,General Counsel,26-1267,https://ousd.legistar.com/gateway.aspx?M=L&ID=69687,"Claims Adjusting and Administrative Services Contract, Subrogation Agreement and Data Sharing Agreement - George Hills Company - General Counsel","Approval by the Board of Education of a Claims Adjusting and Administration Service Contract (CAASC) * (inclusive of Attachments: A; A-1; A-2; B, C, D, E) by and between the District and George Hills Company, Inc., Rancho Cordova, CA, a Property and Liability Third Party Administrator (TPA), rejecting all other bids, for the latter to provide liability and property claims adjusting services to the District, at a cost not to exceed $400,000.00 per fiscal year, subject to a 3% annual Escalator, for the term of June 1, 2026 through and including June 30, 2028, with an option for renewal of the CAASC for one-year periods thereafter; and of a Data Sharing Agreement (DSA), by and between Parties, for the same term as the CAASC, and the option to renew DSA for one year periods thereafter, pertaining to the District’s transmission of data to the second Party (George Hills Company) and the protection by the second Party of such data, pursuant to the terms and conditions of the DSA; each, via the Risk Management Department.",Agreement or Contract,General Counsel,007859,v-007859,,"Hires George Hills Company for claims adjusting at up to $400,000 a year through June 2028","The district is hiring George Hills Company, a third-party claims administrator, to handle liability and property claims, after rejecting the other bids. The cost is capped at $400,000 per fiscal year, with a 3% yearly increase, from June 1, 2026 through June 30, 2028, with one-year renewals possible. A separate data-sharing agreement covers how the district's data is sent to and protected by the company.","Legal, compliance & risk",,new_agreement,"George Hills Company, Inc.",organization,,expense,per_year,400000,,,,,true,2026-06-01,2028-06-30,after_work_began; previously_delayed; yearly_cap; no_total_stated; multi_year,,,Adopted on the General Consent Report,2026-06-24,true,auto_ok,sonnet-agent,enrich.v5.md,true,
2026-06-24:26-1272,2026-06-24,2026-06-24,regular,R.-228,287,general,General Counsel,26-1272,https://ousd.legistar.com/gateway.aspx?M=L&ID=69692,Services Agreement - The Institute for Excellence In Education - Charter Schools Office,"Ratification by the Board of Education of a Services Agreement by and between the District and with The Institute for Excellence In Education, Mt. Pleasant, MI, for the latter to provide use of the Epicenter platform, including setup and technical support, that will allow for the Office of Charter Schools (OCS) to efficiently assess and track data and documents related to charter governance, equitable admissions and enrollment processes, fiscal health and management, enrollment and attendance reports, teacher credentialing, charter board management, and dozens of other compliance-related documents that OCS collects and reviews annually, as delineated in Exhibit A of the Agreement, incorporated herein by reference as though fully set forth, via Office of Charter Schools, for the period of July 1, 2026 through June 30, 2027, in an amount not to exceed $39,700.00.",Agreement or Contract,General Counsel,,n-institute-for-excellence-in-education,,"Ratifies up to $39,700 for the Epicenter platform to track charter school oversight data","The district is paying The Institute for Excellence in Education for use of its Epicenter platform, including setup and technical support. The Office of Charter Schools will use it to track data and documents on charter school governance, admissions, finances, enrollment and teacher credentials. The period is July 1, 2026 through June 30, 2027. The Board is ratifying the agreement, meaning it is confirming an agreement already made.",Technology,,new_agreement,The Institute for Excellence In Education,organization,,expense,not_to_exceed,39700,,,,,true,2026-07-01,2027-06-30,previously_delayed,,,Adopted on the General Consent Report,2026-06-24,true,auto_ok,sonnet-agent,enrich.v5.md,true,
2026-06-24:26-1273,2026-06-24,2026-06-24,regular,R.-229,288,general,General Counsel,26-1273,https://ousd.legistar.com/gateway.aspx?M=L&ID=69693,Services Agreement - Centurisk - Risk Management Department,"Approval by the Board of Education of a Services Agreement by and between the District and Centurisk, for the latter to conduct an onsite inspection to perform an inventory verification of machinery and equipment fixed assets with an original cost of $500 and greater; provide District the data to the District for proper accountability and stewardship of capital assets, assist with the financial reporting requirements of GASB 34, and external audit requirements, with tasks more specifically detailed in Exhibit B of the Agreement, for the term April 10, 2026 through June 30, 2027, at a cost not to exceed $249,500.00.",Agreement or Contract,General Counsel,000516,v-000516,Fund 67 Resource 9031- Self Insurance Property & Liability,"Pays Centurisk up to $249,500 to verify the district's equipment and fixed asset inventory","Centurisk will inspect the district's sites and verify its inventory of machinery and equipment with an original cost of $500 or more. The data supports the district's tracking of capital assets, its financial reporting and its outside audit. The term is April 10, 2026 through June 30, 2027.","Budget, finance & payments",,new_agreement,Centurisk,organization,,expense,not_to_exceed,249500,,,,,true,2026-04-10,2027-06-30,after_work_began; previously_delayed; multi_year,,,Adopted on the General Consent Report,2026-06-24,true,auto_ok,sonnet-agent,enrich.v5.md,true,
2026-06-24:26-1287,2026-06-24,2026-06-24,regular,R.-230,289,general,General Counsel,26-1287,https://ousd.legistar.com/gateway.aspx?M=L&ID=69707,Services Agreement - Applied GeoKinetics - Risk Management Department,"Ratification by the Board of Education of a Services Agreement by and between the District and Applied GeoKinetics (GeoKinetics), LP, Irvine, CA, for the latter to provide general environmental consulting and contract management services associated with the District’s Vapor Intrusion Initiative, via the Office of the General Counsel, for the period of May 28, 2026 through June 30, 2027, in an amount not to exceed $20,000.00.",Agreement or Contract,General Counsel,008281,v-008281,Unrestricted,"Ratifies up to $20,000 for Applied GeoKinetics' consulting on the district's vapor intrusion initiative","Applied GeoKinetics will provide general environmental consulting and contract management for the district's Vapor Intrusion Initiative, which looks at whether vapors from the ground could enter buildings. The period is May 28, 2026 through June 30, 2027. The Board is ratifying the agreement, meaning it is confirming an agreement already made.",School buildings & construction,,new_agreement,"Applied GeoKinetics, LP",organization,,expense,not_to_exceed,20000,,,,,true,2026-05-28,2027-06-30,after_work_began,,,Adopted on the General Consent Report,2026-06-24,true,auto_ok,sonnet-agent,enrich.v5.md,true,
2026-06-24:26-1363,2026-06-24,2026-06-24,regular,R.-231,290,general,General Counsel,26-1363,https://ousd.legistar.com/gateway.aspx?M=L&ID=69783,"Memorandum of Understanding and Engagement Policy & Data Sharing Agreement - Lozano Smith, LLP - General Counsel","Approval by the Board of Education of a Memorandum of Understanding and Engagement Policy (MOUEP) and a Data Sharing Agreement (DSA), each, by and between District and Lozano Smith, LLP, for the latter, under the MOUEP, to “provide legal services to Oakland Unified School District (“OUSD” or “District”) for civil litigation matters, charter school matters and other legal services on an as needed basis (“SERVICES”).” Counsel or Contractor hereinafter includes (to the extent they exist): Counsel Board members, officers, trustees, and directors; Counsel employees, agents, consultants, contractors and subcontractors, representatives, and other similar individuals; and volunteers and others unpaid persons under Counsel’s direction, invitation, or control “Counsel Agents”,  for the period of July 1, 2026 through June 30, 2029, in an amount not to exceed $500,000.00 in a fiscal year and under the DSA, defining the terms and conditions of the District’s transmission of or sharing of data with Lozano Smith, LLP, and the protection by Lozano Smith, LLP, of such data, for the same term as the MOUEP, each, via the Office of the General Counsel.",Agreement or Contract,General Counsel,005396,v-005396,General Purpose; Charter Schools,"Hires Lozano Smith for up to $500,000 a year in legal services through June 2029","The district is approving a memorandum of understanding (MOU) and engagement policy with Lozano Smith, LLP for legal services for civil litigation, charter school matters and other matters, as needed. The firm may be paid up to $500,000 in a fiscal year from July 1, 2026 through June 30, 2029. A separate data-sharing agreement covers how the district's data is sent to and protected by the firm.","Legal, compliance & risk",,new_agreement,"Lozano Smith, LLP",organization,,expense,per_year,500000,,,,,true,2026-07-01,2029-06-30,yearly_cap; no_total_stated; multi_year,,,Adopted on the General Consent Report,2026-06-24,true,auto_ok,sonnet-agent,enrich.v5.md,true,
2026-06-24:26-1367,2026-06-24,2026-06-24,regular,R.-232,291,general,General Counsel,26-1367,https://ousd.legistar.com/gateway.aspx?M=L&ID=69787,Memorandum of Understanding and Engagement Policy & Data Sharing Agreement - Fagen Friedman Fulfrost - General Counsel,"Approval by the Board of Education of a Memorandum of Understanding and Engagement Policy (MOUEP) and a Data Sharing Agreement (DSA), each, by and between District and Fagen Friedman Fulfrost LLP, for the latter, under the MOUEP, to “provide legal services to Oakland Unified School District (“OUSD” or “District”) for facilities and construction law matters, with the exception of facilities or construction related claims and litigation defense, on an as needed basis (“SERVICES”).” Counsel or Contractor hereinafter includes (to the extent they exist): Counsel Board members, officers, trustees, and directors; Counsel employees, agents, consultants, contractors and subcontractors, representatives, and other similar individuals; and volunteers and others unpaid persons under Counsel’s direction, invitation, or control “Counsel Agents”,  for the period of July 1, 2026 through June 30, 2029, in an amount not to exceed $550,000.00 in a fiscal year and under the DSA, defining the terms and conditions of the District’s transmission of or sharing of data with Fagen Friedman Fulfrost LLP, and the protection by Fagen Friedman Fulfrost LLP, of such data, for the same term as the MOUEP, each, via the Office of the General Counsel.",Agreement or Contract,General Counsel,005403,v-005403,"Fund 21, Measure Y","Hires Fagen Friedman Fulfrost for up to $550,000 a year in facilities legal help through June 2029","The district is approving a memorandum of understanding (MOU) and engagement policy with Fagen Friedman Fulfrost LLP for legal services on facilities and construction law, other than claims and litigation defense, as needed. The firm may be paid up to $550,000 in a fiscal year from July 1, 2026 through June 30, 2029. A separate data-sharing agreement covers how the district's data is sent to and protected by the firm.","Legal, compliance & risk",,new_agreement,Fagen Friedman Fulfrost LLP,organization,,expense,per_year,550000,,,,,true,2026-07-01,2029-06-30,yearly_cap; no_total_stated; multi_year,,,Adopted on the General Consent Report,2026-06-24,true,auto_ok,sonnet-agent,enrich.v5.md,true,
2026-06-24:26-1415,2026-06-24,2026-06-24,regular,R.-233,292,general,General Counsel,26-1415,https://ousd.legistar.com/gateway.aspx?M=L&ID=69835,Memorandum of Understanding and Engagement Policy & Data Sharing Agreement - Fagen Friedman & Fulfrost LLP - Special Education Department,"Approval by the Board of Education of a Memorandum of Understanding and Engagement Policy (MOUEP) and a Data Sharing Agreement (DSA), each, by and between District and Fagen Friedman & Fulfrost LLP, for the latter, under the MOUEP, to “provide legal services to Oakland Unified School District (“OUSD” or “District”) for special education matters on an as needed basis, with the exception of special education-related claims and litigation (“SERVICES”).” Counsel or Contractor hereinafter includes (to the extent they exist): Counsel Board members, officers, trustees, and directors; Counsel employees, agents, consultants, contractors and subcontractors, representatives, and other similar individuals; and volunteers and others unpaid persons under Counsel’s direction, invitation, or control “Counsel Agents”, for the period of July 1, 2026 through June 30, 2029, in an amount not to exceed $250,000.00 in a fiscal year and under the DSA, defining the terms and conditions of the District’s transmission of or sharing of data with Fagen Friedman Fulfrost LLP, and the protection by Fagen Friedman Fulfrost LLP of such data, for the same term as the MOUEP, each, via the Office of the General Counsel.",Agreement or Contract,General Counsel,005403,v-005403,Special Education,"Hires Fagen Friedman & Fulfrost for up to $250,000 a year in special education legal help through June 2029","The district is approving a memorandum of understanding (MOU) and engagement policy with Fagen Friedman & Fulfrost LLP for legal services on special education matters, other than claims and litigation, as needed. The firm may be paid up to $250,000 in a fiscal year from July 1, 2026 through June 30, 2029. A separate data-sharing agreement covers how the district's data is sent to and protected by the firm.",Special education,"Legal, compliance & policy",new_agreement,Fagen Friedman & Fulfrost LLP,organization,,expense,per_year,250000,,,,,true,2026-07-01,2029-06-30,yearly_cap; no_total_stated; multi_year,,,Adopted on the General Consent Report,2026-06-24,true,auto_ok,sonnet-agent,enrich.v5.md,true,
2026-06-24:26-1445,2026-06-24,2026-06-24,regular,R.-234,293,general,General Counsel,26-1445,https://ousd.legistar.com/gateway.aspx?M=L&ID=69865,No Cost Services Agreement - Child Evangelism Fellowship - General Counsel,"Approval by the Board of Education of a No Cost Services Agreement by and between the District and Child Evangelism Fellowship (“CEF”), for the latter to provide its Good News Club  to students at three District locations: Melrose Leadership Academy (Maxwell Campus), Melrose Leadership Academy (Sherman Campus), and  Lincoln Elementary School, as described in Exhibit A of the Agreement, incorporated herein by reference as though fully set forth, for the period of May 15, 2026  through June 30, 2027, at no cost to the District.",Agreement or Contract,General Counsel,010027,v-010027,No Cost,Approves a no-cost agreement for Child Evangelism Fellowship's Good News Club at three schools,"Child Evangelism Fellowship will provide its Good News Club to students at Melrose Leadership Academy (Maxwell and Sherman campuses) and Lincoln Elementary School at no cost to the district. The period is May 15, 2026 through June 30, 2027. The text refers to Exhibit A for details.",Partnerships & data sharing,,mou_or_data_sharing,Child Evangelism Fellowship,organization,Melrose Leadership Academy (Maxwell Campus); Melrose Leadership Academy (Sherman Campus); Lincoln Elementary School,no_cost,,,,,,,true,2026-05-15,2027-06-30,after_work_began,,,Adopted on the General Consent Report,2026-06-24,true,auto_ok,sonnet-agent,enrich.v5.md,true,
2026-06-24:26-1452,2026-06-24,2026-06-24,regular,R.-235,294,general,General Counsel,26-1452,https://ousd.legistar.com/gateway.aspx?M=L&ID=69872,"Base Student Accident Insurance - Payment of Premium for 2026/27 School Year - Alliant Insurance Services, Inc. - Risk Management Department","Approval by the Board of Education, as Policyholder, of the payment of Base Student Accident Insurance premium, for the coverage period July 1, 2026 through June 30, 2027, in the amount of $72,707.65, to Alliant Insurance Services, Inc. (CA License No. OC36861), covering All Enrolled Students While:

• On school campus grounds during regular school days and hours, including, whilst continuously on campus grounds, the hour immediately before and after scheduled classes.

• Participating in school-affiliated and supervised activities, including interscholastic athletics (excluding tackle football), off-season athletic training and conditioning, approved/sponsored work study, junior military programs, and field trip programs within the United States that remain under the control of school staff and/or designated adult chaperones.

• Traveling, provided travel is uninterrupted between home and school to attend regularly scheduled classes, or whilst in School vehicles at any time. Also covered between School and locations to participate in School-Affiliated activities, provided in all cases that travel is direct and without interruption.

Volunteers appointed by the school are also eligible for coverage when participating in officially recognized school-affiliated activities under school supervision",Agreement or Contract,General Counsel,,n-alliant-insurance-services,Fund 67 Self Insurance,"Pays $72,707.65 for base student accident insurance for 2026-27 through Alliant","The Board, as policyholder, is paying Alliant Insurance Services $72,707.65 for base student accident insurance from July 1, 2026 through June 30, 2027. It covers all enrolled students on campus, in school-supervised activities and traveling directly between home and school. Volunteers appointed by the school are also eligible when taking part in school activities.","Legal, compliance & risk",,other,"Alliant Insurance Services, Inc.",organization,,expense,fixed,72707.65,,,,,true,2026-07-01,2027-06-30,,,,Adopted on the General Consent Report,2026-06-24,true,auto_ok,sonnet-agent,enrich.v5.md,true,
2026-06-24:26-1456,2026-06-24,2026-06-24,regular,R.-236,295,general,General Counsel,26-1456,https://ousd.legistar.com/gateway.aspx?M=L&ID=69876,"Catastrophic Student Accident Insurance - Payment of Premium for 2026/27 School Year - Alliant Insurance Services, Inc. - Risk Management Department","Approval by the Board of Education, as Policyholder, of the payment of Catastrophic Student Accident Insurance premium, for the coverage period July 1, 2026 through June 30, 2027, in the amount of $44,088.39, to Alliant Insurance Services, Inc. (CA License No. OC36861), covering Eligible Insureds:

Group 1
All students in grades nine (9) through twelve (12) participating in school-sponsored and supervised interscholastic athletic activities, including athletes, managers, trainers, student coaches, cheerleaders, majorettes, mascots, drill team members, and band participants.

Group 2
All students from pre-kindergarten through twelfth (12th) grade while attending regularly scheduled classes and participating in school-sponsored, directly supervised activities, including participation in interscholastic sports for students in pre-kindergarten through eighth (8th) grade. Traveling, provided travel is uninterrupted between home and school to attend regularly scheduled classes, or whilst in School vehicles at any time. Also covered between School and locations to participate in School-Affiliated activities, provided in all cases that travel is direct and without interruption.",Agreement or Contract,General Counsel,,n-alliant-insurance-services,Fund 67 Self Insurance,"Pays $44,088.39 for catastrophic student accident insurance for 2026-27 through Alliant","The Board, as policyholder, is paying Alliant Insurance Services $44,088.39 for catastrophic student accident insurance from July 1, 2026 through June 30, 2027. It covers high school athletes and other students in grades 9-12 in school sports, and all pre-kindergarten through 12th-grade students in supervised school activities and direct travel to and from school.","Legal, compliance & risk",,other,"Alliant Insurance Services, Inc.",organization,,expense,fixed,44088.39,,,,,true,2026-07-01,2027-06-30,,,,Adopted on the General Consent Report,2026-06-24,true,auto_ok,sonnet-agent,enrich.v5.md,true,
2026-06-24:26-1467,2026-06-24,2026-06-24,regular,R.-237,296,general,General Counsel,26-1467,https://ousd.legistar.com/gateway.aspx?M=L&ID=69887,"Amendment No. 1, Services Agreement 2023-2024 - The Segal Company - Risk Management Department","Approval by the Board of Education of Amendment No.1, Services Agreement 2023-2026 by and between the District and The Segal Company (Western States) Inc., Glendale, CA, for the latter to continue providing  benefits related consulting services to the HBGB (Health Benefits Governance Board) and District, as stated in Exhibit A of the Agreement, increasing the rate of compensation from $400.00 to $420.00 per hour effective July 1, 2026, with no change in the amount not to exceed $201,000.00 per year, not to exceed $603,000.00 for term, and extending the term of the Agreement from July 1, 2023 through June 30, 2026 to June 30, 2029.  All other terms and conditions of the Agreement remain in full force and effect.",Agreement or Contract,General Counsel,003858,v-003858,Fund 67 Self Insurance,Raises Segal's hourly rate to $420 and extends its benefits consulting to June 2029,"The Segal Company will keep advising the district and its Health Benefits Governance Board, which oversees employee health benefits, for three more years, through June 30, 2029. Its hourly rate rises from $400 to $420 starting July 1, 2026. The spending limits stay the same: up to $201,000 per year and $603,000 for the term, and no money is added by this amendment.",Staff & hiring,,amendment,The Segal Company (Western States) Inc.,organization,,no_cost,,,,,603000,603000,true,2023-07-01,2029-06-30,source_issue; multi_year,"The text keeps a $603,000 total for the term while extending the term by three years; the original agreement caps pay at $201,000 per year, so it is unclear whether the $603,000 total applies to the extended term.",,Adopted on the General Consent Report,2026-06-24,true,human_reviewed,sonnet-agent,enrich.v5.md,true,
2026-06-24:26-1473,2026-06-24,2026-06-24,regular,R.-238,297,general,General Counsel,26-1473,https://ousd.legistar.com/gateway.aspx?M=L&ID=69893,2Services Agreement - ENGEO Incorporated - Risk Management Department,"Ratification by the Board of Education of Services Agreement by and between the District and ENGEO Incorporated, San Ramon, CA, for the latter to provide environmental services associated with Phase One of the District’s Vapor Intrusion Initiative, including an extension of potential vapor intrusion study with limited subsurface investigation involving grilling, sampling, laboratory analysis, and reporting, for the period of May 1, 2026 through June 30, 2027, in an amount not to exceed $118,000.00.",Agreement or Contract,General Counsel,001582,v-001582,Unrestricted,"Ratifies up to $118,000 for ENGEO's first-phase vapor intrusion study","ENGEO will carry out Phase One of the district's Vapor Intrusion Initiative, which checks whether vapors from the ground could enter buildings. The work includes a limited underground investigation with sampling, lab analysis and reporting. The period is May 1, 2026 through June 30, 2027. The Board is ratifying the agreement, meaning it is confirming an agreement already made.",School buildings & construction,,new_agreement,ENGEO Incorporated,organization,,expense,not_to_exceed,118000,,,,,true,2026-05-01,2027-06-30,after_work_began; multi_year,,,Adopted on the General Consent Report,2026-06-24,true,auto_ok,sonnet-agent,enrich.v5.md,true,
2026-06-24:26-1527,2026-06-24,2026-06-24,regular,R.-239,298,general,General Counsel,26-1527,https://ousd.legistar.com/gateway.aspx?M=L&ID=69947,"Amendment, Board Policy - Students - BP5141.4 - Child Abuse Prevention and Reporting - Risk Management Department","Adoption by the Board of Education of Amendment, Board Policy BP 5141.4 - Child Abuse Prevention and Reporting, as delineated.",Board Policy,General Counsel,,,No Cost,Amends Board policy on child abuse prevention and reporting (BP 5141.4),"The Board is adopting an amendment to Board Policy 5141.4, Child Abuse Prevention and Reporting. The item text does not describe what changed and refers to the attached policy language. It has no cost.",Governance & board business,,resolution_or_policy,,,,no_cost,,,,,,,true,,,pulled_from_consent,,"Adopted in its own vote on June 29 (5–1), instead of with the rest of the consent report.",Adopted,2026-06-29,true,auto_ok,sonnet-agent,enrich.v5.md,true,
2026-06-24:26-1528,2026-06-24,2026-06-24,regular,R.-240,299,general,General Counsel,26-1528,https://ousd.legistar.com/gateway.aspx?M=L&ID=69948,"Amendment, Board Policy - Students - BP5123 and Administrative Regulation AR5123 - Promotion/Acceleration/Retention - Student Assignment Department","Adoption by the Board of Education of Amendment, Board Policy BP 5123 and Administrative Regulation AR 5123 - Promotion/Acceleration/Retention, as delineated.",Board Policy,General Counsel,,,No cost,"Amends Board policy and regulation on promotion, acceleration and retention (BP/AR 5123)","The Board is adopting an amendment to Board Policy 5123 and Administrative Regulation 5123 on promotion, acceleration and retention of students. The item text does not describe what changed and refers to the attached language. It has no cost.",Governance & board business,,resolution_or_policy,,,,no_cost,,,,,,,true,,,,,,Adopted on the General Consent Report,2026-06-24,true,auto_ok,sonnet-agent,enrich.v5.md,true,
2026-06-24:26-1542,2026-06-24,2026-06-24,regular,R.-241,300,general,General Counsel,26-1542,https://ousd.legistar.com/gateway.aspx?M=L&ID=69962,"Amendment, Board Policy - Personnel - BP 4030 and Administrative Regulation AR 4031/4030 - Nondiscrimination in Employment - Talent/Human Resources Department","Adoption by the Board of Education of Amendment, Board Policy BP 4030 and Administrative Regulation AR 4031, replacing AR 4031 with AR 4030 - Nondiscrimination In Employment, as delineated.",Board Policy,General Counsel,,,No Cost,Updates the Board policy and regulation on nondiscrimination in employment,"The Board is adopting changes to its policy on nondiscrimination in employment (Board Policy 4030). It also replaces Administrative Regulation 4031 with a new Administrative Regulation 4030 on the same subject. The official text says the changes are ""as delineated"" in an attachment and does not list them.",Governance & board business,,resolution_or_policy,,,,no_cost,,,,,,,true,,,,,,Adopted on the General Consent Report,2026-06-24,true,auto_ok,sonnet-agent,enrich.v5.md,true,
2026-06-24:26-1546,2026-06-24,2026-06-24,regular,R.-242,301,general,General Counsel,26-1546,https://ousd.legistar.com/gateway.aspx?M=L&ID=69966,"Amendment, Board Policy - Instruction - BP6174 - English Language Learners - English Language Learner & Multilingual Achievement Office","Adoption by the Board of Education of Amendment, Board Policy 6174 - English Language Learners, as delineated.",Board Policy,General Counsel,,,No Cost,Updates the Board policy on English language learners (Board Policy 6174),"The Board is adopting changes to its policy on English language learners (Board Policy 6174). The official text says the changes are ""as delineated"" in an attachment and does not list them. The item has no cost listed.",Governance & board business,,resolution_or_policy,,,,no_cost,,,,,,,true,,,,,,Adopted on the General Consent Report,2026-06-24,true,auto_ok,sonnet-agent,enrich.v5.md,true,
2026-06-24:26-1513,2026-06-24,2026-06-24,regular,R.-243,302,general,General Counsel,26-1513,https://ousd.legistar.com/gateway.aspx?M=L&ID=69933,"Amendment No. 1, Services Agreement 2025-2026 - Creative Supports, Inc. - Risk Management Department","Approval by the Board of Education of Amendment No. 1, Services Agreement 2025-2026 by and between the District and Creative Supports, Inc., Pleasanton, CA, for the latter to provide additional ergonomic equipment (chairs, adjustable height table bases, specialized keyboards, mice, footrests and monitor risers as an example) per Cal-OSHA requirements resulting from ergonomic evaluations to which OUSD employees are entitled and support  services including delivery, placement and adjustment of all equipment and products when needed, for the unchanged period of July 01, 2025 through June 30, 2026, in the additional amount of $30,000.00, increasing the Agreement not to exceed amount  from $99,000.00 to $129,000.00. All other terms and conditions of the Agreement remain in full force and effect.",Agreement or Contract,General Counsel,005490,v-005490,Fund 67 Self Insurance Fund,"Adds $30,000 to Creative Supports' contract for ergonomic office equipment, to $129,000","This amendment adds $30,000 to the 2025-26 agreement with Creative Supports, Inc. of Pleasanton, raising the not-to-exceed amount from $99,000 to $129,000. The money buys more ergonomic chairs, table bases, keyboards and similar equipment for employees who are entitled to it after ergonomic evaluations under state workplace safety rules (Cal-OSHA), plus delivery and adjustment. The contract period does not change.","Food, transportation & operations",,amendment,"Creative Supports, Inc.",organization,,expense,fixed,30000,,,99000,129000,true,2025-07-01,2026-06-30,raises_existing_contract,,,Adopted on the General Consent Report,2026-06-24,true,auto_ok,sonnet-agent,enrich.v5.md,true,
2026-06-24:26-1551,2026-06-24,2026-06-24,regular,R.-244,303,general,General Counsel,26-1551,https://ousd.legistar.com/gateway.aspx?M=L&ID=69971,"Services Agreement 2025-2026 - ATI Restoration, LLC - Risk Management Department","Ratification by the Board of Education of a Services Agreement 2025-2026 by and between the District and ATI Restoration, LLC, Anaheim, CA, for the latter to provide environmental related services to reduce risk at District school sites, which includes but are not limited to environmental clean-up, asbestos, lead paint, and mold mitigation, via Risk Management Department, for the period of July 1, 2025 through June 30, 2026, in an amount not to exceed $50,000.00.",Agreement or Contract,General Counsel,008633,v-008633,Fund 67 Self Insurance,"Approves up to $50,000 for ATI Restoration to clean up hazards at school sites in 2025-26","The Board is ratifying (approving after the fact) a 2025-26 services agreement with ATI Restoration, LLC of Anaheim for environmental cleanup at school sites, including asbestos, lead paint and mold. The agreement is not to exceed $50,000 and covers July 1, 2025 through June 30, 2026, so the contract period was already underway at approval. It is paid from the district's self-insurance fund.",School buildings & construction,,new_agreement,"ATI Restoration, LLC",organization,,expense,not_to_exceed,50000,,,,,true,2025-07-01,2026-06-30,after_work_began,,,Adopted on the General Consent Report,2026-06-24,true,auto_ok,sonnet-agent,enrich.v5.md,true,
2026-06-24:26-1562,2026-06-24,2026-06-24,regular,R.-245,304,general,General Counsel,26-1562,https://ousd.legistar.com/gateway.aspx?M=L&ID=69982,Memorandum of Understanding - District and Service International Employees Union Local 1021 - Payment of Measure C Stipends to Specified Early Childhood Workforce,"Approval by the Board of Education of a  Memorandum of Understanding (“MOU”) by and between the Oakland Unified School District (“District” or “OUSD”) and the Service Employees International Union, Local 1021 (“SEIU” or “Local 1021”), regarding the implementation and payment of a one-time voter approved Measure C stipend to eligible members, as specified, of the District’s Early Childhood Education Workforce.",Agreement or Contract,General Counsel,,n-service-employees-international-union-local-1021,Measure C,Sets how a one-time Measure C stipend is paid to early childhood staff under SEIU Local 1021,"The Board is approving a memorandum of understanding with Service Employees International Union, Local 1021 on how a one-time stipend, approved by voters under Measure C, will be paid to eligible members of the district's early childhood education workforce. The official text does not state a dollar amount.",Staff & hiring,,mou_or_data_sharing,"Service Employees International Union, Local 1021",organization,,expense,,,,,,,true,,,,,,Adopted on the General Consent Report,2026-06-24,true,auto_ok,sonnet-agent,enrich.v5.md,true,
2026-06-24:26-1571,2026-06-24,2026-06-24,regular,R.-246,305,general,General Counsel,26-1571,https://ousd.legistar.com/gateway.aspx?M=L&ID=69991,Memorandum of Understanding - District and Oakland Education Association - Payment of Measure C Stipends to Specified Early Childhood Workforce,"Approval by the Board of Education of a Memorandum of Understanding (“MOU”) by and between the Oakland Unified School District (“District” or “OUSD”) and the Oakland Education Association (“OEA”), regarding the implementation and payment of a one-time voter approved Measure C stipend to eligible members, as specified, of the District’s Early Childhood Education Workforce.",Agreement or Contract,General Counsel,,n-oakland-education-association,Measure C,Sets how a one-time Measure C stipend is paid to early childhood staff under the Oakland Education Association,"The Board is approving a memorandum of understanding with Oakland Education Association on how a one-time stipend, approved by voters under Measure C, will be paid to eligible members of the district's early childhood education workforce. The official text does not state a dollar amount.",Staff & hiring,,mou_or_data_sharing,Oakland Education Association,organization,,expense,,,,,,,true,,,,,,Adopted on the General Consent Report,2026-06-24,true,auto_ok,sonnet-agent,enrich.v5.md,true,
2026-06-24:26-1572,2026-06-24,2026-06-24,regular,R.-247,306,general,General Counsel,26-1572,https://ousd.legistar.com/gateway.aspx?M=L&ID=69992,"Tentative Agreement As Agreement - Oakland Education Association and the Oakland Unified School District – Successor Collective Bargaining Agreement - July 1, 2025 – June 30, 2027","Approval by the Board of Education of the Tentative Agreement, As Agreement By and Between the Oakland Unified School District (“OUSD”) and the Oakland Education Association (“OEA”), as the Successor Collective Bargaining Agreement covering the period July 1, 2025 through June 30, 2027, pending compliance with Government Code Section 3547.5, all applicable AB 1200 disclosure requirements, and all necessary follow-up actions as determined by the Alameda County Office of Education.",Agreement or Contract,General Counsel,,n-oakland-education-association,,Approves the new two-year teachers union contract with the Oakland Education Association,"The Board is approving the tentative agreement between the district and the Oakland Education Association as the new collective bargaining agreement (union contract), covering July 1, 2025 through June 30, 2027. Approval is pending compliance with a state government code section, budget disclosure requirements, and any follow-up the Alameda County Office of Education requires. The official text states no dollar amount.",Staff & hiring,,new_agreement,Oakland Education Association,organization,,expense,,,,,,,true,2025-07-01,2027-06-30,pulled_from_consent; after_work_began; multi_year,,"Adopted in its own vote at this meeting (5–0, 1 abstaining), instead of with the rest of the consent report.",Adopted,2026-06-24,true,auto_ok,sonnet-agent,enrich.v5.md,true,
2026-06-24:26-1509,2026-06-24,2026-06-24,regular,R.-248,308,general,"Facilities Committee - June 18, 2026 - Valarie Bachelor, Chair",26-1509,https://ousd.legistar.com/gateway.aspx?M=L&ID=69929,"Construction Management Agreement – Cumming Management Group, Inc. - Division of Facilities Planning and Management","Approval by the Board of Education of Construction Management Agreement by and between the District and Cumming Management Group, Inc., Oakland, CA, for the latter to provide planning, coordination and construction management through the completion of the District's Measure J and commencement of Measure Y Bond Programs, for the Construction Management Services for Facilities Planning & Management Project, in the not to exceed amount of $8,639.911.00, with work scheduled to commence on July 1, 2026, and scheduled to last until  June 30, 2028, pursuant to the Agreement.",Agreement or Contract,Facilities Committee,1201,v-001259,Building Fund 21 Measure Y,Pays Cumming Management Group up to $8.64M to manage bond construction through mid-2028,"This agreement with Cumming Management Group, Inc. of Oakland covers planning, coordination and construction management as the district finishes its Measure J bond program and begins its Measure Y bond program. Work is scheduled from July 1, 2026 to June 30, 2028. The dollar figure in the official text is printed as ""$8,639.911.00"", which looks like a typo, so the exact amount should be confirmed.",School buildings & construction,,new_agreement,"Cumming Management Group, Inc.",organization,,expense,not_to_exceed,8639911,,,,,false,2026-07-01,2028-06-30,pulled_from_consent; source_issue; multi_year,"The amount is misprinted in the official text as ""$8,639.911.00""; shown here as $8,639,911.","Adopted in its own vote on June 29 (5–1), instead of with the rest of the consent report.",Adopted,2026-06-29,true,human_reviewed,sonnet-agent,enrich.v5.md,true,
2026-06-24:26-1532,2026-06-24,2026-06-24,regular,R.-249,309,general,"Facilities Committee - June 18, 2026 - Valarie Bachelor, Chair",26-1532,https://ousd.legistar.com/gateway.aspx?M=L&ID=69952,Construction Management Agreement – Cordoba Corporation - Division of Facilities Planning and Management,"Approval by the Board of Education of Construction Management Agreement by and between the District and Cordoba Corporation, San Francisco, CA, for the latter to provide planning, coordination and construction management through the completion of the District's Measure J and commencement of Measure Y Bond Programs, for the Construction Management Services for Facilities Planning & Management Project, in the not to exceed amount of $7,805,285.00, with work scheduled to commence on July 1, 2026, and scheduled to last until  June 30, 2028, pursuant to the Agreement.",Agreement or Contract,Facilities Committee,1259,v-001201,Building Fund 21 Measure Y,Pays Cordoba Corporation up to $7.8M to manage bond construction through mid-2028,"This agreement with Cordoba Corporation of San Francisco covers planning, coordination and construction management as the district finishes its Measure J bond program and begins its Measure Y bond program. The amount is not to exceed $7,805,285, with work scheduled from July 1, 2026 to June 30, 2028. It is paid from the Measure Y building fund.",School buildings & construction,,new_agreement,Cordoba Corporation,organization,,expense,not_to_exceed,7805285,,,,,true,2026-07-01,2028-06-30,pulled_from_consent; multi_year,,"Adopted in its own vote on June 29 (5–1), instead of with the rest of the consent report.",Adopted,2026-06-29,true,auto_ok,sonnet-agent,enrich.v5.md,true,
2026-06-24:26-1547,2026-06-24,2026-06-24,regular,R.-250,310,general,"Facilities Committee - June 18, 2026 - Valarie Bachelor, Chair",26-1547,https://ousd.legistar.com/gateway.aspx?M=L&ID=69967,"Oakland Unified School District Measure Y Program Management Services Agreement – Brailsford and Dunlavey, Inc. - Division of Facilities Planning and Management","Approval by the Board of Education of an Oakland Unified School District Measure Y Program Management Services Agreement by and between the District and Brailsford and Dunlavey, Inc., Washington, DC, for the latter to provide bond program management, planning, coordination, and construction management services through the completion of the District's Measure J Bond Program and the commencement and implementation of the Measure Y Bond Program, in the not to exceed the amount of $12,301,629.00, with work scheduled to commence on July 1, 2026, and scheduled to last until June 30, 2028, pursuant to the Agreement.",Agreement or Contract,Facilities Committee,,v-000758,Building Fund 21 Measure Y,Pays Brailsford & Dunlavey up to $12.3M to run the Measure Y bond program through mid-2028,"This agreement with Brailsford and Dunlavey, Inc. of Washington, DC covers bond program management, planning, coordination and construction management as the district finishes its Measure J bond program and starts its Measure Y bond program. The amount is not to exceed $12,301,629, with work scheduled from July 1, 2026 to June 30, 2028. It is paid from the Measure Y building fund.",School buildings & construction,,new_agreement,"Brailsford and Dunlavey, Inc.",organization,,expense,not_to_exceed,12301629,,,,,true,2026-07-01,2028-06-30,pulled_from_consent; multi_year,,"Adopted in its own vote on June 29 (5–1), instead of with the rest of the consent report.",Adopted,2026-06-29,true,auto_ok,sonnet-agent,enrich.v5.md,true,
2026-06-24:26-1507,2026-06-24,2026-06-24,regular,R.-251,312,general,Board of Education,26-1507,https://ousd.legistar.com/gateway.aspx?M=L&ID=69927,"Minutes - Board of Education - Regular Meeting - June 3, 2026","Ratification by the Board of Education of its Regular Meeting Minutes of June 3, 2026, prepared by Staff shortly after said Meeting.","Minutes, Board of Education",Board of Education,,,,"Approves the minutes of the Board's regular meeting on June 3, 2026","The Board is ratifying (formally approving) the written minutes of its Regular Meeting of June 3, 2026. Staff prepared the minutes shortly after the meeting. The item has no cost.",Governance & board business,,other,,,,no_cost,,,,,,,true,,,after_work_began; previously_delayed,,,Adopted on the General Consent Report,2026-06-24,true,auto_ok,sonnet-agent,enrich.v5.md,true,
2026-06-24:26-1566,2026-06-24,2026-06-24,regular,R.-252,313,general,Board of Education,26-1566,https://ousd.legistar.com/gateway.aspx?M=L&ID=69986,"Minutes - Board of Education - Regular Meeting - June 10, 2026","Ratification by the Board of Education of its Regular Meeting Minutes of June 10, 2026, prepared by Staff shortly after said Meeting.","Minutes, Board of Education",Board of Education,,,,"Approves the minutes of the Board's regular meeting on June 10, 2026","The Board is ratifying (formally approving) the written minutes of its Regular Meeting of June 10, 2026. Staff prepared the minutes shortly after the meeting. The item has no cost.",Governance & board business,,other,,,,no_cost,,,,,,,true,,,after_work_began,,,Adopted on the General Consent Report,2026-06-24,true,auto_ok,sonnet-agent,enrich.v5.md,true,
2026-06-24:26-1567,2026-06-24,2026-06-24,regular,R.-253,314,general,Board of Education,26-1567,https://ousd.legistar.com/gateway.aspx?M=L&ID=69987,"Minutes - Board of Education - Special Meeting - June 15, 2026","Ratification by the Board of Education of its Special Meeting Minutes of June 15, 2026, prepared by Staff shortly after said Meeting.","Minutes, Board of Education",Board of Education,,,,"Approves the minutes of the Board's special meeting on June 15, 2026","The Board is ratifying (formally approving) the written minutes of its Special Meeting of June 15, 2026. Staff prepared the minutes shortly after the meeting. The item has no cost.",Governance & board business,,other,,,,no_cost,,,,,,,true,,,after_work_began,,,Adopted on the General Consent Report,2026-06-24,true,auto_ok,sonnet-agent,enrich.v5.md,true,
2026-06-24:26-1573,2026-06-24,2026-06-24,regular,R.-254,315,general,Board of Education,26-1573,https://ousd.legistar.com/gateway.aspx?M=L&ID=69993,"Reappointment – Anana Clark, John Jones III, Andrea Dawson – Measures B, J, and Y Independent Citizens' School Facilities Bond Oversight Committee - President, Board of Education","Ratification by the Board of Education of President of Board’s reappointment of Anana Clark (2nd Term), John Jones III (3rd Term), Andrea Dawson (3rd Term) having rendered satisfactory service to date, to the Measures B, J, and Y Independent Citizens' School Facilities Bond Oversight Committee, effective July 1, 2026, through June 30, 2028.",Appointment,Board of Education,,,,Reappoints three members to the bond oversight committee for 2026-2028,"The Board is ratifying the Board President's reappointment of three members to the Measures B, J, and Y Independent Citizens' School Facilities Bond Oversight Committee. Two are serving a third term and one a second term. The reappointments run from July 1, 2026 through June 30, 2028.",Governance & board business,,other,,,,no_cost,,,,,,,true,2026-07-01,2028-06-30,multi_year,,,Adopted on the General Consent Report,2026-06-24,true,auto_ok,sonnet-agent,enrich.v5.md,true,
2026-06-24:26-1506,2026-06-24,2026-06-24,regular,R.-255,317,general,"Measure G1 - Districtwide Teacher Retention and Middle School Improvement Act Oversight Commission – Frederick Mesa, Chairperson – May 12, 2026",26-1506,https://ousd.legistar.com/gateway.aspx?M=L&ID=69926,Measure G1 Districtwide Teacher Retention and Middle School Improvement Act Oversight Commission - Measure G1 Funding Allocation - Named Schools,"Adoption by the Board of Education, of Resolution No. 2526-0276 - Measure G1 Districtwide Teacher Retention and Middle School Improvement Act Oversight Commission Recommendation Approving 2026-2027 Measure G1 Applications for Named Schools.",Resolution,Measure G1 - Districtwide Teacher Retention and Middle School Improvement Act Oversight Commission,,,,Approves 2026-27 Measure G1 funding applications for named schools,The Board is adopting a resolution that approves the Measure G1 oversight commission's recommendation on 2026-27 Measure G1 funding applications for named schools. Measure G1 is a local tax for teacher retention and middle school improvement. The official text does not list the schools or any dollar amounts.,"Budget, finance & payments",,resolution_or_policy,,,,expense,,,,,,,true,2026-07-01,2027-06-30,budget_allocation; previously_delayed,,,Adopted on the General Consent Report,2026-06-24,true,auto_ok,sonnet-agent,enrich.v5.md,true,
2026-06-24:26-1206,2026-06-24,2026-06-24,regular,R.-256,319,general,"Measures N and H Commission - David Kakishiba, Chairperson - June 9, 2026",26-1206,https://ousd.legistar.com/gateway.aspx?M=L&ID=68631,Measures N and H Commission - ARISE High School - Measures N and H Memorandum of Understanding - School Year 2026-2027,"Adoption by the Board of Education, upon recommendation by the Measures N and H Commission, of the Measures N and H Memorandum of Understanding by and between District and ARISE High School for Fiscal Year 2026-2027, to ensure that revenues from the 2014 College and Career Readiness for All Act (“Measure N”) and revenues from the 2022 College and Career Readiness for All Act (“Measure H”, together with Measure N, ”Measures”) are spent in strict accordance with the Measures and is also an oversight and operational agreement that outlines and defines the Parties’ respective operational and reporting responsibilities for the Measures, in a cumulative amount not to exceed $335,750.00.",Agreement or Contract,Board of Education,,n-arise-high-school,,"Sets up to $335,750 in Measure N and H funding for ARISE High School in 2026-27","This memorandum of understanding between the district and ARISE High School covers 2026-27 and sets how money from the college and career readiness measures (Measure N and Measure H) is spent and reported. It is also an oversight and operating agreement. The cumulative amount is not to exceed $335,750.","Budget, finance & payments",,mou_or_data_sharing,ARISE High School,organization,ARISE High School,expense,cumulative,335750,,,,,true,2026-07-01,2027-06-30,,,,Adopted on the General Consent Report,2026-06-24,true,auto_ok,sonnet-agent,enrich.v5.md,true,
2026-06-24:26-1207,2026-06-24,2026-06-24,regular,R.-257,320,general,"Measures N and H Commission - David Kakishiba, Chairperson - June 9, 2026",26-1207,https://ousd.legistar.com/gateway.aspx?M=L&ID=68632,Measures N and H Commission - Aspire Lionel Wilson College Preparatory Academy - Measures N and H Memorandum of Understanding - School Year 2026-2027,"Adoption by the Board of Education, upon recommendation by the Measures N and H Commission, of the Measures N and H Memorandum of Understanding by and between District and Aspire Lionel Wilson College Preparatory Academy for Fiscal Year 2026-2027, to ensure that revenues from the 2014 College and Career Readiness for All Act (“Measure N”) and revenues from the 2022 College and Career Readiness for All Act (“Measure H”, together with Measure N, ”Measures”) are spent in strict accordance with the Measures and is also an oversight and operational agreement that outlines and defines the Parties’ respective operational and reporting responsibilities for the Measures, in a cumulative amount not to exceed $182,750.00.",Agreement or Contract,Board of Education,,n-aspire-lionel-wilson-college-preparatory-academy,,"Sets up to $182,750 in Measure N and H funding for Aspire Lionel Wilson College Preparatory Academy in 2026-27","This memorandum of understanding between the district and Aspire Lionel Wilson College Preparatory Academy covers 2026-27 and sets how money from the college and career readiness measures (Measure N and Measure H) is spent and reported. It is also an oversight and operating agreement. The cumulative amount is not to exceed $182,750.","Budget, finance & payments",,mou_or_data_sharing,Aspire Lionel Wilson College Preparatory Academy,organization,Aspire Lionel Wilson College Preparatory Academy,expense,cumulative,182750,,,,,true,2026-07-01,2027-06-30,,,,Adopted on the General Consent Report,2026-06-24,true,auto_ok,sonnet-agent,enrich.v5.md,true,
2026-06-24:26-1208,2026-06-24,2026-06-24,regular,R.-258,321,general,"Measures N and H Commission - David Kakishiba, Chairperson - June 9, 2026",26-1208,https://ousd.legistar.com/gateway.aspx?M=L&ID=68633,Measures N and H Commission - Envision Academy of Arts & Technology - Measures N and H Memorandum of Understanding - School Year 2026-2027,"Adoption by the Board of Education, upon recommendation by the Measures N and H Commission, of the Measures N and H Memorandum of Understanding by and between District and Envision Academy of Arts & Technology for Fiscal Year 2026-2027, to ensure that revenues from the 2014 College and Career Readiness for All Act (“Measure N”) and revenues from the 2022 College and Career Readiness for All Act (“Measure H”, together with Measure N, ”Measures”) are spent in strict accordance with the Measures and is also an oversight and operational agreement that outlines and defines the Parties’ respective operational and reporting responsibilities for the Measures, in a cumulative amount not to exceed $83,300.00.",Agreement or Contract,Board of Education,,n-envision-academy-of-arts-and-technology,,"Sets up to $83,300 in Measure N and H funding for Envision Academy of Arts & Technology in 2026-27","This memorandum of understanding between the district and Envision Academy of Arts & Technology covers 2026-27 and sets how money from the college and career readiness measures (Measure N and Measure H) is spent and reported. It is also an oversight and operating agreement. The cumulative amount is not to exceed $83,300.","Budget, finance & payments",,mou_or_data_sharing,Envision Academy of Arts & Technology,organization,Envision Academy of Arts & Technology,expense,cumulative,83300,,,,,true,2026-07-01,2027-06-30,,,,Adopted on the General Consent Report,2026-06-24,true,auto_ok,sonnet-agent,enrich.v5.md,true,
2026-06-24:26-1209,2026-06-24,2026-06-24,regular,R.-259,322,general,"Measures N and H Commission - David Kakishiba, Chairperson - June 9, 2026",26-1209,https://ousd.legistar.com/gateway.aspx?M=L&ID=68634,324Measures N and H Commission - Leadership Public Schools Oakland R&D - Measures N and H Memorandum of Understanding - School Year 2026-2027,"Adoption by the Board of Education, upon recommendation by the Measures N and H Commission, of the Measures N and H Memorandum of Understanding by and between District and Leadership Public Schools Oakland R&D for Fiscal Year 2026-2027, to ensure that revenues from the 2014 College and Career Readiness for All Act (“Measure N”) and revenues from the 2022 College and Career Readiness for All Act (“Measure H”, together with Measure N, ”Measures”) are spent in strict accordance with the Measures and is also an oversight and operational agreement that outlines and defines the Parties’ respective operational and reporting responsibilities for the Measures, in a cumulative amount not to exceed $118,150.00.",Agreement or Contract,Board of Education,,n-leadership-public-schools-oakland-r-and-d,,"Sets up to $118,150 in Measure N and H funding for Leadership Public Schools Oakland R&D in 2026-27","This memorandum of understanding between the district and Leadership Public Schools Oakland R&D covers 2026-27 and sets how money from the college and career readiness measures (Measure N and Measure H) is spent and reported. It is also an oversight and operating agreement. The cumulative amount is not to exceed $118,150.","Budget, finance & payments",,mou_or_data_sharing,Leadership Public Schools Oakland R&D,organization,Leadership Public Schools Oakland R&D,expense,cumulative,118150,,,,,true,2026-07-01,2027-06-30,,,,Adopted on the General Consent Report,2026-06-24,true,auto_ok,sonnet-agent,enrich.v5.md,true,
2026-06-24:26-1210,2026-06-24,2026-06-24,regular,R.-260,323,general,"Measures N and H Commission - David Kakishiba, Chairperson - June 9, 2026",26-1210,https://ousd.legistar.com/gateway.aspx?M=L&ID=68635,Measures N and H Commission - Lighthouse Community Charter High School - Measures N and H Memorandum of Understanding - School Year 2026-2027,"Adoption by the Board of Education, upon recommendation by the Measures N and H Commission, of the Measures N and H Memorandum of Understanding by and between District and Lighthouse Community Charter High School for Fiscal Year 2026-2027, to ensure that revenues from the 2014 College and Career Readiness for All Act (“Measure N”) and revenues from the 2022 College and Career Readiness for All Act (“Measure H”, together with Measure N, ”Measures”) are spent in strict accordance with the Measures and is also an oversight and operational agreement that outlines and defines the Parties’ respective operational and reporting responsibilities for the Measures, in a cumulative amount not to exceed $224,400.00.",Agreement or Contract,Board of Education,,n-lighthouse-community-charter-high-school,,"Sets up to $224,400 in Measure N and H funding for Lighthouse Community Charter High School in 2026-27","This memorandum of understanding between the district and Lighthouse Community Charter High School covers 2026-27 and sets how money from the college and career readiness measures (Measure N and Measure H) is spent and reported. It is also an oversight and operating agreement. The cumulative amount is not to exceed $224,400.","Budget, finance & payments",,mou_or_data_sharing,Lighthouse Community Charter High School,organization,Lighthouse Community Charter High School,expense,cumulative,224400,,,,,true,2026-07-01,2027-06-30,,,,Adopted on the General Consent Report,2026-06-24,true,auto_ok,sonnet-agent,enrich.v5.md,true,
2026-06-24:26-1211,2026-06-24,2026-06-24,regular,R.-261,324,general,"Measures N and H Commission - David Kakishiba, Chairperson - June 9, 2026",26-1211,https://ousd.legistar.com/gateway.aspx?M=L&ID=68636,Measures N and H Commission - Oakland School for the Arts - Measures N and H Memorandum of Understanding - School Year 2026-2027,"Adoption by the Board of Education, upon recommendation by the Measures N and H Commission, of the Measures N and H Memorandum of Understanding by and between District and Oakland School for the Arts for Fiscal Year 2026-2027, to ensure that revenues from the 2014 College and Career Readiness for All Act (“Measure N”) and revenues from the 2022 College and Career Readiness for All Act (“Measure H”, together with Measure N, ”Measures”) are spent in strict accordance with the Measures and is also an oversight and operational agreement that outlines and defines the Parties’ respective operational and reporting responsibilities for the Measures, in a cumulative amount not to exceed $287,300.00.",Agreement or Contract,Board of Education,,n-oakland-school-for-arts,,"Sets up to $287,300 in Measure N and H funding for Oakland School for the Arts in 2026-27","This memorandum of understanding between the district and Oakland School for the Arts covers 2026-27 and sets how money from the college and career readiness measures (Measure N and Measure H) is spent and reported. It is also an oversight and operating agreement. The cumulative amount is not to exceed $287,300.","Budget, finance & payments",,mou_or_data_sharing,Oakland School for the Arts,organization,Oakland School for the Arts,expense,cumulative,287300,,,,,true,2026-07-01,2027-06-30,,,,Adopted on the General Consent Report,2026-06-24,true,auto_ok,sonnet-agent,enrich.v5.md,true,
2026-06-24:26-1212,2026-06-24,2026-06-24,regular,R.-262,325,general,"Measures N and H Commission - David Kakishiba, Chairperson - June 9, 2026",26-1212,https://ousd.legistar.com/gateway.aspx?M=L&ID=68637,Measures N and H Commission - Oakland Unity High School - Measures N and H Memorandum of Understanding - School Year 2026-2027,"Adoption by the Board of Education, upon recommendation by the Measures N and H Commission, of the Measures N and H Memorandum of Understanding by and between District and Oakland Unity High School for Fiscal Year 2026-2027, to ensure that revenues from the 2014 College and Career Readiness for All Act (“Measure N”) and revenues from the 2022 College and Career Readiness for All Act (“Measure H”, together with Measure N, ”Measures”) are spent in strict accordance with the Measures and is also an oversight and operational agreement that outlines and defines the Parties’ respective operational and reporting responsibilities for the Measures, in a cumulative amount not to exceed $249,900.00.",Agreement or Contract,Board of Education,,n-oakland-unity-high-school,,"Sets up to $249,900 in Measure N and H funding for Oakland Unity High School in 2026-27","This memorandum of understanding between the district and Oakland Unity High School covers 2026-27 and sets how money from the college and career readiness measures (Measure N and Measure H) is spent and reported. It is also an oversight and operating agreement. The cumulative amount is not to exceed $249,900.","Budget, finance & payments",,mou_or_data_sharing,Oakland Unity High School,organization,Oakland Unity High School,expense,cumulative,249900,,,,,true,2026-07-01,2027-06-30,,,,Adopted on the General Consent Report,2026-06-24,true,auto_ok,sonnet-agent,enrich.v5.md,true,
2026-06-24:26-1213,2026-06-24,2026-06-24,regular,R.-263,326,general,"Measures N and H Commission - David Kakishiba, Chairperson - June 9, 2026",26-1213,https://ousd.legistar.com/gateway.aspx?M=L&ID=68638,Measures N and H Commission - Lodestar: A Lighthouse Community Charter Public School - Measures N and H Memorandum of Understanding - School Year 2026-2027,"Adoption by the Board of Education, upon recommendation by the Measures N and H Commission, of the Measures N and H Memorandum of Understanding by and between District and Lodestar: A Lighthouse Community Charter Public School for Fiscal Year 2026-2027, to ensure that revenues from the 2014 College and Career Readiness for All Act (“Measure N”) and revenues from the 2022 College and Career Readiness for All Act (“Measure H”, together with Measure N, ”Measures”) are spent in strict accordance with the Measures and is also an oversight and operational agreement that outlines and defines the Parties’ respective operational and reporting responsibilities for the Measures, in a cumulative amount not to exceed $210,800.00.",Agreement or Contract,Board of Education,,n-lodestar-a-lighthouse-community-charter-public-school,,"Sets up to $210,800 in Measure N and H funding for Lodestar in 2026-27","This memorandum of understanding between the district and Lodestar: A Lighthouse Community Charter Public School covers 2026-27 and sets how money from the college and career readiness measures (Measure N and Measure H) is spent and reported. It is also an oversight and operating agreement. The cumulative amount is not to exceed $210,800.","Budget, finance & payments",,mou_or_data_sharing,Lodestar: A Lighthouse Community Charter Public School,organization,Lodestar: A Lighthouse Community Charter Public School,expense,cumulative,210800,,,,,true,2026-07-01,2027-06-30,,,,Adopted on the General Consent Report,2026-06-24,true,auto_ok,sonnet-agent,enrich.v5.md,true,
