item_id,meeting_key,meeting_date,meeting_kind,agenda_number,agenda_sequence,consent_section,group,file_number,legistar_url,title,official_text,matter_type,presenter,vendor_number,vendor_key,funding_source,headline,summary,category,subcategory,action_type,vendor_name,vendor_kind,schools,money_direction,amount_type,amount,amount_range_low,amount_range_high,prior_total,new_total,amount_verified,term_start,term_end,flags,source_issue,pulled_from_consent,outcome_action,outcome_date,adopted,review_status,model_id,prompt_version,counts_toward_totals,duplicate_of
2026-03-25:26-0237,2026-03-25,2026-03-25,regular,O.-1,44,general,Chief Systems and Services Officer,26-0237,https://ousd.legistar.com/gateway.aspx?M=L&ID=67664,Purchase Agreement - Protect/ED - District-wide Facilities Air Purification Project - Division of Facilities Planning and Management,"Approval by the Board of Education of a Purchase Agreement by and between the District and Protect/ED, Blue Ash, OH, for the latter to supply and deliver 225 WellAir Novaerus Protect 900W air filtration/purification units to the District Warehouse, for installation at Nurses’ Offices and Special Day Classrooms (SDC) district-wide, as detailed in the Invoice provided by the Vendor, dated December 19, 2025, attached as Exhibit A to the Agreement, for the Facilities Air Purification Project, in the amount of $675,381.19, with delivery no later than March 26, 2026 and with required diligence  performed and completed no later than June 30, 2026.",Agreement or Contract,"Deputy Chief, Facilities Planning and Management",006797,v-006797,Fund 01 General Fund,"Buys 225 air purifiers for $675,381.19 from Protect/ED for nurses' offices and special day classrooms","The district would buy 225 WellAir Novaerus Protect 900W air purification units from Protect/ED for $675,381.19. The units go to the district warehouse and would then be installed in nurses' offices and Special Day Classrooms across the district. Delivery is due by March 26, 2026.","Food, transportation & operations",,new_agreement,Protect/ED,organization,,expense,fixed,675381.19,,,,,true,,,,,,Adopted on the General Consent Report,2026-03-25,true,auto_ok,sonnet-agent,enrich.v5.md,true,
2026-03-25:26-0326,2026-03-25,2026-03-25,regular,O.-2,45,general,Chief Systems and Services Officer,26-0326,https://ousd.legistar.com/gateway.aspx?M=L&ID=67752,"CMAS Purchase and Installation Agreement – Valley Precision Grading, Inc. – Manzanita Elementary School Turf Replacement Project – Division of Facilities Planning and Management","Approval by the Board of Education of a CMAS Purchase and Installation Agreement by and between the District and Valley Precision Grading, Inc., Rancho Cordova, CA, for the latter to perform removal and replacement of the synthetic turf field system, more specifically described in the February 3, 2026 Proposal provided by the Contractor, attached and incorporated herein as Exhibit A of the Agreement, for the Manzanita Elementary School Turf Replacement Project, in the not-to-exceed amount of $300,000.00, with work scheduled to commence as specified in Section 3.1 and to be completed as specified in Section 3.2  of the Agreement.",Agreement or Contract,"Deputy Chief, Facilities Planning and Management",,v-009906,Fund 1 General Fund ELOP,"Pays Valley Precision Grading up to $300,000 to replace the turf field at Manzanita Elementary","The district would pay Valley Precision Grading up to $300,000 to remove and replace the synthetic turf field at Manzanita Elementary School. The district is buying through the California Multiple Award Schedules (CMAS), a state contract list, instead of running its own bid.",School buildings & construction,,cooperative_purchase,"Valley Precision Grading, Inc.",organization,Manzanita Elementary School,expense,not_to_exceed,300000,,,,,true,,,no_competitive_bid,,,Adopted on the General Consent Report,2026-03-25,true,auto_ok,sonnet-agent,enrich.v5.md,true,
2026-03-25:26-0346,2026-03-25,2026-03-25,regular,O.-3,46,general,Chief Systems and Services Officer,26-0346,https://ousd.legistar.com/gateway.aspx?M=L&ID=67772,"Construction Agreement Between Owner and Contractor – Tulum Innovative Engineering, Inc. – Manzanita Elementary School Upper Site Improvement Project – Division of Facilities Planning and Management","Approval by the Board of Education of a Construction Agreement Between Owner and Contractor by and between the District and Tulum Innovative Engineering, Inc., Oakland, CA, for the latter to provide construction services which consist of removing, repairing, and relocating an existing electrical christy box, and wiring in the new playground structure; install new low-voltage wiring from the main building to portables; and provide asphalt patch, bore, and trench locations as needed, for the Manzanita Elementary School Upper Site Improvement  Project, in the amount of $73,880.00, with work scheduled to commence on March 26, 2026, and scheduled to last until June 30, 2026.",Agreement or Contract,"Deputy Chief, Facilities Planning and Management",004387,v-004387,General Fund 1,"Hires Tulum Innovative Engineering for $73,880 in electrical and wiring work at Manzanita Elementary","Tulum Innovative Engineering would be paid $73,880 for site work at Manzanita Elementary School. The work includes moving an electrical box, wiring the new playground structure, running low-voltage wiring to the portables, and patching asphalt. Work is scheduled from March 26 to June 30, 2026.",School buildings & construction,,new_agreement,"Tulum Innovative Engineering, Inc.",organization,Manzanita Elementary School,expense,fixed,73880,,,,,true,2026-03-26,2026-06-30,,,,Adopted on the General Consent Report,2026-03-25,true,auto_ok,sonnet-agent,enrich.v5.md,true,
2026-03-25:26-0349,2026-03-25,2026-03-25,regular,O.-4,47,general,Chief Systems and Services Officer,26-0349,https://ousd.legistar.com/gateway.aspx?M=L&ID=67775,"Construction Agreement Between Owner and Contractor – Alaniz Construction, Inc. – Manzanita Elementary School Upper Site Improvement Project – Division of Facilities Planning and Management","Approval by the Board of Education of a Construction Agreement Between Owner and Contractor by and between the District and Alaniz Construction, Inc., Fremont, CA, for the latter to provide construction services which consists of repairing four areas of asphalt within the playground area for the Manzanita Elementary School Upper Site Improvement  Project, in the not to exceed amount of $20,631.00, with the work scheduled to commence on March 26, 2026, and scheduled to last until June 30, 2026.",Agreement or Contract,"Deputy Chief, Facilities Planning and Management",000330,v-000330,General Fund 1 ELOP,"Hires Alaniz Construction for up to $20,631 to repair playground asphalt at Manzanita Elementary","Alaniz Construction would repair four areas of asphalt in the playground at Manzanita Elementary School, for no more than $20,631. Work is scheduled from March 26 to June 30, 2026.",School buildings & construction,,new_agreement,"Alaniz Construction, Inc.",organization,Manzanita Elementary School,expense,not_to_exceed,20631,,,,,true,2026-03-26,2026-06-30,,,,Adopted on the General Consent Report,2026-03-25,true,auto_ok,sonnet-agent,enrich.v5.md,true,
2026-03-25:26-0408,2026-03-25,2026-03-25,regular,O.-5,48,general,Chief Systems and Services Officer,26-0408,https://ousd.legistar.com/gateway.aspx?M=L&ID=67834,Sonic Services Agreement - Dark Fiber - Technology Services Department,"Approval by the Board of Education of a Sonic Service Agreement by and between the District and Sonic Net, LLC (Sonic), San Ramon, CA, for Dark Fiber services, by the latter, as defined in Agreement, for the term  July 1, 2026 through June 30, 2031 at $900.00 per month, with the Federal E-Rate Program paying ninety (90) percent of the cost first five years, with an optional extension July 1, 2031 through June 30, 2036 at $450.00 per month, via the Technology Services Department.",Agreement or Contract,Chief Systems and Services Officer,,n-sonic-net,0000 - General Purpose Fund,Signs a five-year Sonic dark fiber (fiber-optic cable) deal at $900 a month starting July 2026,"The district would contract with Sonic Net for dark fiber service from July 1, 2026 through June 30, 2031 at $900 a month. The federal E-Rate Program would pay 90 percent of the cost for the first five years. The district could extend the deal from July 1, 2031 through June 30, 2036 at $450 a month. The text gives no total contract amount.",Technology,,new_agreement,"Sonic Net, LLC",organization,,expense,,,,,,,true,2026-07-01,2031-06-30,multi_year,,,Adopted on the General Consent Report,2026-03-25,true,auto_ok,sonnet-agent,enrich.v5.md,true,
2026-03-25:26-0434,2026-03-25,2026-03-25,regular,O.-6,49,general,Chief Systems and Services Officer,26-0434,https://ousd.legistar.com/gateway.aspx?M=L&ID=67860,Services Agreement 2025-2026 - CA Food Safety Exams - Nutrition Services Department,"Ratification by the Board of Education of a Services Agreement 2025-2026 by and between the District and CA Food Safety Exams, San Jose, CA, for the latter to provide its courses of ServSafe Food Manager Certification Class and the ServSafe Food Handler Card Class and examinations for both to District’s Nutrition supervisory and frontline employees on proper food handling practices and issue certifications upon successful completion, via the Nutrition Services Department, for the period of November 1, 2025 through June 30, 2026, in an amount not to exceed $49,866.60.",Agreement or Contract,Chief Systems and Services Officer,009798,v-009798,5310 - Child Nutrition School Program,"Ratifies up to $49,866.60 for CA Food Safety Exams to certify Nutrition Services staff","CA Food Safety Exams provides food manager certification and food handler card classes and exams for Nutrition Services supervisors and frontline staff, for no more than $49,866.60. The agreement period began November 1, 2025, before this ratification, and runs through June 30, 2026.","Food, transportation & operations",,new_agreement,CA Food Safety Exams,organization,,expense,not_to_exceed,49866.6,,,,,true,2025-11-01,2026-06-30,after_work_began,,,Adopted on the General Consent Report,2026-03-25,true,auto_ok,sonnet-agent,enrich.v5.md,true,
2026-03-25:26-0438,2026-03-25,2026-03-25,regular,O.-7,50,general,Chief Systems and Services Officer,26-0438,https://ousd.legistar.com/gateway.aspx?M=L&ID=67864,"Amendment No. 1, Agreement for Inspector of Record Services for Construction – T.Y.R., Inc. – Manzanita Elementary School - California Fire Implementation Project - Division of Facilities Planning and Management","Approval by the Board of Education of Amendment No.1, Agreement for Inspector of Record Services for Construction by and between the District and T.Y.R., Inc., Huntington Beach, CA, for the latter to provide continued Inspector of Record Services, as outlined in the Proposal dated January 8, 2025, attached as Exhibit A to the Agreement, due to project being extended beyond the original duration, for the Manzanita Elementary School - California Fire Implementation Project, in an additional amount of $3,150.00, increasing the not-to-exceed amount of the Agreement from $26,334.00, to $29,484.00, and extending the term of the Agreement from May 29, 2025 through July 31, 2025 to March 31, 2026 (an additional 243 days).  All other terms and conditions of the Agreement remain in full force and effect.",Agreement or Contract,"Deputy Chief, Facilities Planning and Management",009573,v-009573,Fund 01 General Fund CALFIRE,"Adds $3,150 and time for T.Y.R. inspections on Manzanita Elementary's fire project","This amendment adds $3,150 to T.Y.R.'s inspector-of-record contract for the Manzanita Elementary School California Fire Implementation Project, raising the limit from $26,334 to $29,484. The project ran past its original length, so the term is extended to March 31, 2026 (243 more days).",School buildings & construction,,amendment,"T.Y.R., Inc.",organization,Manzanita Elementary School,expense,not_to_exceed,3150,,,26334,29484,true,2025-05-29,2026-03-31,after_work_began; raises_existing_contract,,,Adopted on the General Consent Report,2026-03-25,true,auto_ok,sonnet-agent,enrich.v5.md,true,
2026-03-25:26-0440,2026-03-25,2026-03-25,regular,O.-8,51,general,Chief Systems and Services Officer,26-0440,https://ousd.legistar.com/gateway.aspx?M=L&ID=67866,"Amendment No. 2, Agreement for Inspector of Record Services for Construction – T.Y.R., Inc. – Martin Luther King Jr. Elementary School - California Fire Implementation Project - Division of Facilities Planning and Management","Approval by the Board of Education of Amendment No.2,  Agreement for Inspector of Record Services for Construction by and between the District and T.Y.R., Inc., Huntington Beach CA, for the latter to provide continued Inspector of Record Services, as detailed in the Proposal dated January 8, 2026, attached as Exhibit A to the Agreement, for the Martin Luther King Jr. Elementary School California Fire Implementation Project, due to the construction phase extending beyond the original duration, due to change orders, unforeseen conditions, and contactors scheduled delays, in an additional amount of $3,150.00, increasing the not-to-exceed amount of Agreement from $16,401.00 to $19,551.00, and extending the term of the Agreement from May 29, 2025 through July 31, 2025 to March 31, 2026 (an additional 243 days).  All other terms and conditions of the Agreement remain in full force and effect.",Agreement or Contract,"Deputy Chief, Facilities Planning and Management",009573,v-009573,Fund 01 General Fund CAL,"Adds $3,150 and time for T.Y.R. inspections at Martin Luther King Jr. Elementary's fire project","This second amendment adds $3,150 to T.Y.R.'s inspector-of-record contract for the Martin Luther King Jr. Elementary School California Fire Implementation Project, raising the limit from $16,401 to $19,551. Construction ran past its original length because of change orders, unforeseen conditions and contractor delays, so the term is extended to March 31, 2026 (243 more days).",School buildings & construction,,amendment,"T.Y.R., Inc.",organization,Martin Luther King Jr. Elementary School,expense,not_to_exceed,3150,,,16401,19551,true,2025-05-29,2026-03-31,after_work_began; raises_existing_contract,,,Adopted on the General Consent Report,2026-03-25,true,auto_ok,sonnet-agent,enrich.v5.md,true,
2026-03-25:26-0444,2026-03-25,2026-03-25,regular,O.-9,52,general,Chief Systems and Services Officer,26-0444,https://ousd.legistar.com/gateway.aspx?M=L&ID=67870,Agreement Between Owner and Contractor – Apena Engineering Inc – Oakland Academy of Knowledge -Elementary School Phase II Site Improvements Project - Division of Facilities Planning and Management,"Approval by the Board of Education of an Agreement Between Owner and Contractor by and between the District and Apena Engineering Inc., San Leandro, CA, for the latter to provide demolition of existing structures and application of new asphalt, installation of new playground structures, soccer field, outdoor classroom, garden planter beds and recreational space, as part of the Oakland Academy of Knowledge Elementary School Phase II Site Improvements Project, in the amount of $446,300.00, which includes a contingency of $57,300.00, as the lowest responsive bidder, rejecting all other bids, with the work scheduled to commence on March 26, 2026, and required to be completed within sixty (60) days, with a scheduled end date of May 25, 2026.",Agreement or Contract,"Deputy Chief, Facilities Planning and Management",,n-apena-engineering,,"Awards Apena Engineering $446,300 to rebuild playground and outdoor spaces at Oakland Academy of Knowledge","Apena Engineering was the lowest responsive bidder, and would be paid $446,300 (including a $57,300 contingency) for Phase II site improvements at Oakland Academy of Knowledge Elementary School. Work includes demolition, new asphalt, new playground structures, a soccer field, an outdoor classroom and garden beds. Work starts March 26, 2026 and ends by May 25, 2026.",School buildings & construction,,bid_award,Apena Engineering Inc.,organization,Oakland Academy of Knowledge Elementary School,expense,fixed,446300,,,,,true,2026-03-26,2026-05-25,,,,Adopted on the General Consent Report,2026-03-25,true,auto_ok,sonnet-agent,enrich.v5.md,true,
2026-03-25:26-0451,2026-03-25,2026-03-25,regular,O.-10,53,general,Chief Systems and Services Officer,26-0451,https://ousd.legistar.com/gateway.aspx?M=L&ID=67877,"General Services Agreement – BSAFE Playground Inspection Services, Inc. – Harriet Tubman Child Development Center Play Yard Site Improvement Project - Division of Facilities Planning and Management","Ratification by the Board of Education of a General Services Agreement by and between the District and BSAFE Playground Inspection Services, Inc., Sunland, CA, for the latter to provide safety inspection testing reports for the new play structure equipment and impact testing reports, including all work described in the January 26, 2026 Proposal, attached to this Agreement as Exhibit A, for the Harriet Tubman Child Development Center Play Yard Site Improvement Project, in the  amount of $1,600.00, with work scheduled to commence on January 26, 2026, and expected to last until June 30, 2026.",Agreement or Contract,"Deputy Chief, Facilities Planning and Management",008114,v-008114,OCI Oakland Children's Initiative,"Ratifies $1,600 for BSAFE to inspect new play equipment at Harriet Tubman Child Development Center","BSAFE Playground Inspection Services would be paid $1,600 for safety inspection and impact testing reports on the new play structure at the Harriet Tubman Child Development Center. The work began January 26, 2026, before this ratification, and is expected to last until June 30, 2026.",School buildings & construction,,new_agreement,"BSAFE Playground Inspection Services, Inc.",organization,Harriet Tubman Child Development Center,expense,fixed,1600,,,,,true,2026-01-26,2026-06-30,after_work_began,,,Adopted on the General Consent Report,2026-03-25,true,auto_ok,sonnet-agent,enrich.v5.md,true,
2026-03-25:26-0452,2026-03-25,2026-03-25,regular,O.-11,54,general,Chief Systems and Services Officer,26-0452,https://ousd.legistar.com/gateway.aspx?M=L&ID=67878,"General Services Agreement – BSAFE Playground Inspection Services, Inc. – Highland Child Development Center Play Yard Site Improvement Project - Division of Facilities Planning and Management","Ratification by the Board of Education of a General Services Agreement by and between the District and BSAFE Playground Inspection Services, Inc., Sunland, CA, for the latter to provide safety inspection testing reports for the new play structure equipment and impact testing reports, including all work described in the January 26, 2026 Proposal, attached as Exhibit A of the Agreement, for the Highland Child Development Center Play Yard Site Improvement Project, in a not to exceed amount of $1,600.00, with work scheduled to commence on January 26, 2026, and expected to last until June 30, 2026.",Agreement or Contract,"Deputy Chief, Facilities Planning and Management",008114,v-008114,COI Oakland Children Innovative,"Ratifies up to $1,600 for BSAFE to inspect new play equipment at Highland Child Development Center","BSAFE Playground Inspection Services would be paid up to $1,600 for safety inspection and impact testing reports on the new play structure at the Highland Child Development Center. The work began January 26, 2026, before this ratification, and is expected to last until June 30, 2026.",School buildings & construction,,new_agreement,"BSAFE Playground Inspection Services, Inc.",organization,Highland Child Development Center,expense,not_to_exceed,1600,,,,,true,2026-01-26,2026-06-30,after_work_began,,,Adopted on the General Consent Report,2026-03-25,true,auto_ok,sonnet-agent,enrich.v5.md,true,
2026-03-25:26-0454,2026-03-25,2026-03-25,regular,O.-12,55,general,Chief Systems and Services Officer,26-0454,https://ousd.legistar.com/gateway.aspx?M=L&ID=67880,"Agreement Between Owner and Contractor – Next Generation of Builders, LLC – Markham Elementary School Boys Toilet Renovation Project – Buildings and Grounds Department","Approval by the Board of Education of the Agreement Between Owner and Contractor by and between the District and Next Generation of Builders, LLC, Santa Clara, CA, for the latter to provide renovation of the boys toilet room, which includes supplying equipment, and materials to demolish existing fixtures, partitions, flooring, ceiling, and finishes, along with hazardous material (lead) abatement; deliver new construction including plumbing, mechanical, electrical, ceiling, wall, and floor finishes, ADA-compliant toilet partitions, lavatories, urinals, and related specialty items; and conduct additional work includes painting, carpentry, signage, floor drains, and minor structural modifications, as part of the Markham Elementary School Boys Toilet Renovation Project, in the amount of $238,475.00, which includes a contingency fee of $25,000.00, as the lowest responsive bidder, with the work anticipated to commence on June 1, 2026, and required to be completed within sixty days (60), with an anticipated ending of July 31, 2026.",Agreement or Contract,"Deputy Chief, Facilities Planning and Management",009085,v-009085,Fund 140 Deferred Maintenance,"Awards Next Generation of Builders $238,475 to renovate the boys toilet room at Markham Elementary","Next Generation of Builders was the lowest responsive bidder, and would be paid $238,475 (including a $25,000 contingency) to renovate the boys toilet room at Markham Elementary School, including lead abatement. Work is expected to run from June 1 to July 31, 2026.",School buildings & construction,,bid_award,"Next Generation of Builders, LLC",organization,Markham Elementary School,expense,fixed,238475,,,,,true,2026-06-01,2026-07-31,,,,Adopted on the General Consent Report,2026-03-25,true,auto_ok,sonnet-agent,enrich.v5.md,true,
2026-03-25:26-0494,2026-03-25,2026-03-25,regular,O.-13,57,general,"Chief, Talent",26-0494,https://ousd.legistar.com/gateway.aspx?M=L&ID=67920,"Amendment No. 1, Agreement for Special Education Non Public Transportation Services - Rids Brother Company, Inc. - Talent/Human Resources Department","Approval by the Board of Education of Amendment No. 1, Agreement for Special Education Non-Public Transportation Services by and between the District and Rids Brother Company, Inc., Rodeo, CA,  for the latter to continue to provide Special Education transportation vehicles for District school sites and programs, and exercising the first of two one year options, extending the term of the Agreement from July 1, 2023 through June 30, 2026 to June 30, 2027, in an unchanged amount not to exceed $1,600,000.00 for School Year 2026-27. All other terms and condition of the Agreement remain in full force and effect.",Agreement or Contract,"Deputy Chief, Talent",,n-rids-brother,,"Extends Rids Brother's special-ed transportation contract to June 2027, up to $1.6M for 2026-27","The district would use the first of two one-year options to extend Rids Brother's special education transportation contract from June 30, 2026 to June 30, 2027. The amount stays the same, up to $1,600,000 for school year 2026-27.",Special education,Transportation,amendment,"Rids Brother Company, Inc.",organization,,expense,not_to_exceed,1600000,,,,,true,2023-07-01,2027-06-30,multi_year,,,Adopted on the General Consent Report,2026-03-25,true,auto_ok,sonnet-agent,enrich.v5.md,true,
2026-03-25:26-0496,2026-03-25,2026-03-25,regular,O.-14,58,general,"Chief, Talent",26-0496,https://ousd.legistar.com/gateway.aspx?M=L&ID=67922,"Amendment No. 1, Agreement for Special Education Non-Public Transportation Services - JIR, Inc. – Talent/Human Resources Department","Approval by the Board of Education of Amendment No. 1, Agreement for Special Education Non Public Transportation Services by and between the District and JIR, Inc., Newark, CA, for the latter to continue to provide Special Education transportation vehicles for the District school sites and programs, including adding routes due to increase in students, and exercising the first of two one year options, extending the term of the Agreement from July 1, 2023 through June 30, 2026 to June 30, 2027, in an amount not to exceed $1,300,000.00 for School Year 2026-27. All other terms and conditions of the Agreement remain in full force and effect.",Agreement or Contract,"Deputy Chief, Talent",,n-jir,,"Extends JIR special-ed transportation through June 2027 with routes added, up to $1.3M for 2026-27","The district would use the first of two one-year options to extend JIR's special education transportation contract from June 30, 2026 to June 30, 2027, and add routes because more students need service. The limit for school year 2026-27 is $1,300,000.",Special education,Transportation,amendment,"JIR, Inc.",organization,,expense,not_to_exceed,1300000,,,,,true,2023-07-01,2027-06-30,multi_year,,,Adopted on the General Consent Report,2026-03-25,true,auto_ok,sonnet-agent,enrich.v5.md,true,
2026-03-25:26-0498,2026-03-25,2026-03-25,regular,O.-15,59,general,"Chief, Talent",26-0498,https://ousd.legistar.com/gateway.aspx?M=L&ID=67924,"Amendment No. 1, Agreement for Special Education Non Public Transportation Services- First American Transit, Inc. DBA Welcome Transportation– Talent/Human Resources Department","Approval by the Board of Education of Amendment No. 1, Agreement for Special Education Non-Public Transportation Services by and between the District and First American Transit, Inc., dba Welcome Transportation, Alameda, CA,  for the latter to continue to provide Special Education transportation vehicles for District school sites and programs, and exercising the first of two one year options, extending the term of the Agreement from July 1, 2023 through June 30, 2026 to June 30, 2027, in an unchanged amount not to exceed $300,000.00 for School Year 2026-27. All other terms and condition of the Agreement remain in full force and effect.",Agreement or Contract,"Deputy Chief, Talent",,n-first-american-transit,,"Extends Welcome Transportation's special-ed transportation through June 2027, up to $300,000","The district would use the first of two one-year options to extend Welcome Transportation's special education transportation contract from June 30, 2026 to June 30, 2027. The amount stays the same, up to $300,000 for school year 2026-27.",Special education,Transportation,amendment,"First American Transit, Inc., dba Welcome Transportation",organization,,expense,not_to_exceed,300000,,,,,true,2023-07-01,2027-06-30,multi_year,,,Adopted on the General Consent Report,2026-03-25,true,auto_ok,sonnet-agent,enrich.v5.md,true,
2026-03-25:26-0500,2026-03-25,2026-03-25,regular,O.-16,60,general,"Chief, Talent",26-0500,https://ousd.legistar.com/gateway.aspx?M=L&ID=67926,"Amendment No. 1, Agreement for Special Education Non-Public Transportation Services - Bay Area Wheelchair Transportation – Talent/Human Resources Department","Approval by the Board of Education of Amendment No. 1, Agreement for Special Education Non Public Transportation Services by and between the District Bay Area Wheelchair Transportation, San Leandro, CA, for the latter to continue to provide Special Education transportation vehicles for the District school sites and programs, including adding routes due to increase in students, and exercising the first of two one year options, extending the term of the Agreement from July 1, 2023 through June 30, 2026 to June 30, 2027, in an amount not to exceed $350,000.00 for School Year 2026-27. All other terms and conditions of the Agreement remain in full force and effect.",Agreement or Contract,"Deputy Chief, Talent",,n-bay-area-wheelchair-transportation,,"Extends Bay Area Wheelchair Transportation through June 2027 with added routes, up to $350,000","The district would use the first of two one-year options to extend Bay Area Wheelchair Transportation's special education transportation contract from June 30, 2026 to June 30, 2027, and add routes because more students need service. The limit for school year 2026-27 is $350,000.",Special education,Transportation,amendment,Bay Area Wheelchair Transportation,organization,,expense,not_to_exceed,350000,,,,,true,2023-07-01,2027-06-30,multi_year,,,Adopted on the General Consent Report,2026-03-25,true,auto_ok,sonnet-agent,enrich.v5.md,true,
2026-03-25:26-0502,2026-03-25,2026-03-25,regular,O.-17,61,general,"Chief, Talent",26-0502,https://ousd.legistar.com/gateway.aspx?M=L&ID=67928,Personnel Report No. 2526-0008 - Talent/Human Resources Department,Approval by the Board of Education of Personnel Report No. 2526-0008 - Talent/Human Resources Department.,Personnel Report,"Deputy Chief, Talent",,,,Approves Personnel Report No. 2526-0008 from the Talent/Human Resources Department,The board is asked to approve Personnel Report No. 2526-0008 from the Talent/Human Resources Department. The official text does not list the individual personnel actions or any dollar amounts.,Staff & hiring,,personnel,,,,expense,,,,,,,true,,,,,,Adopted on the General Consent Report,2026-03-25,true,auto_ok,sonnet-agent,enrich.v5.md,true,
2026-03-25:26-0275,2026-03-25,2026-03-25,regular,O.-18,63,general,Chief Academic Officer,26-0275,https://ousd.legistar.com/gateway.aspx?M=L&ID=67700,No Cost Services Agreement 2025-2026 - Rebuilding Together East Bay Network - Adult and Career Education Department,"Ratification by the Board of Education of a No-Cost Services Agreement - 2025-2026 by and between the District and Rebuilding Together East Bay Network, Berkeley, CA, for the latter to provide job training and placement assistance for graduates (who meet state standards, pass the state exam, and earn industry certifications before placement) of the Oakland Adult and Career Education Program and students who participate in the Network’s Rebuilding Opportunity/Big Skills Program (which includes the finishing trades and basic carpentry), via the Adult and Career Education Department, for the period of August 1, 2025 through June 30, 2028, at no cost to the District.",Agreement or Contract,Chief Academic Officer,,n-rebuilding-together-east-bay-network,No Fiscal Impact,Accepts free job training and placement help from Rebuilding Together East Bay Network through 2028,"Rebuilding Together East Bay Network will provide job training and placement help at no cost to the district. It serves graduates of the Oakland Adult and Career Education Program and students in the network's Rebuilding Opportunity/Big Skills Program, which covers finishing trades and basic carpentry. The agreement runs August 1, 2025 through June 30, 2028 and is being ratified.",Classroom & academic programs,,mou_or_data_sharing,Rebuilding Together East Bay Network,organization,,no_cost,,,,,,,true,2025-08-01,2028-06-30,after_work_began; multi_year,,,Adopted on the General Consent Report,2026-03-25,true,auto_ok,sonnet-agent,enrich.v5.md,true,
2026-03-25:26-0303,2026-03-25,2026-03-25,regular,O.-19,64,general,Chief Academic Officer,26-0303,https://ousd.legistar.com/gateway.aspx?M=L&ID=67729,No Cost Services Agreement - Youth Alive - Community Schools and Student Services Department,"Ratification by the Board of Education of a No Cost Services Agreement by and between the District and Youth ALIVE!, Oakland, CA, for the latter to provide Teens on Target (TNT), an after school program, two times per week, for six weeks that focuses on training youth on violence prevention, peer education and youth advocacy, as described in Exhibit A of the  Agreement, for the period of February 2, 2026 through December 22, 2028, via the Community School District, at no cost to the District.",Agreement or Contract,Chief Academic Officer,004732,v-004732,,"Accepts Youth ALIVE!'s free after-school violence-prevention program, Teens on Target, through 2028","Youth ALIVE! will run Teens on Target, an after school program, two times a week for six weeks at no cost to the district. It trains youth in violence prevention, peer education and youth advocacy. The agreement runs February 2, 2026 through December 22, 2028 and is being ratified.",After-school & summer programs,,mou_or_data_sharing,Youth ALIVE!,organization,,no_cost,,,,,,,true,2026-02-02,2028-12-22,after_work_began; multi_year,,,Adopted on the General Consent Report,2026-03-25,true,auto_ok,sonnet-agent,enrich.v5.md,true,
2026-03-25:26-0411,2026-03-25,2026-03-25,regular,O.-20,65,general,Chief Academic Officer,26-0411,https://ousd.legistar.com/gateway.aspx?M=L&ID=67837,Services Agreement 2025-2026 - Oakland Public Education Fund - Coliseum College Preparatory Academy,"Approval by the Board of Education of a Services Agreement 2025-2026 by and between the District and Oakland Public Education Fund, Oakland, CA, for the latter to serve as fiscal sponsor to process and payout all of the internship stipends for students in the Exploring College, Career, and Community Options (ECCCO) 2026 Summer Internship Program at Coliseum College Preparatory Academy, for the period of June 1, 2026, through June 30, 2026, in an amount not to exceed $29,701.10.",Agreement or Contract,Chief Academic Officer,003143,v-003143,Measure H,"Pays up to $29,701.10 in summer internship stipends at Coliseum College Prep via Public Education Fund","Oakland Public Education Fund would serve as fiscal sponsor, processing and paying out student internship stipends for the 2026 ECCCO (Exploring College, Career, and Community Options) Summer Internship Program at Coliseum College Preparatory Academy. The limit is $29,701.10 for June 1 through June 30, 2026.",After-school & summer programs,,new_agreement,Oakland Public Education Fund,organization,Coliseum College Preparatory Academy,expense,not_to_exceed,29701.1,,,,,true,2026-06-01,2026-06-30,,,,Adopted on the General Consent Report,2026-03-25,true,auto_ok,sonnet-agent,enrich.v5.md,true,
2026-03-25:26-0435,2026-03-25,2026-03-25,regular,O.-21,66,general,Chief Academic Officer,26-0435,https://ousd.legistar.com/gateway.aspx?M=L&ID=67861,Services Agreement 2025-2026 - Oakland Kids First - Community Schools and Student Services Department,"Approval by the Board of Education of a Services Agreement 2025-2026 by and between the District and Oakland Kids First, Oakland, CA, for the latter to support health and wellness of high school students by providing stipends to Peer Wellness Mentors at Castlemont High School, via Community Schools and Student Services Department, for the period of March 15, 2026, through May 22, 2026, in an amount not to exceed $4,193.00.",Agreement or Contract,Chief Academic Officer,003136,v-003136,MHSSA Partnership Program,"Pays Oakland Kids First up to $4,193 for Castlemont High peer wellness mentor stipends","Oakland Kids First would provide stipends to Peer Wellness Mentors at Castlemont High School to support high school students' health and wellness. The limit is $4,193 for March 15 through May 22, 2026.","Student health, support & family services",,new_agreement,Oakland Kids First,organization,Castlemont High School,expense,not_to_exceed,4193,,,,,true,2026-03-15,2026-05-22,after_work_began,,,Adopted on the General Consent Report,2026-03-25,true,auto_ok,sonnet-agent,enrich.v5.md,true,
2026-03-25:26-0436,2026-03-25,2026-03-25,regular,O.-22,67,general,Chief Academic Officer,26-0436,https://ousd.legistar.com/gateway.aspx?M=L&ID=67862,Services Agreement 2025-2026 - Oakland Public Education Fund - Community Schools and Student Services Department,"Approval by the Board of Education of a Services Agreement 2025-2026 by and between the District and Oakland Public Education Fund, Oakland, CA, for the latter through its Assist Hub Program to provide 15 hours per week of information and education on Medi-Cal eligibility and application assistance to OUSD families, via Community Schools and Student Services Department, for the period of March 1, 2026 through June 30, 2026, in an amount not to exceed $20,400.00.",Agreement or Contract,Chief Academic Officer,003143,v-003143,Alameda County Office of Ed,"Pays Oakland Public Education Fund up to $20,400 to help families with Medi-Cal enrollment","Through its Assist Hub Program, Oakland Public Education Fund would provide 15 hours a week of information and application help on Medi-Cal eligibility for OUSD families. The limit is $20,400 for March 1 through June 30, 2026.","Student health, support & family services",,new_agreement,Oakland Public Education Fund,organization,,expense,not_to_exceed,20400,,,,,true,2026-03-01,2026-06-30,pulled_from_consent; after_work_began,,"Adopted in its own vote at this meeting (4–0, 1 abstaining, 1 recused), instead of with the rest of the consent report.",Adopted,2026-03-25,true,auto_ok,sonnet-agent,enrich.v5.md,true,
2026-03-25:26-0437,2026-03-25,2026-03-25,regular,O.-23,68,general,Chief Academic Officer,26-0437,https://ousd.legistar.com/gateway.aspx?M=L&ID=67863,Services Agreement 2025-2026 - Oakland Public Education Fund - Community Schools and Student Services Department,"Approval by the Board of Education of a Services Agreement 2025-2026 by and between the District and Oakland Public Education Fund, Oakland, CA, for the latter to serve as the Fiscal Agent for staff working OUSD summer programs, including two four-week arts camps in June at Oakland Performing Arts and Roosevelt Summer Music Program serving up to 150 students daily, as well as for eight community-based youth development coaches supporting over 4,000 students across 40 campuses, as described in Exhibit A of Agreement, via the Community Schools and Student Services Department, for the period of May 18, 2026 through June 30, 2026 in an amount not to exceed $150,000.00.",Agreement or Contract,Chief Academic Officer,003143,v-003143,Expanded Learning Opp Programs,"Pays Oakland Public Education Fund up to $150,000 to staff summer arts, music and youth coaching programs","Oakland Public Education Fund would act as fiscal agent for staff in OUSD summer programs, including two four-week June arts camps at Oakland Performing Arts, the Roosevelt Summer Music Program serving up to 150 students daily, and eight youth development coaches supporting over 4,000 students across 40 campuses. The limit is $150,000 for May 18 through June 30, 2026.",After-school & summer programs,,new_agreement,Oakland Public Education Fund,organization,,expense,not_to_exceed,150000,,,,,true,2026-05-18,2026-06-30,,,,Adopted on the General Consent Report,2026-03-25,true,auto_ok,sonnet-agent,enrich.v5.md,true,
2026-03-25:26-0439,2026-03-25,2026-03-25,regular,O.-24,69,general,Chief Academic Officer,26-0439,https://ousd.legistar.com/gateway.aspx?M=L&ID=67865,No Cost Services Agreement - 2025-2026 - No-Cost - Students Rising Above - Oakland High School,"Ratification by the Board of Education of a No Cost Services Agreement - 2025-2026 by and between the District and Students Rising Above, San Francisco, CA, for the latter to support and oversee the transition of the UC Berkeley, Education Talent Search (ETS) TRIO program, which has identified and served Oakland High School (OHS) seniors, with College Advisors, providing a targeted senior cohort with small group advising focused on college applications, college enrollment, FAFSA, and CA Dream Act completion, Scholarship applications, transition planning, along with individualized academic advising by assisting in meeting with seniors on University of C and California State University college entrance requirements at Oakland High School for the period of November 1, 2025 through May 31, 2026, at no cost to the District.",Agreement or Contract,Chief Academic Officer,,n-students-rising-above,No Fiscal Impact,Accepts Students Rising Above's free college advising for Oakland High seniors,"Students Rising Above will take over support for the UC Berkeley Education Talent Search TRIO program for Oakland High School seniors, at no cost to the district. It provides college advisors, small group advising on applications, enrollment, financial aid and scholarships, and one-on-one academic advising. The agreement runs November 1, 2025 through May 31, 2026 and is being ratified.",Classroom & academic programs,,mou_or_data_sharing,Students Rising Above,organization,Oakland High School,no_cost,,,,,,,true,2025-11-01,2026-05-31,after_work_began,,,Adopted on the General Consent Report,2026-03-25,true,auto_ok,sonnet-agent,enrich.v5.md,true,
2026-03-25:26-0461,2026-03-25,2026-03-25,regular,O.-25,70,general,Chief Academic Officer,26-0461,https://ousd.legistar.com/gateway.aspx?M=L&ID=67887,Services Agreement 2025-2026 - That Art Party LLC - Madison Park Academy-Upper,"Ratification by the Board of Education of a Services Agreement 2025-2026 by and between the District and That Art Party LLC, Oakland, CA, for the latter to facilitate three professional development sessions for staff including curricular materials for teachers focused on tangible strategies for incorporating social-emotional learning, mindfulness, and the arts into core Academic and Advisory Classes to provide trauma-informed care and enhance positive classroom and school culture, with services supporting current LCAP Goal 3, for Madison Park Academy-Upper, for the period of May 1, 2026, through May 1, 2026, in an amount not to exceed $4,500.00.",Agreement or Contract,Chief Academic Officer,008889,v-008889,Measure G1 Parcel Tx,"Ratifies up to $4,500 for That Art Party to lead staff training at Madison Park Academy-Upper","That Art Party would lead three professional development sessions for staff at Madison Park Academy-Upper on bringing social-emotional learning, mindfulness and the arts into core and advisory classes, including materials for teachers. The limit is $4,500 for a single day, May 1, 2026.",Classroom & academic programs,,new_agreement,That Art Party LLC,organization,Madison Park Academy-Upper,expense,not_to_exceed,4500,,,,,true,2026-05-01,2026-05-01,,,,Adopted on the General Consent Report,2026-03-25,true,auto_ok,sonnet-agent,enrich.v5.md,true,
2026-03-25:26-0466,2026-03-25,2026-03-25,regular,O.-26,71,general,Chief Academic Officer,26-0466,https://ousd.legistar.com/gateway.aspx?M=L&ID=67892,"Services Agreement 2025-2026 - STEMSoul Teach, LLC - Community Schools and Student Services Department","Ratification by the Board of Education of a Services Agreement 2025-2026 by and between the District and STEMSoul Teach, LLC, Los Angeles, CA, for the latter to host four workshops for expanded learning program staff to equip them to support up to 3,200 students during summer programming to provide STEM lessons and build confidence, as described in Exhibit A of the Agreement, via Community Schools and Student Services Department, for the period of June 1, 2026 through June 3, 2026, in an amount not to exceed $3,500.00.",Agreement or Contract,Chief Academic Officer,009035,v-009035,Expanded Learning Opp Programs,"Ratifies up to $3,500 for STEMSoul Teach workshops preparing summer program staff","STEMSoul Teach would host four workshops for expanded learning program staff so they can deliver STEM lessons to up to 3,200 students during summer programming. The limit is $3,500 for June 1 through June 3, 2026.",After-school & summer programs,,new_agreement,"STEMSoul Teach, LLC",organization,,expense,not_to_exceed,3500,,,,,true,2026-06-01,2026-06-03,,,,Adopted on the General Consent Report,2026-03-25,true,auto_ok,sonnet-agent,enrich.v5.md,true,
2026-03-25:26-0468,2026-03-25,2026-03-25,regular,O.-27,72,general,Chief Academic Officer,26-0468,https://ousd.legistar.com/gateway.aspx?M=L&ID=67894,Services Agreement 2025-2026 - Oakland Public Education Fund - High School Linked Learning Department,"Approval by the Board of Education of a Services Agreement 2025-2026 by and between the District and Oakland Public Education Fund, Oakland, CA, for the latter to process and payout student stipends, drawn from these contracted dollars, for students enrolled in the pathway-based summer Work-Based Learning Program ECCCCO: Exploring College, Career, and Community Options, via the High School Linked Learning Department, for the period of May 1, 2026 through August 30, 2026, in an amount not to exceed $225,000.00.",Agreement or Contract,Chief Academic Officer,003143,v-003143,Oakland Fund for Children & Youth,"Pays Oakland Public Education Fund up to $225,000 for summer work-based learning internship stipends","Oakland Public Education Fund would process and pay out student stipends for the pathway-based summer Work-Based Learning Program ECCCO (Exploring College, Career, and Community Options). The limit is $225,000 for May 1 through August 30, 2026.",After-school & summer programs,,new_agreement,Oakland Public Education Fund,organization,,expense,not_to_exceed,225000,,,,,true,2026-05-01,2026-08-30,,,,Adopted on the General Consent Report,2026-03-25,true,auto_ok,sonnet-agent,enrich.v5.md,true,
2026-03-25:26-0469,2026-03-25,2026-03-25,regular,O.-28,73,general,Chief Academic Officer,26-0469,https://ousd.legistar.com/gateway.aspx?M=L&ID=67895,"Nonpublic, Nonsectarian School, Agency Services Master Contract 2025-26, Ascend Rehab Services - Special Education Department","Approval by the Board of Education of a Nonpublic, Nonsectarian School/ Agency Services Master Contract 2025-26 by and between the District and Ascend Rehab Services, Union City, CA for the latter to provide Special Education services, stated in Agreement, required by a student’s Individualized Education Program, for the period of July 1, 2025 through June 30, 2026, via the Special Education Department, in an amount not to exceed $100,000.00.",Agreement or Contract,Chief Academic Officer,,n-ascend-rehab-services,Special Education,"Approves up to $100,000 for Ascend Rehab Services to provide special education services in 2025-26","Ascend Rehab Services, a nonpublic agency, would provide special education services required by a student's Individualized Education Program (IEP), for no more than $100,000. The agreement period began July 1, 2025, before this approval, and runs through June 30, 2026.",Special education,Nonpublic schools & agencies,new_agreement,Ascend Rehab Services,organization,,expense,not_to_exceed,100000,,,,,true,2025-07-01,2026-06-30,after_work_began,,,Adopted on the General Consent Report,2026-03-25,true,auto_ok,sonnet-agent,enrich.v5.md,true,
2026-03-25:26-0470,2026-03-25,2026-03-25,regular,O.-29,74,general,Chief Academic Officer,26-0470,https://ousd.legistar.com/gateway.aspx?M=L&ID=67896,Services Agreement 2025-2026 - Oakland Public Education Fund - Adult and Career Education Department,"Approval by the Board of Education of a Services Agreement 2025-2026 by and between the District and Oakland Public Education Fund, Oakland, CA, for the latter to administer stipends to student participants in the OUSD Highway to Work Program - Emergency Room Technician, Certified Nursing Assistant, Phlebotomy, Medical Assistant, Emergency Medical Technician, and DC16 Finishing, for Clipper Cards for student transportation to internship sites, with the fund receiving a 10% administrative fee for services, via Adult and Career Education Department, for the period of December 1, 2025 through April 30, 2027, in an amount not to exceed $374,040.00.",Agreement or Contract,Chief Academic Officer,003143,v-003143,DOL-EDD YA Career Pathway,"Pays Oakland Public Education Fund up to $374,040 for Highway to Work student stipends and transit cards","Oakland Public Education Fund would administer stipends and Clipper Cards for students in the Highway to Work Program, which trains for jobs such as emergency room technician, nursing assistant, phlebotomy, medical assistant and finishing trades. The fund receives a 10% administrative fee. The limit is $374,040 for December 1, 2025 through April 30, 2027; the period began before this approval.",Classroom & academic programs,,new_agreement,Oakland Public Education Fund,organization,,expense,not_to_exceed,374040,,,,,true,2025-12-01,2027-04-30,after_work_began; multi_year,,,Adopted on the General Consent Report,2026-03-25,true,auto_ok,sonnet-agent,enrich.v5.md,true,
2026-03-25:26-0471,2026-03-25,2026-03-25,regular,O.-30,75,general,Chief Academic Officer,26-0471,https://ousd.legistar.com/gateway.aspx?M=L&ID=67897,Services Agreement 2025-2026 - The Teaching Well - Joaquin Miller Elementary School,"Ratification by the Board of Education of a Services Agreement 2025-2026 by and between the District and The Teaching Well, Oakland, CA, for the latter to design and facilitate wellness programming for educators and staff, including professional development sessions, workshops, and resources focused on mindfulness, stress management, and sustainable wellness practices that can be integrated into daily school routines at Joaquin Miller Elementary School, for the period of February 20, 2026 through May 29, 2026, in an amount not to exceed $9,000.00.",Agreement or Contract,Chief Academic Officer,004278,v-004278,Title I-Basic Grant Low Income and Unrestricted Supplemental,"Ratifies up to $9,000 for The Teaching Well to run wellness sessions for Joaquin Miller Elementary staff","The Teaching Well would design and run wellness programming for educators and staff at Joaquin Miller Elementary School, including workshops and resources on mindfulness and stress management. The limit is $9,000 for February 20 through May 29, 2026. The work began before this ratification.",Staff & hiring,,new_agreement,The Teaching Well,organization,Joaquin Miller Elementary School,expense,not_to_exceed,9000,,,,,true,2026-02-20,2026-05-29,after_work_began,,,Adopted on the General Consent Report,2026-03-25,true,auto_ok,sonnet-agent,enrich.v5.md,true,
2026-03-25:26-0472,2026-03-25,2026-03-25,regular,O.-31,76,general,Chief Academic Officer,26-0472,https://ousd.legistar.com/gateway.aspx?M=L&ID=67898,"Amendment No. 1, Service Agreement 2025-2026 - Amy McDonald Crudo - High School Linked Learning Department","Ratification by the Board of Education of Amendment No. 1, Services Agreement 2025-2026 by and between the District and Amy McDonald Crudo, Oakland, CA, for the latter to work with Charter & Street Academy reimbursements, setting up appropriate files and related documents, communicating with Charter and Street fiscal contacts, working with OUSD Fiscal to adjust the submission protocol to support audit and eliminate errors, and designing and delivering training to complete both reimbursements and customizations; communicate with Measures N and H-funded Charters and Street Academy to ensure timely and comprehensive document submission for reimbursement  quarterly; review submitted documents to ensure compliance with all requirements stipulated in the Measures N and H Permissible Guidelines and Required Documentation, for the period of September 26, 2025 through June 30, 2026, in the additional amount of $46,000.00, increasing the Agreement not to exceed amount from $5,000.00 to $51,000.00. All other terms and conditions of the Agreement remain in full force and effect.",Agreement or Contract,Chief Academic Officer,008870,v-008870,Measure H,"Adds $46,000 to pay a consultant for Measure N and H charter reimbursement support","This amendment raises a contractor's agreement limit from $5,000 to $51,000. The contractor helps Charter and Street Academy programs funded by Measures N and H submit reimbursement paperwork correctly and on time, and trains them to do so. The work runs September 26, 2025 through June 30, 2026, so it began before the Board's ratification.","Budget, finance & payments",,amendment,Amy McDonald Crudo,individual,,expense,not_to_exceed,46000,,,5000,51000,true,2025-09-26,2026-06-30,after_work_began; raises_existing_contract; large_increase,,,Adopted on the General Consent Report,2026-03-25,true,auto_ok,sonnet-agent,enrich.v5.md,true,
2026-03-25:26-0473,2026-03-25,2026-03-25,regular,O.-32,77,general,Chief Academic Officer,26-0473,https://ousd.legistar.com/gateway.aspx?M=L&ID=67899,Services Agreement 2025-2026 - ARTogether - Edna Brewer Middle School,"Ratification by the Board of Education of a Services Agreement 2025-2026 by and between the District and ARTogether, Oakland, CA, for the latter to provide a 15-week afterschool Visual Arts Program serving up to 20 students who identify as recent immigrants, English Language Learners, and/or first-generation immigrants, consisting of 2-hour weekly sessions focused on visual art and collaborative mural creation, and includes curriculum design, art supplies, instruction by professional teaching artists, and coordination with school staff at Edna Brewer Middle School, for the period of February 1, 2026 through May 28, 2026, in an amount not to exceed $18,000.00.",Agreement or Contract,Chief Academic Officer,009212,v-009212,Measure G1 Parcel Tax,"Pays ARTogether up to $18,000 for an afterschool visual arts program at Edna Brewer Middle","ARTogether will run a 15-week afterschool visual arts program for up to 20 students who are recent immigrants, English Language Learners or first-generation immigrants. Students meet for two-hour weekly sessions and create a collaborative mural, with supplies and teaching artists included. The agreement started February 1, 2026, before the Board's ratification.",After-school & summer programs,,new_agreement,ARTogether,organization,Edna Brewer Middle School,expense,not_to_exceed,18000,,,,,true,2026-02-01,2026-05-28,after_work_began,,,Adopted on the General Consent Report,2026-03-25,true,auto_ok,sonnet-agent,enrich.v5.md,true,
2026-03-25:26-0474,2026-03-25,2026-03-25,regular,O.-33,78,general,Chief Academic Officer,26-0474,https://ousd.legistar.com/gateway.aspx?M=L&ID=67900,Services Agreement 2025-2026 - Bay Area Community Resources - Hillcrest Elementary School,"Approval by the Board of Education of a Services Agreement 2025-2026 by and between the District and Bay Area Community Resources, El Cerrito, CA, for the latter to provide restorative justice facilitation and support for the students, including facilitating games during recess, holding group circles when conflicts arise, and helping students work through conflicts and rebuild relationships at Hillcrest Elementary School, for the period of October 20, 2025 through May 28, 2026, in an amount not to exceed $8,000.00.",Agreement or Contract,Chief Academic Officer,000624,v-000624,Measure G1 Parcel Tax,"Pays Bay Area Community Resources up to $8,000 for restorative justice support at Hillcrest","Bay Area Community Resources will help Hillcrest Elementary students resolve conflicts and rebuild relationships. This includes facilitating games at recess and holding group circles when conflicts arise. The agreement period began October 20, 2025, before this approval.","Student health, support & family services",,new_agreement,Bay Area Community Resources,organization,Hillcrest Elementary School,expense,not_to_exceed,8000,,,,,true,2025-10-20,2026-05-28,after_work_began,,,Adopted on the General Consent Report,2026-03-25,true,auto_ok,sonnet-agent,enrich.v5.md,true,
2026-03-25:26-0475,2026-03-25,2026-03-25,regular,O.-34,79,general,Chief Academic Officer,26-0475,https://ousd.legistar.com/gateway.aspx?M=L&ID=67901,No Cost Services Agreement 2025-2026 - Spanish Speaking Unity Council - Adult and Career Education Department,"Ratification by the Board of Education of a No Cost Services Agreement - 2025-2026  by and between the District and Spanish Speaking Unity Council, Oakland, CA, for the latter to provide space at the program site for the purposes of conducting adult education classes and programming services, via Adult and Career Education Department, for the period of August 4, 2025 through June 30, 2028, at no cost to the District.",Agreement or Contract,Chief Academic Officer,004014,v-004014,No Fiscal Impact,Accepts free classroom space from Spanish Speaking Unity Council for adult education through 2028,"Spanish Speaking Unity Council will provide space at its program site where the district's Adult and Career Education Department can hold adult education classes and services. It costs the district nothing. The agreement runs from August 4, 2025 through June 30, 2028 and was ratified after it began.",Classroom & academic programs,,mou_or_data_sharing,Spanish Speaking Unity Council,organization,,no_cost,,,,,,,true,2025-08-04,2028-06-30,after_work_began; multi_year,,,Adopted on the General Consent Report,2026-03-25,true,auto_ok,sonnet-agent,enrich.v5.md,true,
2026-03-25:26-0476,2026-03-25,2026-03-25,regular,O.-35,80,general,Chief Academic Officer,26-0476,https://ousd.legistar.com/gateway.aspx?M=L&ID=67902,Grant Award - California Department of Education - California Partnership Academies (CPA) Program Grant - College Preparatory and Architecture Academy (0065) - Fremont High School,"Acceptance by the Board of Education of a California Partnership Academies (CPA) Program: Career Technical Education Initiative Grant Award from the California Department of Education, for the College Preparatory and Architecture Academy (0065) at Fremont High School, CDE Grant Number 2025-23181-61259-01, in the amount of $81,000.00, contingent upon the availability of funds, for the period of July 1, 2025, to December 31, 2026, pursuant to the terms and conditions thereof, if any.",Agreement or Contract,Chief Academic Officer,,n-california-department-of-education,California Department of Education,"Accepts $81,000 state grant for Fremont High's College Preparatory and Architecture Academy","The district is accepting a California Partnership Academies (CPA) career technical education grant from the California Department of Education for the College Preparatory and Architecture Academy at Fremont High School. The grant is for $81,000 and depends on funds being available. It covers July 1, 2025 through December 31, 2026.",Classroom & academic programs,,grant_or_funding_in,California Department of Education,organization,Fremont High School,revenue,fixed,81000,,,,,true,2025-07-01,2026-12-31,after_work_began; multi_year,,,Adopted on the General Consent Report,2026-03-25,true,auto_ok,sonnet-agent,enrich.v5.md,true,
2026-03-25:26-0477,2026-03-25,2026-03-25,regular,O.-36,81,general,Chief Academic Officer,26-0477,https://ousd.legistar.com/gateway.aspx?M=L&ID=67903,Grant Award - California Department of Education - California Partnership Academies (CPA) Program Grant - Health and Bioscience Academy (0067) - Life Academy,"Acceptance by the Board of Education of a California Partnership Academies (CPA) Program: Career Technical Education Initiative Grant Award from the California Department of Education, for the Health and Bioscience Academy (0067) (IDEA) at Life Academy, CDE Grant Number 2025-23181-61259-03, in the amount of $81,000.00, contingent upon the availability of funds, for the period of July 1, 2025, to December 31, 2026, pursuant to the terms and conditions thereof, if any.",Agreement or Contract,Chief Academic Officer,,n-california-department-of-education,California Department of Education,"Accepts $81,000 state grant for Life Academy's Health and Bioscience Academy","The district is accepting a California Partnership Academies (CPA) career technical education grant from the California Department of Education for the Health and Bioscience Academy at Life Academy. The grant is for $81,000 and depends on funds being available. It covers July 1, 2025 through December 31, 2026.",Classroom & academic programs,,grant_or_funding_in,California Department of Education,organization,Life Academy,revenue,fixed,81000,,,,,true,2025-07-01,2026-12-31,after_work_began; multi_year,,,Adopted on the General Consent Report,2026-03-25,true,auto_ok,sonnet-agent,enrich.v5.md,true,
2026-03-25:26-0478,2026-03-25,2026-03-25,regular,O.-37,82,general,Chief Academic Officer,26-0478,https://ousd.legistar.com/gateway.aspx?M=L&ID=67904,Grant Award - California Department of Education - California Partnership Academies (CPA) Program Grant - Media Academy (0066) - Fremont High School,"Acceptance by the Board of Education of a California Partnership Academies (CPA) Program: Career Technical Education Initiative Grant Award from the California Department of Education, for the Media Academy (0066) at Fremont High, CDE Grant Number 2025-23181-61259-02, in the amount of $81,000.00, contingent upon the availability of funds, for the period of July 1, 2025, to December 31, 2026, pursuant to the terms and conditions thereof, if any.",Agreement or Contract,Chief Academic Officer,,n-california-department-of-education,California Department of Education,"Accepts $81,000 state grant for Fremont High's Media Academy","The district is accepting a California Partnership Academies (CPA) career technical education grant from the California Department of Education for the Media Academy at Fremont High School. The grant is for $81,000 and depends on funds being available. It covers July 1, 2025 through December 31, 2026.",Classroom & academic programs,,grant_or_funding_in,California Department of Education,organization,Fremont High School,revenue,fixed,81000,,,,,true,2025-07-01,2026-12-31,after_work_began; multi_year,,,Adopted on the General Consent Report,2026-03-25,true,auto_ok,sonnet-agent,enrich.v5.md,true,
2026-03-25:26-0479,2026-03-25,2026-03-25,regular,O.-38,83,general,Chief Academic Officer,26-0479,https://ousd.legistar.com/gateway.aspx?M=L&ID=67905,Grant Award - California Department of Education - California Partnership Academies (CPA) Program Grant - Innovative Design & Engineering Academy (IDEA) (0137) - Oakland High School,"Acceptance by the Board of Education of a California Partnership Academies (CPA) Program: Career Technical Education Initiative Grant Award from the California Department of Education, for the Environmental Science Academy (0137) at Oakland High School, CDE Grant Number 2025-23181-61259-04, in the amount of $81,000.00, contingent upon the availability of funds, for the period of July 1, 2025, to December 31, 2026, pursuant to the terms and conditions thereof, if any.",Agreement or Contract,Chief Academic Officer,,n-california-department-of-education,California Department of Education,"Accepts $81,000 state grant for Oakland High's Environmental Science Academy","The district is accepting a California Partnership Academies (CPA) career technical education grant from the California Department of Education for the Environmental Science Academy at Oakland High School. The grant is for $81,000 and depends on funds being available. It covers July 1, 2025 through December 31, 2026.",Classroom & academic programs,,grant_or_funding_in,California Department of Education,organization,Oakland High School,revenue,fixed,81000,,,,,true,2025-07-01,2026-12-31,after_work_began; source_issue; multi_year,"The title names the Innovative Design & Engineering Academy (IDEA) (0137), but the action text names the Environmental Science Academy (0137) at Oakland High School.",,Adopted on the General Consent Report,2026-03-25,true,auto_ok,sonnet-agent,enrich.v5.md,true,
2026-03-25:26-0480,2026-03-25,2026-03-25,regular,O.-39,84,general,Chief Academic Officer,26-0480,https://ousd.legistar.com/gateway.aspx?M=L&ID=67906,Grant Award - California Department of Education - California Partnership Academies (CPA) Program Grant - Innovative Design & Engineering Academy (IDEA) (3003) - Oakland High School,"Acceptance by the Board of Education of a California Partnership Academies (CPA) Program: Career Technical Education Initiative Grant Award from the California Department of Education, for the Innovative Design & Engineering Academy (IDEA) (3003) at Oakland High School, CDE Grant Number 2025-23181-61259-05, in the amount of $72,000.00, contingent upon the availability of funds, for the period of July 1, 2025, to December 31, 2026, pursuant to the terms and conditions thereof, if any.",Agreement or Contract,Chief Academic Officer,,n-california-department-of-education,California Department of Education,"Accepts $72,000 state grant for Oakland High's Innovative Design & Engineering Academy","The district is accepting a California Partnership Academies (CPA) career technical education grant from the California Department of Education for the Innovative Design & Engineering Academy at Oakland High School. The grant is for $72,000 and depends on funds being available. It covers July 1, 2025 through December 31, 2026.",Classroom & academic programs,,grant_or_funding_in,California Department of Education,organization,Oakland High School,revenue,fixed,72000,,,,,true,2025-07-01,2026-12-31,after_work_began; multi_year,,,Adopted on the General Consent Report,2026-03-25,true,auto_ok,sonnet-agent,enrich.v5.md,true,
2026-03-25:26-0481,2026-03-25,2026-03-25,regular,O.-40,85,general,Chief Academic Officer,26-0481,https://ousd.legistar.com/gateway.aspx?M=L&ID=67907,Grant Award - California Department of Education - California Partnership Academies (CPA) Program Grant - Visual Arts Academy (0136) - Oakland High School,"Acceptance by the Board of Education of a California Partnership Academies (CPA) Program: Career Technical Education Initiative Grant Award from the California Department of Education, for the Visual Arts Academy (0136) at Oakland High School, CDE Grant Number 2025-23181-61259-06, in the amount of $81,000.00, contingent upon the availability of funds, for the period of July 1, 2025 to December 31, 2026, pursuant to the terms and conditions thereof, if any.",Agreement or Contract,Chief Academic Officer,,n-california-department-of-education,California Department of Education,"Accepts $81,000 state grant for Oakland High's Visual Arts Academy","The district is accepting a California Partnership Academies (CPA) career technical education grant from the California Department of Education for the Visual Arts Academy at Oakland High School. The grant is for $81,000 and depends on funds being available. It covers July 1, 2025 through December 31, 2026.",Classroom & academic programs,,grant_or_funding_in,California Department of Education,organization,Oakland High School,revenue,fixed,81000,,,,,true,2025-07-01,2026-12-31,after_work_began; multi_year,,,Adopted on the General Consent Report,2026-03-25,true,auto_ok,sonnet-agent,enrich.v5.md,true,
2026-03-25:26-0482,2026-03-25,2026-03-25,regular,O.-41,86,general,Chief Academic Officer,26-0482,https://ousd.legistar.com/gateway.aspx?M=L&ID=67908,"Grant Award - California Department of Education - California Partnership Academies (CPA) Program Grant - Race, Policy, and Law Legal Practices Academy (3004) - Oakland Technical High School","Acceptance by the Board of Education of a California Partnership Academies (CPA) Program: Career Technical Education Initiative Grant Award from the California Department of Education, for the Race, Policy, and Law Legal Practices Academy (3004) at Oakland Technical High School, CDE Grant Number 2025-23181-61259-09, in the amount of $72,000.00, contingent upon the availability of funds, for the period of July 1, 2025 to December 31, 2026, pursuant to the terms and conditions thereof, if any.",Agreement or Contract,Chief Academic Officer,,n-california-department-of-education,California Department of Education,"Accepts $72,000 state grant for Oakland Tech's Race, Policy, and Law Legal Practices Academy","The district is accepting a California Partnership Academies (CPA) career technical education grant from the California Department of Education for the Race, Policy, and Law Legal Practices Academy at Oakland Technical High School. The grant is for $72,000 and depends on funds being available. It covers July 1, 2025 through December 31, 2026.",Classroom & academic programs,,grant_or_funding_in,California Department of Education,organization,Oakland Technical High School,revenue,fixed,72000,,,,,true,2025-07-01,2026-12-31,after_work_began; multi_year,,,Adopted on the General Consent Report,2026-03-25,true,auto_ok,sonnet-agent,enrich.v5.md,true,
2026-03-25:26-0483,2026-03-25,2026-03-25,regular,O.-42,87,general,Chief Academic Officer,26-0483,https://ousd.legistar.com/gateway.aspx?M=L&ID=67909,Grant Award - California Department of Education - Career Technical Education Incentive Grant (CTEIG) - High School Linked Learning Department,"Acceptance by the Board of Education of a Career Technical Education Incentive Grant (CTEIG) from the California Department of Education, to support Career Technical Education programming through Linked Learning Pathways across high schools, CDE Grant Number: 25-25437-61259-00, in the amount of $1,957,104.00, contingent upon the availability of funds, for the period of July 1, 2025 through June 30, 2027, pursuant to the terms and conditions thereof, if any.",Agreement or Contract,Chief Academic Officer,,n-california-department-of-education,California Department of Education,Accepts a $1.96M state grant for career technical education pathways in high schools,"The district is accepting a Career Technical Education Incentive Grant (CTEIG) from the California Department of Education. It supports career technical education programs through Linked Learning pathways across high schools. The grant covers July 1, 2025 through June 30, 2027 and depends on funds being available.",Classroom & academic programs,,grant_or_funding_in,California Department of Education,organization,,revenue,fixed,1957104,,,,,true,2025-07-01,2027-06-30,after_work_began; multi_year,,,Adopted on the General Consent Report,2026-03-25,true,auto_ok,sonnet-agent,enrich.v5.md,true,
2026-03-25:26-0492,2026-03-25,2026-03-25,regular,O.-43,88,general,Chief Academic Officer,26-0492,https://ousd.legistar.com/gateway.aspx?M=L&ID=67918,"Services Agreement - University of California, San Francisco, Center for Science, Education and Outreach – High School Linked Learning Office","Approval by the Board of Education of a Services Agreement by and between the District and the Regents of the University of California, on behalf of its Center for Science, Education and Outreach, San Francisco, CA, for the latter to support authentic health and public curricula projects that are aligned with standards; support CTE Health Pathways industry professionals; support growth partnerships with Healthcare Workforce Based entities in the Bay Area; provide consultation to Linked Learning Staff and affiliates to support utilization of health CTE offerings; and increased opportunities for graduates to prepare for health workforce; support alignment at Life Academy, via the High School Linked Learning Office, for the period of July 1, 2025 through June 30, 2026, in an amount not to exceed $56,000.00.",Agreement or Contract,Chief Academic Officer,,n-regents-of-university-of-california-center-for-science-education-and-outreach,K12 Strong Workforce Grant,"Pays UC San Francisco's education center up to $56,000 for health career pathway support","The Regents of the University of California, through its Center for Science, Education and Outreach, will support health-related curriculum projects, career technical education health pathways and partnerships with Bay Area health employers. It will also advise Linked Learning staff and support alignment at Life Academy. The agreement period began July 1, 2025, before this approval.",Classroom & academic programs,,new_agreement,"Regents of the University of California, Center for Science, Education and Outreach",organization,Life Academy,expense,not_to_exceed,56000,,,,,true,2025-07-01,2026-06-30,after_work_began,,,Adopted on the General Consent Report,2026-03-25,true,auto_ok,sonnet-agent,enrich.v5.md,true,
2026-03-25:26-0493,2026-03-25,2026-03-25,regular,O.-44,89,general,Chief Academic Officer,26-0493,https://ousd.legistar.com/gateway.aspx?M=L&ID=67919,"Services Agreement - Faucette Micro Systems, Inc – Health Services Department","Ratification by the Board of Education of a Services Agreement by and between the District and Faucette Micro Systems, Fallon, NV, for the latter to provide Web504 maintenance support and, data collection, via the Health Services Department, for the period of November 3, 2025 through June 30, 2026, in an amount not to exceed $19,445.00.",Agreement or Contract,Chief Academic Officer,,v-001659,Unrestricted Funding,"Pays Faucette Micro Systems up to $19,445 for Web504 software support and data collection","Faucette Micro Systems will provide maintenance support and data collection for Web504 for the Health Services Department. The agreement runs November 3, 2025 through June 30, 2026, so it began before the Board's ratification.",Technology,,new_agreement,Faucette Micro Systems,organization,,expense,not_to_exceed,19445,,,,,true,2025-11-03,2026-06-30,after_work_began,,,Adopted on the General Consent Report,2026-03-25,true,auto_ok,sonnet-agent,enrich.v5.md,true,
2026-03-25:26-0495,2026-03-25,2026-03-25,regular,O.-45,90,general,Chief Academic Officer,26-0495,https://ousd.legistar.com/gateway.aspx?M=L&ID=67921,Services Agreement 2025-2026 - Oakland Public Education Fund - Oakland International High School,"Approval by the Board of Education of a Services Agreement 2025-2026 by and between the District and Oakland Public Education Fund, Oakland, CA, for the latter to manage the stipend process for student interns involved with the pathway-based summer Work-Based Learning program, ’ECCCO’ (Exploring College, Career, and Community Options), including setting up the intern stipend process and timeline, issuing stipend payments as directed by OUSD’s Work-Based Learning Coordinator on the agreed-upon timeline, professionally resolving stipend issues, invoicing OUSD for processed stipends, and issuing year-end tax documents to stipend recipients, with 10% of funds for administrative purposes at Oakland International High School, for the period of June 1, 2026, through June 30, 2026, in an amount not to exceed $15,225.00.",Agreement or Contract,Chief Academic Officer,003143,v-003143,Association For Continuing Edu,"Pays Oakland Public Education Fund up to $15,225 to manage summer intern stipends","Oakland Public Education Fund will set up and run the stipend process for student interns in a summer work-based learning program called ECCCO (Exploring College, Career, and Community Options) at Oakland International High School. It will issue payments as directed by the district, invoice for them and issue year-end tax documents. Ten percent of the funds is for administrative purposes, and the agreement covers June 1 through June 30, 2026.",After-school & summer programs,,new_agreement,Oakland Public Education Fund,organization,Oakland International High School,expense,not_to_exceed,15225,,,,,true,2026-06-01,2026-06-30,,,,Adopted on the General Consent Report,2026-03-25,true,auto_ok,sonnet-agent,enrich.v5.md,true,
2026-03-25:26-0497,2026-03-25,2026-03-25,regular,O.-46,91,general,Chief Academic Officer,26-0497,https://ousd.legistar.com/gateway.aspx?M=L&ID=67923,Services Agreement 2025-2026 - Civic Productions LLC - Oakland High School,"Ratification by the Board of Education of a Services Agreement 2025-2026 by and between the District and Civic Productions LLC, Oakland, CA, for the latter, with six students of the Visual Arts & Academics Magnet Program, to create a mural, by means described in Exhibit A of the Agreement, incorporated herein by reference, at Oakland High School, for the period of January 5, 2026, through May 21, 2026, in an amount not to exceed $10,000.00.",Agreement or Contract,Chief Academic Officer,005705,v-005705,Partnership Academy Program,"Pays Civic Productions up to $10,000 for a student mural at Oakland High","Civic Productions will work with six students in the Visual Arts & Academics Magnet Program to create a mural at Oakland High School. The agreement ran from January 5, 2026 through May 21, 2026, and the Board is ratifying it after it began.",Classroom & academic programs,,new_agreement,Civic Productions LLC,organization,Oakland High School,expense,not_to_exceed,10000,,,,,true,2026-01-05,2026-05-21,after_work_began,,,Adopted on the General Consent Report,2026-03-25,true,auto_ok,sonnet-agent,enrich.v5.md,true,
2026-03-25:26-0499,2026-03-25,2026-03-25,regular,O.-47,92,general,Chief Academic Officer,26-0499,https://ousd.legistar.com/gateway.aspx?M=L&ID=67925,"Data Sharing Agreement – The New Teacher Project - Research, Assessment, and Data Department","Ratification by the Board of Education of a Data Sharing Agreement by and between the District and The New Teacher Project (TNTP), New York, NY, by and between the District and The New Teacher Project, defining the terms and conditions of the District’s transmission of or sharing of pupil data with The New Teacher Project, and the protection by The New Teacher Project, of such data, for the period of November 13, 2025 through June 30, 2026, via the Research, Assessment, and Data Department.",Agreement or Contract,Chief Academic Officer,,n-new-teacher-project,No Fiscal Impact,Ratifies a no-cost agreement to share student data with The New Teacher Project,"This agreement sets the terms for the district sharing student data with The New Teacher Project and for how that organization must protect the data. It covers November 13, 2025 through June 30, 2026, through the Research, Assessment, and Data Department. No dollar amount is stated, and the Board is ratifying it after the start date.",Partnerships & data sharing,,mou_or_data_sharing,The New Teacher Project,organization,,no_cost,,,,,,,true,2025-11-13,2026-06-30,after_work_began,,,Adopted on the General Consent Report,2026-03-25,true,auto_ok,sonnet-agent,enrich.v5.md,true,
2026-03-25:26-0503,2026-03-25,2026-03-25,regular,O.-48,93,general,Chief Academic Officer,26-0503,https://ousd.legistar.com/gateway.aspx?M=L&ID=67929,Grant Agreement - Oakland Public Education Fund - Kenneth Rainin Foundation - La Escuelita Elementary School,"Approval by the Board of Education of a Grant Agreement by and between the Oakland Public Education Fund and the District, with the latter, on behalf of its La Escuelita Elementary  School, accepting a literacy grant from the Rainin Foundation, in the amount of $23,000.00, to support Early Literacy Growth, for the period of January 26, 2026, through June 30, 2026, pursuant to terms and conditions thereof, if any.",Agreement or Contract,Chief Academic Officer,,v-003143,Oakland Public Education Fund,"Accepts a $23,000 Rainin Foundation literacy grant for La Escuelita Elementary","La Escuelita Elementary School is accepting a $23,000 literacy grant from the Rainin Foundation, passed through Oakland Public Education Fund, to support early literacy growth. The grant period is January 26, 2026 through June 30, 2026, which began before this approval.",Classroom & academic programs,,grant_or_funding_in,Oakland Public Education Fund,organization,La Escuelita Elementary School,revenue,fixed,23000,,,,,true,2026-01-26,2026-06-30,after_work_began,,,Adopted on the General Consent Report,2026-03-25,true,auto_ok,sonnet-agent,enrich.v5.md,true,
2026-03-25:26-0506,2026-03-25,2026-03-25,regular,O.-49,94,general,Chief Academic Officer,26-0506,https://ousd.legistar.com/gateway.aspx?M=L&ID=67932,Grant Agreement - Oakland Public Education Fund - Kapor Center for Social Impact - High School Linked Learning Department,"Approval by the Board of Education of a Grant Agreement by and between the District and the Oakland Public Education Fund, Oakland, CA, accepting a grant from the Kapor Center of Social Impact, in the amount of $22,500.00, for the High School Linked Learning Office, to pay for students to take the AP Computer Science Principals Exam, for the period of December 12, 2025 through September 1, 2026, pursuant to terms and conditions thereof, if any.",Agreement or Contract,Chief Academic Officer,,v-003143,Oakland Public Education Fund,"Accepts a $22,500 Kapor Center grant to pay for students' AP Computer Science exams","The district is accepting a $22,500 grant from the Kapor Center, passed through Oakland Public Education Fund, for the High School Linked Learning Office. The money pays for students to take the AP Computer Science Principles exam. The grant period is December 12, 2025 through September 1, 2026.",Classroom & academic programs,,grant_or_funding_in,Oakland Public Education Fund,organization,,revenue,fixed,22500,,,,,true,2025-12-12,2026-09-01,after_work_began,,,Adopted on the General Consent Report,2026-03-25,true,auto_ok,sonnet-agent,enrich.v5.md,true,
2026-03-25:26-0510,2026-03-25,2026-03-25,regular,O.-50,95,general,Chief Academic Officer,26-0510,https://ousd.legistar.com/gateway.aspx?M=L&ID=67936,Grant Agreement - Oakland Public Education Fund - Kapor Foundation - High School Linked Learning Office,"Approval by the Board of Education of a Grant Agreement by and between the District and the Oakland Public Education Fund, Oakland, CA, accepting a grant from the Kapor Foundation, in the amount of $70,000.00, to increase computer science in high schools that don't currently offer a computer science class by funding FTE for teachers to teach computer science, for the period of January 23, 2026, through June 30, 2027, pursuant to terms and conditions thereof, if any.",Agreement or Contract,Chief Academic Officer,,v-003143,Oakland Public Education Fund,"Accepts a $70,000 Kapor Foundation grant to add computer science teachers in high schools","The district is accepting a $70,000 grant from the Kapor Foundation, passed through Oakland Public Education Fund. It will pay for teacher positions to teach computer science at high schools that do not currently offer a computer science class. The grant period is January 23, 2026 through June 30, 2027.",Classroom & academic programs,,grant_or_funding_in,Oakland Public Education Fund,organization,,revenue,fixed,70000,,,,,true,2026-01-23,2027-06-30,after_work_began; multi_year,,,Adopted on the General Consent Report,2026-03-25,true,auto_ok,sonnet-agent,enrich.v5.md,true,
2026-03-25:26-0511,2026-03-25,2026-03-25,regular,O.-51,96,general,Chief Academic Officer,26-0511,https://ousd.legistar.com/gateway.aspx?M=L&ID=67937,Grant Agreement - California Department of Education - College and Career Access Pathways Grant - 2025-2027 Dual Enrollment Opportunities – High School Linked Learning Office,"Acceptance by the Board of Education of a Dual Enrollment Opportunities Program: College and Career Access Pathways Grant Award from the California Department of Education, for the College and Career Access Pathways (CCAP) Grant for the following four schools: Independent Study, Sojourner Truth-CDE Grant #2025-25667-61259-02, MetWest High School-CDE Grant #2025-25667-61259-03, Ralph J. Bunche Continuation High-CDE Grant #2025-25667-61259-04, and the Young Adult Program-CDE Grant #2025-25667-61259-05, in the amount of $100,000.00 for each school, for a total amount not to exceed $400,000.00, contingent upon the availability of funds, for the period of July 1, 2025, to December 31, 2027, pursuant to the terms and conditions thereof, if any.",Agreement or Contract,Chief Academic Officer,,n-california-department-of-education,California Department of Education,"Accepts $400,000 in state dual enrollment grants for four small schools and programs","The district is accepting College and Career Access Pathways grants from the California Department of Education, $100,000 for each of four schools or programs, for a total of up to $400,000. The schools are Independent Study (Sojourner Truth), MetWest High School, Ralph J. Bunche Continuation High and the Young Adult Program. The grants depend on funds being available and cover July 1, 2025 through December 31, 2027.",Classroom & academic programs,,grant_or_funding_in,California Department of Education,organization,"Independent Study, Sojourner Truth; MetWest High School; Ralph J. Bunche Continuation High; Young Adult Program",revenue,not_to_exceed,400000,,,,,true,2025-07-01,2027-12-31,after_work_began; multi_year,,,Adopted on the General Consent Report,2026-03-25,true,auto_ok,sonnet-agent,enrich.v5.md,true,
2026-03-25:26-0512,2026-03-25,2026-03-25,regular,O.-52,97,general,Chief Academic Officer,26-0512,https://ousd.legistar.com/gateway.aspx?M=L&ID=67938,"First Amendment, Grant Agreement - Kids First! - City of Oakland (OFCY) - High School Linked Learning Office","Approval by the Board of Education of the First Amendment, Grant Agreement by and between the District and The City of Oakland, to provide support stipends for students in summer internships as part of the Link Learning Pathway Program, Exploring College, Career, and Community Options (ECCCO) Program at McClymonds, Castlemont, Fremont, Dewey, Rudsdale, Bunche, Sojourner Truth, Oakland High, Oakland Technical, Skyline, Coliseum College Preparatory Academy, MetWest, Life Academy, Oakland International High School, and Madison Park Academy, in the amount of $225,000.00, increasing the Grant not to exceed amount from $675,00.00 to $900,000.00 and extending the term of the Agreement from July 1, 2022 through June 30, 2024 to September 30, 2025. All other terms and conditions of the Agreement remain in full force and effect.",Agreement or Contract,Chief Academic Officer,,n-city-of-oakland,Oakland Fund for Children and Youth,"Re-approves the 2025-26 year of a City of Oakland internship stipend grant, already accepted in December 2025; no new money","This is the City of Oakland's amendment for the 2025-26 year of an Oakland Fund for Children and Youth grant that pays stipends for students in summer internships in the Linked Learning program Exploring College, Career, and Community Options (ECCCO). It sets $225,000 a year for 2022-23 through 2025-26, a total of $900,000, with the term ending September 30, 2025. The Board had already accepted the 2025-26 $225,000 on December 10, 2025 (25-2573), so this vote adds no new money; it was approved after the term ended.",After-school & summer programs,,amendment,City of Oakland,organization,McClymonds; Castlemont; Fremont; Dewey; Rudsdale; Bunche; Sojourner Truth; Oakland High; Oakland Technical; Skyline; Coliseum College Preparatory Academy; MetWest; Life Academy; Oakland International High School; Madison Park Academy,no_cost,not_to_exceed,,,,900000,900000,true,2022-07-01,2025-09-30,after_work_began; source_issue; multi_year,"The 2025-26 $225,000 was already accepted in 25-2573 (December 10, 2025). The text also prints the prior total as ""$675,00.00"", gives the prior end date as June 30, 2024, and calls this the First Amendment while the attached document calls itself the Second Amendment.",,Adopted on the General Consent Report,2026-03-25,true,human_reviewed,sonnet-agent,enrich.v5.md,true,
2026-03-25:26-0514,2026-03-25,2026-03-25,regular,O.-53,98,general,Chief Academic Officer,26-0514,https://ousd.legistar.com/gateway.aspx?M=L&ID=67940,Services Agreement 2025-2026 - Growing Together - Bay Area - International Community School,"Ratification by the Board of Education of a Services Agreement 2025-2026 by and between the District and Growing Together - Bay Area, Oakland, CA, for the latter to provide subject-aligned experiential gardening classes giving students opportunities to engage in project-based learning and hands on activities, by developing and maintaining the school garden at International Community School, for the period of August 11, 2025 through May 29, 2026, in an amount not to exceed $8,000.00.",Agreement or Contract,Chief Academic Officer,008036,v-008036,CCSPP Implementation Grant,"Pays Growing Together up to $8,000 for gardening classes at International Community School","Growing Together - Bay Area will teach hands-on gardening classes and build and maintain the school garden at International Community School, giving students project-based learning. The agreement runs August 11, 2025 through May 29, 2026, so it began before the Board's ratification.",Classroom & academic programs,,new_agreement,Growing Together - Bay Area,organization,International Community School,expense,not_to_exceed,8000,,,,,true,2025-08-11,2026-05-29,after_work_began,,,Adopted on the General Consent Report,2026-03-25,true,auto_ok,sonnet-agent,enrich.v5.md,true,
2026-03-25:26-0515,2026-03-25,2026-03-25,regular,O.-54,99,general,Chief Academic Officer,26-0515,https://ousd.legistar.com/gateway.aspx?M=L&ID=67941,Services Agreement 2025-2026 - The Finer Print - Multi-Tiered Systems of Support Department (MTSS),"Ratification by the Board of Education of a Services Agreement 2025-2026 by and between the District and The Finer Print, Berkeley, CA, for the latter to provide a graphic designed image that supports the district commitment to educating the whole child; academic, social-emotional, behavioral, and attendance. In collaboration with school leadership via the Multi-Tiered Systems of Support Department (MTSS), for the period of November 3, 2025 through December 26, 2025, in an amount not to exceed $1,700.00.",Agreement or Contract,Chief Academic Officer,007856,v-007856,S&C Carryover,"Pays The Finer Print up to $1,700 for a graphic image on the district's whole-child commitment","The Finer Print will design a graphic image that supports the district's commitment to educating the whole child: academic, social-emotional, behavioral and attendance. The work is done with school leadership through the Multi-Tiered Systems of Support Department. The agreement ran November 3, 2025 through December 26, 2025, before the Board's ratification.","Food, transportation & operations",,new_agreement,The Finer Print,organization,,expense,not_to_exceed,1700,,,,,true,2025-11-03,2025-12-26,after_work_began,,,Adopted on the General Consent Report,2026-03-25,true,auto_ok,sonnet-agent,enrich.v5.md,true,
2026-03-25:26-0516,2026-03-25,2026-03-25,regular,O.-55,100,general,Chief Academic Officer,26-0516,https://ousd.legistar.com/gateway.aspx?M=L&ID=67942,Services Agreement 2025-2026 - Civic Productions LLC - Castlemont High School,"Ratification by the Board of Education of a Services Agreement 2025-2026 by and between the District and Civic Productions LLC, Oakland, CA, for the latter to co-create multiyear community projects with SUDA (Sustainable Urban Design Academy) and Civic’s Industry/Community partners, as described in Exhibit A of the Agreement, incorporated herein by reference as though fully set forth, at Castlemont High School, for the period of January 1, 2026, through June 30, 2026, in an amount not to exceed $5,000.00.",Agreement or Contract,Chief Academic Officer,005705,v-005705,Green Tech Partnership Acad,"Pays Civic Productions up to $5,000 for community design projects at Castlemont High","Civic Productions will co-create multiyear community projects with the Sustainable Urban Design Academy (SUDA) at Castlemont High School and with Civic's industry and community partners. The agreement runs January 1, 2026 through June 30, 2026, so it began before the Board's ratification.",Classroom & academic programs,,new_agreement,Civic Productions LLC,organization,Castlemont High School,expense,not_to_exceed,5000,,,,,true,2026-01-01,2026-06-30,after_work_began,,,Adopted on the General Consent Report,2026-03-25,true,auto_ok,sonnet-agent,enrich.v5.md,true,
2026-03-25:26-0517,2026-03-25,2026-03-25,regular,O.-56,101,general,Chief Academic Officer,26-0517,https://ousd.legistar.com/gateway.aspx?M=L&ID=67943,"Services Agreement 2025-2026 - Attitudinal Healing Connection, Inc., dba The Center for ArtEsteem - EnCompass Academy","Ratification by the Board of Education of a Services Agreement 2025-2026 by and between the District and Attitudinal Healing Connection, Inc., dba The Center for ArtEsteem, Oakland, CA, for the latter to provide visual arts and music classes for the students that will culminate with an annual exhibition showcase to display and share youth artwork and drumming performances with families and the school community and perform other services as stated in Exhibit A of the Agreement at EnCompass Academy, for the period of September 3, 2025 through May 20, 2026, in an amount not to exceed $7,000.00.",Agreement or Contract,Chief Academic Officer,000532,v-000532,Prop28 Arts and Music,"Pays The Center for ArtEsteem up to $7,000 for visual arts and music classes at EnCompass","The Center for ArtEsteem will teach visual arts and music classes at EnCompass Academy. The classes end with an annual showcase of student artwork and drumming performances for families and the school community. The agreement ran September 3, 2025 through May 20, 2026, and the Board is ratifying it after it began.",Classroom & academic programs,,new_agreement,"Attitudinal Healing Connection, Inc., dba The Center for ArtEsteem",organization,EnCompass Academy,expense,not_to_exceed,7000,,,,,true,2025-09-03,2026-05-20,after_work_began,,,Adopted on the General Consent Report,2026-03-25,true,auto_ok,sonnet-agent,enrich.v5.md,true,
2026-03-25:26-0518,2026-03-25,2026-03-25,regular,O.-57,102,general,Chief Academic Officer,26-0518,https://ousd.legistar.com/gateway.aspx?M=L&ID=67944,"Services Agreement 2025-2026 - Attitudinal Healing Connection, Inc., dba The Center for ArtEsteem - Hoover Elementary School","Ratification by the Board of Education of a Services Agreement 2025-2026 by and between the District and Attitudinal Healing Connection, Inc., dba The Center for ArtEsteem, Oakland, CA, for the latter to provide a resident teaching artist to collaborate in a side by side model with classroom teachers, designing lessons plans to integrate art into Math and English Language Arts (ELA) lessons for K-2nd grade students at Hoover Elementary School, for the period of January 1, 2026 through May 29, 2026, in an amount not to exceed $15,000.00.",Agreement or Contract,Chief Academic Officer,000532,v-000532,Prop28 Arts and Music,"Pays The Center for ArtEsteem up to $15,000 for a teaching artist at Hoover Elementary","The Center for ArtEsteem will provide a resident teaching artist who works side by side with classroom teachers to design lessons that bring art into math and English Language Arts for K-2nd grade students at Hoover Elementary School. The agreement runs January 1, 2026 through May 29, 2026, so it began before the Board's ratification.",Classroom & academic programs,,new_agreement,"Attitudinal Healing Connection, Inc., dba The Center for ArtEsteem",organization,Hoover Elementary School,expense,not_to_exceed,15000,,,,,true,2026-01-01,2026-05-29,after_work_began,,,Adopted on the General Consent Report,2026-03-25,true,auto_ok,sonnet-agent,enrich.v5.md,true,
2026-03-25:26-0519,2026-03-25,2026-03-25,regular,O.-58,103,general,Chief Academic Officer,26-0519,https://ousd.legistar.com/gateway.aspx?M=L&ID=67945,Services Agreement 2025-2026 - Oakland Public Education Fund - Dewey Academy,"Approval by the Board of Education of a Services Agreement 2025-2026 by and between the District and Oakland Public Education Fund, Oakland, CA, for the latter to serve as Fiscal Facilitator and pay out the 2026 Summer Student Internship Stipends for the Exploring College, Career, & Community Options Program (ECCCO) for six high school students participating in the various summer internships with a 15% administrative fee charged by the vendor at Dewey Academy, for the period of June 1, 2026, through January 30, 2026, in an amount not to exceed $4,140.00.",Agreement or Contract,Chief Academic Officer,003143,v-003143,"$4,140.00","Pays Oakland Public Education Fund up to $4,140 to pay summer intern stipends at Dewey Academy","Oakland Public Education Fund will act as fiscal facilitator and pay the 2026 summer internship stipends for six high school students in the ECCCO (Exploring College, Career, and Community Options) program at Dewey Academy. The vendor charges a 15% administrative fee. The stated agreement dates, June 1, 2026 through January 30, 2026, run backward.",After-school & summer programs,,new_agreement,Oakland Public Education Fund,organization,Dewey Academy,expense,not_to_exceed,4140,,,,,true,2026-06-01,,source_issue,"The action text gives the agreement period as June 1, 2026, through January 30, 2026, an end date that falls before the start date, so the term is unclear.",,Adopted on the General Consent Report,2026-03-25,true,auto_ok,sonnet-agent,enrich.v5.md,true,
2026-03-25:26-0520,2026-03-25,2026-03-25,regular,O.-59,104,general,Chief Academic Officer,26-0520,https://ousd.legistar.com/gateway.aspx?M=L&ID=67946,Services Agreement 2025-2026 - Oakland Public Education Fund - Rudsdale Continuation High School,"Approval by the Board of Education of a Services Agreement 2025-2026 by and between the District and Oakland Public Education Fund, Oakland, CA, for the latter to provide academic and social-emotional data management services, including the development of tracking systems to support Coordination of Services Team (COST), attendance, and academic counseling teams, as well as staff training; deliver data services to support student data tracking and trimester-based academic progress monitoring  at Rudsdale Continuation High School, for the period of August 1, 2025, through May 28, 2026, in an amount not to exceed $16,500.00.",Agreement or Contract,Chief Academic Officer,003143,v-003143,ESSA: Comp Support & Improvmt,"Pays Oakland Public Education Fund up to $16,500 for student data tracking at Rudsdale","Oakland Public Education Fund will develop data tracking systems and provide staff training and data services for Rudsdale Continuation High School's student support, attendance and academic counseling teams. It includes tracking of each student's academic and social-emotional progress by trimester. The agreement runs August 1, 2025 through May 28, 2026, so it began before this approval.","Student health, support & family services",,new_agreement,Oakland Public Education Fund,organization,Rudsdale Continuation High School,expense,not_to_exceed,16500,,,,,true,2025-08-01,2026-05-28,after_work_began,,,Adopted on the General Consent Report,2026-03-25,true,auto_ok,sonnet-agent,enrich.v5.md,true,
2026-03-25:26-0521,2026-03-25,2026-03-25,regular,O.-60,105,general,Chief Academic Officer,26-0521,https://ousd.legistar.com/gateway.aspx?M=L&ID=67947,Services Agreement 2025-2026 - Oakland Public Education Fund - LIFE Academy,"Approval by the Board of Education of a Services Agreement 2025-2026 by and between the District and Oakland Public Education Fund, Oakland, CA, for the latter to offer mentorship, support, and guidance to 75-100 Latinx young women in 5 groups of 15-20 students across grades 6-12, using support circles and somatic exercises to support mental health, positive self-expression, and mindfulness with students; and provide 1:1 mentorship for students who require an extra tier of support at LIFE Academy, for the period of January 5, 2026, through May 28, 2026,  in an amount not to exceed $25,000.00.",Agreement or Contract,Chief Academic Officer,003143,v-003143,CCSPP Implementation Grant,"Pays Oakland Public Education Fund up to $25,000 for mentorship for young women at LIFE Academy","Oakland Public Education Fund will offer mentorship and support to 75 to 100 Latinx young women in grades 6-12 at LIFE Academy, using support circles and somatic exercises to support mental health and mindfulness. It will also provide one-on-one mentorship for students who need extra support. The agreement runs January 5, 2026 through May 28, 2026, so it began before this approval.","Student health, support & family services",,new_agreement,Oakland Public Education Fund,organization,LIFE Academy,expense,not_to_exceed,25000,,,,,true,2026-01-05,2026-05-28,after_work_began,,,Adopted on the General Consent Report,2026-03-25,true,auto_ok,sonnet-agent,enrich.v5.md,true,
2026-03-25:26-0523,2026-03-25,2026-03-25,regular,O.-61,106,general,Chief Academic Officer,26-0523,https://ousd.legistar.com/gateway.aspx?M=L&ID=67949,Services Agreement 2025-2026 - Oakland Public Education Fund - MetWest High School,"Approval by the Board of Education of a Services Agreement 2025-2026 by and between the District and Oakland Public Education Fund, Oakland, CA, for the latter to provide two biweekly media elective classes, Video Production of MetWest Live and Yearbook on Tuesdays and Thursdays, as described in Exhibit A of the Agreement, at Met West High School, for the period of September 1, 2025, through May 31, 2026, in an amount not to exceed $23,973.00.",Agreement or Contract,Chief Academic Officer,003143,v-003143,CCSPP Implementation Grant,"Pays Oakland Public Education Fund up to $23,973 for two media classes at MetWest High School","The district is hiring the Oakland Public Education Fund to teach two media elective classes, Video Production of MetWest Live and Yearbook, at MetWest High School on Tuesdays and Thursdays. The agreement runs from September 1, 2025 through May 31, 2026 and is paid from a community schools grant.",Classroom & academic programs,,new_agreement,Oakland Public Education Fund,organization,MetWest High School,expense,not_to_exceed,23973,,,,,true,2025-09-01,2026-05-31,pulled_from_consent; after_work_began,,Taken off the consent report and withdrawn at this meeting.,Withdrawn,2026-03-25,false,auto_ok,sonnet-agent,enrich.v5.md,false,
2026-03-25:26-0524,2026-03-25,2026-03-25,regular,O.-62,107,general,Chief Academic Officer,26-0524,https://ousd.legistar.com/gateway.aspx?M=L&ID=67950,Services Agreement 2025-2026 - Oakland Public Education Fund - Oakland High School,"Approval by the Board of Education of a Services Agreement 2025-2026 by and between the District and Oakland Public Education Fund, Oakland, CA, for the latter to serve as Fiscal Sponsor to process and pay internship stipends for pathway students - approximately 15-20 per pathway, for a total of approximately 45 students - participating in the summer Exploring College, Career, and Community Options (ECCCO) Program, which guides and prepares students for success in college, careers, and their communities,
at Oakland High School, for the period of June 1, 2026, through June 30, 2026, in an amount not to exceed $32,006.58.",Agreement or Contract,Chief Academic Officer,003143,v-003143,Measure H,"Pays Oakland Public Education Fund up to $32,006.58 to handle summer internship stipends at Oakland High","The Oakland Public Education Fund will act as the fiscal sponsor that processes and pays internship stipends for about 45 Oakland High School pathway students in the summer Exploring College, Career, and Community Options (ECCCO) program. The agreement covers June 1 through June 30, 2026 and is paid from Measure H.",After-school & summer programs,,new_agreement,Oakland Public Education Fund,organization,Oakland High School,expense,not_to_exceed,32006.58,,,,,true,2026-06-01,2026-06-30,,,,Adopted on the General Consent Report,2026-03-25,true,auto_ok,sonnet-agent,enrich.v5.md,true,
2026-03-25:26-0525,2026-03-25,2026-03-25,regular,O.-63,108,general,Chief Academic Officer,26-0525,https://ousd.legistar.com/gateway.aspx?M=L&ID=67951,Services Agreement 2025-2026 - Oakland Public Education Fund - LIFE Academy,"Approval by the Board of Education of a Services Agreement 2025-2026 by and between the District and Oakland Public Education Fund, Oakland, CA, for the latter to manage the stipend process for student interns involved with the pathway-based summer Work-Based Learning program, “ECCCO” (Exploring College, Career, and Community Options), including setting up the intern stipend process and timeline, issuing stipend payments as directed by OUSD's Work-Based Learning Coordinator on the agreed-upon timeline, resolving stipend issues in a professional manner, invoicing OUSD for the amount of processed stipends, and issuing year-end tax documents to stipend recipients, serving approximately 27 students at $500.00 each, including indirect costs for OPEF, at LIFE Academy, for the period of March 9, 2026, through May 28, 2026, in an amount not to exceed $14,850.00.",Agreement or Contract,Chief Academic Officer,003143,v-003143,Measure H,"Pays Oakland Public Education Fund up to $14,850 to run summer intern stipends at LIFE Academy","The Oakland Public Education Fund will manage the stipend process for about 27 LIFE Academy students in the summer Exploring College, Career, and Community Options (ECCCO) work-based learning program, at $500 each including the fund's indirect costs. The agreement runs from March 9 through May 28, 2026 and is paid from Measure H.",After-school & summer programs,,new_agreement,Oakland Public Education Fund,organization,LIFE Academy,expense,not_to_exceed,14850,,,,,true,2026-03-09,2026-05-28,after_work_began,,,Adopted on the General Consent Report,2026-03-25,true,auto_ok,sonnet-agent,enrich.v5.md,true,
2026-03-25:26-0527,2026-03-25,2026-03-25,regular,O.-64,109,general,Chief Academic Officer,26-0527,https://ousd.legistar.com/gateway.aspx?M=L&ID=67953,Services Agreement 2025-2026 - Kids 1st Foundation - McClymonds High School,"Ratification by the Board of Education of a Services Agreement 2025-2026 by and between the District and Kids 1st Foundation, Oakland, CA, for the latter to arrange travel and lodging for 25 students and 4 staff to visit historically Black colleges and universities, including round-trip airfare for 29 participants, one checked bag per traveler each way under 50 pounds, charter bus ground transportation, hotel accommodation, all meals, six cultural excursions and museum visits, and the official tour shirt, visiting the following institutions: Miles College, Alabama State University, Tuskegee University, Spelman College, Morehouse College, Clark Atlanta University, and Fort Valley State University, via McClymonds High School, for the period of February 6, 2026 through April 15, 2026, in an amount not to exceed $69,000.00.",Agreement or Contract,Chief Academic Officer,009823,v-009823,CCSPP Implementation Grant,"Ratifies $69,000 for Kids 1st Foundation to run McClymonds students' historically Black college tour","The board is ratifying an agreement with Kids 1st Foundation to arrange a trip for 25 McClymonds High School students and 4 staff to visit seven historically Black colleges and universities. The price covers airfare, charter bus, hotels, meals and excursions, and the agreement period runs from February 6 to April 15, 2026, which began before this vote.",Classroom & academic programs,,new_agreement,Kids 1st Foundation,organization,McClymonds High School,expense,not_to_exceed,69000,,,,,true,2026-02-06,2026-04-15,after_work_began,,,Adopted on the General Consent Report,2026-03-25,true,auto_ok,sonnet-agent,enrich.v5.md,true,
2026-03-25:26-0528,2026-03-25,2026-03-25,regular,O.-65,110,general,Chief Academic Officer,26-0528,https://ousd.legistar.com/gateway.aspx?M=L&ID=67954,"Services Agreement 2025-2026 - Landmark Educational Tours, LLC - Fremont High School","Ratification by the Board of Education of a Services Agreement 2025-2026 by and between the District and Landmark Educational Tours, LLC, Middleton, MA, for the latter to create a customized 6 day trip to Washington, DC, Virginia and North Carolina, as described in Exhibit A of the Agreement, for students, for the period February 1, 2026 through June 30, 2026 at a cost not to exceed $67,000.00. for Fremont High School.",Agreement or Contract,Chief Academic Officer,009314,v-009314,CCSPP Implementation Grant,"Ratifies up to $67,000 for Landmark Educational Tours to run a Fremont High trip to Washington, DC","The board is ratifying an agreement with Landmark Educational Tours, LLC to create a customized six-day student trip to Washington, DC, Virginia and North Carolina for Fremont High School. The agreement period runs from February 1 to June 30, 2026, which began before this vote.",Classroom & academic programs,,new_agreement,"Landmark Educational Tours, LLC",organization,Fremont High School,expense,not_to_exceed,67000,,,,,true,2026-02-01,2026-06-30,after_work_began,,,Adopted on the General Consent Report,2026-03-25,true,auto_ok,sonnet-agent,enrich.v5.md,true,
2026-03-25:26-0529,2026-03-25,2026-03-25,regular,O.-66,111,general,Chief Academic Officer,26-0529,https://ousd.legistar.com/gateway.aspx?M=L&ID=67955,Services Agreement 2025-2026 - Oakland Public Education Fund - Sojourner Truth Independent Study Program,"Approval by the Board of Education of a Services Agreement 2025-2026 by and between the District and Oakland Public Education Fund, Oakland, CA, for the latter to manage the stipend process for paid work-based learning opportunities that build college and career readiness, for 13 high school students participating in various summer internships, at Sojourner Truth Independent Study Program, for the term June 1, 2026 through June 30, 2026, in an amount not to exceed $14,300.00.",Agreement or Contract,Chief Academic Officer,003143,v-003143,Measure H,"Pays Oakland Public Education Fund up to $14,300 to handle summer internship stipends for 13 students","The Oakland Public Education Fund will manage the stipend process for paid summer internships that build college and career readiness for 13 high school students at Sojourner Truth Independent Study Program. The agreement covers June 1 through June 30, 2026 and is paid from Measure H.",After-school & summer programs,,new_agreement,Oakland Public Education Fund,organization,Sojourner Truth Independent Study Program,expense,not_to_exceed,14300,,,,,true,2026-06-01,2026-06-30,,,,Adopted on the General Consent Report,2026-03-25,true,auto_ok,sonnet-agent,enrich.v5.md,true,
2026-03-25:26-0530,2026-03-25,2026-03-25,regular,O.-67,112,general,Chief Academic Officer,26-0530,https://ousd.legistar.com/gateway.aspx?M=L&ID=67956,Services Agreement 2025-2026 - Bay Area Community Resources - Castlemont High School,"Approval by the Board of Education of a Services Agreement 2025-2026 by and between the District and Bay Area Community Resources, El Cerrito, CA, for the latter to provide targeted intensive support with a 1 to 4 Design that focuses on a managed, structured program aiming to equip Newcomer students with essential independent living skills, fostering community integration, and enhancing academic engagement, by: 
1-Providing real-world application of academic knowledge and skills; 
2-Systematically monitoring key academic performance indicators with utilizing internship staff; who will monitor student attendance, grade point averages, and progression toward graduation requirements;
3-Evaluating the development of social-emotional learning competencies by tracking indicators such as cultivating positive relationships with peers, family, and educators; reduction in out-of-class time, disciplinary referrals, and suspensions; and
4-Strengthening communication and engagement with students&#39; caregivers, families.; Support one- on-one check-ins with students to address academic performance, well-being, and attendance,  identifying and minimizing barriers to school participation, intended to improve attendance rates, decrease the likelihood of involvement with the justice system, and ultimately facilitate graduation; and additionally support immigration related issues, as delineated’ and support documentation specifying focal community needs at Castlemont High School, for the period of January 15, 2026, through June 30, 2026, in an amount not to exceed $34,000.00.",Agreement or Contract,Chief Academic Officer,000624,v-000624,ESSA: Comp Support & Improvmt,"Pays Bay Area Community Resources up to $34,000 to support Newcomer students at Castlemont High","The district is hiring Bay Area Community Resources to give Newcomer students at Castlemont High School small-group support with one-on-one check-ins on grades, attendance and well-being, plus help with immigration-related issues and families' communication with the school. The agreement runs from January 15 to June 30, 2026.","Student health, support & family services",,new_agreement,Bay Area Community Resources,organization,Castlemont High School,expense,not_to_exceed,34000,,,,,true,2026-01-15,2026-06-30,after_work_began,,,Adopted on the General Consent Report,2026-03-25,true,auto_ok,sonnet-agent,enrich.v5.md,true,
2026-03-25:26-0532,2026-03-25,2026-03-25,regular,O.-68,113,general,Chief Academic Officer,26-0532,https://ousd.legistar.com/gateway.aspx?M=L&ID=67958,Services Agreement 2025-2026 - space80sevenllc - Fremont High School,"Ratification by the Board of Education of a Services Agreement 2025-2026 by and between the District and space80sevenllc, Stockton, CA, for the latter to provide The Business of Music Media internship-style wok-based learning opportunity, an eight week intensive demystify the behind the scenes structure of the modern music industry, by providing ten students in the Media Academy with hands on experience in artist brand development, based on industry standards, with participants receiving mentorship from producers, engineers, A&R, music video directors, songwriters, and brand developers; participation in Career Exploration Field trips, including a two-day multimedia externship in Los Angeles, CA, at Fremont High School, for the period of February 1, 2026, through June 30, 2026, in an amount not to exceed $58,000.00.",Agreement or Contract,Chief Academic Officer,008191,v-008191,CCSPP Implementation Grant,"Ratifies up to $58,000 for space80sevenllc's music-industry internship for Fremont High students","The board is ratifying an agreement with space80sevenllc for an eight-week, internship-style music business program for ten Fremont High School Media Academy students, with mentorship from industry professionals and a two-day trip to Los Angeles. The agreement period runs from February 1 to June 30, 2026, which began before this vote.",Classroom & academic programs,,new_agreement,space80sevenllc,organization,Fremont High School,expense,not_to_exceed,58000,,,,,true,2026-02-01,2026-06-30,after_work_began,,,Adopted on the General Consent Report,2026-03-25,true,auto_ok,sonnet-agent,enrich.v5.md,true,
2026-03-25:26-0579,2026-03-25,2026-03-25,regular,O.-69,114,general,Chief Academic Officer,26-0579,https://ousd.legistar.com/gateway.aspx?M=L&ID=68005,Student Travel - Oregon Shakespeare Festival - Oakland Technical High School,"Approval by the Board of Education of Resolution No. 2526-0579 - Authorizing student travel by school site Oakland Technical High School for sixty-three 12th grade students to visit the Oregon Shakespeare Festival, Ashland, OR, for the period of April 15, 2026 through April 17, 2026.",Agreement or Contract,Chief Academic Officer,,,No Fiscal Impact,Approves Oakland Tech trip for 63 seniors to the Oregon Shakespeare Festival at no cost to the district,"The board is authorizing Oakland Technical High School to take sixty-three 12th grade students to the Oregon Shakespeare Festival in Ashland, Oregon, from April 15 to April 17, 2026. The item lists no fiscal impact.",Classroom & academic programs,,resolution_or_policy,,,Oakland Technical High School,no_cost,,,,,,,true,2026-04-15,2026-04-17,,,,Adopted on the General Consent Report,2026-03-25,true,auto_ok,sonnet-agent,enrich.v5.md,true,
2026-03-25:26-0460,2026-03-25,2026-03-25,regular,O.-70,116,general,General Counsel,26-0460,https://ousd.legistar.com/gateway.aspx?M=L&ID=67886,Proposition 39 Facilities Use Agreement - East Bay Innovation Academy - Charter School Office,"Approval by the Board of Education of the In‐Lieu of Proposition 39 Facilities Use Agreement by and between the District and East Bay Innovation Academy for use of 3400 Malcolm Avenue, Oakland, CA 94605, as specified in the Agreement, for a two‐year term, for the period July 1, 2026 through June 30, 2028, with anticipated revenue to the District of $248,909.10 in Fiscal Year 2026-27 and 1.5 times the 2027-28 Proposition 39 per square foot rate during the 2027-28 Fiscal (school) Year.",Agreement or Contract,General Counsel,,n-east-bay-innovation-academy,,"Leases 3400 Malcolm Avenue to East Bay Innovation Academy, bringing in $248,909.10 in 2026-27","The district will let East Bay Innovation Academy, a charter school, use the 3400 Malcolm Avenue site for two years, July 1, 2026 through June 30, 2028, under a Proposition 39 in-lieu facilities agreement. The district expects $248,909.10 in 2026-27 and 1.5 times the 2027-28 Proposition 39 per-square-foot rate in 2027-28, for which no dollar figure is stated.",Governance & board business,,new_agreement,East Bay Innovation Academy,organization,,revenue,fixed,248909.1,,,,,true,2026-07-01,2028-06-30,multi_year,,,Adopted on the General Consent Report,2026-03-25,true,auto_ok,sonnet-agent,enrich.v5.md,true,
2026-03-25:26-0689,2026-03-25,2026-03-25,regular,O.-71,118,general,Board of Education,26-0689,https://ousd.legistar.com/gateway.aspx?M=L&ID=68115,"Minutes - Board of Education - Regular Meeting – March 11, 2026","Ratification by the Board of Education of its Regular Meeting Minutes of March 11, 2026, prepared by Staff shortly after said Meeting.","Minutes, Board of Education",Board of Education,,,,"Ratifies minutes of the March 11, 2026 regular Board of Education meeting","The board is approving the written record of its regular meeting held on March 11, 2026. The minutes were prepared by staff shortly after the meeting. There is no cost.",Governance & board business,,other,,,,no_cost,,,,,,,true,,,after_work_began,,,Adopted on the General Consent Report,2026-03-25,true,auto_ok,sonnet-agent,enrich.v5.md,true,
2026-03-25:26-0663,2026-03-25,2026-03-25,regular,O.-72,119,general,Board of Education,26-0663,https://ousd.legistar.com/gateway.aspx?M=L&ID=68089,"Amendment, Board Bylaw 9322 - Agenda/Meeting Materials - Jennifer Brouhard, President","Adoption by the Board of Education of Amendment, Board Bylaw 9322 - Agenda/Meeting Materials, as enumerated in Exhibit A (Red-Lined).",Board By-Law,Board of Education,,,,Adopts changes to Board Bylaw 9322 on agendas and meeting materials,"The board is adopting an amendment to its Bylaw 9322, which covers agendas and meeting materials. The changes are shown in a red-lined version attached to the item. No cost is stated.",Governance & board business,,resolution_or_policy,,,,no_cost,,,,,,,true,,,,,,Adopted on the General Consent Report,2026-03-25,true,auto_ok,sonnet-agent,enrich.v5.md,true,
2026-03-25:26-0690,2026-03-25,2026-03-25,regular,O.-73,121,general,"Measure G1 - Districtwide Teacher Retention and Middle School Improvement Act Oversight Commission - Terrence Riley, Chairperson - March 10, 2026",26-0690,https://ousd.legistar.com/gateway.aspx?M=L&ID=68116,Measure G1 Districtwide Teacher Retention and Middle School Improvement Act Oversight Commission - Measure G1 Funding Allocation - Named Schools,"Adoption by the Board of Education, of Resolution No. 2526-0200 - Measure G1 Districtwide Teacher Retention and Middle School Improvement Act Oversight Commission Recommendation Approving 2026-2027 Measure G1 Applications for Named Schools, 2025-2026 Amended G1 Applications for Named Schools and 2024 - 2025 Amended Measure G1 Carryover Funding Request for Named Schools.",Resolution,Board of Education,,,,Adopts Measure G1 oversight commission's recommended school funding and carryover approvals,"The board is adopting a resolution that approves the Measure G1 oversight commission's recommendation on 2026-27 Measure G1 applications, amended 2025-26 applications and amended 2024-25 carryover funding requests for named schools. The item gives no dollar amounts or school names.","Budget, finance & payments",,resolution_or_policy,,,,no_cost,,,,,,,true,,,budget_allocation,,,Adopted on the General Consent Report,2026-03-25,true,auto_ok,sonnet-agent,enrich.v5.md,true,
2026-03-25:26-0441,2026-03-25,2026-03-25,regular,P.-1,123,bonds,,26-0441,https://ousd.legistar.com/gateway.aspx?M=L&ID=67867,"Change Order No. 3, Agreement Between Owner and Contractor – Asbestos Management Group – Ralph Bunche and Hillside School Sites Demolition Projects -Division of Facilities Planning and Management","Approval by the Board of Education of Change Order No. 3, Agreement Between Owner and Contractor by and between the District and Asbestos Management Group, San Leandro, CA, authorizing a deductive Change Order deleting from the Scope of Work underground utility location services and markings, excavation, capping and backfilling at four (4) locations, in the amount of  -$8,000.00, reducing the Agreement not to exceed amount from $612,000.00 to $604,000.00, as specified in the COR No. 3, for the Ralph Bunche and Hillside School Sites Demolition Projects.  All other terms and conditions of the Agreement remain in full force and effect.",Agreement or Contract,"Deputy Chief, Facilities Planning and Management",000500,v-000500,Fund 21 Building Fund Measure Y,"Cuts $8,000 from Asbestos Management Group's demolition contract at Ralph Bunche and Hillside sites","A deductive change order removes underground utility location, excavation, capping and backfilling at four locations from Asbestos Management Group's scope. It lowers the contract's not-to-exceed amount from $612,000 to $604,000 for the Ralph Bunche and Hillside school site demolition projects.",School buildings & construction,,change_order,Asbestos Management Group,organization,Ralph Bunche; Hillside,decrease,fixed,8000,,,612000,604000,true,,,,,,Adopted on the General Consent Report,2026-03-25,true,auto_ok,sonnet-agent,enrich.v5.md,true,
2026-03-25:26-0445,2026-03-25,2026-03-25,regular,P.-2,124,bonds,,26-0445,https://ousd.legistar.com/gateway.aspx?M=L&ID=67871,"Change Order No. 1, Agreement for Maintenance – Deco Tech Systems, Inc. – Various Sites Security Camera Maintenance Project – Division of Facilities Planning and Management","Approval by the Board of Education of Change Order No. 1, Agreement for Maintenance by and between the District and DecoTech Systems, Walnut Creek, CA, for the latter to provide additional ongoing general maintenance services of security camera systems and door entry systems due to increased scope, and required response to vandalism, as identified in the PCO No. 1, for the Various Sites Security Camera Maintenance Project, in the not-to-exceed amount of $47,350.00, increasing Agreement not to exceed amount from $473,500.00 to $520,850.00, and extending the term of the Agreement from August 15, 2024, through August 15, 2026, to November 14, 2026 (an additional 91 calendar days).  All other terms and conditions of the Agreement remain in full force and effect.",Agreement or Contract,"Deputy Chief, Facilities Planning and Management",,v-001325,Fund 21 Building Fund Measure B,"Adds $47,350 and 91 days to DecoTech's security camera maintenance contract","A change order adds ongoing maintenance of security camera and door entry systems at various sites because of increased scope and vandalism response. It raises the contract limit from $473,500 to $520,850 and extends the term from August 15, 2026 to November 14, 2026, an added 91 days.","Food, transportation & operations",,change_order,DecoTech Systems,organization,,expense,not_to_exceed,47350,,,473500,520850,true,2024-08-15,2026-11-14,raises_existing_contract; multi_year,,,Adopted on the General Consent Report,2026-03-25,true,auto_ok,sonnet-agent,enrich.v5.md,true,
2026-03-25:26-0447,2026-03-25,2026-03-25,regular,P.-3,125,bonds,,26-0447,https://ousd.legistar.com/gateway.aspx?M=L&ID=67873,"Amendment No. 15, Agreement for Engineering Services – Jensen Hughes, Inc.- Coliseum College Preparatory Academy Site Expansion Fire & Intrusion Alarm Consulting Services Project -Division of Facilities Planning and Management","Approval by the Board of Education of Amendment No. 15, Agreement for Engineering Services by and between the District and Jensen Hughes, Inc., Concord, CA, for the latter to provide additional fire and intrusion alarm consulting services for the Coliseum College Preparatory Academy Site Expansion Fire & Intrusion Alarm Consulting Services Project, as further described in Exhibit A of the Amendment, in the additional amount of $40,480.00, increasing the Agreement’s not-to-exceed amount from $775,012.00 to $815,492.00.  All other terms and conditions of the Agreement remain the same and in full force and effect.",Agreement or Contract,"Deputy Chief, Facilities Planning and Management",002281,v-002281,Fund 21 Building Fund Measure Y,"Adds $40,480 to Jensen Hughes' fire and intrusion alarm consulting at Coliseum College Prep","An amendment gives Jensen Hughes, Inc. more fire and intrusion alarm consulting work for the Coliseum College Preparatory Academy site expansion. It raises the contract limit from $775,012 to $815,492.",School buildings & construction,,amendment,"Jensen Hughes, Inc.",organization,Coliseum College Preparatory Academy,expense,not_to_exceed,40480,,,775012,815492,true,,,raises_existing_contract,,,Adopted on the General Consent Report,2026-03-25,true,auto_ok,sonnet-agent,enrich.v5.md,true,
2026-03-25:26-0638,2026-03-25,2026-03-25,regular,P.-4,127,bonds,"Facilities Committee - March 19, 2026 - Valarie Bachelor, Chairperson",26-0638,https://ousd.legistar.com/gateway.aspx?M=L&ID=68064,"Amendment No. 3, Agreement Between Owner and Alternative Design-Builder – C. Overaa & Company – Coliseum College Preparatory Academy Site Expansion Project– Division of Facilities Planning and Management","Approval by the Board of Education of Amendment No. 3, Agreement Between Owner and Alternative Design-Builder Contract by and between the District and C. Overaa & Company, Richmond, CA., to provide the final Guaranteed Maximum Price (GMP) to complete the full Site Expansion, including the new two-story classroom building and demolition of the existing gymnasium and other project requirements, for the Coliseum College Preparatory Academy Site Expansion Project, in an additional amount of $59,101,431.00, increasing Agreement's total not-to-exceed amount from $3,273,398.00  to $62,374,829.00.   All other terms and conditions of the Agreement remain in full force and effect.",Agreement or Contract,Board of Education,009061,v-009061,Fund 21 Building Fund Measure Y,Adds $59.1M for C. Overaa's final price to build Coliseum College Prep's expansion,"An amendment sets the final guaranteed maximum price for C. Overaa & Company to complete the Coliseum College Preparatory Academy site expansion, including a new two-story classroom building and demolition of the old gym. It raises the contract limit from $3,273,398 to $62,374,829.",School buildings & construction,,amendment,C. Overaa & Company,organization,Coliseum College Preparatory Academy,expense,not_to_exceed,59101431,,,3273398,62374829,true,,,raises_existing_contract; large_increase,,,Adopted on the General Consent Report,2026-03-25,true,auto_ok,sonnet-agent,enrich.v5.md,true,
